loading app /workspaces/learn_sdn/SPF/bellman_ford_osken_controller.py
loading app os_ken.controller.ofp_handler
loading app os_ken.topology.switches
loading app os_ken.controller.ofp_handler
instantiating app /workspaces/learn_sdn/SPF/bellman_ford_osken_controller.py of BellmanFordSwitch
[BF-WEIGHTS] no weight file; using hop-count metric
instantiating app os_ken.controller.ofp_handler of OFPHandler
instantiating app os_ken.topology.switches of Switches
[TOPO-INITIAL] 3 switch(es) 2 link(s)
[TREE-DONE] root=s3 tree_edges=0 reachable=1/3
[TOPO] route refresh: installed=0 skipped=0 unreachable=0 hosts=0
[TOPO-CHANGE] (LLDP topology event) switches=7 links=2  delta +0 -0
[TOPO-REFRESH] flushing 0 flows, rebuilding routes
[TREE-DONE] root=s1 tree_edges=0 reachable=1/7
[TOPO] route refresh: installed=0 skipped=0 unreachable=0 hosts=0
[TOPO-CHANGE] (LLDP topology event) switches=7 links=12  delta +10 -0
[TOPO-UP]   [(1, 2), (1, 4), (1, 5), (2, 1), (2, 3), (2, 6), (4, 1), (4, 5), (4, 16), (6, 2)]
[TOPO-REFRESH] flushing 0 flows, rebuilding routes
[TREE-DONE] root=s1 tree_edges=7 reachable=7/7
[TOPO] route refresh: installed=0 skipped=0 unreachable=0 hosts=0
[TOPO-CHANGE] (LLDP topology event) switches=7 links=13  delta +1 -0
[TOPO-UP]   [(1, 3)]
[TOPO-REFRESH] flushing 0 flows, rebuilding routes
[TREE-DONE] root=s1 tree_edges=7 reachable=7/7
[TOPO] route refresh: installed=0 skipped=0 unreachable=0 hosts=0
[TOPO-CHANGE] (LLDP topology event) switches=7 links=17  delta +4 -0
[TOPO-UP]   [(3, 2), (5, 1), (5, 4), (16, 4)]
[TOPO-REFRESH] flushing 0 flows, rebuilding routes
[TREE-DONE] root=s1 tree_edges=7 reachable=7/7
[TOPO] route refresh: installed=0 skipped=0 unreachable=0 hosts=0
[TOPO-CHANGE] (LLDP topology event) switches=7 links=18  delta +1 -0
[TOPO-UP]   [(3, 1)]
[TOPO-REFRESH] flushing 0 flows, rebuilding routes
[TREE-DONE] root=s1 tree_edges=7 reachable=7/7
[TOPO] route refresh: installed=0 skipped=0 unreachable=0 hosts=0
[TOPO-CHANGE] (LLDP topology event) switches=11 links=18  delta +0 -0
[TOPO-REFRESH] flushing 0 flows, rebuilding routes
[TREE-DONE] root=s1 tree_edges=7 reachable=7/11
[TOPO] route refresh: installed=0 skipped=0 unreachable=0 hosts=0
[TOPO-CHANGE] (LLDP topology event) switches=11 links=28  delta +10 -0
[TOPO-UP]   [(7, 2), (7, 6), (7, 18), (7, 19), (17, 4), (17, 5), (18, 6), (18, 7), (19, 6), (19, 7)]
[TOPO-REFRESH] flushing 0 flows, rebuilding routes
[TREE-DONE] root=s1 tree_edges=11 reachable=11/11
[TOPO] route refresh: installed=0 skipped=0 unreachable=0 hosts=0
[TOPO-CHANGE] (LLDP topology event) switches=11 links=29  delta +1 -0
[TOPO-UP]   [(5, 17)]
[TOPO-REFRESH] flushing 0 flows, rebuilding routes
[TREE-DONE] root=s1 tree_edges=11 reachable=11/11
[TOPO] route refresh: installed=0 skipped=0 unreachable=0 hosts=0
[TOPO-CHANGE] (LLDP topology event) switches=11 links=30  delta +1 -0
[TOPO-UP]   [(6, 7)]
[TOPO-REFRESH] flushing 0 flows, rebuilding routes
[TREE-DONE] root=s1 tree_edges=11 reachable=11/11
[TOPO] route refresh: installed=0 skipped=0 unreachable=0 hosts=0
[TOPO-CHANGE] (LLDP topology event) switches=11 links=34  delta +4 -0
[TOPO-UP]   [(2, 7), (4, 17), (6, 18), (6, 19)]
[TOPO-REFRESH] flushing 0 flows, rebuilding routes
[TREE-DONE] root=s1 tree_edges=11 reachable=11/11
[TOPO] route refresh: installed=0 skipped=0 unreachable=0 hosts=0
[HOST-LEARN] MAC 00:00:00:00:00:01 discovered at s16 port 1
[HOST-LEARN] MAC 00:00:00:00:00:02 discovered at s17 port 1
[SPF-DONE] BF s17->s16 reachable=11/11
[PATH-COMPUTED] s17->s16: 2 hop(s) path=s17 -> s4 -> s16
[FLOW-INSTALL] 00:00:00:00:00:02 → 00:00:00:00:00:01: s17 -> s4 -> s16
[FLOW_MOD] t=16545.776462962 dpid=s17 action=delete-strict src=00:00:00:00:00:02 dst=00:00:00:00:00:01 in_port=1 out_port=3
[FLOW_MOD] t=16545.776759105 dpid=s17 action=add src=00:00:00:00:00:02 dst=00:00:00:00:00:01 in_port=1 out_port=3
[FLOW_MOD] t=16545.777117378 dpid=s4 action=delete-strict src=00:00:00:00:00:02 dst=00:00:00:00:00:01 in_port=2 out_port=1
[FLOW_MOD] t=16545.777360125 dpid=s4 action=add src=00:00:00:00:00:02 dst=00:00:00:00:00:01 in_port=2 out_port=1
[FLOW_MOD] t=16545.777687041 dpid=s16 action=delete-strict src=00:00:00:00:00:02 dst=00:00:00:00:00:01 in_port=3 out_port=1
[FLOW_MOD] t=16545.777977367 dpid=s16 action=add src=00:00:00:00:00:02 dst=00:00:00:00:00:01 in_port=3 out_port=1
[FLOW_MOD] t=16545.778312869 dpid=s16 action=delete-strict src=00:00:00:00:00:01 dst=00:00:00:00:00:02 in_port=1 out_port=3
[FLOW_MOD] t=16545.778557151 dpid=s16 action=add src=00:00:00:00:00:01 dst=00:00:00:00:00:02 in_port=1 out_port=3
[FLOW_MOD] t=16545.778903072 dpid=s4 action=delete-strict src=00:00:00:00:00:01 dst=00:00:00:00:00:02 in_port=1 out_port=2
[FLOW_MOD] t=16545.779171113 dpid=s4 action=add src=00:00:00:00:00:01 dst=00:00:00:00:00:02 in_port=1 out_port=2
[FLOW_MOD] t=16545.779500596 dpid=s17 action=delete-strict src=00:00:00:00:00:01 dst=00:00:00:00:00:02 in_port=3 out_port=1
[FLOW_MOD] t=16545.779766102 dpid=s17 action=add src=00:00:00:00:00:01 dst=00:00:00:00:00:02 in_port=3 out_port=1
[SPF-DONE] BF s16->s17 reachable=11/11
[PATH-COMPUTED] s16->s17: 2 hop(s) path=s16 -> s4 -> s17
[FLOW-INSTALL] 00:00:00:00:00:01 → 00:00:00:00:00:02: s16 -> s4 -> s17
[FLOW_MOD] t=16545.784247400 dpid=s16 action=delete-strict src=00:00:00:00:00:01 dst=00:00:00:00:00:02 in_port=1 out_port=3
[FLOW_MOD] t=16545.784532704 dpid=s16 action=add src=00:00:00:00:00:01 dst=00:00:00:00:00:02 in_port=1 out_port=3
[FLOW_MOD] t=16545.784839005 dpid=s4 action=delete-strict src=00:00:00:00:00:01 dst=00:00:00:00:00:02 in_port=1 out_port=2
[FLOW_MOD] t=16545.785202469 dpid=s4 action=add src=00:00:00:00:00:01 dst=00:00:00:00:00:02 in_port=1 out_port=2
[FLOW_MOD] t=16545.785583692 dpid=s17 action=delete-strict src=00:00:00:00:00:01 dst=00:00:00:00:00:02 in_port=3 out_port=1
[FLOW_MOD] t=16545.785880978 dpid=s17 action=add src=00:00:00:00:00:01 dst=00:00:00:00:00:02 in_port=3 out_port=1
[FLOW_MOD] t=16545.786286471 dpid=s17 action=delete-strict src=00:00:00:00:00:02 dst=00:00:00:00:00:01 in_port=1 out_port=3
[FLOW_MOD] t=16545.786565404 dpid=s17 action=add src=00:00:00:00:00:02 dst=00:00:00:00:00:01 in_port=1 out_port=3
[FLOW_MOD] t=16545.786924696 dpid=s4 action=delete-strict src=00:00:00:00:00:02 dst=00:00:00:00:00:01 in_port=2 out_port=1
[FLOW_MOD] t=16545.787169197 dpid=s4 action=add src=00:00:00:00:00:02 dst=00:00:00:00:00:01 in_port=2 out_port=1
[FLOW_MOD] t=16545.787510174 dpid=s16 action=delete-strict src=00:00:00:00:00:02 dst=00:00:00:00:00:01 in_port=3 out_port=1
[FLOW_MOD] t=16545.787796070 dpid=s16 action=add src=00:00:00:00:00:02 dst=00:00:00:00:00:01 in_port=3 out_port=1
[PKT-DROP] 00:00:00:00:00:01→00:00:00:00:00:02: s18 not in path
[PKT-DROP] 00:00:00:00:00:01→00:00:00:00:00:02: s19 not in path
[HOST-LEARN] MAC 00:00:00:00:00:03 discovered at s18 port 1
[SPF-DONE] BF s18->s16 reachable=11/11
[PATH-COMPUTED] s18->s16: 5 hop(s) path=s18 -> s6 -> s2 -> s1 -> s4 -> s16
[FLOW-INSTALL] 00:00:00:00:00:03 → 00:00:00:00:00:01: s18 -> s6 -> s2 -> s1 -> s4 -> s16
[FLOW_MOD] t=16545.810743981 dpid=s18 action=delete-strict src=00:00:00:00:00:03 dst=00:00:00:00:00:01 in_port=1 out_port=3
[FLOW_MOD] t=16545.811011346 dpid=s18 action=add src=00:00:00:00:00:03 dst=00:00:00:00:00:01 in_port=1 out_port=3
[FLOW_MOD] t=16545.811327202 dpid=s6 action=delete-strict src=00:00:00:00:00:03 dst=00:00:00:00:00:01 in_port=1 out_port=4
[FLOW_MOD] t=16545.811556919 dpid=s6 action=add src=00:00:00:00:00:03 dst=00:00:00:00:00:01 in_port=1 out_port=4
[FLOW_MOD] t=16545.811872868 dpid=s2 action=delete-strict src=00:00:00:00:00:03 dst=00:00:00:00:00:01 in_port=1 out_port=3
[FLOW_MOD] t=16545.812150412 dpid=s2 action=add src=00:00:00:00:00:03 dst=00:00:00:00:00:01 in_port=1 out_port=3
[FLOW_MOD] t=16545.812474652 dpid=s1 action=delete-strict src=00:00:00:00:00:03 dst=00:00:00:00:00:01 in_port=3 out_port=1
[FLOW_MOD] t=16545.812709617 dpid=s1 action=add src=00:00:00:00:00:03 dst=00:00:00:00:00:01 in_port=3 out_port=1
[FLOW_MOD] t=16545.812993204 dpid=s4 action=delete-strict src=00:00:00:00:00:03 dst=00:00:00:00:00:01 in_port=4 out_port=1
[FLOW_MOD] t=16545.813246092 dpid=s4 action=add src=00:00:00:00:00:03 dst=00:00:00:00:00:01 in_port=4 out_port=1
[FLOW_MOD] t=16545.813623421 dpid=s16 action=delete-strict src=00:00:00:00:00:03 dst=00:00:00:00:00:01 in_port=3 out_port=1
[FLOW_MOD] t=16545.813899030 dpid=s16 action=add src=00:00:00:00:00:03 dst=00:00:00:00:00:01 in_port=3 out_port=1
[FLOW_MOD] t=16545.814325652 dpid=s16 action=delete-strict src=00:00:00:00:00:01 dst=00:00:00:00:00:03 in_port=1 out_port=3
[FLOW_MOD] t=16545.814596364 dpid=s16 action=add src=00:00:00:00:00:01 dst=00:00:00:00:00:03 in_port=1 out_port=3
[FLOW_MOD] t=16545.814972170 dpid=s4 action=delete-strict src=00:00:00:00:00:01 dst=00:00:00:00:00:03 in_port=1 out_port=4
[FLOW_MOD] t=16545.815235942 dpid=s4 action=add src=00:00:00:00:00:01 dst=00:00:00:00:00:03 in_port=1 out_port=4
[FLOW_MOD] t=16545.815582020 dpid=s1 action=delete-strict src=00:00:00:00:00:01 dst=00:00:00:00:00:03 in_port=1 out_port=3
[FLOW_MOD] t=16545.815839060 dpid=s1 action=add src=00:00:00:00:00:01 dst=00:00:00:00:00:03 in_port=1 out_port=3
[FLOW_MOD] t=16545.816176830 dpid=s2 action=delete-strict src=00:00:00:00:00:01 dst=00:00:00:00:00:03 in_port=3 out_port=1
[FLOW_MOD] t=16545.816391920 dpid=s2 action=add src=00:00:00:00:00:01 dst=00:00:00:00:00:03 in_port=3 out_port=1
[FLOW_MOD] t=16545.816741356 dpid=s6 action=delete-strict src=00:00:00:00:00:01 dst=00:00:00:00:00:03 in_port=4 out_port=1
[FLOW_MOD] t=16545.817028925 dpid=s6 action=add src=00:00:00:00:00:01 dst=00:00:00:00:00:03 in_port=4 out_port=1
[FLOW_MOD] t=16545.817360619 dpid=s18 action=delete-strict src=00:00:00:00:00:01 dst=00:00:00:00:00:03 in_port=3 out_port=1
[FLOW_MOD] t=16545.817623044 dpid=s18 action=add src=00:00:00:00:00:01 dst=00:00:00:00:00:03 in_port=3 out_port=1
[PKT-DROP] 00:00:00:00:00:01→00:00:00:00:00:02: s3 not in path
[SPF-DONE] BF s16->s18 reachable=11/11
[PATH-COMPUTED] s16->s18: 5 hop(s) path=s16 -> s4 -> s1 -> s2 -> s6 -> s18
[FLOW-INSTALL] 00:00:00:00:00:01 → 00:00:00:00:00:03: s16 -> s4 -> s1 -> s2 -> s6 -> s18
[FLOW_MOD] t=16545.848447056 dpid=s16 action=delete-strict src=00:00:00:00:00:01 dst=00:00:00:00:00:03 in_port=1 out_port=3
[FLOW_MOD] t=16545.848673111 dpid=s16 action=add src=00:00:00:00:00:01 dst=00:00:00:00:00:03 in_port=1 out_port=3
[FLOW_MOD] t=16545.848996908 dpid=s4 action=delete-strict src=00:00:00:00:00:01 dst=00:00:00:00:00:03 in_port=1 out_port=4
[FLOW_MOD] t=16545.849325413 dpid=s4 action=add src=00:00:00:00:00:01 dst=00:00:00:00:00:03 in_port=1 out_port=4
[FLOW_MOD] t=16545.849641200 dpid=s1 action=delete-strict src=00:00:00:00:00:01 dst=00:00:00:00:00:03 in_port=1 out_port=3
[FLOW_MOD] t=16545.850046454 dpid=s1 action=add src=00:00:00:00:00:01 dst=00:00:00:00:00:03 in_port=1 out_port=3
[FLOW_MOD] t=16545.850414144 dpid=s2 action=delete-strict src=00:00:00:00:00:01 dst=00:00:00:00:00:03 in_port=3 out_port=1
[FLOW_MOD] t=16545.850677601 dpid=s2 action=add src=00:00:00:00:00:01 dst=00:00:00:00:00:03 in_port=3 out_port=1
[FLOW_MOD] t=16545.850993447 dpid=s6 action=delete-strict src=00:00:00:00:00:01 dst=00:00:00:00:00:03 in_port=4 out_port=1
[FLOW_MOD] t=16545.851251311 dpid=s6 action=add src=00:00:00:00:00:01 dst=00:00:00:00:00:03 in_port=4 out_port=1
[FLOW_MOD] t=16545.851678600 dpid=s18 action=delete-strict src=00:00:00:00:00:01 dst=00:00:00:00:00:03 in_port=3 out_port=1
[FLOW_MOD] t=16545.851921481 dpid=s18 action=add src=00:00:00:00:00:01 dst=00:00:00:00:00:03 in_port=3 out_port=1
[FLOW_MOD] t=16545.852252255 dpid=s18 action=delete-strict src=00:00:00:00:00:03 dst=00:00:00:00:00:01 in_port=1 out_port=3
[FLOW_MOD] t=16545.852491292 dpid=s18 action=add src=00:00:00:00:00:03 dst=00:00:00:00:00:01 in_port=1 out_port=3
[FLOW_MOD] t=16545.852764080 dpid=s6 action=delete-strict src=00:00:00:00:00:03 dst=00:00:00:00:00:01 in_port=1 out_port=4
[FLOW_MOD] t=16545.852971760 dpid=s6 action=add src=00:00:00:00:00:03 dst=00:00:00:00:00:01 in_port=1 out_port=4
[FLOW_MOD] t=16545.853248968 dpid=s2 action=delete-strict src=00:00:00:00:00:03 dst=00:00:00:00:00:01 in_port=1 out_port=3
[FLOW_MOD] t=16545.853482145 dpid=s2 action=add src=00:00:00:00:00:03 dst=00:00:00:00:00:01 in_port=1 out_port=3
[FLOW_MOD] t=16545.853814744 dpid=s1 action=delete-strict src=00:00:00:00:00:03 dst=00:00:00:00:00:01 in_port=3 out_port=1
[FLOW_MOD] t=16545.854099395 dpid=s1 action=add src=00:00:00:00:00:03 dst=00:00:00:00:00:01 in_port=3 out_port=1
[FLOW_MOD] t=16545.854445026 dpid=s4 action=delete-strict src=00:00:00:00:00:03 dst=00:00:00:00:00:01 in_port=4 out_port=1
[FLOW_MOD] t=16545.854709469 dpid=s4 action=add src=00:00:00:00:00:03 dst=00:00:00:00:00:01 in_port=4 out_port=1
[FLOW_MOD] t=16545.855054480 dpid=s16 action=delete-strict src=00:00:00:00:00:03 dst=00:00:00:00:00:01 in_port=3 out_port=1
[FLOW_MOD] t=16545.855302316 dpid=s16 action=add src=00:00:00:00:00:03 dst=00:00:00:00:00:01 in_port=3 out_port=1
[PKT-DROP] 00:00:00:00:00:01→00:00:00:00:00:03: s3 not in path
[HOST-LEARN] MAC 00:00:00:00:00:04 discovered at s19 port 1
[SPF-DONE] BF s19->s16 reachable=11/11
[PATH-COMPUTED] s19->s16: 5 hop(s) path=s19 -> s6 -> s2 -> s1 -> s4 -> s16
[FLOW-INSTALL] 00:00:00:00:00:04 → 00:00:00:00:00:01: s19 -> s6 -> s2 -> s1 -> s4 -> s16
[FLOW_MOD] t=16545.860596829 dpid=s19 action=delete-strict src=00:00:00:00:00:04 dst=00:00:00:00:00:01 in_port=1 out_port=3
[FLOW_MOD] t=16545.860865764 dpid=s19 action=add src=00:00:00:00:00:04 dst=00:00:00:00:00:01 in_port=1 out_port=3
[FLOW_MOD] t=16545.861172177 dpid=s6 action=delete-strict src=00:00:00:00:00:04 dst=00:00:00:00:00:01 in_port=2 out_port=4
[FLOW_MOD] t=16545.861432884 dpid=s6 action=add src=00:00:00:00:00:04 dst=00:00:00:00:00:01 in_port=2 out_port=4
[FLOW_MOD] t=16545.861777673 dpid=s2 action=delete-strict src=00:00:00:00:00:04 dst=00:00:00:00:00:01 in_port=1 out_port=3
[FLOW_MOD] t=16545.862015946 dpid=s2 action=add src=00:00:00:00:00:04 dst=00:00:00:00:00:01 in_port=1 out_port=3
[FLOW_MOD] t=16545.862369231 dpid=s1 action=delete-strict src=00:00:00:00:00:04 dst=00:00:00:00:00:01 in_port=3 out_port=1
[FLOW_MOD] t=16545.862664818 dpid=s1 action=add src=00:00:00:00:00:04 dst=00:00:00:00:00:01 in_port=3 out_port=1
[FLOW_MOD] t=16545.862994819 dpid=s4 action=delete-strict src=00:00:00:00:00:04 dst=00:00:00:00:00:01 in_port=4 out_port=1
[FLOW_MOD] t=16545.863248288 dpid=s4 action=add src=00:00:00:00:00:04 dst=00:00:00:00:00:01 in_port=4 out_port=1
[FLOW_MOD] t=16545.863531744 dpid=s16 action=delete-strict src=00:00:00:00:00:04 dst=00:00:00:00:00:01 in_port=3 out_port=1
[FLOW_MOD] t=16545.863749595 dpid=s16 action=add src=00:00:00:00:00:04 dst=00:00:00:00:00:01 in_port=3 out_port=1
[FLOW_MOD] t=16545.864085194 dpid=s16 action=delete-strict src=00:00:00:00:00:01 dst=00:00:00:00:00:04 in_port=1 out_port=3
[FLOW_MOD] t=16545.864349937 dpid=s16 action=add src=00:00:00:00:00:01 dst=00:00:00:00:00:04 in_port=1 out_port=3
[FLOW_MOD] t=16545.864737300 dpid=s4 action=delete-strict src=00:00:00:00:00:01 dst=00:00:00:00:00:04 in_port=1 out_port=4
[FLOW_MOD] t=16545.864980509 dpid=s4 action=add src=00:00:00:00:00:01 dst=00:00:00:00:00:04 in_port=1 out_port=4
[FLOW_MOD] t=16545.865280475 dpid=s1 action=delete-strict src=00:00:00:00:00:01 dst=00:00:00:00:00:04 in_port=1 out_port=3
[FLOW_MOD] t=16545.865511144 dpid=s1 action=add src=00:00:00:00:00:01 dst=00:00:00:00:00:04 in_port=1 out_port=3
[FLOW_MOD] t=16545.865828488 dpid=s2 action=delete-strict src=00:00:00:00:00:01 dst=00:00:00:00:00:04 in_port=3 out_port=1
[FLOW_MOD] t=16545.866100237 dpid=s2 action=add src=00:00:00:00:00:01 dst=00:00:00:00:00:04 in_port=3 out_port=1
[FLOW_MOD] t=16545.866463451 dpid=s6 action=delete-strict src=00:00:00:00:00:01 dst=00:00:00:00:00:04 in_port=4 out_port=2
[FLOW_MOD] t=16545.866791324 dpid=s6 action=add src=00:00:00:00:00:01 dst=00:00:00:00:00:04 in_port=4 out_port=2
[FLOW_MOD] t=16545.867124555 dpid=s19 action=delete-strict src=00:00:00:00:00:01 dst=00:00:00:00:00:04 in_port=3 out_port=1
[FLOW_MOD] t=16545.867352597 dpid=s19 action=add src=00:00:00:00:00:01 dst=00:00:00:00:00:04 in_port=3 out_port=1
[SPF-DONE] BF s16->s19 reachable=11/11
[PATH-COMPUTED] s16->s19: 5 hop(s) path=s16 -> s4 -> s1 -> s2 -> s6 -> s19
[FLOW-INSTALL] 00:00:00:00:00:01 → 00:00:00:00:00:04: s16 -> s4 -> s1 -> s2 -> s6 -> s19
[FLOW_MOD] t=16545.889945150 dpid=s16 action=delete-strict src=00:00:00:00:00:01 dst=00:00:00:00:00:04 in_port=1 out_port=3
[FLOW_MOD] t=16545.890266360 dpid=s16 action=add src=00:00:00:00:00:01 dst=00:00:00:00:00:04 in_port=1 out_port=3
[FLOW_MOD] t=16545.890617362 dpid=s4 action=delete-strict src=00:00:00:00:00:01 dst=00:00:00:00:00:04 in_port=1 out_port=4
[FLOW_MOD] t=16545.891879105 dpid=s4 action=add src=00:00:00:00:00:01 dst=00:00:00:00:00:04 in_port=1 out_port=4
[FLOW_MOD] t=16545.892230891 dpid=s1 action=delete-strict src=00:00:00:00:00:01 dst=00:00:00:00:00:04 in_port=1 out_port=3
[FLOW_MOD] t=16545.892502826 dpid=s1 action=add src=00:00:00:00:00:01 dst=00:00:00:00:00:04 in_port=1 out_port=3
[FLOW_MOD] t=16545.892840714 dpid=s2 action=delete-strict src=00:00:00:00:00:01 dst=00:00:00:00:00:04 in_port=3 out_port=1
[FLOW_MOD] t=16545.893104093 dpid=s2 action=add src=00:00:00:00:00:01 dst=00:00:00:00:00:04 in_port=3 out_port=1
[FLOW_MOD] t=16545.893425941 dpid=s6 action=delete-strict src=00:00:00:00:00:01 dst=00:00:00:00:00:04 in_port=4 out_port=2
[FLOW_MOD] t=16545.893673391 dpid=s6 action=add src=00:00:00:00:00:01 dst=00:00:00:00:00:04 in_port=4 out_port=2
[FLOW_MOD] t=16545.894020066 dpid=s19 action=delete-strict src=00:00:00:00:00:01 dst=00:00:00:00:00:04 in_port=3 out_port=1
[FLOW_MOD] t=16545.894336589 dpid=s19 action=add src=00:00:00:00:00:01 dst=00:00:00:00:00:04 in_port=3 out_port=1
[FLOW_MOD] t=16545.894741456 dpid=s19 action=delete-strict src=00:00:00:00:00:04 dst=00:00:00:00:00:01 in_port=1 out_port=3
[FLOW_MOD] t=16545.895025678 dpid=s19 action=add src=00:00:00:00:00:04 dst=00:00:00:00:00:01 in_port=1 out_port=3
[FLOW_MOD] t=16545.895352542 dpid=s6 action=delete-strict src=00:00:00:00:00:04 dst=00:00:00:00:00:01 in_port=2 out_port=4
[FLOW_MOD] t=16545.895606998 dpid=s6 action=add src=00:00:00:00:00:04 dst=00:00:00:00:00:01 in_port=2 out_port=4
[FLOW_MOD] t=16545.895989101 dpid=s2 action=delete-strict src=00:00:00:00:00:04 dst=00:00:00:00:00:01 in_port=1 out_port=3
[FLOW_MOD] t=16545.896433329 dpid=s2 action=add src=00:00:00:00:00:04 dst=00:00:00:00:00:01 in_port=1 out_port=3
[FLOW_MOD] t=16545.896795425 dpid=s1 action=delete-strict src=00:00:00:00:00:04 dst=00:00:00:00:00:01 in_port=3 out_port=1
[FLOW_MOD] t=16545.897052486 dpid=s1 action=add src=00:00:00:00:00:04 dst=00:00:00:00:00:01 in_port=3 out_port=1
[FLOW_MOD] t=16545.897366589 dpid=s4 action=delete-strict src=00:00:00:00:00:04 dst=00:00:00:00:00:01 in_port=4 out_port=1
[FLOW_MOD] t=16545.897605285 dpid=s4 action=add src=00:00:00:00:00:04 dst=00:00:00:00:00:01 in_port=4 out_port=1
[FLOW_MOD] t=16545.897923487 dpid=s16 action=delete-strict src=00:00:00:00:00:04 dst=00:00:00:00:00:01 in_port=3 out_port=1
[FLOW_MOD] t=16545.898192421 dpid=s16 action=add src=00:00:00:00:00:04 dst=00:00:00:00:00:01 in_port=3 out_port=1
[PKT-DROP] 00:00:00:00:00:01→00:00:00:00:00:04: s3 not in path
[SPF-DONE] BF s17->s18 reachable=11/11
[PATH-COMPUTED] s17->s18: 5 hop(s) path=s17 -> s4 -> s1 -> s2 -> s6 -> s18
[FLOW-INSTALL] 00:00:00:00:00:02 → 00:00:00:00:00:03: s17 -> s4 -> s1 -> s2 -> s6 -> s18
[FLOW_MOD] t=16545.902710633 dpid=s17 action=delete-strict src=00:00:00:00:00:02 dst=00:00:00:00:00:03 in_port=1 out_port=3
[FLOW_MOD] t=16545.902979443 dpid=s17 action=add src=00:00:00:00:00:02 dst=00:00:00:00:00:03 in_port=1 out_port=3
[FLOW_MOD] t=16545.903290387 dpid=s4 action=delete-strict src=00:00:00:00:00:02 dst=00:00:00:00:00:03 in_port=2 out_port=4
[FLOW_MOD] t=16545.903510056 dpid=s4 action=add src=00:00:00:00:00:02 dst=00:00:00:00:00:03 in_port=2 out_port=4
[FLOW_MOD] t=16545.903779666 dpid=s1 action=delete-strict src=00:00:00:00:00:02 dst=00:00:00:00:00:03 in_port=1 out_port=3
[FLOW_MOD] t=16545.904078060 dpid=s1 action=add src=00:00:00:00:00:02 dst=00:00:00:00:00:03 in_port=1 out_port=3
[FLOW_MOD] t=16545.904433766 dpid=s2 action=delete-strict src=00:00:00:00:00:02 dst=00:00:00:00:00:03 in_port=3 out_port=1
[FLOW_MOD] t=16545.904672882 dpid=s2 action=add src=00:00:00:00:00:02 dst=00:00:00:00:00:03 in_port=3 out_port=1
[FLOW_MOD] t=16545.904957133 dpid=s6 action=delete-strict src=00:00:00:00:00:02 dst=00:00:00:00:00:03 in_port=4 out_port=1
[FLOW_MOD] t=16545.905235811 dpid=s6 action=add src=00:00:00:00:00:02 dst=00:00:00:00:00:03 in_port=4 out_port=1
[FLOW_MOD] t=16545.905542805 dpid=s18 action=delete-strict src=00:00:00:00:00:02 dst=00:00:00:00:00:03 in_port=3 out_port=1
[FLOW_MOD] t=16545.905750774 dpid=s18 action=add src=00:00:00:00:00:02 dst=00:00:00:00:00:03 in_port=3 out_port=1
[FLOW_MOD] t=16545.906023979 dpid=s18 action=delete-strict src=00:00:00:00:00:03 dst=00:00:00:00:00:02 in_port=1 out_port=3
[FLOW_MOD] t=16545.906229484 dpid=s18 action=add src=00:00:00:00:00:03 dst=00:00:00:00:00:02 in_port=1 out_port=3
[FLOW_MOD] t=16545.906510039 dpid=s6 action=delete-strict src=00:00:00:00:00:03 dst=00:00:00:00:00:02 in_port=1 out_port=4
[FLOW_MOD] t=16545.906732329 dpid=s6 action=add src=00:00:00:00:00:03 dst=00:00:00:00:00:02 in_port=1 out_port=4
[FLOW_MOD] t=16545.907027745 dpid=s2 action=delete-strict src=00:00:00:00:00:03 dst=00:00:00:00:00:02 in_port=1 out_port=3
[FLOW_MOD] t=16545.907237253 dpid=s2 action=add src=00:00:00:00:00:03 dst=00:00:00:00:00:02 in_port=1 out_port=3
[FLOW_MOD] t=16545.907547046 dpid=s1 action=delete-strict src=00:00:00:00:00:03 dst=00:00:00:00:00:02 in_port=3 out_port=1
[FLOW_MOD] t=16545.907829385 dpid=s1 action=add src=00:00:00:00:00:03 dst=00:00:00:00:00:02 in_port=3 out_port=1
[FLOW_MOD] t=16545.908245937 dpid=s4 action=delete-strict src=00:00:00:00:00:03 dst=00:00:00:00:00:02 in_port=4 out_port=2
[FLOW_MOD] t=16545.908508230 dpid=s4 action=add src=00:00:00:00:00:03 dst=00:00:00:00:00:02 in_port=4 out_port=2
[FLOW_MOD] t=16545.908850801 dpid=s17 action=delete-strict src=00:00:00:00:00:03 dst=00:00:00:00:00:02 in_port=3 out_port=1
[FLOW_MOD] t=16545.909128660 dpid=s17 action=add src=00:00:00:00:00:03 dst=00:00:00:00:00:02 in_port=3 out_port=1
[SPF-DONE] BF s17->s19 reachable=11/11
[PATH-COMPUTED] s17->s19: 5 hop(s) path=s17 -> s4 -> s1 -> s2 -> s6 -> s19
[FLOW-INSTALL] 00:00:00:00:00:02 → 00:00:00:00:00:04: s17 -> s4 -> s1 -> s2 -> s6 -> s19
[FLOW_MOD] t=16545.933871950 dpid=s17 action=delete-strict src=00:00:00:00:00:02 dst=00:00:00:00:00:04 in_port=1 out_port=3
[FLOW_MOD] t=16545.934205264 dpid=s17 action=add src=00:00:00:00:00:02 dst=00:00:00:00:00:04 in_port=1 out_port=3
[FLOW_MOD] t=16545.934609437 dpid=s4 action=delete-strict src=00:00:00:00:00:02 dst=00:00:00:00:00:04 in_port=2 out_port=4
[FLOW_MOD] t=16545.934875236 dpid=s4 action=add src=00:00:00:00:00:02 dst=00:00:00:00:00:04 in_port=2 out_port=4
[FLOW_MOD] t=16545.935195979 dpid=s1 action=delete-strict src=00:00:00:00:00:02 dst=00:00:00:00:00:04 in_port=1 out_port=3
[FLOW_MOD] t=16545.935478862 dpid=s1 action=add src=00:00:00:00:00:02 dst=00:00:00:00:00:04 in_port=1 out_port=3
[FLOW_MOD] t=16545.935873427 dpid=s2 action=delete-strict src=00:00:00:00:00:02 dst=00:00:00:00:00:04 in_port=3 out_port=1
[FLOW_MOD] t=16545.936160417 dpid=s2 action=add src=00:00:00:00:00:02 dst=00:00:00:00:00:04 in_port=3 out_port=1
[FLOW_MOD] t=16545.936500702 dpid=s6 action=delete-strict src=00:00:00:00:00:02 dst=00:00:00:00:00:04 in_port=4 out_port=2
[FLOW_MOD] t=16545.936764153 dpid=s6 action=add src=00:00:00:00:00:02 dst=00:00:00:00:00:04 in_port=4 out_port=2
[FLOW_MOD] t=16545.937097436 dpid=s19 action=delete-strict src=00:00:00:00:00:02 dst=00:00:00:00:00:04 in_port=3 out_port=1
[FLOW_MOD] t=16545.937364090 dpid=s19 action=add src=00:00:00:00:00:02 dst=00:00:00:00:00:04 in_port=3 out_port=1
[FLOW_MOD] t=16545.937687907 dpid=s19 action=delete-strict src=00:00:00:00:00:04 dst=00:00:00:00:00:02 in_port=1 out_port=3
[FLOW_MOD] t=16545.937927332 dpid=s19 action=add src=00:00:00:00:00:04 dst=00:00:00:00:00:02 in_port=1 out_port=3
[FLOW_MOD] t=16545.938246336 dpid=s6 action=delete-strict src=00:00:00:00:00:04 dst=00:00:00:00:00:02 in_port=2 out_port=4
[FLOW_MOD] t=16545.938523483 dpid=s6 action=add src=00:00:00:00:00:04 dst=00:00:00:00:00:02 in_port=2 out_port=4
[FLOW_MOD] t=16545.938848195 dpid=s2 action=delete-strict src=00:00:00:00:00:04 dst=00:00:00:00:00:02 in_port=1 out_port=3
[FLOW_MOD] t=16545.939100476 dpid=s2 action=add src=00:00:00:00:00:04 dst=00:00:00:00:00:02 in_port=1 out_port=3
[FLOW_MOD] t=16545.939457008 dpid=s1 action=delete-strict src=00:00:00:00:00:04 dst=00:00:00:00:00:02 in_port=3 out_port=1
[FLOW_MOD] t=16545.939730879 dpid=s1 action=add src=00:00:00:00:00:04 dst=00:00:00:00:00:02 in_port=3 out_port=1
[FLOW_MOD] t=16545.940105131 dpid=s4 action=delete-strict src=00:00:00:00:00:04 dst=00:00:00:00:00:02 in_port=4 out_port=2
[FLOW_MOD] t=16545.940377104 dpid=s4 action=add src=00:00:00:00:00:04 dst=00:00:00:00:00:02 in_port=4 out_port=2
[FLOW_MOD] t=16545.940721434 dpid=s17 action=delete-strict src=00:00:00:00:00:04 dst=00:00:00:00:00:02 in_port=3 out_port=1
[FLOW_MOD] t=16545.940960581 dpid=s17 action=add src=00:00:00:00:00:04 dst=00:00:00:00:00:02 in_port=3 out_port=1
[SPF-DONE] BF s18->s19 reachable=11/11
[PATH-COMPUTED] s18->s19: 2 hop(s) path=s18 -> s6 -> s19
[FLOW-INSTALL] 00:00:00:00:00:03 → 00:00:00:00:00:04: s18 -> s6 -> s19
[FLOW_MOD] t=16546.001787894 dpid=s18 action=delete-strict src=00:00:00:00:00:03 dst=00:00:00:00:00:04 in_port=1 out_port=3
[FLOW_MOD] t=16546.002064663 dpid=s18 action=add src=00:00:00:00:00:03 dst=00:00:00:00:00:04 in_port=1 out_port=3
[FLOW_MOD] t=16546.002399151 dpid=s6 action=delete-strict src=00:00:00:00:00:03 dst=00:00:00:00:00:04 in_port=1 out_port=2
[FLOW_MOD] t=16546.002655640 dpid=s6 action=add src=00:00:00:00:00:03 dst=00:00:00:00:00:04 in_port=1 out_port=2
[FLOW_MOD] t=16546.002976866 dpid=s19 action=delete-strict src=00:00:00:00:00:03 dst=00:00:00:00:00:04 in_port=3 out_port=1
[FLOW_MOD] t=16546.003208013 dpid=s19 action=add src=00:00:00:00:00:03 dst=00:00:00:00:00:04 in_port=3 out_port=1
[FLOW_MOD] t=16546.003542582 dpid=s19 action=delete-strict src=00:00:00:00:00:04 dst=00:00:00:00:00:03 in_port=1 out_port=3
[FLOW_MOD] t=16546.003779225 dpid=s19 action=add src=00:00:00:00:00:04 dst=00:00:00:00:00:03 in_port=1 out_port=3
[FLOW_MOD] t=16546.004137583 dpid=s6 action=delete-strict src=00:00:00:00:00:04 dst=00:00:00:00:00:03 in_port=2 out_port=1
[FLOW_MOD] t=16546.004403783 dpid=s6 action=add src=00:00:00:00:00:04 dst=00:00:00:00:00:03 in_port=2 out_port=1
[FLOW_MOD] t=16546.004717109 dpid=s18 action=delete-strict src=00:00:00:00:00:04 dst=00:00:00:00:00:03 in_port=3 out_port=1
[FLOW_MOD] t=16546.004949723 dpid=s18 action=add src=00:00:00:00:00:04 dst=00:00:00:00:00:03 in_port=3 out_port=1
[PORT_STATUS] t=16795.513191922 s1 port=3 reason=modify
[TOPO-CHANGE] (port-status:modify) switches=11 links=32  delta +0 -2
[TOPO-DOWN] [(1, 2), (2, 1)]
[TOPO-REFRESH] flushing 9 flows, rebuilding routes
[TREE-DONE] root=s1 tree_edges=11 reachable=11/11
[SPF-DONE] BF s16->s17 reachable=11/11
[PATH-COMPUTED] s16->s17: 2 hop(s) path=s16 -> s4 -> s17
[FLOW-INSTALL] 00:00:00:00:00:01 → 00:00:00:00:00:02: s16 -> s4 -> s17
[FLOW_MOD] t=16795.518649208 dpid=s16 action=delete-strict src=00:00:00:00:00:01 dst=00:00:00:00:00:02 in_port=1 out_port=3
[FLOW_MOD] t=16795.518922787 dpid=s16 action=add src=00:00:00:00:00:01 dst=00:00:00:00:00:02 in_port=1 out_port=3
[FLOW_MOD] t=16795.519236069 dpid=s4 action=delete-strict src=00:00:00:00:00:01 dst=00:00:00:00:00:02 in_port=1 out_port=2
[FLOW_MOD] t=16795.519488786 dpid=s4 action=add src=00:00:00:00:00:01 dst=00:00:00:00:00:02 in_port=1 out_port=2
[FLOW_MOD] t=16795.519793948 dpid=s17 action=delete-strict src=00:00:00:00:00:01 dst=00:00:00:00:00:02 in_port=3 out_port=1
[FLOW_MOD] t=16795.520252680 dpid=s17 action=add src=00:00:00:00:00:01 dst=00:00:00:00:00:02 in_port=3 out_port=1
[FLOW_MOD] t=16795.520638941 dpid=s17 action=delete-strict src=00:00:00:00:00:02 dst=00:00:00:00:00:01 in_port=1 out_port=3
[FLOW_MOD] t=16795.520894930 dpid=s17 action=add src=00:00:00:00:00:02 dst=00:00:00:00:00:01 in_port=1 out_port=3
[FLOW_MOD] t=16795.521246593 dpid=s4 action=delete-strict src=00:00:00:00:00:02 dst=00:00:00:00:00:01 in_port=2 out_port=1
[FLOW_MOD] t=16795.521505867 dpid=s4 action=add src=00:00:00:00:00:02 dst=00:00:00:00:00:01 in_port=2 out_port=1
[FLOW_MOD] t=16795.521857022 dpid=s16 action=delete-strict src=00:00:00:00:00:02 dst=00:00:00:00:00:01 in_port=3 out_port=1
[FLOW_MOD] t=16795.522161048 dpid=s16 action=add src=00:00:00:00:00:02 dst=00:00:00:00:00:01 in_port=3 out_port=1
[SPF-DONE] BF s16->s18 reachable=11/11
[PATH-COMPUTED] s16->s18: 6 hop(s) path=s16 -> s4 -> s1 -> s3 -> s2 -> s6 -> s18
[FLOW-INSTALL] 00:00:00:00:00:01 → 00:00:00:00:00:03: s16 -> s4 -> s1 -> s3 -> s2 -> s6 -> s18
[FLOW_MOD] t=16795.525362502 dpid=s16 action=delete-strict src=00:00:00:00:00:01 dst=00:00:00:00:00:03 in_port=1 out_port=3
[FLOW_MOD] t=16795.525636420 dpid=s16 action=add src=00:00:00:00:00:01 dst=00:00:00:00:00:03 in_port=1 out_port=3
[FLOW_MOD] t=16795.526012683 dpid=s4 action=delete-strict src=00:00:00:00:00:01 dst=00:00:00:00:00:03 in_port=1 out_port=4
[FLOW_MOD] t=16795.526268450 dpid=s4 action=add src=00:00:00:00:00:01 dst=00:00:00:00:00:03 in_port=1 out_port=4
[FLOW_MOD] t=16795.526610126 dpid=s1 action=delete-strict src=00:00:00:00:00:01 dst=00:00:00:00:00:03 in_port=1 out_port=4
[FLOW_MOD] t=16795.526843184 dpid=s1 action=add src=00:00:00:00:00:01 dst=00:00:00:00:00:03 in_port=1 out_port=4
[FLOW_MOD] t=16795.527130897 dpid=s3 action=delete-strict src=00:00:00:00:00:01 dst=00:00:00:00:00:03 in_port=4 out_port=3
[FLOW_MOD] t=16795.527338866 dpid=s3 action=add src=00:00:00:00:00:01 dst=00:00:00:00:00:03 in_port=4 out_port=3
[FLOW_MOD] t=16795.527645466 dpid=s2 action=delete-strict src=00:00:00:00:00:01 dst=00:00:00:00:00:03 in_port=4 out_port=1
[FLOW_MOD] t=16795.527884879 dpid=s2 action=add src=00:00:00:00:00:01 dst=00:00:00:00:00:03 in_port=4 out_port=1
[FLOW_MOD] t=16795.528196254 dpid=s6 action=delete-strict src=00:00:00:00:00:01 dst=00:00:00:00:00:03 in_port=4 out_port=1
[FLOW_MOD] t=16795.528452327 dpid=s6 action=add src=00:00:00:00:00:01 dst=00:00:00:00:00:03 in_port=4 out_port=1
[FLOW_MOD] t=16795.528740182 dpid=s18 action=delete-strict src=00:00:00:00:00:01 dst=00:00:00:00:00:03 in_port=3 out_port=1
[FLOW_MOD] t=16795.528982741 dpid=s18 action=add src=00:00:00:00:00:01 dst=00:00:00:00:00:03 in_port=3 out_port=1
[FLOW_MOD] t=16795.529301104 dpid=s18 action=delete-strict src=00:00:00:00:00:03 dst=00:00:00:00:00:01 in_port=1 out_port=3
[FLOW_MOD] t=16795.529554053 dpid=s18 action=add src=00:00:00:00:00:03 dst=00:00:00:00:00:01 in_port=1 out_port=3
[FLOW_MOD] t=16795.529882884 dpid=s6 action=delete-strict src=00:00:00:00:00:03 dst=00:00:00:00:00:01 in_port=1 out_port=4
[FLOW_MOD] t=16795.530129216 dpid=s6 action=add src=00:00:00:00:00:03 dst=00:00:00:00:00:01 in_port=1 out_port=4
[FLOW_MOD] t=16795.530438322 dpid=s2 action=delete-strict src=00:00:00:00:00:03 dst=00:00:00:00:00:01 in_port=1 out_port=4
[FLOW_MOD] t=16795.530700927 dpid=s2 action=add src=00:00:00:00:00:03 dst=00:00:00:00:00:01 in_port=1 out_port=4
[FLOW_MOD] t=16795.531105447 dpid=s3 action=delete-strict src=00:00:00:00:00:03 dst=00:00:00:00:00:01 in_port=3 out_port=4
[FLOW_MOD] t=16795.531383253 dpid=s3 action=add src=00:00:00:00:00:03 dst=00:00:00:00:00:01 in_port=3 out_port=4
[FLOW_MOD] t=16795.531705795 dpid=s1 action=delete-strict src=00:00:00:00:00:03 dst=00:00:00:00:00:01 in_port=4 out_port=1
[FLOW_MOD] t=16795.531934157 dpid=s1 action=add src=00:00:00:00:00:03 dst=00:00:00:00:00:01 in_port=4 out_port=1
[FLOW_MOD] t=16795.532288315 dpid=s4 action=delete-strict src=00:00:00:00:00:03 dst=00:00:00:00:00:01 in_port=4 out_port=1
[FLOW_MOD] t=16795.532557292 dpid=s4 action=add src=00:00:00:00:00:03 dst=00:00:00:00:00:01 in_port=4 out_port=1
[FLOW_MOD] t=16795.532892867 dpid=s16 action=delete-strict src=00:00:00:00:00:03 dst=00:00:00:00:00:01 in_port=3 out_port=1
[FLOW_MOD] t=16795.533170433 dpid=s16 action=add src=00:00:00:00:00:03 dst=00:00:00:00:00:01 in_port=3 out_port=1
[SPF-DONE] BF s16->s19 reachable=11/11
[PATH-COMPUTED] s16->s19: 6 hop(s) path=s16 -> s4 -> s1 -> s3 -> s2 -> s6 -> s19
[FLOW-INSTALL] 00:00:00:00:00:01 → 00:00:00:00:00:04: s16 -> s4 -> s1 -> s3 -> s2 -> s6 -> s19
[FLOW_MOD] t=16795.536633116 dpid=s16 action=delete-strict src=00:00:00:00:00:01 dst=00:00:00:00:00:04 in_port=1 out_port=3
[FLOW_MOD] t=16795.536919935 dpid=s16 action=add src=00:00:00:00:00:01 dst=00:00:00:00:00:04 in_port=1 out_port=3
[FLOW_MOD] t=16795.537250876 dpid=s4 action=delete-strict src=00:00:00:00:00:01 dst=00:00:00:00:00:04 in_port=1 out_port=4
[FLOW_MOD] t=16795.537481626 dpid=s4 action=add src=00:00:00:00:00:01 dst=00:00:00:00:00:04 in_port=1 out_port=4
[FLOW_MOD] t=16795.537778005 dpid=s1 action=delete-strict src=00:00:00:00:00:01 dst=00:00:00:00:00:04 in_port=1 out_port=4
[FLOW_MOD] t=16795.537997485 dpid=s1 action=add src=00:00:00:00:00:01 dst=00:00:00:00:00:04 in_port=1 out_port=4
[FLOW_MOD] t=16795.538280490 dpid=s3 action=delete-strict src=00:00:00:00:00:01 dst=00:00:00:00:00:04 in_port=4 out_port=3
[FLOW_MOD] t=16795.538485381 dpid=s3 action=add src=00:00:00:00:00:01 dst=00:00:00:00:00:04 in_port=4 out_port=3
[FLOW_MOD] t=16795.538791199 dpid=s2 action=delete-strict src=00:00:00:00:00:01 dst=00:00:00:00:00:04 in_port=4 out_port=1
[FLOW_MOD] t=16795.539076665 dpid=s2 action=add src=00:00:00:00:00:01 dst=00:00:00:00:00:04 in_port=4 out_port=1
[FLOW_MOD] t=16795.539406589 dpid=s6 action=delete-strict src=00:00:00:00:00:01 dst=00:00:00:00:00:04 in_port=4 out_port=2
[FLOW_MOD] t=16795.539651403 dpid=s6 action=add src=00:00:00:00:00:01 dst=00:00:00:00:00:04 in_port=4 out_port=2
[FLOW_MOD] t=16795.540004058 dpid=s19 action=delete-strict src=00:00:00:00:00:01 dst=00:00:00:00:00:04 in_port=3 out_port=1
[FLOW_MOD] t=16795.540313175 dpid=s19 action=add src=00:00:00:00:00:01 dst=00:00:00:00:00:04 in_port=3 out_port=1
[FLOW_MOD] t=16795.540664818 dpid=s19 action=delete-strict src=00:00:00:00:00:04 dst=00:00:00:00:00:01 in_port=1 out_port=3
[FLOW_MOD] t=16795.540920500 dpid=s19 action=add src=00:00:00:00:00:04 dst=00:00:00:00:00:01 in_port=1 out_port=3
[FLOW_MOD] t=16795.541238945 dpid=s6 action=delete-strict src=00:00:00:00:00:04 dst=00:00:00:00:00:01 in_port=2 out_port=4
[FLOW_MOD] t=16795.541476330 dpid=s6 action=add src=00:00:00:00:00:04 dst=00:00:00:00:00:01 in_port=2 out_port=4
[FLOW_MOD] t=16795.541782683 dpid=s2 action=delete-strict src=00:00:00:00:00:04 dst=00:00:00:00:00:01 in_port=1 out_port=4
[FLOW_MOD] t=16795.542111099 dpid=s2 action=add src=00:00:00:00:00:04 dst=00:00:00:00:00:01 in_port=1 out_port=4
[FLOW_MOD] t=16795.542481990 dpid=s3 action=delete-strict src=00:00:00:00:00:04 dst=00:00:00:00:00:01 in_port=3 out_port=4
[FLOW_MOD] t=16795.542792535 dpid=s3 action=add src=00:00:00:00:00:04 dst=00:00:00:00:00:01 in_port=3 out_port=4
[FLOW_MOD] t=16795.543172649 dpid=s1 action=delete-strict src=00:00:00:00:00:04 dst=00:00:00:00:00:01 in_port=4 out_port=1
[FLOW_MOD] t=16795.543440642 dpid=s1 action=add src=00:00:00:00:00:04 dst=00:00:00:00:00:01 in_port=4 out_port=1
[FLOW_MOD] t=16795.543808026 dpid=s4 action=delete-strict src=00:00:00:00:00:04 dst=00:00:00:00:00:01 in_port=4 out_port=1
[FLOW_MOD] t=16795.544076653 dpid=s4 action=add src=00:00:00:00:00:04 dst=00:00:00:00:00:01 in_port=4 out_port=1
[FLOW_MOD] t=16795.544389496 dpid=s16 action=delete-strict src=00:00:00:00:00:04 dst=00:00:00:00:00:01 in_port=3 out_port=1
[FLOW_MOD] t=16795.544613493 dpid=s16 action=add src=00:00:00:00:00:04 dst=00:00:00:00:00:01 in_port=3 out_port=1
[SPF-DONE] BF s17->s16 reachable=11/11
[PATH-COMPUTED] s17->s16: 2 hop(s) path=s17 -> s4 -> s16
[FLOW-INSTALL] 00:00:00:00:00:02 → 00:00:00:00:00:01: s17 -> s4 -> s16
[FLOW_MOD] t=16795.548029955 dpid=s17 action=delete-strict src=00:00:00:00:00:02 dst=00:00:00:00:00:01 in_port=1 out_port=3
[FLOW_MOD] t=16795.548448120 dpid=s17 action=add src=00:00:00:00:00:02 dst=00:00:00:00:00:01 in_port=1 out_port=3
[FLOW_MOD] t=16795.548785697 dpid=s4 action=delete-strict src=00:00:00:00:00:02 dst=00:00:00:00:00:01 in_port=2 out_port=1
[FLOW_MOD] t=16795.549043509 dpid=s4 action=add src=00:00:00:00:00:02 dst=00:00:00:00:00:01 in_port=2 out_port=1
[FLOW_MOD] t=16795.549351013 dpid=s16 action=delete-strict src=00:00:00:00:00:02 dst=00:00:00:00:00:01 in_port=3 out_port=1
[FLOW_MOD] t=16795.549579819 dpid=s16 action=add src=00:00:00:00:00:02 dst=00:00:00:00:00:01 in_port=3 out_port=1
[FLOW_MOD] t=16795.549911905 dpid=s16 action=delete-strict src=00:00:00:00:00:01 dst=00:00:00:00:00:02 in_port=1 out_port=3
[FLOW_MOD] t=16795.550158156 dpid=s16 action=add src=00:00:00:00:00:01 dst=00:00:00:00:00:02 in_port=1 out_port=3
[FLOW_MOD] t=16795.552110457 dpid=s4 action=delete-strict src=00:00:00:00:00:01 dst=00:00:00:00:00:02 in_port=1 out_port=2
[FLOW_MOD] t=16795.552501559 dpid=s4 action=add src=00:00:00:00:00:01 dst=00:00:00:00:00:02 in_port=1 out_port=2
[FLOW_MOD] t=16795.552888295 dpid=s17 action=delete-strict src=00:00:00:00:00:01 dst=00:00:00:00:00:02 in_port=3 out_port=1
[FLOW_MOD] t=16795.553156090 dpid=s17 action=add src=00:00:00:00:00:01 dst=00:00:00:00:00:02 in_port=3 out_port=1
[SPF-DONE] BF s17->s18 reachable=11/11
[PATH-COMPUTED] s17->s18: 6 hop(s) path=s17 -> s4 -> s1 -> s3 -> s2 -> s6 -> s18
[FLOW-INSTALL] 00:00:00:00:00:02 → 00:00:00:00:00:03: s17 -> s4 -> s1 -> s3 -> s2 -> s6 -> s18
[FLOW_MOD] t=16795.556566054 dpid=s17 action=delete-strict src=00:00:00:00:00:02 dst=00:00:00:00:00:03 in_port=1 out_port=3
[FLOW_MOD] t=16795.556816491 dpid=s17 action=add src=00:00:00:00:00:02 dst=00:00:00:00:00:03 in_port=1 out_port=3
[FLOW_MOD] t=16795.557224506 dpid=s4 action=delete-strict src=00:00:00:00:00:02 dst=00:00:00:00:00:03 in_port=2 out_port=4
[FLOW_MOD] t=16795.557479605 dpid=s4 action=add src=00:00:00:00:00:02 dst=00:00:00:00:00:03 in_port=2 out_port=4
[FLOW_MOD] t=16795.557806220 dpid=s1 action=delete-strict src=00:00:00:00:00:02 dst=00:00:00:00:00:03 in_port=1 out_port=4
[FLOW_MOD] t=16795.558051123 dpid=s1 action=add src=00:00:00:00:00:02 dst=00:00:00:00:00:03 in_port=1 out_port=4
[FLOW_MOD] t=16795.558353750 dpid=s3 action=delete-strict src=00:00:00:00:00:02 dst=00:00:00:00:00:03 in_port=4 out_port=3
[FLOW_MOD] t=16795.558561942 dpid=s3 action=add src=00:00:00:00:00:02 dst=00:00:00:00:00:03 in_port=4 out_port=3
[FLOW_MOD] t=16795.558918804 dpid=s2 action=delete-strict src=00:00:00:00:00:02 dst=00:00:00:00:00:03 in_port=4 out_port=1
[FLOW_MOD] t=16795.559252302 dpid=s2 action=add src=00:00:00:00:00:02 dst=00:00:00:00:00:03 in_port=4 out_port=1
[FLOW_MOD] t=16795.559628697 dpid=s6 action=delete-strict src=00:00:00:00:00:02 dst=00:00:00:00:00:03 in_port=4 out_port=1
[FLOW_MOD] t=16795.559939696 dpid=s6 action=add src=00:00:00:00:00:02 dst=00:00:00:00:00:03 in_port=4 out_port=1
[FLOW_MOD] t=16795.560298266 dpid=s18 action=delete-strict src=00:00:00:00:00:02 dst=00:00:00:00:00:03 in_port=3 out_port=1
[FLOW_MOD] t=16795.560566204 dpid=s18 action=add src=00:00:00:00:00:02 dst=00:00:00:00:00:03 in_port=3 out_port=1
[FLOW_MOD] t=16795.560867601 dpid=s18 action=delete-strict src=00:00:00:00:00:03 dst=00:00:00:00:00:02 in_port=1 out_port=3
[FLOW_MOD] t=16795.561092383 dpid=s18 action=add src=00:00:00:00:00:03 dst=00:00:00:00:00:02 in_port=1 out_port=3
[FLOW_MOD] t=16795.561392581 dpid=s6 action=delete-strict src=00:00:00:00:00:03 dst=00:00:00:00:00:02 in_port=1 out_port=4
[FLOW_MOD] t=16795.561602918 dpid=s6 action=add src=00:00:00:00:00:03 dst=00:00:00:00:00:02 in_port=1 out_port=4
[FLOW_MOD] t=16795.561900787 dpid=s2 action=delete-strict src=00:00:00:00:00:03 dst=00:00:00:00:00:02 in_port=1 out_port=4
[FLOW_MOD] t=16795.562113674 dpid=s2 action=add src=00:00:00:00:00:03 dst=00:00:00:00:00:02 in_port=1 out_port=4
[FLOW_MOD] t=16795.562424290 dpid=s3 action=delete-strict src=00:00:00:00:00:03 dst=00:00:00:00:00:02 in_port=3 out_port=4
[FLOW_MOD] t=16795.562641341 dpid=s3 action=add src=00:00:00:00:00:03 dst=00:00:00:00:00:02 in_port=3 out_port=4
[FLOW_MOD] t=16795.562908946 dpid=s1 action=delete-strict src=00:00:00:00:00:03 dst=00:00:00:00:00:02 in_port=4 out_port=1
[FLOW_MOD] t=16795.563110201 dpid=s1 action=add src=00:00:00:00:00:03 dst=00:00:00:00:00:02 in_port=4 out_port=1
[FLOW_MOD] t=16795.563422564 dpid=s4 action=delete-strict src=00:00:00:00:00:03 dst=00:00:00:00:00:02 in_port=4 out_port=2
[FLOW_MOD] t=16795.563751709 dpid=s4 action=add src=00:00:00:00:00:03 dst=00:00:00:00:00:02 in_port=4 out_port=2
[FLOW_MOD] t=16795.564141449 dpid=s17 action=delete-strict src=00:00:00:00:00:03 dst=00:00:00:00:00:02 in_port=3 out_port=1
[FLOW_MOD] t=16795.564431023 dpid=s17 action=add src=00:00:00:00:00:03 dst=00:00:00:00:00:02 in_port=3 out_port=1
[SPF-DONE] BF s17->s19 reachable=11/11
[PATH-COMPUTED] s17->s19: 6 hop(s) path=s17 -> s4 -> s1 -> s3 -> s2 -> s6 -> s19
[FLOW-INSTALL] 00:00:00:00:00:02 → 00:00:00:00:00:04: s17 -> s4 -> s1 -> s3 -> s2 -> s6 -> s19
[FLOW_MOD] t=16795.567688166 dpid=s17 action=delete-strict src=00:00:00:00:00:02 dst=00:00:00:00:00:04 in_port=1 out_port=3
[FLOW_MOD] t=16795.567939701 dpid=s17 action=add src=00:00:00:00:00:02 dst=00:00:00:00:00:04 in_port=1 out_port=3
[FLOW_MOD] t=16795.568261936 dpid=s4 action=delete-strict src=00:00:00:00:00:02 dst=00:00:00:00:00:04 in_port=2 out_port=4
[FLOW_MOD] t=16795.568599170 dpid=s4 action=add src=00:00:00:00:00:02 dst=00:00:00:00:00:04 in_port=2 out_port=4
[FLOW_MOD] t=16795.568928740 dpid=s1 action=delete-strict src=00:00:00:00:00:02 dst=00:00:00:00:00:04 in_port=1 out_port=4
[FLOW_MOD] t=16795.569200140 dpid=s1 action=add src=00:00:00:00:00:02 dst=00:00:00:00:00:04 in_port=1 out_port=4
[FLOW_MOD] t=16795.569532848 dpid=s3 action=delete-strict src=00:00:00:00:00:02 dst=00:00:00:00:00:04 in_port=4 out_port=3
[FLOW_MOD] t=16795.569788356 dpid=s3 action=add src=00:00:00:00:00:02 dst=00:00:00:00:00:04 in_port=4 out_port=3
[FLOW_MOD] t=16795.570067534 dpid=s2 action=delete-strict src=00:00:00:00:00:02 dst=00:00:00:00:00:04 in_port=4 out_port=1
[FLOW_MOD] t=16795.570298653 dpid=s2 action=add src=00:00:00:00:00:02 dst=00:00:00:00:00:04 in_port=4 out_port=1
[FLOW_MOD] t=16795.570617704 dpid=s6 action=delete-strict src=00:00:00:00:00:02 dst=00:00:00:00:00:04 in_port=4 out_port=2
[FLOW_MOD] t=16795.570883876 dpid=s6 action=add src=00:00:00:00:00:02 dst=00:00:00:00:00:04 in_port=4 out_port=2
[FLOW_MOD] t=16795.571164471 dpid=s19 action=delete-strict src=00:00:00:00:00:02 dst=00:00:00:00:00:04 in_port=3 out_port=1
[FLOW_MOD] t=16795.571380671 dpid=s19 action=add src=00:00:00:00:00:02 dst=00:00:00:00:00:04 in_port=3 out_port=1
[FLOW_MOD] t=16795.571658199 dpid=s19 action=delete-strict src=00:00:00:00:00:04 dst=00:00:00:00:00:02 in_port=1 out_port=3
[FLOW_MOD] t=16795.571914296 dpid=s19 action=add src=00:00:00:00:00:04 dst=00:00:00:00:00:02 in_port=1 out_port=3
[FLOW_MOD] t=16795.572241207 dpid=s6 action=delete-strict src=00:00:00:00:00:04 dst=00:00:00:00:00:02 in_port=2 out_port=4
[FLOW_MOD] t=16795.572479608 dpid=s6 action=add src=00:00:00:00:00:04 dst=00:00:00:00:00:02 in_port=2 out_port=4
[FLOW_MOD] t=16795.572785073 dpid=s2 action=delete-strict src=00:00:00:00:00:04 dst=00:00:00:00:00:02 in_port=1 out_port=4
[FLOW_MOD] t=16795.573012457 dpid=s2 action=add src=00:00:00:00:00:04 dst=00:00:00:00:00:02 in_port=1 out_port=4
[FLOW_MOD] t=16795.573321063 dpid=s3 action=delete-strict src=00:00:00:00:00:04 dst=00:00:00:00:00:02 in_port=3 out_port=4
[FLOW_MOD] t=16795.573552617 dpid=s3 action=add src=00:00:00:00:00:04 dst=00:00:00:00:00:02 in_port=3 out_port=4
[FLOW_MOD] t=16795.573930263 dpid=s1 action=delete-strict src=00:00:00:00:00:04 dst=00:00:00:00:00:02 in_port=4 out_port=1
[FLOW_MOD] t=16795.574203733 dpid=s1 action=add src=00:00:00:00:00:04 dst=00:00:00:00:00:02 in_port=4 out_port=1
[FLOW_MOD] t=16795.574533356 dpid=s4 action=delete-strict src=00:00:00:00:00:04 dst=00:00:00:00:00:02 in_port=4 out_port=2
[FLOW_MOD] t=16795.574789514 dpid=s4 action=add src=00:00:00:00:00:04 dst=00:00:00:00:00:02 in_port=4 out_port=2
[FLOW_MOD] t=16795.575119715 dpid=s17 action=delete-strict src=00:00:00:00:00:04 dst=00:00:00:00:00:02 in_port=3 out_port=1
[FLOW_MOD] t=16795.575357514 dpid=s17 action=add src=00:00:00:00:00:04 dst=00:00:00:00:00:02 in_port=3 out_port=1
[SPF-DONE] BF s18->s16 reachable=11/11
[PATH-COMPUTED] s18->s16: 6 hop(s) path=s18 -> s6 -> s2 -> s3 -> s1 -> s4 -> s16
[FLOW-INSTALL] 00:00:00:00:00:03 → 00:00:00:00:00:01: s18 -> s6 -> s2 -> s3 -> s1 -> s4 -> s16
[FLOW_MOD] t=16795.580112760 dpid=s18 action=delete-strict src=00:00:00:00:00:03 dst=00:00:00:00:00:01 in_port=1 out_port=3
[FLOW_MOD] t=16795.580426292 dpid=s18 action=add src=00:00:00:00:00:03 dst=00:00:00:00:00:01 in_port=1 out_port=3
[FLOW_MOD] t=16795.580790429 dpid=s6 action=delete-strict src=00:00:00:00:00:03 dst=00:00:00:00:00:01 in_port=1 out_port=4
[FLOW_MOD] t=16795.581101738 dpid=s6 action=add src=00:00:00:00:00:03 dst=00:00:00:00:00:01 in_port=1 out_port=4
[FLOW_MOD] t=16795.581448860 dpid=s2 action=delete-strict src=00:00:00:00:00:03 dst=00:00:00:00:00:01 in_port=1 out_port=4
[FLOW_MOD] t=16795.581718480 dpid=s2 action=add src=00:00:00:00:00:03 dst=00:00:00:00:00:01 in_port=1 out_port=4
[FLOW_MOD] t=16795.582025451 dpid=s3 action=delete-strict src=00:00:00:00:00:03 dst=00:00:00:00:00:01 in_port=3 out_port=4
[FLOW_MOD] t=16795.582313463 dpid=s3 action=add src=00:00:00:00:00:03 dst=00:00:00:00:00:01 in_port=3 out_port=4
[FLOW_MOD] t=16795.582645954 dpid=s1 action=delete-strict src=00:00:00:00:00:03 dst=00:00:00:00:00:01 in_port=4 out_port=1
[FLOW_MOD] t=16795.582867318 dpid=s1 action=add src=00:00:00:00:00:03 dst=00:00:00:00:00:01 in_port=4 out_port=1
[FLOW_MOD] t=16795.583173211 dpid=s4 action=delete-strict src=00:00:00:00:00:03 dst=00:00:00:00:00:01 in_port=4 out_port=1
[FLOW_MOD] t=16795.583426251 dpid=s4 action=add src=00:00:00:00:00:03 dst=00:00:00:00:00:01 in_port=4 out_port=1
[FLOW_MOD] t=16795.583751106 dpid=s16 action=delete-strict src=00:00:00:00:00:03 dst=00:00:00:00:00:01 in_port=3 out_port=1
[FLOW_MOD] t=16795.583993172 dpid=s16 action=add src=00:00:00:00:00:03 dst=00:00:00:00:00:01 in_port=3 out_port=1
[FLOW_MOD] t=16795.584314784 dpid=s16 action=delete-strict src=00:00:00:00:00:01 dst=00:00:00:00:00:03 in_port=1 out_port=3
[FLOW_MOD] t=16795.584569641 dpid=s16 action=add src=00:00:00:00:00:01 dst=00:00:00:00:00:03 in_port=1 out_port=3
[FLOW_MOD] t=16795.584887724 dpid=s4 action=delete-strict src=00:00:00:00:00:01 dst=00:00:00:00:00:03 in_port=1 out_port=4
[FLOW_MOD] t=16795.585261313 dpid=s4 action=add src=00:00:00:00:00:01 dst=00:00:00:00:00:03 in_port=1 out_port=4
[FLOW_MOD] t=16795.585678026 dpid=s1 action=delete-strict src=00:00:00:00:00:01 dst=00:00:00:00:00:03 in_port=1 out_port=4
[FLOW_MOD] t=16795.585969773 dpid=s1 action=add src=00:00:00:00:00:01 dst=00:00:00:00:00:03 in_port=1 out_port=4
[FLOW_MOD] t=16795.586310569 dpid=s3 action=delete-strict src=00:00:00:00:00:01 dst=00:00:00:00:00:03 in_port=4 out_port=3
[FLOW_MOD] t=16795.586584876 dpid=s3 action=add src=00:00:00:00:00:01 dst=00:00:00:00:00:03 in_port=4 out_port=3
[FLOW_MOD] t=16795.587000957 dpid=s2 action=delete-strict src=00:00:00:00:00:01 dst=00:00:00:00:00:03 in_port=4 out_port=1
[FLOW_MOD] t=16795.587275847 dpid=s2 action=add src=00:00:00:00:00:01 dst=00:00:00:00:00:03 in_port=4 out_port=1
[FLOW_MOD] t=16795.587600628 dpid=s6 action=delete-strict src=00:00:00:00:00:01 dst=00:00:00:00:00:03 in_port=4 out_port=1
[FLOW_MOD] t=16795.587866257 dpid=s6 action=add src=00:00:00:00:00:01 dst=00:00:00:00:00:03 in_port=4 out_port=1
[FLOW_MOD] t=16795.588321728 dpid=s18 action=delete-strict src=00:00:00:00:00:01 dst=00:00:00:00:00:03 in_port=3 out_port=1
[FLOW_MOD] t=16795.588569032 dpid=s18 action=add src=00:00:00:00:00:01 dst=00:00:00:00:00:03 in_port=3 out_port=1
[SPF-DONE] BF s18->s17 reachable=11/11
[PATH-COMPUTED] s18->s17: 6 hop(s) path=s18 -> s6 -> s2 -> s3 -> s1 -> s4 -> s17
[FLOW-INSTALL] 00:00:00:00:00:03 → 00:00:00:00:00:02: s18 -> s6 -> s2 -> s3 -> s1 -> s4 -> s17
[FLOW_MOD] t=16795.592130819 dpid=s18 action=delete-strict src=00:00:00:00:00:03 dst=00:00:00:00:00:02 in_port=1 out_port=3
[FLOW_MOD] t=16795.592389605 dpid=s18 action=add src=00:00:00:00:00:03 dst=00:00:00:00:00:02 in_port=1 out_port=3
[FLOW_MOD] t=16795.592702368 dpid=s6 action=delete-strict src=00:00:00:00:00:03 dst=00:00:00:00:00:02 in_port=1 out_port=4
[FLOW_MOD] t=16795.592969340 dpid=s6 action=add src=00:00:00:00:00:03 dst=00:00:00:00:00:02 in_port=1 out_port=4
[FLOW_MOD] t=16795.593305319 dpid=s2 action=delete-strict src=00:00:00:00:00:03 dst=00:00:00:00:00:02 in_port=1 out_port=4
[FLOW_MOD] t=16795.593550725 dpid=s2 action=add src=00:00:00:00:00:03 dst=00:00:00:00:00:02 in_port=1 out_port=4
[FLOW_MOD] t=16795.593832059 dpid=s3 action=delete-strict src=00:00:00:00:00:03 dst=00:00:00:00:00:02 in_port=3 out_port=4
[FLOW_MOD] t=16795.594043430 dpid=s3 action=add src=00:00:00:00:00:03 dst=00:00:00:00:00:02 in_port=3 out_port=4
[FLOW_MOD] t=16795.594699671 dpid=s1 action=delete-strict src=00:00:00:00:00:03 dst=00:00:00:00:00:02 in_port=4 out_port=1
[FLOW_MOD] t=16795.595041906 dpid=s1 action=add src=00:00:00:00:00:03 dst=00:00:00:00:00:02 in_port=4 out_port=1
[FLOW_MOD] t=16795.595403800 dpid=s4 action=delete-strict src=00:00:00:00:00:03 dst=00:00:00:00:00:02 in_port=4 out_port=2
[FLOW_MOD] t=16795.595665714 dpid=s4 action=add src=00:00:00:00:00:03 dst=00:00:00:00:00:02 in_port=4 out_port=2
[FLOW_MOD] t=16795.595954278 dpid=s17 action=delete-strict src=00:00:00:00:00:03 dst=00:00:00:00:00:02 in_port=3 out_port=1
[FLOW_MOD] t=16795.596200114 dpid=s17 action=add src=00:00:00:00:00:03 dst=00:00:00:00:00:02 in_port=3 out_port=1
[FLOW_MOD] t=16795.596485802 dpid=s17 action=delete-strict src=00:00:00:00:00:02 dst=00:00:00:00:00:03 in_port=1 out_port=3
[FLOW_MOD] t=16795.596703455 dpid=s17 action=add src=00:00:00:00:00:02 dst=00:00:00:00:00:03 in_port=1 out_port=3
[FLOW_MOD] t=16795.597037722 dpid=s4 action=delete-strict src=00:00:00:00:00:02 dst=00:00:00:00:00:03 in_port=2 out_port=4
[FLOW_MOD] t=16795.599199668 dpid=s4 action=add src=00:00:00:00:00:02 dst=00:00:00:00:00:03 in_port=2 out_port=4
[FLOW_MOD] t=16795.599643346 dpid=s1 action=delete-strict src=00:00:00:00:00:02 dst=00:00:00:00:00:03 in_port=1 out_port=4
[FLOW_MOD] t=16795.599936437 dpid=s1 action=add src=00:00:00:00:00:02 dst=00:00:00:00:00:03 in_port=1 out_port=4
[FLOW_MOD] t=16795.600301028 dpid=s3 action=delete-strict src=00:00:00:00:00:02 dst=00:00:00:00:00:03 in_port=4 out_port=3
[FLOW_MOD] t=16795.600637677 dpid=s3 action=add src=00:00:00:00:00:02 dst=00:00:00:00:00:03 in_port=4 out_port=3
[FLOW_MOD] t=16795.601129032 dpid=s2 action=delete-strict src=00:00:00:00:00:02 dst=00:00:00:00:00:03 in_port=4 out_port=1
[FLOW_MOD] t=16795.601402187 dpid=s2 action=add src=00:00:00:00:00:02 dst=00:00:00:00:00:03 in_port=4 out_port=1
[FLOW_MOD] t=16795.601694922 dpid=s6 action=delete-strict src=00:00:00:00:00:02 dst=00:00:00:00:00:03 in_port=4 out_port=1
[FLOW_MOD] t=16795.601937449 dpid=s6 action=add src=00:00:00:00:00:02 dst=00:00:00:00:00:03 in_port=4 out_port=1
[FLOW_MOD] t=16795.602331227 dpid=s18 action=delete-strict src=00:00:00:00:00:02 dst=00:00:00:00:00:03 in_port=3 out_port=1
[FLOW_MOD] t=16795.602580505 dpid=s18 action=add src=00:00:00:00:00:02 dst=00:00:00:00:00:03 in_port=3 out_port=1
[SPF-DONE] BF s18->s19 reachable=11/11
[PATH-COMPUTED] s18->s19: 2 hop(s) path=s18 -> s6 -> s19
[FLOW-INSTALL] 00:00:00:00:00:03 → 00:00:00:00:00:04: s18 -> s6 -> s19
[FLOW_MOD] t=16795.606025087 dpid=s18 action=delete-strict src=00:00:00:00:00:03 dst=00:00:00:00:00:04 in_port=1 out_port=3
[FLOW_MOD] t=16795.606359373 dpid=s18 action=add src=00:00:00:00:00:03 dst=00:00:00:00:00:04 in_port=1 out_port=3
[FLOW_MOD] t=16795.606680015 dpid=s6 action=delete-strict src=00:00:00:00:00:03 dst=00:00:00:00:00:04 in_port=1 out_port=2
[FLOW_MOD] t=16795.606957464 dpid=s6 action=add src=00:00:00:00:00:03 dst=00:00:00:00:00:04 in_port=1 out_port=2
[FLOW_MOD] t=16795.607317354 dpid=s19 action=delete-strict src=00:00:00:00:00:03 dst=00:00:00:00:00:04 in_port=3 out_port=1
[FLOW_MOD] t=16795.607588412 dpid=s19 action=add src=00:00:00:00:00:03 dst=00:00:00:00:00:04 in_port=3 out_port=1
[FLOW_MOD] t=16795.607902880 dpid=s19 action=delete-strict src=00:00:00:00:00:04 dst=00:00:00:00:00:03 in_port=1 out_port=3
[FLOW_MOD] t=16795.608161661 dpid=s19 action=add src=00:00:00:00:00:04 dst=00:00:00:00:00:03 in_port=1 out_port=3
[FLOW_MOD] t=16795.608467539 dpid=s6 action=delete-strict src=00:00:00:00:00:04 dst=00:00:00:00:00:03 in_port=2 out_port=1
[FLOW_MOD] t=16795.608738292 dpid=s6 action=add src=00:00:00:00:00:04 dst=00:00:00:00:00:03 in_port=2 out_port=1
[FLOW_MOD] t=16795.609066850 dpid=s18 action=delete-strict src=00:00:00:00:00:04 dst=00:00:00:00:00:03 in_port=3 out_port=1
[FLOW_MOD] t=16795.609321834 dpid=s18 action=add src=00:00:00:00:00:04 dst=00:00:00:00:00:03 in_port=3 out_port=1
[SPF-DONE] BF s19->s16 reachable=11/11
[PATH-COMPUTED] s19->s16: 6 hop(s) path=s19 -> s6 -> s2 -> s3 -> s1 -> s4 -> s16
[FLOW-INSTALL] 00:00:00:00:00:04 → 00:00:00:00:00:01: s19 -> s6 -> s2 -> s3 -> s1 -> s4 -> s16
[FLOW_MOD] t=16795.612645743 dpid=s19 action=delete-strict src=00:00:00:00:00:04 dst=00:00:00:00:00:01 in_port=1 out_port=3
[FLOW_MOD] t=16795.613103142 dpid=s19 action=add src=00:00:00:00:00:04 dst=00:00:00:00:00:01 in_port=1 out_port=3
[FLOW_MOD] t=16795.613579208 dpid=s6 action=delete-strict src=00:00:00:00:00:04 dst=00:00:00:00:00:01 in_port=2 out_port=4
[FLOW_MOD] t=16795.613878187 dpid=s6 action=add src=00:00:00:00:00:04 dst=00:00:00:00:00:01 in_port=2 out_port=4
[FLOW_MOD] t=16795.614216799 dpid=s2 action=delete-strict src=00:00:00:00:00:04 dst=00:00:00:00:00:01 in_port=1 out_port=4
[FLOW_MOD] t=16795.614478597 dpid=s2 action=add src=00:00:00:00:00:04 dst=00:00:00:00:00:01 in_port=1 out_port=4
[FLOW_MOD] t=16795.614805552 dpid=s3 action=delete-strict src=00:00:00:00:00:04 dst=00:00:00:00:00:01 in_port=3 out_port=4
[FLOW_MOD] t=16795.615060716 dpid=s3 action=add src=00:00:00:00:00:04 dst=00:00:00:00:00:01 in_port=3 out_port=4
[FLOW_MOD] t=16795.615359577 dpid=s1 action=delete-strict src=00:00:00:00:00:04 dst=00:00:00:00:00:01 in_port=4 out_port=1
[FLOW_MOD] t=16795.615586981 dpid=s1 action=add src=00:00:00:00:00:04 dst=00:00:00:00:00:01 in_port=4 out_port=1
[FLOW_MOD] t=16795.615880938 dpid=s4 action=delete-strict src=00:00:00:00:00:04 dst=00:00:00:00:00:01 in_port=4 out_port=1
[FLOW_MOD] t=16795.616146558 dpid=s4 action=add src=00:00:00:00:00:04 dst=00:00:00:00:00:01 in_port=4 out_port=1
[FLOW_MOD] t=16795.616476209 dpid=s16 action=delete-strict src=00:00:00:00:00:04 dst=00:00:00:00:00:01 in_port=3 out_port=1
[FLOW_MOD] t=16795.616771623 dpid=s16 action=add src=00:00:00:00:00:04 dst=00:00:00:00:00:01 in_port=3 out_port=1
[FLOW_MOD] t=16795.617077625 dpid=s16 action=delete-strict src=00:00:00:00:00:01 dst=00:00:00:00:00:04 in_port=1 out_port=3
[FLOW_MOD] t=16795.617291921 dpid=s16 action=add src=00:00:00:00:00:01 dst=00:00:00:00:00:04 in_port=1 out_port=3
[FLOW_MOD] t=16795.617561187 dpid=s4 action=delete-strict src=00:00:00:00:00:01 dst=00:00:00:00:00:04 in_port=1 out_port=4
[FLOW_MOD] t=16795.617800737 dpid=s4 action=add src=00:00:00:00:00:01 dst=00:00:00:00:00:04 in_port=1 out_port=4
[FLOW_MOD] t=16795.618173794 dpid=s1 action=delete-strict src=00:00:00:00:00:01 dst=00:00:00:00:00:04 in_port=1 out_port=4
[FLOW_MOD] t=16795.618535901 dpid=s1 action=add src=00:00:00:00:00:01 dst=00:00:00:00:00:04 in_port=1 out_port=4
[FLOW_MOD] t=16795.618959350 dpid=s3 action=delete-strict src=00:00:00:00:00:01 dst=00:00:00:00:00:04 in_port=4 out_port=3
[FLOW_MOD] t=16795.619241622 dpid=s3 action=add src=00:00:00:00:00:01 dst=00:00:00:00:00:04 in_port=4 out_port=3
[FLOW_MOD] t=16795.619583640 dpid=s2 action=delete-strict src=00:00:00:00:00:01 dst=00:00:00:00:00:04 in_port=4 out_port=1
[FLOW_MOD] t=16795.619846702 dpid=s2 action=add src=00:00:00:00:00:01 dst=00:00:00:00:00:04 in_port=4 out_port=1
[FLOW_MOD] t=16795.620259414 dpid=s6 action=delete-strict src=00:00:00:00:00:01 dst=00:00:00:00:00:04 in_port=4 out_port=2
[FLOW_MOD] t=16795.620505154 dpid=s6 action=add src=00:00:00:00:00:01 dst=00:00:00:00:00:04 in_port=4 out_port=2
[FLOW_MOD] t=16795.620815696 dpid=s19 action=delete-strict src=00:00:00:00:00:01 dst=00:00:00:00:00:04 in_port=3 out_port=1
[FLOW_MOD] t=16795.621054822 dpid=s19 action=add src=00:00:00:00:00:01 dst=00:00:00:00:00:04 in_port=3 out_port=1
[SPF-DONE] BF s19->s17 reachable=11/11
[PATH-COMPUTED] s19->s17: 6 hop(s) path=s19 -> s6 -> s2 -> s3 -> s1 -> s4 -> s17
[FLOW-INSTALL] 00:00:00:00:00:04 → 00:00:00:00:00:02: s19 -> s6 -> s2 -> s3 -> s1 -> s4 -> s17
[FLOW_MOD] t=16795.624433034 dpid=s19 action=delete-strict src=00:00:00:00:00:04 dst=00:00:00:00:00:02 in_port=1 out_port=3
[FLOW_MOD] t=16795.624698310 dpid=s19 action=add src=00:00:00:00:00:04 dst=00:00:00:00:00:02 in_port=1 out_port=3
[FLOW_MOD] t=16795.625014204 dpid=s6 action=delete-strict src=00:00:00:00:00:04 dst=00:00:00:00:00:02 in_port=2 out_port=4
[FLOW_MOD] t=16795.625229650 dpid=s6 action=add src=00:00:00:00:00:04 dst=00:00:00:00:00:02 in_port=2 out_port=4
[FLOW_MOD] t=16795.625524608 dpid=s2 action=delete-strict src=00:00:00:00:00:04 dst=00:00:00:00:00:02 in_port=1 out_port=4
[FLOW_MOD] t=16795.625751956 dpid=s2 action=add src=00:00:00:00:00:04 dst=00:00:00:00:00:02 in_port=1 out_port=4
[FLOW_MOD] t=16795.626081267 dpid=s3 action=delete-strict src=00:00:00:00:00:04 dst=00:00:00:00:00:02 in_port=3 out_port=4
[FLOW_MOD] t=16795.626322070 dpid=s3 action=add src=00:00:00:00:00:04 dst=00:00:00:00:00:02 in_port=3 out_port=4
[FLOW_MOD] t=16795.626627686 dpid=s1 action=delete-strict src=00:00:00:00:00:04 dst=00:00:00:00:00:02 in_port=4 out_port=1
[FLOW_MOD] t=16795.626848700 dpid=s1 action=add src=00:00:00:00:00:04 dst=00:00:00:00:00:02 in_port=4 out_port=1
[FLOW_MOD] t=16795.627193407 dpid=s4 action=delete-strict src=00:00:00:00:00:04 dst=00:00:00:00:00:02 in_port=4 out_port=2
[FLOW_MOD] t=16795.627450023 dpid=s4 action=add src=00:00:00:00:00:04 dst=00:00:00:00:00:02 in_port=4 out_port=2
[FLOW_MOD] t=16795.627769863 dpid=s17 action=delete-strict src=00:00:00:00:00:04 dst=00:00:00:00:00:02 in_port=3 out_port=1
[FLOW_MOD] t=16795.628028611 dpid=s17 action=add src=00:00:00:00:00:04 dst=00:00:00:00:00:02 in_port=3 out_port=1
[FLOW_MOD] t=16795.628367227 dpid=s17 action=delete-strict src=00:00:00:00:00:02 dst=00:00:00:00:00:04 in_port=1 out_port=3
[FLOW_MOD] t=16795.628621605 dpid=s17 action=add src=00:00:00:00:00:02 dst=00:00:00:00:00:04 in_port=1 out_port=3
[FLOW_MOD] t=16795.628992165 dpid=s4 action=delete-strict src=00:00:00:00:00:02 dst=00:00:00:00:00:04 in_port=2 out_port=4
[FLOW_MOD] t=16795.629224060 dpid=s4 action=add src=00:00:00:00:00:02 dst=00:00:00:00:00:04 in_port=2 out_port=4
[FLOW_MOD] t=16795.629555917 dpid=s1 action=delete-strict src=00:00:00:00:00:02 dst=00:00:00:00:00:04 in_port=1 out_port=4
[FLOW_MOD] t=16795.629825984 dpid=s1 action=add src=00:00:00:00:00:02 dst=00:00:00:00:00:04 in_port=1 out_port=4
[FLOW_MOD] t=16795.630163654 dpid=s3 action=delete-strict src=00:00:00:00:00:02 dst=00:00:00:00:00:04 in_port=4 out_port=3
[FLOW_MOD] t=16795.630426886 dpid=s3 action=add src=00:00:00:00:00:02 dst=00:00:00:00:00:04 in_port=4 out_port=3
[FLOW_MOD] t=16795.630765802 dpid=s2 action=delete-strict src=00:00:00:00:00:02 dst=00:00:00:00:00:04 in_port=4 out_port=1
[FLOW_MOD] t=16795.631050751 dpid=s2 action=add src=00:00:00:00:00:02 dst=00:00:00:00:00:04 in_port=4 out_port=1
[FLOW_MOD] t=16795.631359909 dpid=s6 action=delete-strict src=00:00:00:00:00:02 dst=00:00:00:00:00:04 in_port=4 out_port=2
[FLOW_MOD] t=16795.631581890 dpid=s6 action=add src=00:00:00:00:00:02 dst=00:00:00:00:00:04 in_port=4 out_port=2
[FLOW_MOD] t=16795.631855884 dpid=s19 action=delete-strict src=00:00:00:00:00:02 dst=00:00:00:00:00:04 in_port=3 out_port=1
[FLOW_MOD] t=16795.632163635 dpid=s19 action=add src=00:00:00:00:00:02 dst=00:00:00:00:00:04 in_port=3 out_port=1
[SPF-DONE] BF s19->s18 reachable=11/11
[PATH-COMPUTED] s19->s18: 2 hop(s) path=s19 -> s6 -> s18
[FLOW-INSTALL] 00:00:00:00:00:04 → 00:00:00:00:00:03: s19 -> s6 -> s18
[FLOW_MOD] t=16795.635521767 dpid=s19 action=delete-strict src=00:00:00:00:00:04 dst=00:00:00:00:00:03 in_port=1 out_port=3
[FLOW_MOD] t=16795.635800715 dpid=s19 action=add src=00:00:00:00:00:04 dst=00:00:00:00:00:03 in_port=1 out_port=3
[FLOW_MOD] t=16795.636236154 dpid=s6 action=delete-strict src=00:00:00:00:00:04 dst=00:00:00:00:00:03 in_port=2 out_port=1
[FLOW_MOD] t=16795.636494873 dpid=s6 action=add src=00:00:00:00:00:04 dst=00:00:00:00:00:03 in_port=2 out_port=1
[FLOW_MOD] t=16795.636784530 dpid=s18 action=delete-strict src=00:00:00:00:00:04 dst=00:00:00:00:00:03 in_port=3 out_port=1
[FLOW_MOD] t=16795.637004356 dpid=s18 action=add src=00:00:00:00:00:04 dst=00:00:00:00:00:03 in_port=3 out_port=1
[FLOW_MOD] t=16795.637310323 dpid=s18 action=delete-strict src=00:00:00:00:00:03 dst=00:00:00:00:00:04 in_port=1 out_port=3
[FLOW_MOD] t=16795.637531545 dpid=s18 action=add src=00:00:00:00:00:03 dst=00:00:00:00:00:04 in_port=1 out_port=3
[FLOW_MOD] t=16795.637804243 dpid=s6 action=delete-strict src=00:00:00:00:00:03 dst=00:00:00:00:00:04 in_port=1 out_port=2
[FLOW_MOD] t=16795.639137650 dpid=s6 action=add src=00:00:00:00:00:03 dst=00:00:00:00:00:04 in_port=1 out_port=2
[FLOW_MOD] t=16795.639503946 dpid=s19 action=delete-strict src=00:00:00:00:00:03 dst=00:00:00:00:00:04 in_port=3 out_port=1
[FLOW_MOD] t=16795.639829324 dpid=s19 action=add src=00:00:00:00:00:03 dst=00:00:00:00:00:04 in_port=3 out_port=1
[TOPO] route refresh: installed=12 skipped=0 unreachable=0 hosts=4
[PORT_STATUS] t=16795.640426646 s1 port=3 reason=modify
[CONVERGENCE-START] id=1 t1=16795.640622965
[PORT_STATUS] t=16795.642124026 s2 port=3 reason=modify
[PORT_STATUS] t=16795.642562709 s2 port=3 reason=modify
[CONVERGENCE-START-SKIP] id=1 duplicate port-status s2 port=3 reason=modify
[PORT_STATUS] t=16796.162227563 s1 port=3 reason=modify
[PORT_STATUS] t=16796.163254062 s2 port=3 reason=modify
[TOPO-CHANGE] (LLDP topology event) switches=11 links=34  delta +2 -0
[TOPO-UP]   [(1, 2), (2, 1)]
[TOPO-REFRESH] flushing 12 flows, rebuilding routes
[TREE-DONE] root=s1 tree_edges=11 reachable=11/11
[SPF-DONE] BF s16->s17 reachable=11/11
[PATH-COMPUTED] s16->s17: 2 hop(s) path=s16 -> s4 -> s17
[FLOW-INSTALL] 00:00:00:00:00:01 → 00:00:00:00:00:02: s16 -> s4 -> s17
[FLOW_MOD] t=16796.357061849 dpid=s16 action=delete-strict src=00:00:00:00:00:01 dst=00:00:00:00:00:02 in_port=1 out_port=3
[FLOW_MOD] t=16796.357526645 dpid=s16 action=add src=00:00:00:00:00:01 dst=00:00:00:00:00:02 in_port=1 out_port=3
[CONVERGENCE-FLOWMOD] id=1 t2=16796.357846360
[FLOW_MOD] t=16796.358167223 dpid=s4 action=delete-strict src=00:00:00:00:00:01 dst=00:00:00:00:00:02 in_port=1 out_port=2
[FLOW_MOD] t=16796.358506959 dpid=s4 action=add src=00:00:00:00:00:01 dst=00:00:00:00:00:02 in_port=1 out_port=2
[FLOW_MOD] t=16796.358880239 dpid=s17 action=delete-strict src=00:00:00:00:00:01 dst=00:00:00:00:00:02 in_port=3 out_port=1
[FLOW_MOD] t=16796.359151879 dpid=s17 action=add src=00:00:00:00:00:01 dst=00:00:00:00:00:02 in_port=3 out_port=1
[FLOW_MOD] t=16796.359512391 dpid=s17 action=delete-strict src=00:00:00:00:00:02 dst=00:00:00:00:00:01 in_port=1 out_port=3
[FLOW_MOD] t=16796.359789684 dpid=s17 action=add src=00:00:00:00:00:02 dst=00:00:00:00:00:01 in_port=1 out_port=3
[FLOW_MOD] t=16796.360155283 dpid=s4 action=delete-strict src=00:00:00:00:00:02 dst=00:00:00:00:00:01 in_port=2 out_port=1
[FLOW_MOD] t=16796.360426466 dpid=s4 action=add src=00:00:00:00:00:02 dst=00:00:00:00:00:01 in_port=2 out_port=1
[FLOW_MOD] t=16796.360785857 dpid=s16 action=delete-strict src=00:00:00:00:00:02 dst=00:00:00:00:00:01 in_port=3 out_port=1
[FLOW_MOD] t=16796.361038523 dpid=s16 action=add src=00:00:00:00:00:02 dst=00:00:00:00:00:01 in_port=3 out_port=1
[SPF-DONE] BF s16->s18 reachable=11/11
[PATH-COMPUTED] s16->s18: 5 hop(s) path=s16 -> s4 -> s1 -> s2 -> s6 -> s18
[FLOW-INSTALL] 00:00:00:00:00:01 → 00:00:00:00:00:03: s16 -> s4 -> s1 -> s2 -> s6 -> s18
[FLOW_MOD] t=16796.364874279 dpid=s16 action=delete-strict src=00:00:00:00:00:01 dst=00:00:00:00:00:03 in_port=1 out_port=3
[FLOW_MOD] t=16796.365174981 dpid=s16 action=add src=00:00:00:00:00:01 dst=00:00:00:00:00:03 in_port=1 out_port=3
[FLOW_MOD] t=16796.365829060 dpid=s4 action=delete-strict src=00:00:00:00:00:01 dst=00:00:00:00:00:03 in_port=1 out_port=4
[FLOW_MOD] t=16796.366149082 dpid=s4 action=add src=00:00:00:00:00:01 dst=00:00:00:00:00:03 in_port=1 out_port=4
[FLOW_MOD] t=16796.366503888 dpid=s1 action=delete-strict src=00:00:00:00:00:01 dst=00:00:00:00:00:03 in_port=1 out_port=3
[FLOW_MOD] t=16796.366773421 dpid=s1 action=add src=00:00:00:00:00:01 dst=00:00:00:00:00:03 in_port=1 out_port=3
[FLOW_MOD] t=16796.367196249 dpid=s2 action=delete-strict src=00:00:00:00:00:01 dst=00:00:00:00:00:03 in_port=3 out_port=1
[FLOW_MOD] t=16796.367479017 dpid=s2 action=add src=00:00:00:00:00:01 dst=00:00:00:00:00:03 in_port=3 out_port=1
[FLOW_MOD] t=16796.367830933 dpid=s6 action=delete-strict src=00:00:00:00:00:01 dst=00:00:00:00:00:03 in_port=4 out_port=1
[FLOW_MOD] t=16796.368133454 dpid=s6 action=add src=00:00:00:00:00:01 dst=00:00:00:00:00:03 in_port=4 out_port=1
[FLOW_MOD] t=16796.368458182 dpid=s18 action=delete-strict src=00:00:00:00:00:01 dst=00:00:00:00:00:03 in_port=3 out_port=1
[FLOW_MOD] t=16796.368698204 dpid=s18 action=add src=00:00:00:00:00:01 dst=00:00:00:00:00:03 in_port=3 out_port=1
[FLOW_MOD] t=16796.369002298 dpid=s18 action=delete-strict src=00:00:00:00:00:03 dst=00:00:00:00:00:01 in_port=1 out_port=3
[FLOW_MOD] t=16796.369246233 dpid=s18 action=add src=00:00:00:00:00:03 dst=00:00:00:00:00:01 in_port=1 out_port=3
[FLOW_MOD] t=16796.369577407 dpid=s6 action=delete-strict src=00:00:00:00:00:03 dst=00:00:00:00:00:01 in_port=1 out_port=4
[FLOW_MOD] t=16796.369850017 dpid=s6 action=add src=00:00:00:00:00:03 dst=00:00:00:00:00:01 in_port=1 out_port=4
[FLOW_MOD] t=16796.370192402 dpid=s2 action=delete-strict src=00:00:00:00:00:03 dst=00:00:00:00:00:01 in_port=1 out_port=3
[FLOW_MOD] t=16796.370446568 dpid=s2 action=add src=00:00:00:00:00:03 dst=00:00:00:00:00:01 in_port=1 out_port=3
[FLOW_MOD] t=16796.370801300 dpid=s1 action=delete-strict src=00:00:00:00:00:03 dst=00:00:00:00:00:01 in_port=3 out_port=1
[FLOW_MOD] t=16796.371062857 dpid=s1 action=add src=00:00:00:00:00:03 dst=00:00:00:00:00:01 in_port=3 out_port=1
[FLOW_MOD] t=16796.371383525 dpid=s4 action=delete-strict src=00:00:00:00:00:03 dst=00:00:00:00:00:01 in_port=4 out_port=1
[FLOW_MOD] t=16796.371636854 dpid=s4 action=add src=00:00:00:00:00:03 dst=00:00:00:00:00:01 in_port=4 out_port=1
[FLOW_MOD] t=16796.371990708 dpid=s16 action=delete-strict src=00:00:00:00:00:03 dst=00:00:00:00:00:01 in_port=3 out_port=1
[FLOW_MOD] t=16796.372531515 dpid=s16 action=add src=00:00:00:00:00:03 dst=00:00:00:00:00:01 in_port=3 out_port=1
[SPF-DONE] BF s16->s19 reachable=11/11
[PATH-COMPUTED] s16->s19: 5 hop(s) path=s16 -> s4 -> s1 -> s2 -> s6 -> s19
[FLOW-INSTALL] 00:00:00:00:00:01 → 00:00:00:00:00:04: s16 -> s4 -> s1 -> s2 -> s6 -> s19
[FLOW_MOD] t=16796.375987222 dpid=s16 action=delete-strict src=00:00:00:00:00:01 dst=00:00:00:00:00:04 in_port=1 out_port=3
[FLOW_MOD] t=16796.376319535 dpid=s16 action=add src=00:00:00:00:00:01 dst=00:00:00:00:00:04 in_port=1 out_port=3
[FLOW_MOD] t=16796.376811634 dpid=s4 action=delete-strict src=00:00:00:00:00:01 dst=00:00:00:00:00:04 in_port=1 out_port=4
[FLOW_MOD] t=16796.377184143 dpid=s4 action=add src=00:00:00:00:00:01 dst=00:00:00:00:00:04 in_port=1 out_port=4
[FLOW_MOD] t=16796.377588857 dpid=s1 action=delete-strict src=00:00:00:00:00:01 dst=00:00:00:00:00:04 in_port=1 out_port=3
[FLOW_MOD] t=16796.377905212 dpid=s1 action=add src=00:00:00:00:00:01 dst=00:00:00:00:00:04 in_port=1 out_port=3
[FLOW_MOD] t=16796.378322805 dpid=s2 action=delete-strict src=00:00:00:00:00:01 dst=00:00:00:00:00:04 in_port=3 out_port=1
[FLOW_MOD] t=16796.378610019 dpid=s2 action=add src=00:00:00:00:00:01 dst=00:00:00:00:00:04 in_port=3 out_port=1
[FLOW_MOD] t=16796.379074879 dpid=s6 action=delete-strict src=00:00:00:00:00:01 dst=00:00:00:00:00:04 in_port=4 out_port=2
[FLOW_MOD] t=16796.379462676 dpid=s6 action=add src=00:00:00:00:00:01 dst=00:00:00:00:00:04 in_port=4 out_port=2
[FLOW_MOD] t=16796.379867581 dpid=s19 action=delete-strict src=00:00:00:00:00:01 dst=00:00:00:00:00:04 in_port=3 out_port=1
[FLOW_MOD] t=16796.380204955 dpid=s19 action=add src=00:00:00:00:00:01 dst=00:00:00:00:00:04 in_port=3 out_port=1
[FLOW_MOD] t=16796.380565073 dpid=s19 action=delete-strict src=00:00:00:00:00:04 dst=00:00:00:00:00:01 in_port=1 out_port=3
[FLOW_MOD] t=16796.381056407 dpid=s19 action=add src=00:00:00:00:00:04 dst=00:00:00:00:00:01 in_port=1 out_port=3
[FLOW_MOD] t=16796.381429574 dpid=s6 action=delete-strict src=00:00:00:00:00:04 dst=00:00:00:00:00:01 in_port=2 out_port=4
[FLOW_MOD] t=16796.381790170 dpid=s6 action=add src=00:00:00:00:00:04 dst=00:00:00:00:00:01 in_port=2 out_port=4
[FLOW_MOD] t=16796.382166283 dpid=s2 action=delete-strict src=00:00:00:00:00:04 dst=00:00:00:00:00:01 in_port=1 out_port=3
[FLOW_MOD] t=16796.382454976 dpid=s2 action=add src=00:00:00:00:00:04 dst=00:00:00:00:00:01 in_port=1 out_port=3
[FLOW_MOD] t=16796.382795054 dpid=s1 action=delete-strict src=00:00:00:00:00:04 dst=00:00:00:00:00:01 in_port=3 out_port=1
[FLOW_MOD] t=16796.383028097 dpid=s1 action=add src=00:00:00:00:00:04 dst=00:00:00:00:00:01 in_port=3 out_port=1
[FLOW_MOD] t=16796.383323970 dpid=s4 action=delete-strict src=00:00:00:00:00:04 dst=00:00:00:00:00:01 in_port=4 out_port=1
[FLOW_MOD] t=16796.383609735 dpid=s4 action=add src=00:00:00:00:00:04 dst=00:00:00:00:00:01 in_port=4 out_port=1
[FLOW_MOD] t=16796.384085183 dpid=s16 action=delete-strict src=00:00:00:00:00:04 dst=00:00:00:00:00:01 in_port=3 out_port=1
[FLOW_MOD] t=16796.384348235 dpid=s16 action=add src=00:00:00:00:00:04 dst=00:00:00:00:00:01 in_port=3 out_port=1
[SPF-DONE] BF s17->s16 reachable=11/11
[PATH-COMPUTED] s17->s16: 2 hop(s) path=s17 -> s4 -> s16
[FLOW-INSTALL] 00:00:00:00:00:02 → 00:00:00:00:00:01: s17 -> s4 -> s16
[FLOW_MOD] t=16796.388489353 dpid=s17 action=delete-strict src=00:00:00:00:00:02 dst=00:00:00:00:00:01 in_port=1 out_port=3
[FLOW_MOD] t=16796.388838548 dpid=s17 action=add src=00:00:00:00:00:02 dst=00:00:00:00:00:01 in_port=1 out_port=3
[FLOW_MOD] t=16796.389274227 dpid=s4 action=delete-strict src=00:00:00:00:00:02 dst=00:00:00:00:00:01 in_port=2 out_port=1
[FLOW_MOD] t=16796.389620063 dpid=s4 action=add src=00:00:00:00:00:02 dst=00:00:00:00:00:01 in_port=2 out_port=1
[FLOW_MOD] t=16796.389937055 dpid=s16 action=delete-strict src=00:00:00:00:00:02 dst=00:00:00:00:00:01 in_port=3 out_port=1
[FLOW_MOD] t=16796.390200595 dpid=s16 action=add src=00:00:00:00:00:02 dst=00:00:00:00:00:01 in_port=3 out_port=1
[FLOW_MOD] t=16796.390531051 dpid=s16 action=delete-strict src=00:00:00:00:00:01 dst=00:00:00:00:00:02 in_port=1 out_port=3
[FLOW_MOD] t=16796.390800465 dpid=s16 action=add src=00:00:00:00:00:01 dst=00:00:00:00:00:02 in_port=1 out_port=3
[FLOW_MOD] t=16796.392455828 dpid=s4 action=delete-strict src=00:00:00:00:00:01 dst=00:00:00:00:00:02 in_port=1 out_port=2
[FLOW_MOD] t=16796.392854689 dpid=s4 action=add src=00:00:00:00:00:01 dst=00:00:00:00:00:02 in_port=1 out_port=2
[FLOW_MOD] t=16796.393245152 dpid=s17 action=delete-strict src=00:00:00:00:00:01 dst=00:00:00:00:00:02 in_port=3 out_port=1
[FLOW_MOD] t=16796.393533563 dpid=s17 action=add src=00:00:00:00:00:01 dst=00:00:00:00:00:02 in_port=3 out_port=1
[SPF-DONE] BF s17->s18 reachable=11/11
[PATH-COMPUTED] s17->s18: 5 hop(s) path=s17 -> s4 -> s1 -> s2 -> s6 -> s18
[FLOW-INSTALL] 00:00:00:00:00:02 → 00:00:00:00:00:03: s17 -> s4 -> s1 -> s2 -> s6 -> s18
[FLOW_MOD] t=16796.397543395 dpid=s17 action=delete-strict src=00:00:00:00:00:02 dst=00:00:00:00:00:03 in_port=1 out_port=3
[FLOW_MOD] t=16796.397809060 dpid=s17 action=add src=00:00:00:00:00:02 dst=00:00:00:00:00:03 in_port=1 out_port=3
[FLOW_MOD] t=16796.398135064 dpid=s4 action=delete-strict src=00:00:00:00:00:02 dst=00:00:00:00:00:03 in_port=2 out_port=4
[FLOW_MOD] t=16796.398420173 dpid=s4 action=add src=00:00:00:00:00:02 dst=00:00:00:00:00:03 in_port=2 out_port=4
[FLOW_MOD] t=16796.398879971 dpid=s1 action=delete-strict src=00:00:00:00:00:02 dst=00:00:00:00:00:03 in_port=1 out_port=3
[FLOW_MOD] t=16796.399430995 dpid=s1 action=add src=00:00:00:00:00:02 dst=00:00:00:00:00:03 in_port=1 out_port=3
[FLOW_MOD] t=16796.399848706 dpid=s2 action=delete-strict src=00:00:00:00:00:02 dst=00:00:00:00:00:03 in_port=3 out_port=1
[FLOW_MOD] t=16796.400245203 dpid=s2 action=add src=00:00:00:00:00:02 dst=00:00:00:00:00:03 in_port=3 out_port=1
[FLOW_MOD] t=16796.400629911 dpid=s6 action=delete-strict src=00:00:00:00:00:02 dst=00:00:00:00:00:03 in_port=4 out_port=1
[FLOW_MOD] t=16796.400886037 dpid=s6 action=add src=00:00:00:00:00:02 dst=00:00:00:00:00:03 in_port=4 out_port=1
[FLOW_MOD] t=16796.401193949 dpid=s18 action=delete-strict src=00:00:00:00:00:02 dst=00:00:00:00:00:03 in_port=3 out_port=1
[FLOW_MOD] t=16796.401431142 dpid=s18 action=add src=00:00:00:00:00:02 dst=00:00:00:00:00:03 in_port=3 out_port=1
[FLOW_MOD] t=16796.401760360 dpid=s18 action=delete-strict src=00:00:00:00:00:03 dst=00:00:00:00:00:02 in_port=1 out_port=3
[FLOW_MOD] t=16796.402015779 dpid=s18 action=add src=00:00:00:00:00:03 dst=00:00:00:00:00:02 in_port=1 out_port=3
[FLOW_MOD] t=16796.402422472 dpid=s6 action=delete-strict src=00:00:00:00:00:03 dst=00:00:00:00:00:02 in_port=1 out_port=4
[FLOW_MOD] t=16796.402693899 dpid=s6 action=add src=00:00:00:00:00:03 dst=00:00:00:00:00:02 in_port=1 out_port=4
[FLOW_MOD] t=16796.403038600 dpid=s2 action=delete-strict src=00:00:00:00:00:03 dst=00:00:00:00:00:02 in_port=1 out_port=3
[FLOW_MOD] t=16796.403303112 dpid=s2 action=add src=00:00:00:00:00:03 dst=00:00:00:00:00:02 in_port=1 out_port=3
[FLOW_MOD] t=16796.403627451 dpid=s1 action=delete-strict src=00:00:00:00:00:03 dst=00:00:00:00:00:02 in_port=3 out_port=1
[FLOW_MOD] t=16796.403939703 dpid=s1 action=add src=00:00:00:00:00:03 dst=00:00:00:00:00:02 in_port=3 out_port=1
[FLOW_MOD] t=16796.404407727 dpid=s4 action=delete-strict src=00:00:00:00:00:03 dst=00:00:00:00:00:02 in_port=4 out_port=2
[FLOW_MOD] t=16796.404683275 dpid=s4 action=add src=00:00:00:00:00:03 dst=00:00:00:00:00:02 in_port=4 out_port=2
[FLOW_MOD] t=16796.405033557 dpid=s17 action=delete-strict src=00:00:00:00:00:03 dst=00:00:00:00:00:02 in_port=3 out_port=1
[FLOW_MOD] t=16796.405348775 dpid=s17 action=add src=00:00:00:00:00:03 dst=00:00:00:00:00:02 in_port=3 out_port=1
[SPF-DONE] BF s17->s19 reachable=11/11
[PATH-COMPUTED] s17->s19: 5 hop(s) path=s17 -> s4 -> s1 -> s2 -> s6 -> s19
[FLOW-INSTALL] 00:00:00:00:00:02 → 00:00:00:00:00:04: s17 -> s4 -> s1 -> s2 -> s6 -> s19
[FLOW_MOD] t=16796.409631216 dpid=s17 action=delete-strict src=00:00:00:00:00:02 dst=00:00:00:00:00:04 in_port=1 out_port=3
[FLOW_MOD] t=16796.409970156 dpid=s17 action=add src=00:00:00:00:00:02 dst=00:00:00:00:00:04 in_port=1 out_port=3
[FLOW_MOD] t=16796.410339955 dpid=s4 action=delete-strict src=00:00:00:00:00:02 dst=00:00:00:00:00:04 in_port=2 out_port=4
[FLOW_MOD] t=16796.410607180 dpid=s4 action=add src=00:00:00:00:00:02 dst=00:00:00:00:00:04 in_port=2 out_port=4
[FLOW_MOD] t=16796.410970444 dpid=s1 action=delete-strict src=00:00:00:00:00:02 dst=00:00:00:00:00:04 in_port=1 out_port=3
[FLOW_MOD] t=16796.411218810 dpid=s1 action=add src=00:00:00:00:00:02 dst=00:00:00:00:00:04 in_port=1 out_port=3
[FLOW_MOD] t=16796.411533085 dpid=s2 action=delete-strict src=00:00:00:00:00:02 dst=00:00:00:00:00:04 in_port=3 out_port=1
[FLOW_MOD] t=16796.411784469 dpid=s2 action=add src=00:00:00:00:00:02 dst=00:00:00:00:00:04 in_port=3 out_port=1
[FLOW_MOD] t=16796.412212966 dpid=s6 action=delete-strict src=00:00:00:00:00:02 dst=00:00:00:00:00:04 in_port=4 out_port=2
[FLOW_MOD] t=16796.412549092 dpid=s6 action=add src=00:00:00:00:00:02 dst=00:00:00:00:00:04 in_port=4 out_port=2
[FLOW_MOD] t=16796.412913112 dpid=s19 action=delete-strict src=00:00:00:00:00:02 dst=00:00:00:00:00:04 in_port=3 out_port=1
[FLOW_MOD] t=16796.413204705 dpid=s19 action=add src=00:00:00:00:00:02 dst=00:00:00:00:00:04 in_port=3 out_port=1
[FLOW_MOD] t=16796.413590586 dpid=s19 action=delete-strict src=00:00:00:00:00:04 dst=00:00:00:00:00:02 in_port=1 out_port=3
[FLOW_MOD] t=16796.413866633 dpid=s19 action=add src=00:00:00:00:00:04 dst=00:00:00:00:00:02 in_port=1 out_port=3
[FLOW_MOD] t=16796.414195412 dpid=s6 action=delete-strict src=00:00:00:00:00:04 dst=00:00:00:00:00:02 in_port=2 out_port=4
[FLOW_MOD] t=16796.414449302 dpid=s6 action=add src=00:00:00:00:00:04 dst=00:00:00:00:00:02 in_port=2 out_port=4
[FLOW_MOD] t=16796.414828034 dpid=s2 action=delete-strict src=00:00:00:00:00:04 dst=00:00:00:00:00:02 in_port=1 out_port=3
[FLOW_MOD] t=16796.415104209 dpid=s2 action=add src=00:00:00:00:00:04 dst=00:00:00:00:00:02 in_port=1 out_port=3
[FLOW_MOD] t=16796.415460381 dpid=s1 action=delete-strict src=00:00:00:00:00:04 dst=00:00:00:00:00:02 in_port=3 out_port=1
[FLOW_MOD] t=16796.415743842 dpid=s1 action=add src=00:00:00:00:00:04 dst=00:00:00:00:00:02 in_port=3 out_port=1
[FLOW_MOD] t=16796.416134768 dpid=s4 action=delete-strict src=00:00:00:00:00:04 dst=00:00:00:00:00:02 in_port=4 out_port=2
[FLOW_MOD] t=16796.416394676 dpid=s4 action=add src=00:00:00:00:00:04 dst=00:00:00:00:00:02 in_port=4 out_port=2
[FLOW_MOD] t=16796.416717720 dpid=s17 action=delete-strict src=00:00:00:00:00:04 dst=00:00:00:00:00:02 in_port=3 out_port=1
[FLOW_MOD] t=16796.416982267 dpid=s17 action=add src=00:00:00:00:00:04 dst=00:00:00:00:00:02 in_port=3 out_port=1
[SPF-DONE] BF s18->s16 reachable=11/11
[PATH-COMPUTED] s18->s16: 5 hop(s) path=s18 -> s6 -> s2 -> s1 -> s4 -> s16
[FLOW-INSTALL] 00:00:00:00:00:03 → 00:00:00:00:00:01: s18 -> s6 -> s2 -> s1 -> s4 -> s16
[FLOW_MOD] t=16796.420434917 dpid=s18 action=delete-strict src=00:00:00:00:00:03 dst=00:00:00:00:00:01 in_port=1 out_port=3
[FLOW_MOD] t=16796.420762234 dpid=s18 action=add src=00:00:00:00:00:03 dst=00:00:00:00:00:01 in_port=1 out_port=3
[FLOW_MOD] t=16796.421081620 dpid=s6 action=delete-strict src=00:00:00:00:00:03 dst=00:00:00:00:00:01 in_port=1 out_port=4
[FLOW_MOD] t=16796.421293473 dpid=s6 action=add src=00:00:00:00:00:03 dst=00:00:00:00:00:01 in_port=1 out_port=4
[FLOW_MOD] t=16796.421606784 dpid=s2 action=delete-strict src=00:00:00:00:00:03 dst=00:00:00:00:00:01 in_port=1 out_port=3
[FLOW_MOD] t=16796.421837327 dpid=s2 action=add src=00:00:00:00:00:03 dst=00:00:00:00:00:01 in_port=1 out_port=3
[FLOW_MOD] t=16796.422118111 dpid=s1 action=delete-strict src=00:00:00:00:00:03 dst=00:00:00:00:00:01 in_port=3 out_port=1
[FLOW_MOD] t=16796.422326298 dpid=s1 action=add src=00:00:00:00:00:03 dst=00:00:00:00:00:01 in_port=3 out_port=1
[FLOW_MOD] t=16796.422603173 dpid=s4 action=delete-strict src=00:00:00:00:00:03 dst=00:00:00:00:00:01 in_port=4 out_port=1
[FLOW_MOD] t=16796.422821344 dpid=s4 action=add src=00:00:00:00:00:03 dst=00:00:00:00:00:01 in_port=4 out_port=1
[FLOW_MOD] t=16796.423116021 dpid=s16 action=delete-strict src=00:00:00:00:00:03 dst=00:00:00:00:00:01 in_port=3 out_port=1
[FLOW_MOD] t=16796.423323339 dpid=s16 action=add src=00:00:00:00:00:03 dst=00:00:00:00:00:01 in_port=3 out_port=1
[FLOW_MOD] t=16796.423593438 dpid=s16 action=delete-strict src=00:00:00:00:00:01 dst=00:00:00:00:00:03 in_port=1 out_port=3
[FLOW_MOD] t=16796.423814845 dpid=s16 action=add src=00:00:00:00:00:01 dst=00:00:00:00:00:03 in_port=1 out_port=3
[FLOW_MOD] t=16796.424113769 dpid=s4 action=delete-strict src=00:00:00:00:00:01 dst=00:00:00:00:00:03 in_port=1 out_port=4
[FLOW_MOD] t=16796.424385100 dpid=s4 action=add src=00:00:00:00:00:01 dst=00:00:00:00:00:03 in_port=1 out_port=4
[FLOW_MOD] t=16796.424728472 dpid=s1 action=delete-strict src=00:00:00:00:00:01 dst=00:00:00:00:00:03 in_port=1 out_port=3
[FLOW_MOD] t=16796.424988340 dpid=s1 action=add src=00:00:00:00:00:01 dst=00:00:00:00:00:03 in_port=1 out_port=3
[FLOW_MOD] t=16796.425303473 dpid=s2 action=delete-strict src=00:00:00:00:00:01 dst=00:00:00:00:00:03 in_port=3 out_port=1
[FLOW_MOD] t=16796.425666532 dpid=s2 action=add src=00:00:00:00:00:01 dst=00:00:00:00:00:03 in_port=3 out_port=1
[FLOW_MOD] t=16796.426010147 dpid=s6 action=delete-strict src=00:00:00:00:00:01 dst=00:00:00:00:00:03 in_port=4 out_port=1
[FLOW_MOD] t=16796.426289790 dpid=s6 action=add src=00:00:00:00:00:01 dst=00:00:00:00:00:03 in_port=4 out_port=1
[FLOW_MOD] t=16796.426637274 dpid=s18 action=delete-strict src=00:00:00:00:00:01 dst=00:00:00:00:00:03 in_port=3 out_port=1
[FLOW_MOD] t=16796.426906726 dpid=s18 action=add src=00:00:00:00:00:01 dst=00:00:00:00:00:03 in_port=3 out_port=1
[SPF-DONE] BF s18->s17 reachable=11/11
[PATH-COMPUTED] s18->s17: 5 hop(s) path=s18 -> s6 -> s2 -> s1 -> s4 -> s17
[FLOW-INSTALL] 00:00:00:00:00:03 → 00:00:00:00:00:02: s18 -> s6 -> s2 -> s1 -> s4 -> s17
[FLOW_MOD] t=16796.430076048 dpid=s18 action=delete-strict src=00:00:00:00:00:03 dst=00:00:00:00:00:02 in_port=1 out_port=3
[FLOW_MOD] t=16796.430289043 dpid=s18 action=add src=00:00:00:00:00:03 dst=00:00:00:00:00:02 in_port=1 out_port=3
[FLOW_MOD] t=16796.430599487 dpid=s6 action=delete-strict src=00:00:00:00:00:03 dst=00:00:00:00:00:02 in_port=1 out_port=4
[FLOW_MOD] t=16796.430869747 dpid=s6 action=add src=00:00:00:00:00:03 dst=00:00:00:00:00:02 in_port=1 out_port=4
[FLOW_MOD] t=16796.431182861 dpid=s2 action=delete-strict src=00:00:00:00:00:03 dst=00:00:00:00:00:02 in_port=1 out_port=3
[FLOW_MOD] t=16796.431449020 dpid=s2 action=add src=00:00:00:00:00:03 dst=00:00:00:00:00:02 in_port=1 out_port=3
[FLOW_MOD] t=16796.431777077 dpid=s1 action=delete-strict src=00:00:00:00:00:03 dst=00:00:00:00:00:02 in_port=3 out_port=1
[FLOW_MOD] t=16796.431997787 dpid=s1 action=add src=00:00:00:00:00:03 dst=00:00:00:00:00:02 in_port=3 out_port=1
[FLOW_MOD] t=16796.432366051 dpid=s4 action=delete-strict src=00:00:00:00:00:03 dst=00:00:00:00:00:02 in_port=4 out_port=2
[FLOW_MOD] t=16796.432663495 dpid=s4 action=add src=00:00:00:00:00:03 dst=00:00:00:00:00:02 in_port=4 out_port=2
[FLOW_MOD] t=16796.433026486 dpid=s17 action=delete-strict src=00:00:00:00:00:03 dst=00:00:00:00:00:02 in_port=3 out_port=1
[FLOW_MOD] t=16796.433303155 dpid=s17 action=add src=00:00:00:00:00:03 dst=00:00:00:00:00:02 in_port=3 out_port=1
[FLOW_MOD] t=16796.433627994 dpid=s17 action=delete-strict src=00:00:00:00:00:02 dst=00:00:00:00:00:03 in_port=1 out_port=3
[FLOW_MOD] t=16796.433856899 dpid=s17 action=add src=00:00:00:00:00:02 dst=00:00:00:00:00:03 in_port=1 out_port=3
[FLOW_MOD] t=16796.434146056 dpid=s4 action=delete-strict src=00:00:00:00:00:02 dst=00:00:00:00:00:03 in_port=2 out_port=4
[FLOW_MOD] t=16796.435550232 dpid=s4 action=add src=00:00:00:00:00:02 dst=00:00:00:00:00:03 in_port=2 out_port=4
[FLOW_MOD] t=16796.436125167 dpid=s1 action=delete-strict src=00:00:00:00:00:02 dst=00:00:00:00:00:03 in_port=1 out_port=3
[FLOW_MOD] t=16796.436481523 dpid=s1 action=add src=00:00:00:00:00:02 dst=00:00:00:00:00:03 in_port=1 out_port=3
[FLOW_MOD] t=16796.436862119 dpid=s2 action=delete-strict src=00:00:00:00:00:02 dst=00:00:00:00:00:03 in_port=3 out_port=1
[FLOW_MOD] t=16796.437141782 dpid=s2 action=add src=00:00:00:00:00:02 dst=00:00:00:00:00:03 in_port=3 out_port=1
[FLOW_MOD] t=16796.437453017 dpid=s6 action=delete-strict src=00:00:00:00:00:02 dst=00:00:00:00:00:03 in_port=4 out_port=1
[FLOW_MOD] t=16796.437718162 dpid=s6 action=add src=00:00:00:00:00:02 dst=00:00:00:00:00:03 in_port=4 out_port=1
[FLOW_MOD] t=16796.438022095 dpid=s18 action=delete-strict src=00:00:00:00:00:02 dst=00:00:00:00:00:03 in_port=3 out_port=1
[FLOW_MOD] t=16796.438253961 dpid=s18 action=add src=00:00:00:00:00:02 dst=00:00:00:00:00:03 in_port=3 out_port=1
[SPF-DONE] BF s18->s19 reachable=11/11
[PATH-COMPUTED] s18->s19: 2 hop(s) path=s18 -> s6 -> s19
[FLOW-INSTALL] 00:00:00:00:00:03 → 00:00:00:00:00:04: s18 -> s6 -> s19
[FLOW_MOD] t=16796.442228617 dpid=s18 action=delete-strict src=00:00:00:00:00:03 dst=00:00:00:00:00:04 in_port=1 out_port=3
[FLOW_MOD] t=16796.442695131 dpid=s18 action=add src=00:00:00:00:00:03 dst=00:00:00:00:00:04 in_port=1 out_port=3
[FLOW_MOD] t=16796.443236487 dpid=s6 action=delete-strict src=00:00:00:00:00:03 dst=00:00:00:00:00:04 in_port=1 out_port=2
[FLOW_MOD] t=16796.443639558 dpid=s6 action=add src=00:00:00:00:00:03 dst=00:00:00:00:00:04 in_port=1 out_port=2
[FLOW_MOD] t=16796.444022138 dpid=s19 action=delete-strict src=00:00:00:00:00:03 dst=00:00:00:00:00:04 in_port=3 out_port=1
[FLOW_MOD] t=16796.444361374 dpid=s19 action=add src=00:00:00:00:00:03 dst=00:00:00:00:00:04 in_port=3 out_port=1
[FLOW_MOD] t=16796.444784179 dpid=s19 action=delete-strict src=00:00:00:00:00:04 dst=00:00:00:00:00:03 in_port=1 out_port=3
[FLOW_MOD] t=16796.445136298 dpid=s19 action=add src=00:00:00:00:00:04 dst=00:00:00:00:00:03 in_port=1 out_port=3
[FLOW_MOD] t=16796.445570117 dpid=s6 action=delete-strict src=00:00:00:00:00:04 dst=00:00:00:00:00:03 in_port=2 out_port=1
[FLOW_MOD] t=16796.445893093 dpid=s6 action=add src=00:00:00:00:00:04 dst=00:00:00:00:00:03 in_port=2 out_port=1
[FLOW_MOD] t=16796.446246485 dpid=s18 action=delete-strict src=00:00:00:00:00:04 dst=00:00:00:00:00:03 in_port=3 out_port=1
[FLOW_MOD] t=16796.446516165 dpid=s18 action=add src=00:00:00:00:00:04 dst=00:00:00:00:00:03 in_port=3 out_port=1
[SPF-DONE] BF s19->s16 reachable=11/11
[PATH-COMPUTED] s19->s16: 5 hop(s) path=s19 -> s6 -> s2 -> s1 -> s4 -> s16
[FLOW-INSTALL] 00:00:00:00:00:04 → 00:00:00:00:00:01: s19 -> s6 -> s2 -> s1 -> s4 -> s16
[FLOW_MOD] t=16796.450804565 dpid=s19 action=delete-strict src=00:00:00:00:00:04 dst=00:00:00:00:00:01 in_port=1 out_port=3
[FLOW_MOD] t=16796.451139823 dpid=s19 action=add src=00:00:00:00:00:04 dst=00:00:00:00:00:01 in_port=1 out_port=3
[FLOW_MOD] t=16796.451520671 dpid=s6 action=delete-strict src=00:00:00:00:00:04 dst=00:00:00:00:00:01 in_port=2 out_port=4
[FLOW_MOD] t=16796.451807949 dpid=s6 action=add src=00:00:00:00:00:04 dst=00:00:00:00:00:01 in_port=2 out_port=4
[FLOW_MOD] t=16796.452208163 dpid=s2 action=delete-strict src=00:00:00:00:00:04 dst=00:00:00:00:00:01 in_port=1 out_port=3
[FLOW_MOD] t=16796.452439489 dpid=s2 action=add src=00:00:00:00:00:04 dst=00:00:00:00:00:01 in_port=1 out_port=3
[FLOW_MOD] t=16796.452756885 dpid=s1 action=delete-strict src=00:00:00:00:00:04 dst=00:00:00:00:00:01 in_port=3 out_port=1
[FLOW_MOD] t=16796.453026442 dpid=s1 action=add src=00:00:00:00:00:04 dst=00:00:00:00:00:01 in_port=3 out_port=1
[FLOW_MOD] t=16796.453400245 dpid=s4 action=delete-strict src=00:00:00:00:00:04 dst=00:00:00:00:00:01 in_port=4 out_port=1
[FLOW_MOD] t=16796.453663664 dpid=s4 action=add src=00:00:00:00:00:04 dst=00:00:00:00:00:01 in_port=4 out_port=1
[FLOW_MOD] t=16796.453990928 dpid=s16 action=delete-strict src=00:00:00:00:00:04 dst=00:00:00:00:00:01 in_port=3 out_port=1
[FLOW_MOD] t=16796.454214264 dpid=s16 action=add src=00:00:00:00:00:04 dst=00:00:00:00:00:01 in_port=3 out_port=1
[FLOW_MOD] t=16796.454523857 dpid=s16 action=delete-strict src=00:00:00:00:00:01 dst=00:00:00:00:00:04 in_port=1 out_port=3
[FLOW_MOD] t=16796.454735851 dpid=s16 action=add src=00:00:00:00:00:01 dst=00:00:00:00:00:04 in_port=1 out_port=3
[FLOW_MOD] t=16796.455050951 dpid=s4 action=delete-strict src=00:00:00:00:00:01 dst=00:00:00:00:00:04 in_port=1 out_port=4
[FLOW_MOD] t=16796.455262259 dpid=s4 action=add src=00:00:00:00:00:01 dst=00:00:00:00:00:04 in_port=1 out_port=4
[FLOW_MOD] t=16796.455532762 dpid=s1 action=delete-strict src=00:00:00:00:00:01 dst=00:00:00:00:00:04 in_port=1 out_port=3
[FLOW_MOD] t=16796.455736959 dpid=s1 action=add src=00:00:00:00:00:01 dst=00:00:00:00:00:04 in_port=1 out_port=3
[FLOW_MOD] t=16796.456028109 dpid=s2 action=delete-strict src=00:00:00:00:00:01 dst=00:00:00:00:00:04 in_port=3 out_port=1
[FLOW_MOD] t=16796.456316772 dpid=s2 action=add src=00:00:00:00:00:01 dst=00:00:00:00:00:04 in_port=3 out_port=1
[FLOW_MOD] t=16796.456640727 dpid=s6 action=delete-strict src=00:00:00:00:00:01 dst=00:00:00:00:00:04 in_port=4 out_port=2
[FLOW_MOD] t=16796.456851732 dpid=s6 action=add src=00:00:00:00:00:01 dst=00:00:00:00:00:04 in_port=4 out_port=2
[FLOW_MOD] t=16796.457186690 dpid=s19 action=delete-strict src=00:00:00:00:00:01 dst=00:00:00:00:00:04 in_port=3 out_port=1
[FLOW_MOD] t=16796.457419264 dpid=s19 action=add src=00:00:00:00:00:01 dst=00:00:00:00:00:04 in_port=3 out_port=1
[SPF-DONE] BF s19->s17 reachable=11/11
[PATH-COMPUTED] s19->s17: 5 hop(s) path=s19 -> s6 -> s2 -> s1 -> s4 -> s17
[FLOW-INSTALL] 00:00:00:00:00:04 → 00:00:00:00:00:02: s19 -> s6 -> s2 -> s1 -> s4 -> s17
[FLOW_MOD] t=16796.461656512 dpid=s19 action=delete-strict src=00:00:00:00:00:04 dst=00:00:00:00:00:02 in_port=1 out_port=3
[FLOW_MOD] t=16796.461930605 dpid=s19 action=add src=00:00:00:00:00:04 dst=00:00:00:00:00:02 in_port=1 out_port=3
[FLOW_MOD] t=16796.462265048 dpid=s6 action=delete-strict src=00:00:00:00:00:04 dst=00:00:00:00:00:02 in_port=2 out_port=4
[FLOW_MOD] t=16796.462573219 dpid=s6 action=add src=00:00:00:00:00:04 dst=00:00:00:00:00:02 in_port=2 out_port=4
[FLOW_MOD] t=16796.462948719 dpid=s2 action=delete-strict src=00:00:00:00:00:04 dst=00:00:00:00:00:02 in_port=1 out_port=3
[FLOW_MOD] t=16796.463277419 dpid=s2 action=add src=00:00:00:00:00:04 dst=00:00:00:00:00:02 in_port=1 out_port=3
[FLOW_MOD] t=16796.463726984 dpid=s1 action=delete-strict src=00:00:00:00:00:04 dst=00:00:00:00:00:02 in_port=3 out_port=1
[FLOW_MOD] t=16796.463993684 dpid=s1 action=add src=00:00:00:00:00:04 dst=00:00:00:00:00:02 in_port=3 out_port=1
[FLOW_MOD] t=16796.464389101 dpid=s4 action=delete-strict src=00:00:00:00:00:04 dst=00:00:00:00:00:02 in_port=4 out_port=2
[FLOW_MOD] t=16796.464654538 dpid=s4 action=add src=00:00:00:00:00:04 dst=00:00:00:00:00:02 in_port=4 out_port=2
[FLOW_MOD] t=16796.464965241 dpid=s17 action=delete-strict src=00:00:00:00:00:04 dst=00:00:00:00:00:02 in_port=3 out_port=1
[FLOW_MOD] t=16796.465244577 dpid=s17 action=add src=00:00:00:00:00:04 dst=00:00:00:00:00:02 in_port=3 out_port=1
[FLOW_MOD] t=16796.465566144 dpid=s17 action=delete-strict src=00:00:00:00:00:02 dst=00:00:00:00:00:04 in_port=1 out_port=3
[FLOW_MOD] t=16796.465816911 dpid=s17 action=add src=00:00:00:00:00:02 dst=00:00:00:00:00:04 in_port=1 out_port=3
[FLOW_MOD] t=16796.466116996 dpid=s4 action=delete-strict src=00:00:00:00:00:02 dst=00:00:00:00:00:04 in_port=2 out_port=4
[FLOW_MOD] t=16796.466384605 dpid=s4 action=add src=00:00:00:00:00:02 dst=00:00:00:00:00:04 in_port=2 out_port=4
[FLOW_MOD] t=16796.466769219 dpid=s1 action=delete-strict src=00:00:00:00:00:02 dst=00:00:00:00:00:04 in_port=1 out_port=3
[FLOW_MOD] t=16796.467018490 dpid=s1 action=add src=00:00:00:00:00:02 dst=00:00:00:00:00:04 in_port=1 out_port=3
[FLOW_MOD] t=16796.467364620 dpid=s2 action=delete-strict src=00:00:00:00:00:02 dst=00:00:00:00:00:04 in_port=3 out_port=1
[FLOW_MOD] t=16796.467635294 dpid=s2 action=add src=00:00:00:00:00:02 dst=00:00:00:00:00:04 in_port=3 out_port=1
[FLOW_MOD] t=16796.467985929 dpid=s6 action=delete-strict src=00:00:00:00:00:02 dst=00:00:00:00:00:04 in_port=4 out_port=2
[FLOW_MOD] t=16796.468296955 dpid=s6 action=add src=00:00:00:00:00:02 dst=00:00:00:00:00:04 in_port=4 out_port=2
[FLOW_MOD] t=16796.468736412 dpid=s19 action=delete-strict src=00:00:00:00:00:02 dst=00:00:00:00:00:04 in_port=3 out_port=1
[FLOW_MOD] t=16796.469066930 dpid=s19 action=add src=00:00:00:00:00:02 dst=00:00:00:00:00:04 in_port=3 out_port=1
[SPF-DONE] BF s19->s18 reachable=11/11
[PATH-COMPUTED] s19->s18: 2 hop(s) path=s19 -> s6 -> s18
[FLOW-INSTALL] 00:00:00:00:00:04 → 00:00:00:00:00:03: s19 -> s6 -> s18
[FLOW_MOD] t=16796.472730500 dpid=s19 action=delete-strict src=00:00:00:00:00:04 dst=00:00:00:00:00:03 in_port=1 out_port=3
[FLOW_MOD] t=16796.473006454 dpid=s19 action=add src=00:00:00:00:00:04 dst=00:00:00:00:00:03 in_port=1 out_port=3
[FLOW_MOD] t=16796.473386806 dpid=s6 action=delete-strict src=00:00:00:00:00:04 dst=00:00:00:00:00:03 in_port=2 out_port=1
[FLOW_MOD] t=16796.473696271 dpid=s6 action=add src=00:00:00:00:00:04 dst=00:00:00:00:00:03 in_port=2 out_port=1
[FLOW_MOD] t=16796.474180566 dpid=s18 action=delete-strict src=00:00:00:00:00:04 dst=00:00:00:00:00:03 in_port=3 out_port=1
[FLOW_MOD] t=16796.474505328 dpid=s18 action=add src=00:00:00:00:00:04 dst=00:00:00:00:00:03 in_port=3 out_port=1
[FLOW_MOD] t=16796.474854306 dpid=s18 action=delete-strict src=00:00:00:00:00:03 dst=00:00:00:00:00:04 in_port=1 out_port=3
[FLOW_MOD] t=16796.475129980 dpid=s18 action=add src=00:00:00:00:00:03 dst=00:00:00:00:00:04 in_port=1 out_port=3
[FLOW_MOD] t=16796.475475625 dpid=s6 action=delete-strict src=00:00:00:00:00:03 dst=00:00:00:00:00:04 in_port=1 out_port=2
[FLOW_MOD] t=16796.476750257 dpid=s6 action=add src=00:00:00:00:00:03 dst=00:00:00:00:00:04 in_port=1 out_port=2
[FLOW_MOD] t=16796.477214920 dpid=s19 action=delete-strict src=00:00:00:00:00:03 dst=00:00:00:00:00:04 in_port=3 out_port=1
[FLOW_MOD] t=16796.477532306 dpid=s19 action=add src=00:00:00:00:00:03 dst=00:00:00:00:00:04 in_port=3 out_port=1
[TOPO] route refresh: installed=12 skipped=0 unreachable=0 hosts=4
[CONVERGENCE-END] id=1 convergence_ms=717.223 installed=12 skipped=0 unreachable=0 hosts=4
[PORT_STATUS] t=16800.899893868 s1 port=3 reason=modify
[TOPO-CHANGE] (port-status:modify) switches=11 links=32  delta +0 -2
[TOPO-DOWN] [(1, 2), (2, 1)]
[TOPO-REFRESH] flushing 12 flows, rebuilding routes
[TREE-DONE] root=s1 tree_edges=11 reachable=11/11
[SPF-DONE] BF s16->s17 reachable=11/11
[PATH-COMPUTED] s16->s17: 2 hop(s) path=s16 -> s4 -> s17
[FLOW-INSTALL] 00:00:00:00:00:01 → 00:00:00:00:00:02: s16 -> s4 -> s17
[FLOW_MOD] t=16800.905459243 dpid=s16 action=delete-strict src=00:00:00:00:00:01 dst=00:00:00:00:00:02 in_port=1 out_port=3
[FLOW_MOD] t=16800.905828217 dpid=s16 action=add src=00:00:00:00:00:01 dst=00:00:00:00:00:02 in_port=1 out_port=3
[FLOW_MOD] t=16800.906207970 dpid=s4 action=delete-strict src=00:00:00:00:00:01 dst=00:00:00:00:00:02 in_port=1 out_port=2
[FLOW_MOD] t=16800.906508554 dpid=s4 action=add src=00:00:00:00:00:01 dst=00:00:00:00:00:02 in_port=1 out_port=2
[FLOW_MOD] t=16800.906948731 dpid=s17 action=delete-strict src=00:00:00:00:00:01 dst=00:00:00:00:00:02 in_port=3 out_port=1
[FLOW_MOD] t=16800.907272166 dpid=s17 action=add src=00:00:00:00:00:01 dst=00:00:00:00:00:02 in_port=3 out_port=1
[FLOW_MOD] t=16800.907702313 dpid=s17 action=delete-strict src=00:00:00:00:00:02 dst=00:00:00:00:00:01 in_port=1 out_port=3
[FLOW_MOD] t=16800.908138330 dpid=s17 action=add src=00:00:00:00:00:02 dst=00:00:00:00:00:01 in_port=1 out_port=3
[FLOW_MOD] t=16800.908489367 dpid=s4 action=delete-strict src=00:00:00:00:00:02 dst=00:00:00:00:00:01 in_port=2 out_port=1
[FLOW_MOD] t=16800.908780063 dpid=s4 action=add src=00:00:00:00:00:02 dst=00:00:00:00:00:01 in_port=2 out_port=1
[FLOW_MOD] t=16800.909212490 dpid=s16 action=delete-strict src=00:00:00:00:00:02 dst=00:00:00:00:00:01 in_port=3 out_port=1
[FLOW_MOD] t=16800.909537226 dpid=s16 action=add src=00:00:00:00:00:02 dst=00:00:00:00:00:01 in_port=3 out_port=1
[SPF-DONE] BF s16->s18 reachable=11/11
[PATH-COMPUTED] s16->s18: 6 hop(s) path=s16 -> s4 -> s1 -> s3 -> s2 -> s6 -> s18
[FLOW-INSTALL] 00:00:00:00:00:01 → 00:00:00:00:00:03: s16 -> s4 -> s1 -> s3 -> s2 -> s6 -> s18
[FLOW_MOD] t=16800.913637488 dpid=s16 action=delete-strict src=00:00:00:00:00:01 dst=00:00:00:00:00:03 in_port=1 out_port=3
[FLOW_MOD] t=16800.913923624 dpid=s16 action=add src=00:00:00:00:00:01 dst=00:00:00:00:00:03 in_port=1 out_port=3
[FLOW_MOD] t=16800.914275007 dpid=s4 action=delete-strict src=00:00:00:00:00:01 dst=00:00:00:00:00:03 in_port=1 out_port=4
[FLOW_MOD] t=16800.914545713 dpid=s4 action=add src=00:00:00:00:00:01 dst=00:00:00:00:00:03 in_port=1 out_port=4
[FLOW_MOD] t=16800.914867714 dpid=s1 action=delete-strict src=00:00:00:00:00:01 dst=00:00:00:00:00:03 in_port=1 out_port=4
[FLOW_MOD] t=16800.915133348 dpid=s1 action=add src=00:00:00:00:00:01 dst=00:00:00:00:00:03 in_port=1 out_port=4
[FLOW_MOD] t=16800.915506642 dpid=s3 action=delete-strict src=00:00:00:00:00:01 dst=00:00:00:00:00:03 in_port=4 out_port=3
[FLOW_MOD] t=16800.915750376 dpid=s3 action=add src=00:00:00:00:00:01 dst=00:00:00:00:00:03 in_port=4 out_port=3
[FLOW_MOD] t=16800.916115164 dpid=s2 action=delete-strict src=00:00:00:00:00:01 dst=00:00:00:00:00:03 in_port=4 out_port=1
[FLOW_MOD] t=16800.916375340 dpid=s2 action=add src=00:00:00:00:00:01 dst=00:00:00:00:00:03 in_port=4 out_port=1
[FLOW_MOD] t=16800.916726692 dpid=s6 action=delete-strict src=00:00:00:00:00:01 dst=00:00:00:00:00:03 in_port=4 out_port=1
[FLOW_MOD] t=16800.917004508 dpid=s6 action=add src=00:00:00:00:00:01 dst=00:00:00:00:00:03 in_port=4 out_port=1
[FLOW_MOD] t=16800.917350151 dpid=s18 action=delete-strict src=00:00:00:00:00:01 dst=00:00:00:00:00:03 in_port=3 out_port=1
[FLOW_MOD] t=16800.917611068 dpid=s18 action=add src=00:00:00:00:00:01 dst=00:00:00:00:00:03 in_port=3 out_port=1
[FLOW_MOD] t=16800.917980838 dpid=s18 action=delete-strict src=00:00:00:00:00:03 dst=00:00:00:00:00:01 in_port=1 out_port=3
[FLOW_MOD] t=16800.918272230 dpid=s18 action=add src=00:00:00:00:00:03 dst=00:00:00:00:00:01 in_port=1 out_port=3
[FLOW_MOD] t=16800.918642761 dpid=s6 action=delete-strict src=00:00:00:00:00:03 dst=00:00:00:00:00:01 in_port=1 out_port=4
[FLOW_MOD] t=16800.918959668 dpid=s6 action=add src=00:00:00:00:00:03 dst=00:00:00:00:00:01 in_port=1 out_port=4
[FLOW_MOD] t=16800.919380615 dpid=s2 action=delete-strict src=00:00:00:00:00:03 dst=00:00:00:00:00:01 in_port=1 out_port=4
[FLOW_MOD] t=16800.919668838 dpid=s2 action=add src=00:00:00:00:00:03 dst=00:00:00:00:00:01 in_port=1 out_port=4
[FLOW_MOD] t=16800.920050438 dpid=s3 action=delete-strict src=00:00:00:00:00:03 dst=00:00:00:00:00:01 in_port=3 out_port=4
[FLOW_MOD] t=16800.920326111 dpid=s3 action=add src=00:00:00:00:00:03 dst=00:00:00:00:00:01 in_port=3 out_port=4
[FLOW_MOD] t=16800.920800812 dpid=s1 action=delete-strict src=00:00:00:00:00:03 dst=00:00:00:00:00:01 in_port=4 out_port=1
[FLOW_MOD] t=16800.921091443 dpid=s1 action=add src=00:00:00:00:00:03 dst=00:00:00:00:00:01 in_port=4 out_port=1
[FLOW_MOD] t=16800.921509063 dpid=s4 action=delete-strict src=00:00:00:00:00:03 dst=00:00:00:00:00:01 in_port=4 out_port=1
[FLOW_MOD] t=16800.921802172 dpid=s4 action=add src=00:00:00:00:00:03 dst=00:00:00:00:00:01 in_port=4 out_port=1
[FLOW_MOD] t=16800.922178065 dpid=s16 action=delete-strict src=00:00:00:00:00:03 dst=00:00:00:00:00:01 in_port=3 out_port=1
[FLOW_MOD] t=16800.922476517 dpid=s16 action=add src=00:00:00:00:00:03 dst=00:00:00:00:00:01 in_port=3 out_port=1
[SPF-DONE] BF s16->s19 reachable=11/11
[PATH-COMPUTED] s16->s19: 6 hop(s) path=s16 -> s4 -> s1 -> s3 -> s2 -> s6 -> s19
[FLOW-INSTALL] 00:00:00:00:00:01 → 00:00:00:00:00:04: s16 -> s4 -> s1 -> s3 -> s2 -> s6 -> s19
[FLOW_MOD] t=16800.926513559 dpid=s16 action=delete-strict src=00:00:00:00:00:01 dst=00:00:00:00:00:04 in_port=1 out_port=3
[FLOW_MOD] t=16800.926796010 dpid=s16 action=add src=00:00:00:00:00:01 dst=00:00:00:00:00:04 in_port=1 out_port=3
[FLOW_MOD] t=16800.927104654 dpid=s4 action=delete-strict src=00:00:00:00:00:01 dst=00:00:00:00:00:04 in_port=1 out_port=4
[FLOW_MOD] t=16800.927358710 dpid=s4 action=add src=00:00:00:00:00:01 dst=00:00:00:00:00:04 in_port=1 out_port=4
[FLOW_MOD] t=16800.927676706 dpid=s1 action=delete-strict src=00:00:00:00:00:01 dst=00:00:00:00:00:04 in_port=1 out_port=4
[FLOW_MOD] t=16800.927919607 dpid=s1 action=add src=00:00:00:00:00:01 dst=00:00:00:00:00:04 in_port=1 out_port=4
[FLOW_MOD] t=16800.928243920 dpid=s3 action=delete-strict src=00:00:00:00:00:01 dst=00:00:00:00:00:04 in_port=4 out_port=3
[FLOW_MOD] t=16800.928497112 dpid=s3 action=add src=00:00:00:00:00:01 dst=00:00:00:00:00:04 in_port=4 out_port=3
[FLOW_MOD] t=16800.928872409 dpid=s2 action=delete-strict src=00:00:00:00:00:01 dst=00:00:00:00:00:04 in_port=4 out_port=1
[FLOW_MOD] t=16800.929156582 dpid=s2 action=add src=00:00:00:00:00:01 dst=00:00:00:00:00:04 in_port=4 out_port=1
[FLOW_MOD] t=16800.929570187 dpid=s6 action=delete-strict src=00:00:00:00:00:01 dst=00:00:00:00:00:04 in_port=4 out_port=2
[FLOW_MOD] t=16800.929862901 dpid=s6 action=add src=00:00:00:00:00:01 dst=00:00:00:00:00:04 in_port=4 out_port=2
[FLOW_MOD] t=16800.930182664 dpid=s19 action=delete-strict src=00:00:00:00:00:01 dst=00:00:00:00:00:04 in_port=3 out_port=1
[FLOW_MOD] t=16800.930436520 dpid=s19 action=add src=00:00:00:00:00:01 dst=00:00:00:00:00:04 in_port=3 out_port=1
[FLOW_MOD] t=16800.930751061 dpid=s19 action=delete-strict src=00:00:00:00:00:04 dst=00:00:00:00:00:01 in_port=1 out_port=3
[FLOW_MOD] t=16800.931018409 dpid=s19 action=add src=00:00:00:00:00:04 dst=00:00:00:00:00:01 in_port=1 out_port=3
[FLOW_MOD] t=16800.931426932 dpid=s6 action=delete-strict src=00:00:00:00:00:04 dst=00:00:00:00:00:01 in_port=2 out_port=4
[FLOW_MOD] t=16800.931706515 dpid=s6 action=add src=00:00:00:00:00:04 dst=00:00:00:00:00:01 in_port=2 out_port=4
[FLOW_MOD] t=16800.932131696 dpid=s2 action=delete-strict src=00:00:00:00:00:04 dst=00:00:00:00:00:01 in_port=1 out_port=4
[FLOW_MOD] t=16800.932394536 dpid=s2 action=add src=00:00:00:00:00:04 dst=00:00:00:00:00:01 in_port=1 out_port=4
[FLOW_MOD] t=16800.932727390 dpid=s3 action=delete-strict src=00:00:00:00:00:04 dst=00:00:00:00:00:01 in_port=3 out_port=4
[FLOW_MOD] t=16800.932979422 dpid=s3 action=add src=00:00:00:00:00:04 dst=00:00:00:00:00:01 in_port=3 out_port=4
[FLOW_MOD] t=16800.933310074 dpid=s1 action=delete-strict src=00:00:00:00:00:04 dst=00:00:00:00:00:01 in_port=4 out_port=1
[FLOW_MOD] t=16800.933590269 dpid=s1 action=add src=00:00:00:00:00:04 dst=00:00:00:00:00:01 in_port=4 out_port=1
[FLOW_MOD] t=16800.933955889 dpid=s4 action=delete-strict src=00:00:00:00:00:04 dst=00:00:00:00:00:01 in_port=4 out_port=1
[FLOW_MOD] t=16800.934251897 dpid=s4 action=add src=00:00:00:00:00:04 dst=00:00:00:00:00:01 in_port=4 out_port=1
[FLOW_MOD] t=16800.934634078 dpid=s16 action=delete-strict src=00:00:00:00:00:04 dst=00:00:00:00:00:01 in_port=3 out_port=1
[FLOW_MOD] t=16800.934916019 dpid=s16 action=add src=00:00:00:00:00:04 dst=00:00:00:00:00:01 in_port=3 out_port=1
[SPF-DONE] BF s17->s16 reachable=11/11
[PATH-COMPUTED] s17->s16: 2 hop(s) path=s17 -> s4 -> s16
[FLOW-INSTALL] 00:00:00:00:00:02 → 00:00:00:00:00:01: s17 -> s4 -> s16
[FLOW_MOD] t=16800.938920601 dpid=s17 action=delete-strict src=00:00:00:00:00:02 dst=00:00:00:00:00:01 in_port=1 out_port=3
[FLOW_MOD] t=16800.939264925 dpid=s17 action=add src=00:00:00:00:00:02 dst=00:00:00:00:00:01 in_port=1 out_port=3
[FLOW_MOD] t=16800.939834263 dpid=s4 action=delete-strict src=00:00:00:00:00:02 dst=00:00:00:00:00:01 in_port=2 out_port=1
[FLOW_MOD] t=16800.940142847 dpid=s4 action=add src=00:00:00:00:00:02 dst=00:00:00:00:00:01 in_port=2 out_port=1
[FLOW_MOD] t=16800.940482960 dpid=s16 action=delete-strict src=00:00:00:00:00:02 dst=00:00:00:00:00:01 in_port=3 out_port=1
[FLOW_MOD] t=16800.940729772 dpid=s16 action=add src=00:00:00:00:00:02 dst=00:00:00:00:00:01 in_port=3 out_port=1
[FLOW_MOD] t=16800.941058706 dpid=s16 action=delete-strict src=00:00:00:00:00:01 dst=00:00:00:00:00:02 in_port=1 out_port=3
[FLOW_MOD] t=16800.941320462 dpid=s16 action=add src=00:00:00:00:00:01 dst=00:00:00:00:00:02 in_port=1 out_port=3
[FLOW_MOD] t=16800.943333884 dpid=s4 action=delete-strict src=00:00:00:00:00:01 dst=00:00:00:00:00:02 in_port=1 out_port=2
[FLOW_MOD] t=16800.943686736 dpid=s4 action=add src=00:00:00:00:00:01 dst=00:00:00:00:00:02 in_port=1 out_port=2
[FLOW_MOD] t=16800.944098628 dpid=s17 action=delete-strict src=00:00:00:00:00:01 dst=00:00:00:00:00:02 in_port=3 out_port=1
[FLOW_MOD] t=16800.944353015 dpid=s17 action=add src=00:00:00:00:00:01 dst=00:00:00:00:00:02 in_port=3 out_port=1
[SPF-DONE] BF s17->s18 reachable=11/11
[PATH-COMPUTED] s17->s18: 6 hop(s) path=s17 -> s4 -> s1 -> s3 -> s2 -> s6 -> s18
[FLOW-INSTALL] 00:00:00:00:00:02 → 00:00:00:00:00:03: s17 -> s4 -> s1 -> s3 -> s2 -> s6 -> s18
[FLOW_MOD] t=16800.948272783 dpid=s17 action=delete-strict src=00:00:00:00:00:02 dst=00:00:00:00:00:03 in_port=1 out_port=3
[FLOW_MOD] t=16800.948585295 dpid=s17 action=add src=00:00:00:00:00:02 dst=00:00:00:00:00:03 in_port=1 out_port=3
[FLOW_MOD] t=16800.948942936 dpid=s4 action=delete-strict src=00:00:00:00:00:02 dst=00:00:00:00:00:03 in_port=2 out_port=4
[FLOW_MOD] t=16800.949213209 dpid=s4 action=add src=00:00:00:00:00:02 dst=00:00:00:00:00:03 in_port=2 out_port=4
[FLOW_MOD] t=16800.949561050 dpid=s1 action=delete-strict src=00:00:00:00:00:02 dst=00:00:00:00:00:03 in_port=1 out_port=4
[FLOW_MOD] t=16800.949853272 dpid=s1 action=add src=00:00:00:00:00:02 dst=00:00:00:00:00:03 in_port=1 out_port=4
[FLOW_MOD] t=16800.950269697 dpid=s3 action=delete-strict src=00:00:00:00:00:02 dst=00:00:00:00:00:03 in_port=4 out_port=3
[FLOW_MOD] t=16800.950606982 dpid=s3 action=add src=00:00:00:00:00:02 dst=00:00:00:00:00:03 in_port=4 out_port=3
[FLOW_MOD] t=16800.951006183 dpid=s2 action=delete-strict src=00:00:00:00:00:02 dst=00:00:00:00:00:03 in_port=4 out_port=1
[FLOW_MOD] t=16800.951289250 dpid=s2 action=add src=00:00:00:00:00:02 dst=00:00:00:00:00:03 in_port=4 out_port=1
[FLOW_MOD] t=16800.951626285 dpid=s6 action=delete-strict src=00:00:00:00:00:02 dst=00:00:00:00:00:03 in_port=4 out_port=1
[FLOW_MOD] t=16800.951857382 dpid=s6 action=add src=00:00:00:00:00:02 dst=00:00:00:00:00:03 in_port=4 out_port=1
[FLOW_MOD] t=16800.952204164 dpid=s18 action=delete-strict src=00:00:00:00:00:02 dst=00:00:00:00:00:03 in_port=3 out_port=1
[FLOW_MOD] t=16800.952521473 dpid=s18 action=add src=00:00:00:00:00:02 dst=00:00:00:00:00:03 in_port=3 out_port=1
[FLOW_MOD] t=16800.952869380 dpid=s18 action=delete-strict src=00:00:00:00:00:03 dst=00:00:00:00:00:02 in_port=1 out_port=3
[FLOW_MOD] t=16800.953130221 dpid=s18 action=add src=00:00:00:00:00:03 dst=00:00:00:00:00:02 in_port=1 out_port=3
[FLOW_MOD] t=16800.953457361 dpid=s6 action=delete-strict src=00:00:00:00:00:03 dst=00:00:00:00:00:02 in_port=1 out_port=4
[FLOW_MOD] t=16800.953716754 dpid=s6 action=add src=00:00:00:00:00:03 dst=00:00:00:00:00:02 in_port=1 out_port=4
[FLOW_MOD] t=16800.954103712 dpid=s2 action=delete-strict src=00:00:00:00:00:03 dst=00:00:00:00:00:02 in_port=1 out_port=4
[FLOW_MOD] t=16800.954372475 dpid=s2 action=add src=00:00:00:00:00:03 dst=00:00:00:00:00:02 in_port=1 out_port=4
[FLOW_MOD] t=16800.954738372 dpid=s3 action=delete-strict src=00:00:00:00:00:03 dst=00:00:00:00:00:02 in_port=3 out_port=4
[FLOW_MOD] t=16800.955068427 dpid=s3 action=add src=00:00:00:00:00:03 dst=00:00:00:00:00:02 in_port=3 out_port=4
[FLOW_MOD] t=16800.955469351 dpid=s1 action=delete-strict src=00:00:00:00:00:03 dst=00:00:00:00:00:02 in_port=4 out_port=1
[FLOW_MOD] t=16800.955763272 dpid=s1 action=add src=00:00:00:00:00:03 dst=00:00:00:00:00:02 in_port=4 out_port=1
[FLOW_MOD] t=16800.956126714 dpid=s4 action=delete-strict src=00:00:00:00:00:03 dst=00:00:00:00:00:02 in_port=4 out_port=2
[FLOW_MOD] t=16800.956421350 dpid=s4 action=add src=00:00:00:00:00:03 dst=00:00:00:00:00:02 in_port=4 out_port=2
[FLOW_MOD] t=16800.956771466 dpid=s17 action=delete-strict src=00:00:00:00:00:03 dst=00:00:00:00:00:02 in_port=3 out_port=1
[FLOW_MOD] t=16800.957045267 dpid=s17 action=add src=00:00:00:00:00:03 dst=00:00:00:00:00:02 in_port=3 out_port=1
[SPF-DONE] BF s17->s19 reachable=11/11
[PATH-COMPUTED] s17->s19: 6 hop(s) path=s17 -> s4 -> s1 -> s3 -> s2 -> s6 -> s19
[FLOW-INSTALL] 00:00:00:00:00:02 → 00:00:00:00:00:04: s17 -> s4 -> s1 -> s3 -> s2 -> s6 -> s19
[FLOW_MOD] t=16800.961467866 dpid=s17 action=delete-strict src=00:00:00:00:00:02 dst=00:00:00:00:00:04 in_port=1 out_port=3
[FLOW_MOD] t=16800.961844476 dpid=s17 action=add src=00:00:00:00:00:02 dst=00:00:00:00:00:04 in_port=1 out_port=3
[FLOW_MOD] t=16800.962313011 dpid=s4 action=delete-strict src=00:00:00:00:00:02 dst=00:00:00:00:00:04 in_port=2 out_port=4
[FLOW_MOD] t=16800.962633100 dpid=s4 action=add src=00:00:00:00:00:02 dst=00:00:00:00:00:04 in_port=2 out_port=4
[FLOW_MOD] t=16800.962991065 dpid=s1 action=delete-strict src=00:00:00:00:00:02 dst=00:00:00:00:00:04 in_port=1 out_port=4
[FLOW_MOD] t=16800.963304645 dpid=s1 action=add src=00:00:00:00:00:02 dst=00:00:00:00:00:04 in_port=1 out_port=4
[FLOW_MOD] t=16800.963685679 dpid=s3 action=delete-strict src=00:00:00:00:00:02 dst=00:00:00:00:00:04 in_port=4 out_port=3
[FLOW_MOD] t=16800.963976736 dpid=s3 action=add src=00:00:00:00:00:02 dst=00:00:00:00:00:04 in_port=4 out_port=3
[FLOW_MOD] t=16800.964434801 dpid=s2 action=delete-strict src=00:00:00:00:00:02 dst=00:00:00:00:00:04 in_port=4 out_port=1
[FLOW_MOD] t=16800.964746514 dpid=s2 action=add src=00:00:00:00:00:02 dst=00:00:00:00:00:04 in_port=4 out_port=1
[FLOW_MOD] t=16800.965112124 dpid=s6 action=delete-strict src=00:00:00:00:00:02 dst=00:00:00:00:00:04 in_port=4 out_port=2
[FLOW_MOD] t=16800.965398060 dpid=s6 action=add src=00:00:00:00:00:02 dst=00:00:00:00:00:04 in_port=4 out_port=2
[FLOW_MOD] t=16800.965776858 dpid=s19 action=delete-strict src=00:00:00:00:00:02 dst=00:00:00:00:00:04 in_port=3 out_port=1
[FLOW_MOD] t=16800.966061420 dpid=s19 action=add src=00:00:00:00:00:02 dst=00:00:00:00:00:04 in_port=3 out_port=1
[FLOW_MOD] t=16800.966398952 dpid=s19 action=delete-strict src=00:00:00:00:00:04 dst=00:00:00:00:00:02 in_port=1 out_port=3
[FLOW_MOD] t=16800.966754317 dpid=s19 action=add src=00:00:00:00:00:04 dst=00:00:00:00:00:02 in_port=1 out_port=3
[FLOW_MOD] t=16800.967279931 dpid=s6 action=delete-strict src=00:00:00:00:00:04 dst=00:00:00:00:00:02 in_port=2 out_port=4
[FLOW_MOD] t=16800.967599172 dpid=s6 action=add src=00:00:00:00:00:04 dst=00:00:00:00:00:02 in_port=2 out_port=4
[FLOW_MOD] t=16800.968102064 dpid=s2 action=delete-strict src=00:00:00:00:00:04 dst=00:00:00:00:00:02 in_port=1 out_port=4
[FLOW_MOD] t=16800.968462731 dpid=s2 action=add src=00:00:00:00:00:04 dst=00:00:00:00:00:02 in_port=1 out_port=4
[FLOW_MOD] t=16800.968904317 dpid=s3 action=delete-strict src=00:00:00:00:00:04 dst=00:00:00:00:00:02 in_port=3 out_port=4
[FLOW_MOD] t=16800.969195598 dpid=s3 action=add src=00:00:00:00:00:04 dst=00:00:00:00:00:02 in_port=3 out_port=4
[FLOW_MOD] t=16800.969732968 dpid=s1 action=delete-strict src=00:00:00:00:00:04 dst=00:00:00:00:00:02 in_port=4 out_port=1
[FLOW_MOD] t=16800.970174876 dpid=s1 action=add src=00:00:00:00:00:04 dst=00:00:00:00:00:02 in_port=4 out_port=1
[FLOW_MOD] t=16800.970548683 dpid=s4 action=delete-strict src=00:00:00:00:00:04 dst=00:00:00:00:00:02 in_port=4 out_port=2
[FLOW_MOD] t=16800.970903783 dpid=s4 action=add src=00:00:00:00:00:04 dst=00:00:00:00:00:02 in_port=4 out_port=2
[FLOW_MOD] t=16800.971295212 dpid=s17 action=delete-strict src=00:00:00:00:00:04 dst=00:00:00:00:00:02 in_port=3 out_port=1
[FLOW_MOD] t=16800.971572915 dpid=s17 action=add src=00:00:00:00:00:04 dst=00:00:00:00:00:02 in_port=3 out_port=1
[SPF-DONE] BF s18->s16 reachable=11/11
[PATH-COMPUTED] s18->s16: 6 hop(s) path=s18 -> s6 -> s2 -> s3 -> s1 -> s4 -> s16
[FLOW-INSTALL] 00:00:00:00:00:03 → 00:00:00:00:00:01: s18 -> s6 -> s2 -> s3 -> s1 -> s4 -> s16
[FLOW_MOD] t=16800.975778739 dpid=s18 action=delete-strict src=00:00:00:00:00:03 dst=00:00:00:00:00:01 in_port=1 out_port=3
[FLOW_MOD] t=16800.976123311 dpid=s18 action=add src=00:00:00:00:00:03 dst=00:00:00:00:00:01 in_port=1 out_port=3
[FLOW_MOD] t=16800.976485765 dpid=s6 action=delete-strict src=00:00:00:00:00:03 dst=00:00:00:00:00:01 in_port=1 out_port=4
[FLOW_MOD] t=16800.976769619 dpid=s6 action=add src=00:00:00:00:00:03 dst=00:00:00:00:00:01 in_port=1 out_port=4
[FLOW_MOD] t=16800.977105206 dpid=s2 action=delete-strict src=00:00:00:00:00:03 dst=00:00:00:00:00:01 in_port=1 out_port=4
[FLOW_MOD] t=16800.977379070 dpid=s2 action=add src=00:00:00:00:00:03 dst=00:00:00:00:00:01 in_port=1 out_port=4
[FLOW_MOD] t=16800.977772399 dpid=s3 action=delete-strict src=00:00:00:00:00:03 dst=00:00:00:00:00:01 in_port=3 out_port=4
[FLOW_MOD] t=16800.978054195 dpid=s3 action=add src=00:00:00:00:00:03 dst=00:00:00:00:00:01 in_port=3 out_port=4
[FLOW_MOD] t=16800.978369958 dpid=s1 action=delete-strict src=00:00:00:00:00:03 dst=00:00:00:00:00:01 in_port=4 out_port=1
[FLOW_MOD] t=16800.978614594 dpid=s1 action=add src=00:00:00:00:00:03 dst=00:00:00:00:00:01 in_port=4 out_port=1
[FLOW_MOD] t=16800.978913149 dpid=s4 action=delete-strict src=00:00:00:00:00:03 dst=00:00:00:00:00:01 in_port=4 out_port=1
[FLOW_MOD] t=16800.979146684 dpid=s4 action=add src=00:00:00:00:00:03 dst=00:00:00:00:00:01 in_port=4 out_port=1
[FLOW_MOD] t=16800.979427293 dpid=s16 action=delete-strict src=00:00:00:00:00:03 dst=00:00:00:00:00:01 in_port=3 out_port=1
[FLOW_MOD] t=16800.979647247 dpid=s16 action=add src=00:00:00:00:00:03 dst=00:00:00:00:00:01 in_port=3 out_port=1
[FLOW_MOD] t=16800.979915250 dpid=s16 action=delete-strict src=00:00:00:00:00:01 dst=00:00:00:00:00:03 in_port=1 out_port=3
[FLOW_MOD] t=16800.980135453 dpid=s16 action=add src=00:00:00:00:00:01 dst=00:00:00:00:00:03 in_port=1 out_port=3
[FLOW_MOD] t=16800.980446421 dpid=s4 action=delete-strict src=00:00:00:00:00:01 dst=00:00:00:00:00:03 in_port=1 out_port=4
[FLOW_MOD] t=16800.980673594 dpid=s4 action=add src=00:00:00:00:00:01 dst=00:00:00:00:00:03 in_port=1 out_port=4
[FLOW_MOD] t=16800.980948456 dpid=s1 action=delete-strict src=00:00:00:00:00:01 dst=00:00:00:00:00:03 in_port=1 out_port=4
[FLOW_MOD] t=16800.981180209 dpid=s1 action=add src=00:00:00:00:00:01 dst=00:00:00:00:00:03 in_port=1 out_port=4
[FLOW_MOD] t=16800.981474590 dpid=s3 action=delete-strict src=00:00:00:00:00:01 dst=00:00:00:00:00:03 in_port=4 out_port=3
[FLOW_MOD] t=16800.981708917 dpid=s3 action=add src=00:00:00:00:00:01 dst=00:00:00:00:00:03 in_port=4 out_port=3
[FLOW_MOD] t=16800.982076825 dpid=s2 action=delete-strict src=00:00:00:00:00:01 dst=00:00:00:00:00:03 in_port=4 out_port=1
[FLOW_MOD] t=16800.982360978 dpid=s2 action=add src=00:00:00:00:00:01 dst=00:00:00:00:00:03 in_port=4 out_port=1
[FLOW_MOD] t=16800.982702513 dpid=s6 action=delete-strict src=00:00:00:00:00:01 dst=00:00:00:00:00:03 in_port=4 out_port=1
[FLOW_MOD] t=16800.982937841 dpid=s6 action=add src=00:00:00:00:00:01 dst=00:00:00:00:00:03 in_port=4 out_port=1
[FLOW_MOD] t=16800.983259019 dpid=s18 action=delete-strict src=00:00:00:00:00:01 dst=00:00:00:00:00:03 in_port=3 out_port=1
[FLOW_MOD] t=16800.983520601 dpid=s18 action=add src=00:00:00:00:00:01 dst=00:00:00:00:00:03 in_port=3 out_port=1
[SPF-DONE] BF s18->s17 reachable=11/11
[PATH-COMPUTED] s18->s17: 6 hop(s) path=s18 -> s6 -> s2 -> s3 -> s1 -> s4 -> s17
[FLOW-INSTALL] 00:00:00:00:00:03 → 00:00:00:00:00:02: s18 -> s6 -> s2 -> s3 -> s1 -> s4 -> s17
[FLOW_MOD] t=16800.986832516 dpid=s18 action=delete-strict src=00:00:00:00:00:03 dst=00:00:00:00:00:02 in_port=1 out_port=3
[FLOW_MOD] t=16800.987067339 dpid=s18 action=add src=00:00:00:00:00:03 dst=00:00:00:00:00:02 in_port=1 out_port=3
[FLOW_MOD] t=16800.987376173 dpid=s6 action=delete-strict src=00:00:00:00:00:03 dst=00:00:00:00:00:02 in_port=1 out_port=4
[FLOW_MOD] t=16800.987628015 dpid=s6 action=add src=00:00:00:00:00:03 dst=00:00:00:00:00:02 in_port=1 out_port=4
[FLOW_MOD] t=16800.988093347 dpid=s2 action=delete-strict src=00:00:00:00:00:03 dst=00:00:00:00:00:02 in_port=1 out_port=4
[FLOW_MOD] t=16800.988371563 dpid=s2 action=add src=00:00:00:00:00:03 dst=00:00:00:00:00:02 in_port=1 out_port=4
[FLOW_MOD] t=16800.988711940 dpid=s3 action=delete-strict src=00:00:00:00:00:03 dst=00:00:00:00:00:02 in_port=3 out_port=4
[FLOW_MOD] t=16800.988955182 dpid=s3 action=add src=00:00:00:00:00:03 dst=00:00:00:00:00:02 in_port=3 out_port=4
[FLOW_MOD] t=16800.989274144 dpid=s1 action=delete-strict src=00:00:00:00:00:03 dst=00:00:00:00:00:02 in_port=4 out_port=1
[FLOW_MOD] t=16800.989524965 dpid=s1 action=add src=00:00:00:00:00:03 dst=00:00:00:00:00:02 in_port=4 out_port=1
[FLOW_MOD] t=16800.989896275 dpid=s4 action=delete-strict src=00:00:00:00:00:03 dst=00:00:00:00:00:02 in_port=4 out_port=2
[FLOW_MOD] t=16800.990157414 dpid=s4 action=add src=00:00:00:00:00:03 dst=00:00:00:00:00:02 in_port=4 out_port=2
[FLOW_MOD] t=16800.990482028 dpid=s17 action=delete-strict src=00:00:00:00:00:03 dst=00:00:00:00:00:02 in_port=3 out_port=1
[FLOW_MOD] t=16800.990725751 dpid=s17 action=add src=00:00:00:00:00:03 dst=00:00:00:00:00:02 in_port=3 out_port=1
[FLOW_MOD] t=16800.991008713 dpid=s17 action=delete-strict src=00:00:00:00:00:02 dst=00:00:00:00:00:03 in_port=1 out_port=3
[FLOW_MOD] t=16800.991219886 dpid=s17 action=add src=00:00:00:00:00:02 dst=00:00:00:00:00:03 in_port=1 out_port=3
[FLOW_MOD] t=16800.991516725 dpid=s4 action=delete-strict src=00:00:00:00:00:02 dst=00:00:00:00:00:03 in_port=2 out_port=4
[FLOW_MOD] t=16800.993597711 dpid=s4 action=add src=00:00:00:00:00:02 dst=00:00:00:00:00:03 in_port=2 out_port=4
[FLOW_MOD] t=16800.994020088 dpid=s1 action=delete-strict src=00:00:00:00:00:02 dst=00:00:00:00:00:03 in_port=1 out_port=4
[FLOW_MOD] t=16800.994287452 dpid=s1 action=add src=00:00:00:00:00:02 dst=00:00:00:00:00:03 in_port=1 out_port=4
[FLOW_MOD] t=16800.994605828 dpid=s3 action=delete-strict src=00:00:00:00:00:02 dst=00:00:00:00:00:03 in_port=4 out_port=3
[FLOW_MOD] t=16800.994823089 dpid=s3 action=add src=00:00:00:00:00:02 dst=00:00:00:00:00:03 in_port=4 out_port=3
[FLOW_MOD] t=16800.995156749 dpid=s2 action=delete-strict src=00:00:00:00:00:02 dst=00:00:00:00:00:03 in_port=4 out_port=1
[FLOW_MOD] t=16800.995457498 dpid=s2 action=add src=00:00:00:00:00:02 dst=00:00:00:00:00:03 in_port=4 out_port=1
[FLOW_MOD] t=16800.995772485 dpid=s6 action=delete-strict src=00:00:00:00:00:02 dst=00:00:00:00:00:03 in_port=4 out_port=1
[FLOW_MOD] t=16800.996052188 dpid=s6 action=add src=00:00:00:00:00:02 dst=00:00:00:00:00:03 in_port=4 out_port=1
[FLOW_MOD] t=16800.996345162 dpid=s18 action=delete-strict src=00:00:00:00:00:02 dst=00:00:00:00:00:03 in_port=3 out_port=1
[FLOW_MOD] t=16800.996571234 dpid=s18 action=add src=00:00:00:00:00:02 dst=00:00:00:00:00:03 in_port=3 out_port=1
[SPF-DONE] BF s18->s19 reachable=11/11
[PATH-COMPUTED] s18->s19: 2 hop(s) path=s18 -> s6 -> s19
[FLOW-INSTALL] 00:00:00:00:00:03 → 00:00:00:00:00:04: s18 -> s6 -> s19
[FLOW_MOD] t=16800.999969402 dpid=s18 action=delete-strict src=00:00:00:00:00:03 dst=00:00:00:00:00:04 in_port=1 out_port=3
[FLOW_MOD] t=16801.000312934 dpid=s18 action=add src=00:00:00:00:00:03 dst=00:00:00:00:00:04 in_port=1 out_port=3
[FLOW_MOD] t=16801.000673908 dpid=s6 action=delete-strict src=00:00:00:00:00:03 dst=00:00:00:00:00:04 in_port=1 out_port=2
[FLOW_MOD] t=16801.000923761 dpid=s6 action=add src=00:00:00:00:00:03 dst=00:00:00:00:00:04 in_port=1 out_port=2
[FLOW_MOD] t=16801.001307698 dpid=s19 action=delete-strict src=00:00:00:00:00:03 dst=00:00:00:00:00:04 in_port=3 out_port=1
[FLOW_MOD] t=16801.001600981 dpid=s19 action=add src=00:00:00:00:00:03 dst=00:00:00:00:00:04 in_port=3 out_port=1
[FLOW_MOD] t=16801.001949233 dpid=s19 action=delete-strict src=00:00:00:00:00:04 dst=00:00:00:00:00:03 in_port=1 out_port=3
[FLOW_MOD] t=16801.002203101 dpid=s19 action=add src=00:00:00:00:00:04 dst=00:00:00:00:00:03 in_port=1 out_port=3
[FLOW_MOD] t=16801.002513647 dpid=s6 action=delete-strict src=00:00:00:00:00:04 dst=00:00:00:00:00:03 in_port=2 out_port=1
[FLOW_MOD] t=16801.002751288 dpid=s6 action=add src=00:00:00:00:00:04 dst=00:00:00:00:00:03 in_port=2 out_port=1
[FLOW_MOD] t=16801.003142288 dpid=s18 action=delete-strict src=00:00:00:00:00:04 dst=00:00:00:00:00:03 in_port=3 out_port=1
[FLOW_MOD] t=16801.003409773 dpid=s18 action=add src=00:00:00:00:00:04 dst=00:00:00:00:00:03 in_port=3 out_port=1
[SPF-DONE] BF s19->s16 reachable=11/11
[PATH-COMPUTED] s19->s16: 6 hop(s) path=s19 -> s6 -> s2 -> s3 -> s1 -> s4 -> s16
[FLOW-INSTALL] 00:00:00:00:00:04 → 00:00:00:00:00:01: s19 -> s6 -> s2 -> s3 -> s1 -> s4 -> s16
[FLOW_MOD] t=16801.006890745 dpid=s19 action=delete-strict src=00:00:00:00:00:04 dst=00:00:00:00:00:01 in_port=1 out_port=3
[FLOW_MOD] t=16801.007182106 dpid=s19 action=add src=00:00:00:00:00:04 dst=00:00:00:00:00:01 in_port=1 out_port=3
[FLOW_MOD] t=16801.007578469 dpid=s6 action=delete-strict src=00:00:00:00:00:04 dst=00:00:00:00:00:01 in_port=2 out_port=4
[FLOW_MOD] t=16801.007868655 dpid=s6 action=add src=00:00:00:00:00:04 dst=00:00:00:00:00:01 in_port=2 out_port=4
[FLOW_MOD] t=16801.008219786 dpid=s2 action=delete-strict src=00:00:00:00:00:04 dst=00:00:00:00:00:01 in_port=1 out_port=4
[FLOW_MOD] t=16801.008487078 dpid=s2 action=add src=00:00:00:00:00:04 dst=00:00:00:00:00:01 in_port=1 out_port=4
[FLOW_MOD] t=16801.008874762 dpid=s3 action=delete-strict src=00:00:00:00:00:04 dst=00:00:00:00:00:01 in_port=3 out_port=4
[FLOW_MOD] t=16801.009118049 dpid=s3 action=add src=00:00:00:00:00:04 dst=00:00:00:00:00:01 in_port=3 out_port=4
[FLOW_MOD] t=16801.009421362 dpid=s1 action=delete-strict src=00:00:00:00:00:04 dst=00:00:00:00:00:01 in_port=4 out_port=1
[FLOW_MOD] t=16801.009656620 dpid=s1 action=add src=00:00:00:00:00:04 dst=00:00:00:00:00:01 in_port=4 out_port=1
[FLOW_MOD] t=16801.009980286 dpid=s4 action=delete-strict src=00:00:00:00:00:04 dst=00:00:00:00:00:01 in_port=4 out_port=1
[FLOW_MOD] t=16801.010266679 dpid=s4 action=add src=00:00:00:00:00:04 dst=00:00:00:00:00:01 in_port=4 out_port=1
[FLOW_MOD] t=16801.010572734 dpid=s16 action=delete-strict src=00:00:00:00:00:04 dst=00:00:00:00:00:01 in_port=3 out_port=1
[FLOW_MOD] t=16801.010845592 dpid=s16 action=add src=00:00:00:00:00:04 dst=00:00:00:00:00:01 in_port=3 out_port=1
[FLOW_MOD] t=16801.011158508 dpid=s16 action=delete-strict src=00:00:00:00:00:01 dst=00:00:00:00:00:04 in_port=1 out_port=3
[FLOW_MOD] t=16801.011407545 dpid=s16 action=add src=00:00:00:00:00:01 dst=00:00:00:00:00:04 in_port=1 out_port=3
[FLOW_MOD] t=16801.011764537 dpid=s4 action=delete-strict src=00:00:00:00:00:01 dst=00:00:00:00:00:04 in_port=1 out_port=4
[FLOW_MOD] t=16801.012056459 dpid=s4 action=add src=00:00:00:00:00:01 dst=00:00:00:00:00:04 in_port=1 out_port=4
[FLOW_MOD] t=16801.012407516 dpid=s1 action=delete-strict src=00:00:00:00:00:01 dst=00:00:00:00:00:04 in_port=1 out_port=4
[FLOW_MOD] t=16801.012646389 dpid=s1 action=add src=00:00:00:00:00:01 dst=00:00:00:00:00:04 in_port=1 out_port=4
[FLOW_MOD] t=16801.013017625 dpid=s3 action=delete-strict src=00:00:00:00:00:01 dst=00:00:00:00:00:04 in_port=4 out_port=3
[FLOW_MOD] t=16801.013296109 dpid=s3 action=add src=00:00:00:00:00:01 dst=00:00:00:00:00:04 in_port=4 out_port=3
[FLOW_MOD] t=16801.013697721 dpid=s2 action=delete-strict src=00:00:00:00:00:01 dst=00:00:00:00:00:04 in_port=4 out_port=1
[FLOW_MOD] t=16801.013947764 dpid=s2 action=add src=00:00:00:00:00:01 dst=00:00:00:00:00:04 in_port=4 out_port=1
[FLOW_MOD] t=16801.014224698 dpid=s6 action=delete-strict src=00:00:00:00:00:01 dst=00:00:00:00:00:04 in_port=4 out_port=2
[FLOW_MOD] t=16801.014447150 dpid=s6 action=add src=00:00:00:00:00:01 dst=00:00:00:00:00:04 in_port=4 out_port=2
[FLOW_MOD] t=16801.014743859 dpid=s19 action=delete-strict src=00:00:00:00:00:01 dst=00:00:00:00:00:04 in_port=3 out_port=1
[FLOW_MOD] t=16801.014985975 dpid=s19 action=add src=00:00:00:00:00:01 dst=00:00:00:00:00:04 in_port=3 out_port=1
[SPF-DONE] BF s19->s17 reachable=11/11
[PATH-COMPUTED] s19->s17: 6 hop(s) path=s19 -> s6 -> s2 -> s3 -> s1 -> s4 -> s17
[FLOW-INSTALL] 00:00:00:00:00:04 → 00:00:00:00:00:02: s19 -> s6 -> s2 -> s3 -> s1 -> s4 -> s17
[FLOW_MOD] t=16801.018323997 dpid=s19 action=delete-strict src=00:00:00:00:00:04 dst=00:00:00:00:00:02 in_port=1 out_port=3
[FLOW_MOD] t=16801.018633729 dpid=s19 action=add src=00:00:00:00:00:04 dst=00:00:00:00:00:02 in_port=1 out_port=3
[FLOW_MOD] t=16801.018988866 dpid=s6 action=delete-strict src=00:00:00:00:00:04 dst=00:00:00:00:00:02 in_port=2 out_port=4
[FLOW_MOD] t=16801.019246879 dpid=s6 action=add src=00:00:00:00:00:04 dst=00:00:00:00:00:02 in_port=2 out_port=4
[FLOW_MOD] t=16801.019606049 dpid=s2 action=delete-strict src=00:00:00:00:00:04 dst=00:00:00:00:00:02 in_port=1 out_port=4
[FLOW_MOD] t=16801.019846838 dpid=s2 action=add src=00:00:00:00:00:04 dst=00:00:00:00:00:02 in_port=1 out_port=4
[FLOW_MOD] t=16801.020146902 dpid=s3 action=delete-strict src=00:00:00:00:00:04 dst=00:00:00:00:00:02 in_port=3 out_port=4
[FLOW_MOD] t=16801.020398610 dpid=s3 action=add src=00:00:00:00:00:04 dst=00:00:00:00:00:02 in_port=3 out_port=4
[FLOW_MOD] t=16801.020725196 dpid=s1 action=delete-strict src=00:00:00:00:00:04 dst=00:00:00:00:00:02 in_port=4 out_port=1
[FLOW_MOD] t=16801.020933385 dpid=s1 action=add src=00:00:00:00:00:04 dst=00:00:00:00:00:02 in_port=4 out_port=1
[FLOW_MOD] t=16801.021215401 dpid=s4 action=delete-strict src=00:00:00:00:00:04 dst=00:00:00:00:00:02 in_port=4 out_port=2
[FLOW_MOD] t=16801.021439856 dpid=s4 action=add src=00:00:00:00:00:04 dst=00:00:00:00:00:02 in_port=4 out_port=2
[FLOW_MOD] t=16801.021723909 dpid=s17 action=delete-strict src=00:00:00:00:00:04 dst=00:00:00:00:00:02 in_port=3 out_port=1
[FLOW_MOD] t=16801.021946266 dpid=s17 action=add src=00:00:00:00:00:04 dst=00:00:00:00:00:02 in_port=3 out_port=1
[FLOW_MOD] t=16801.022213829 dpid=s17 action=delete-strict src=00:00:00:00:00:02 dst=00:00:00:00:00:04 in_port=1 out_port=3
[FLOW_MOD] t=16801.022438042 dpid=s17 action=add src=00:00:00:00:00:02 dst=00:00:00:00:00:04 in_port=1 out_port=3
[FLOW_MOD] t=16801.022725245 dpid=s4 action=delete-strict src=00:00:00:00:00:02 dst=00:00:00:00:00:04 in_port=2 out_port=4
[FLOW_MOD] t=16801.023004662 dpid=s4 action=add src=00:00:00:00:00:02 dst=00:00:00:00:00:04 in_port=2 out_port=4
[FLOW_MOD] t=16801.023321081 dpid=s1 action=delete-strict src=00:00:00:00:00:02 dst=00:00:00:00:00:04 in_port=1 out_port=4
[FLOW_MOD] t=16801.023609420 dpid=s1 action=add src=00:00:00:00:00:02 dst=00:00:00:00:00:04 in_port=1 out_port=4
[FLOW_MOD] t=16801.024087728 dpid=s3 action=delete-strict src=00:00:00:00:00:02 dst=00:00:00:00:00:04 in_port=4 out_port=3
[FLOW_MOD] t=16801.024372086 dpid=s3 action=add src=00:00:00:00:00:02 dst=00:00:00:00:00:04 in_port=4 out_port=3
[FLOW_MOD] t=16801.024705884 dpid=s2 action=delete-strict src=00:00:00:00:00:02 dst=00:00:00:00:00:04 in_port=4 out_port=1
[FLOW_MOD] t=16801.024956466 dpid=s2 action=add src=00:00:00:00:00:02 dst=00:00:00:00:00:04 in_port=4 out_port=1
[FLOW_MOD] t=16801.025287267 dpid=s6 action=delete-strict src=00:00:00:00:00:02 dst=00:00:00:00:00:04 in_port=4 out_port=2
[FLOW_MOD] t=16801.025535370 dpid=s6 action=add src=00:00:00:00:00:02 dst=00:00:00:00:00:04 in_port=4 out_port=2
[FLOW_MOD] t=16801.025846727 dpid=s19 action=delete-strict src=00:00:00:00:00:02 dst=00:00:00:00:00:04 in_port=3 out_port=1
[FLOW_MOD] t=16801.026105299 dpid=s19 action=add src=00:00:00:00:00:02 dst=00:00:00:00:00:04 in_port=3 out_port=1
[SPF-DONE] BF s19->s18 reachable=11/11
[PATH-COMPUTED] s19->s18: 2 hop(s) path=s19 -> s6 -> s18
[FLOW-INSTALL] 00:00:00:00:00:04 → 00:00:00:00:00:03: s19 -> s6 -> s18
[FLOW_MOD] t=16801.029402592 dpid=s19 action=delete-strict src=00:00:00:00:00:04 dst=00:00:00:00:00:03 in_port=1 out_port=3
[FLOW_MOD] t=16801.029695672 dpid=s19 action=add src=00:00:00:00:00:04 dst=00:00:00:00:00:03 in_port=1 out_port=3
[FLOW_MOD] t=16801.030038173 dpid=s6 action=delete-strict src=00:00:00:00:00:04 dst=00:00:00:00:00:03 in_port=2 out_port=1
[FLOW_MOD] t=16801.030262482 dpid=s6 action=add src=00:00:00:00:00:04 dst=00:00:00:00:00:03 in_port=2 out_port=1
[FLOW_MOD] t=16801.030563627 dpid=s18 action=delete-strict src=00:00:00:00:00:04 dst=00:00:00:00:00:03 in_port=3 out_port=1
[FLOW_MOD] t=16801.030841938 dpid=s18 action=add src=00:00:00:00:00:04 dst=00:00:00:00:00:03 in_port=3 out_port=1
[FLOW_MOD] t=16801.031140565 dpid=s18 action=delete-strict src=00:00:00:00:00:03 dst=00:00:00:00:00:04 in_port=1 out_port=3
[FLOW_MOD] t=16801.031352899 dpid=s18 action=add src=00:00:00:00:00:03 dst=00:00:00:00:00:04 in_port=1 out_port=3
[FLOW_MOD] t=16801.031624196 dpid=s6 action=delete-strict src=00:00:00:00:00:03 dst=00:00:00:00:00:04 in_port=1 out_port=2
[FLOW_MOD] t=16801.032913596 dpid=s6 action=add src=00:00:00:00:00:03 dst=00:00:00:00:00:04 in_port=1 out_port=2
[FLOW_MOD] t=16801.033463234 dpid=s19 action=delete-strict src=00:00:00:00:00:03 dst=00:00:00:00:00:04 in_port=3 out_port=1
[FLOW_MOD] t=16801.033877837 dpid=s19 action=add src=00:00:00:00:00:03 dst=00:00:00:00:00:04 in_port=3 out_port=1
[TOPO] route refresh: installed=12 skipped=0 unreachable=0 hosts=4
[PORT_STATUS] t=16801.034546001 s1 port=3 reason=modify
[CONVERGENCE-START] id=2 t1=16801.034914350
[PORT_STATUS] t=16801.036958761 s2 port=3 reason=modify
[PORT_STATUS] t=16801.037506195 s2 port=3 reason=modify
[CONVERGENCE-START-SKIP] id=2 duplicate port-status s2 port=3 reason=modify
[PORT_STATUS] t=16801.432946760 s1 port=3 reason=modify
[PORT_STATUS] t=16801.433840402 s2 port=3 reason=modify
[TOPO-CHANGE] (LLDP topology event) switches=11 links=34  delta +2 -0
[TOPO-UP]   [(1, 2), (2, 1)]
[TOPO-REFRESH] flushing 12 flows, rebuilding routes
[TREE-DONE] root=s1 tree_edges=11 reachable=11/11
[SPF-DONE] BF s16->s17 reachable=11/11
[PATH-COMPUTED] s16->s17: 2 hop(s) path=s16 -> s4 -> s17
[FLOW-INSTALL] 00:00:00:00:00:01 → 00:00:00:00:00:02: s16 -> s4 -> s17
[FLOW_MOD] t=16801.700184250 dpid=s16 action=delete-strict src=00:00:00:00:00:01 dst=00:00:00:00:00:02 in_port=1 out_port=3
[FLOW_MOD] t=16801.700433818 dpid=s16 action=add src=00:00:00:00:00:01 dst=00:00:00:00:00:02 in_port=1 out_port=3
[CONVERGENCE-FLOWMOD] id=2 t2=16801.700674983
[FLOW_MOD] t=16801.700942255 dpid=s4 action=delete-strict src=00:00:00:00:00:01 dst=00:00:00:00:00:02 in_port=1 out_port=2
[FLOW_MOD] t=16801.701155029 dpid=s4 action=add src=00:00:00:00:00:01 dst=00:00:00:00:00:02 in_port=1 out_port=2
[FLOW_MOD] t=16801.701427809 dpid=s17 action=delete-strict src=00:00:00:00:00:01 dst=00:00:00:00:00:02 in_port=3 out_port=1
[FLOW_MOD] t=16801.701634403 dpid=s17 action=add src=00:00:00:00:00:01 dst=00:00:00:00:00:02 in_port=3 out_port=1
[FLOW_MOD] t=16801.702008640 dpid=s17 action=delete-strict src=00:00:00:00:00:02 dst=00:00:00:00:00:01 in_port=1 out_port=3
[FLOW_MOD] t=16801.702293351 dpid=s17 action=add src=00:00:00:00:00:02 dst=00:00:00:00:00:01 in_port=1 out_port=3
[FLOW_MOD] t=16801.702665638 dpid=s4 action=delete-strict src=00:00:00:00:00:02 dst=00:00:00:00:00:01 in_port=2 out_port=1
[FLOW_MOD] t=16801.702929898 dpid=s4 action=add src=00:00:00:00:00:02 dst=00:00:00:00:00:01 in_port=2 out_port=1
[FLOW_MOD] t=16801.703262094 dpid=s16 action=delete-strict src=00:00:00:00:00:02 dst=00:00:00:00:00:01 in_port=3 out_port=1
[FLOW_MOD] t=16801.703509085 dpid=s16 action=add src=00:00:00:00:00:02 dst=00:00:00:00:00:01 in_port=3 out_port=1
[SPF-DONE] BF s16->s18 reachable=11/11
[PATH-COMPUTED] s16->s18: 5 hop(s) path=s16 -> s4 -> s1 -> s2 -> s6 -> s18
[FLOW-INSTALL] 00:00:00:00:00:01 → 00:00:00:00:00:03: s16 -> s4 -> s1 -> s2 -> s6 -> s18
[FLOW_MOD] t=16801.707005156 dpid=s16 action=delete-strict src=00:00:00:00:00:01 dst=00:00:00:00:00:03 in_port=1 out_port=3
[FLOW_MOD] t=16801.707286447 dpid=s16 action=add src=00:00:00:00:00:01 dst=00:00:00:00:00:03 in_port=1 out_port=3
[FLOW_MOD] t=16801.707662542 dpid=s4 action=delete-strict src=00:00:00:00:00:01 dst=00:00:00:00:00:03 in_port=1 out_port=4
[FLOW_MOD] t=16801.707972419 dpid=s4 action=add src=00:00:00:00:00:01 dst=00:00:00:00:00:03 in_port=1 out_port=4
[FLOW_MOD] t=16801.708320054 dpid=s1 action=delete-strict src=00:00:00:00:00:01 dst=00:00:00:00:00:03 in_port=1 out_port=3
[FLOW_MOD] t=16801.708575838 dpid=s1 action=add src=00:00:00:00:00:01 dst=00:00:00:00:00:03 in_port=1 out_port=3
[FLOW_MOD] t=16801.708872866 dpid=s2 action=delete-strict src=00:00:00:00:00:01 dst=00:00:00:00:00:03 in_port=3 out_port=1
[FLOW_MOD] t=16801.709100451 dpid=s2 action=add src=00:00:00:00:00:01 dst=00:00:00:00:00:03 in_port=3 out_port=1
[FLOW_MOD] t=16801.709404494 dpid=s6 action=delete-strict src=00:00:00:00:00:01 dst=00:00:00:00:00:03 in_port=4 out_port=1
[FLOW_MOD] t=16801.709628641 dpid=s6 action=add src=00:00:00:00:00:01 dst=00:00:00:00:00:03 in_port=4 out_port=1
[FLOW_MOD] t=16801.709913478 dpid=s18 action=delete-strict src=00:00:00:00:00:01 dst=00:00:00:00:00:03 in_port=3 out_port=1
[FLOW_MOD] t=16801.710141994 dpid=s18 action=add src=00:00:00:00:00:01 dst=00:00:00:00:00:03 in_port=3 out_port=1
[FLOW_MOD] t=16801.710439697 dpid=s18 action=delete-strict src=00:00:00:00:00:03 dst=00:00:00:00:00:01 in_port=1 out_port=3
[FLOW_MOD] t=16801.710668308 dpid=s18 action=add src=00:00:00:00:00:03 dst=00:00:00:00:00:01 in_port=1 out_port=3
[FLOW_MOD] t=16801.710976733 dpid=s6 action=delete-strict src=00:00:00:00:00:03 dst=00:00:00:00:00:01 in_port=1 out_port=4
[FLOW_MOD] t=16801.711181926 dpid=s6 action=add src=00:00:00:00:00:03 dst=00:00:00:00:00:01 in_port=1 out_port=4
[FLOW_MOD] t=16801.711479324 dpid=s2 action=delete-strict src=00:00:00:00:00:03 dst=00:00:00:00:00:01 in_port=1 out_port=3
[FLOW_MOD] t=16801.711750420 dpid=s2 action=add src=00:00:00:00:00:03 dst=00:00:00:00:00:01 in_port=1 out_port=3
[FLOW_MOD] t=16801.712100119 dpid=s1 action=delete-strict src=00:00:00:00:00:03 dst=00:00:00:00:00:01 in_port=3 out_port=1
[FLOW_MOD] t=16801.712339846 dpid=s1 action=add src=00:00:00:00:00:03 dst=00:00:00:00:00:01 in_port=3 out_port=1
[FLOW_MOD] t=16801.712754028 dpid=s4 action=delete-strict src=00:00:00:00:00:03 dst=00:00:00:00:00:01 in_port=4 out_port=1
[FLOW_MOD] t=16801.713015642 dpid=s4 action=add src=00:00:00:00:00:03 dst=00:00:00:00:00:01 in_port=4 out_port=1
[FLOW_MOD] t=16801.713380308 dpid=s16 action=delete-strict src=00:00:00:00:00:03 dst=00:00:00:00:00:01 in_port=3 out_port=1
[FLOW_MOD] t=16801.713640682 dpid=s16 action=add src=00:00:00:00:00:03 dst=00:00:00:00:00:01 in_port=3 out_port=1
[SPF-DONE] BF s16->s19 reachable=11/11
[PATH-COMPUTED] s16->s19: 5 hop(s) path=s16 -> s4 -> s1 -> s2 -> s6 -> s19
[FLOW-INSTALL] 00:00:00:00:00:01 → 00:00:00:00:00:04: s16 -> s4 -> s1 -> s2 -> s6 -> s19
[FLOW_MOD] t=16801.716837657 dpid=s16 action=delete-strict src=00:00:00:00:00:01 dst=00:00:00:00:00:04 in_port=1 out_port=3
[FLOW_MOD] t=16801.717091705 dpid=s16 action=add src=00:00:00:00:00:01 dst=00:00:00:00:00:04 in_port=1 out_port=3
[FLOW_MOD] t=16801.717397385 dpid=s4 action=delete-strict src=00:00:00:00:00:01 dst=00:00:00:00:00:04 in_port=1 out_port=4
[FLOW_MOD] t=16801.717661413 dpid=s4 action=add src=00:00:00:00:00:01 dst=00:00:00:00:00:04 in_port=1 out_port=4
[FLOW_MOD] t=16801.718007903 dpid=s1 action=delete-strict src=00:00:00:00:00:01 dst=00:00:00:00:00:04 in_port=1 out_port=3
[FLOW_MOD] t=16801.718346860 dpid=s1 action=add src=00:00:00:00:00:01 dst=00:00:00:00:00:04 in_port=1 out_port=3
[FLOW_MOD] t=16801.718915157 dpid=s2 action=delete-strict src=00:00:00:00:00:01 dst=00:00:00:00:00:04 in_port=3 out_port=1
[FLOW_MOD] t=16801.719202488 dpid=s2 action=add src=00:00:00:00:00:01 dst=00:00:00:00:00:04 in_port=3 out_port=1
[FLOW_MOD] t=16801.719551717 dpid=s6 action=delete-strict src=00:00:00:00:00:01 dst=00:00:00:00:00:04 in_port=4 out_port=2
[FLOW_MOD] t=16801.719774142 dpid=s6 action=add src=00:00:00:00:00:01 dst=00:00:00:00:00:04 in_port=4 out_port=2
[FLOW_MOD] t=16801.720118279 dpid=s19 action=delete-strict src=00:00:00:00:00:01 dst=00:00:00:00:00:04 in_port=3 out_port=1
[FLOW_MOD] t=16801.720367949 dpid=s19 action=add src=00:00:00:00:00:01 dst=00:00:00:00:00:04 in_port=3 out_port=1
[FLOW_MOD] t=16801.720688605 dpid=s19 action=delete-strict src=00:00:00:00:00:04 dst=00:00:00:00:00:01 in_port=1 out_port=3
[FLOW_MOD] t=16801.720916622 dpid=s19 action=add src=00:00:00:00:00:04 dst=00:00:00:00:00:01 in_port=1 out_port=3
[FLOW_MOD] t=16801.721235476 dpid=s6 action=delete-strict src=00:00:00:00:00:04 dst=00:00:00:00:00:01 in_port=2 out_port=4
[FLOW_MOD] t=16801.721466822 dpid=s6 action=add src=00:00:00:00:00:04 dst=00:00:00:00:00:01 in_port=2 out_port=4
[FLOW_MOD] t=16801.721737213 dpid=s2 action=delete-strict src=00:00:00:00:00:04 dst=00:00:00:00:00:01 in_port=1 out_port=3
[FLOW_MOD] t=16801.721958998 dpid=s2 action=add src=00:00:00:00:00:04 dst=00:00:00:00:00:01 in_port=1 out_port=3
[FLOW_MOD] t=16801.722241399 dpid=s1 action=delete-strict src=00:00:00:00:00:04 dst=00:00:00:00:00:01 in_port=3 out_port=1
[FLOW_MOD] t=16801.722514335 dpid=s1 action=add src=00:00:00:00:00:04 dst=00:00:00:00:00:01 in_port=3 out_port=1
[FLOW_MOD] t=16801.722857354 dpid=s4 action=delete-strict src=00:00:00:00:00:04 dst=00:00:00:00:00:01 in_port=4 out_port=1
[FLOW_MOD] t=16801.723107727 dpid=s4 action=add src=00:00:00:00:00:04 dst=00:00:00:00:00:01 in_port=4 out_port=1
[FLOW_MOD] t=16801.723444755 dpid=s16 action=delete-strict src=00:00:00:00:00:04 dst=00:00:00:00:00:01 in_port=3 out_port=1
[FLOW_MOD] t=16801.723716774 dpid=s16 action=add src=00:00:00:00:00:04 dst=00:00:00:00:00:01 in_port=3 out_port=1
[SPF-DONE] BF s17->s16 reachable=11/11
[PATH-COMPUTED] s17->s16: 2 hop(s) path=s17 -> s4 -> s16
[FLOW-INSTALL] 00:00:00:00:00:02 → 00:00:00:00:00:01: s17 -> s4 -> s16
[FLOW_MOD] t=16801.726735665 dpid=s17 action=delete-strict src=00:00:00:00:00:02 dst=00:00:00:00:00:01 in_port=1 out_port=3
[FLOW_MOD] t=16801.726948539 dpid=s17 action=add src=00:00:00:00:00:02 dst=00:00:00:00:00:01 in_port=1 out_port=3
[FLOW_MOD] t=16801.727214419 dpid=s4 action=delete-strict src=00:00:00:00:00:02 dst=00:00:00:00:00:01 in_port=2 out_port=1
[FLOW_MOD] t=16801.727425853 dpid=s4 action=add src=00:00:00:00:00:02 dst=00:00:00:00:00:01 in_port=2 out_port=1
[FLOW_MOD] t=16801.727793063 dpid=s16 action=delete-strict src=00:00:00:00:00:02 dst=00:00:00:00:00:01 in_port=3 out_port=1
[FLOW_MOD] t=16801.728072841 dpid=s16 action=add src=00:00:00:00:00:02 dst=00:00:00:00:00:01 in_port=3 out_port=1
[FLOW_MOD] t=16801.728431355 dpid=s16 action=delete-strict src=00:00:00:00:00:01 dst=00:00:00:00:00:02 in_port=1 out_port=3
[FLOW_MOD] t=16801.728713948 dpid=s16 action=add src=00:00:00:00:00:01 dst=00:00:00:00:00:02 in_port=1 out_port=3
[FLOW_MOD] t=16801.730448752 dpid=s4 action=delete-strict src=00:00:00:00:00:01 dst=00:00:00:00:00:02 in_port=1 out_port=2
[FLOW_MOD] t=16801.730735480 dpid=s4 action=add src=00:00:00:00:00:01 dst=00:00:00:00:00:02 in_port=1 out_port=2
[FLOW_MOD] t=16801.731079073 dpid=s17 action=delete-strict src=00:00:00:00:00:01 dst=00:00:00:00:00:02 in_port=3 out_port=1
[FLOW_MOD] t=16801.731316765 dpid=s17 action=add src=00:00:00:00:00:01 dst=00:00:00:00:00:02 in_port=3 out_port=1
[SPF-DONE] BF s17->s18 reachable=11/11
[PATH-COMPUTED] s17->s18: 5 hop(s) path=s17 -> s4 -> s1 -> s2 -> s6 -> s18
[FLOW-INSTALL] 00:00:00:00:00:02 → 00:00:00:00:00:03: s17 -> s4 -> s1 -> s2 -> s6 -> s18
[FLOW_MOD] t=16801.734762119 dpid=s17 action=delete-strict src=00:00:00:00:00:02 dst=00:00:00:00:00:03 in_port=1 out_port=3
[FLOW_MOD] t=16801.735047570 dpid=s17 action=add src=00:00:00:00:00:02 dst=00:00:00:00:00:03 in_port=1 out_port=3
[FLOW_MOD] t=16801.735398319 dpid=s4 action=delete-strict src=00:00:00:00:00:02 dst=00:00:00:00:00:03 in_port=2 out_port=4
[FLOW_MOD] t=16801.735670195 dpid=s4 action=add src=00:00:00:00:00:02 dst=00:00:00:00:00:03 in_port=2 out_port=4
[FLOW_MOD] t=16801.735988537 dpid=s1 action=delete-strict src=00:00:00:00:00:02 dst=00:00:00:00:00:03 in_port=1 out_port=3
[FLOW_MOD] t=16801.736274009 dpid=s1 action=add src=00:00:00:00:00:02 dst=00:00:00:00:00:03 in_port=1 out_port=3
[FLOW_MOD] t=16801.736613494 dpid=s2 action=delete-strict src=00:00:00:00:00:02 dst=00:00:00:00:00:03 in_port=3 out_port=1
[FLOW_MOD] t=16801.736963824 dpid=s2 action=add src=00:00:00:00:00:02 dst=00:00:00:00:00:03 in_port=3 out_port=1
[FLOW_MOD] t=16801.737285818 dpid=s6 action=delete-strict src=00:00:00:00:00:02 dst=00:00:00:00:00:03 in_port=4 out_port=1
[FLOW_MOD] t=16801.737542170 dpid=s6 action=add src=00:00:00:00:00:02 dst=00:00:00:00:00:03 in_port=4 out_port=1
[FLOW_MOD] t=16801.737912406 dpid=s18 action=delete-strict src=00:00:00:00:00:02 dst=00:00:00:00:00:03 in_port=3 out_port=1
[FLOW_MOD] t=16801.738220565 dpid=s18 action=add src=00:00:00:00:00:02 dst=00:00:00:00:00:03 in_port=3 out_port=1
[FLOW_MOD] t=16801.738585226 dpid=s18 action=delete-strict src=00:00:00:00:00:03 dst=00:00:00:00:00:02 in_port=1 out_port=3
[FLOW_MOD] t=16801.738874054 dpid=s18 action=add src=00:00:00:00:00:03 dst=00:00:00:00:00:02 in_port=1 out_port=3
[FLOW_MOD] t=16801.739258623 dpid=s6 action=delete-strict src=00:00:00:00:00:03 dst=00:00:00:00:00:02 in_port=1 out_port=4
[FLOW_MOD] t=16801.739615694 dpid=s6 action=add src=00:00:00:00:00:03 dst=00:00:00:00:00:02 in_port=1 out_port=4
[FLOW_MOD] t=16801.740143207 dpid=s2 action=delete-strict src=00:00:00:00:00:03 dst=00:00:00:00:00:02 in_port=1 out_port=3
[FLOW_MOD] t=16801.740454516 dpid=s2 action=add src=00:00:00:00:00:03 dst=00:00:00:00:00:02 in_port=1 out_port=3
[FLOW_MOD] t=16801.740846098 dpid=s1 action=delete-strict src=00:00:00:00:00:03 dst=00:00:00:00:00:02 in_port=3 out_port=1
[FLOW_MOD] t=16801.741141906 dpid=s1 action=add src=00:00:00:00:00:03 dst=00:00:00:00:00:02 in_port=3 out_port=1
[FLOW_MOD] t=16801.741537649 dpid=s4 action=delete-strict src=00:00:00:00:00:03 dst=00:00:00:00:00:02 in_port=4 out_port=2
[FLOW_MOD] t=16801.741874342 dpid=s4 action=add src=00:00:00:00:00:03 dst=00:00:00:00:00:02 in_port=4 out_port=2
[FLOW_MOD] t=16801.742252070 dpid=s17 action=delete-strict src=00:00:00:00:00:03 dst=00:00:00:00:00:02 in_port=3 out_port=1
[FLOW_MOD] t=16801.742545963 dpid=s17 action=add src=00:00:00:00:00:03 dst=00:00:00:00:00:02 in_port=3 out_port=1
[SPF-DONE] BF s17->s19 reachable=11/11
[PATH-COMPUTED] s17->s19: 5 hop(s) path=s17 -> s4 -> s1 -> s2 -> s6 -> s19
[FLOW-INSTALL] 00:00:00:00:00:02 → 00:00:00:00:00:04: s17 -> s4 -> s1 -> s2 -> s6 -> s19
[FLOW_MOD] t=16801.746874865 dpid=s17 action=delete-strict src=00:00:00:00:00:02 dst=00:00:00:00:00:04 in_port=1 out_port=3
[FLOW_MOD] t=16801.747186535 dpid=s17 action=add src=00:00:00:00:00:02 dst=00:00:00:00:00:04 in_port=1 out_port=3
[FLOW_MOD] t=16801.747552986 dpid=s4 action=delete-strict src=00:00:00:00:00:02 dst=00:00:00:00:00:04 in_port=2 out_port=4
[FLOW_MOD] t=16801.747840687 dpid=s4 action=add src=00:00:00:00:00:02 dst=00:00:00:00:00:04 in_port=2 out_port=4
[FLOW_MOD] t=16801.748342405 dpid=s1 action=delete-strict src=00:00:00:00:00:02 dst=00:00:00:00:00:04 in_port=1 out_port=3
[FLOW_MOD] t=16801.748676254 dpid=s1 action=add src=00:00:00:00:00:02 dst=00:00:00:00:00:04 in_port=1 out_port=3
[FLOW_MOD] t=16801.749268264 dpid=s2 action=delete-strict src=00:00:00:00:00:02 dst=00:00:00:00:00:04 in_port=3 out_port=1
[FLOW_MOD] t=16801.749631198 dpid=s2 action=add src=00:00:00:00:00:02 dst=00:00:00:00:00:04 in_port=3 out_port=1
[FLOW_MOD] t=16801.750054632 dpid=s6 action=delete-strict src=00:00:00:00:00:02 dst=00:00:00:00:00:04 in_port=4 out_port=2
[FLOW_MOD] t=16801.750351305 dpid=s6 action=add src=00:00:00:00:00:02 dst=00:00:00:00:00:04 in_port=4 out_port=2
[FLOW_MOD] t=16801.750725963 dpid=s19 action=delete-strict src=00:00:00:00:00:02 dst=00:00:00:00:00:04 in_port=3 out_port=1
[FLOW_MOD] t=16801.751064962 dpid=s19 action=add src=00:00:00:00:00:02 dst=00:00:00:00:00:04 in_port=3 out_port=1
[FLOW_MOD] t=16801.751581005 dpid=s19 action=delete-strict src=00:00:00:00:00:04 dst=00:00:00:00:00:02 in_port=1 out_port=3
[FLOW_MOD] t=16801.751944846 dpid=s19 action=add src=00:00:00:00:00:04 dst=00:00:00:00:00:02 in_port=1 out_port=3
[FLOW_MOD] t=16801.752402659 dpid=s6 action=delete-strict src=00:00:00:00:00:04 dst=00:00:00:00:00:02 in_port=2 out_port=4
[FLOW_MOD] t=16801.752705267 dpid=s6 action=add src=00:00:00:00:00:04 dst=00:00:00:00:00:02 in_port=2 out_port=4
[FLOW_MOD] t=16801.753202666 dpid=s2 action=delete-strict src=00:00:00:00:00:04 dst=00:00:00:00:00:02 in_port=1 out_port=3
[FLOW_MOD] t=16801.753513043 dpid=s2 action=add src=00:00:00:00:00:04 dst=00:00:00:00:00:02 in_port=1 out_port=3
[FLOW_MOD] t=16801.753902836 dpid=s1 action=delete-strict src=00:00:00:00:00:04 dst=00:00:00:00:00:02 in_port=3 out_port=1
[FLOW_MOD] t=16801.754214163 dpid=s1 action=add src=00:00:00:00:00:04 dst=00:00:00:00:00:02 in_port=3 out_port=1
[FLOW_MOD] t=16801.754709152 dpid=s4 action=delete-strict src=00:00:00:00:00:04 dst=00:00:00:00:00:02 in_port=4 out_port=2
[FLOW_MOD] t=16801.755058045 dpid=s4 action=add src=00:00:00:00:00:04 dst=00:00:00:00:00:02 in_port=4 out_port=2
[FLOW_MOD] t=16801.755497218 dpid=s17 action=delete-strict src=00:00:00:00:00:04 dst=00:00:00:00:00:02 in_port=3 out_port=1
[FLOW_MOD] t=16801.755814810 dpid=s17 action=add src=00:00:00:00:00:04 dst=00:00:00:00:00:02 in_port=3 out_port=1
[SPF-DONE] BF s18->s16 reachable=11/11
[PATH-COMPUTED] s18->s16: 5 hop(s) path=s18 -> s6 -> s2 -> s1 -> s4 -> s16
[FLOW-INSTALL] 00:00:00:00:00:03 → 00:00:00:00:00:01: s18 -> s6 -> s2 -> s1 -> s4 -> s16
[FLOW_MOD] t=16801.760173075 dpid=s18 action=delete-strict src=00:00:00:00:00:03 dst=00:00:00:00:00:01 in_port=1 out_port=3
[FLOW_MOD] t=16801.760471889 dpid=s18 action=add src=00:00:00:00:00:03 dst=00:00:00:00:00:01 in_port=1 out_port=3
[FLOW_MOD] t=16801.760805341 dpid=s6 action=delete-strict src=00:00:00:00:00:03 dst=00:00:00:00:00:01 in_port=1 out_port=4
[FLOW_MOD] t=16801.761069496 dpid=s6 action=add src=00:00:00:00:00:03 dst=00:00:00:00:00:01 in_port=1 out_port=4
[FLOW_MOD] t=16801.761375470 dpid=s2 action=delete-strict src=00:00:00:00:00:03 dst=00:00:00:00:00:01 in_port=1 out_port=3
[FLOW_MOD] t=16801.761639112 dpid=s2 action=add src=00:00:00:00:00:03 dst=00:00:00:00:00:01 in_port=1 out_port=3
[FLOW_MOD] t=16801.761967437 dpid=s1 action=delete-strict src=00:00:00:00:00:03 dst=00:00:00:00:00:01 in_port=3 out_port=1
[FLOW_MOD] t=16801.762220224 dpid=s1 action=add src=00:00:00:00:00:03 dst=00:00:00:00:00:01 in_port=3 out_port=1
[FLOW_MOD] t=16801.762598416 dpid=s4 action=delete-strict src=00:00:00:00:00:03 dst=00:00:00:00:00:01 in_port=4 out_port=1
[FLOW_MOD] t=16801.762863628 dpid=s4 action=add src=00:00:00:00:00:03 dst=00:00:00:00:00:01 in_port=4 out_port=1
[FLOW_MOD] t=16801.763203462 dpid=s16 action=delete-strict src=00:00:00:00:00:03 dst=00:00:00:00:00:01 in_port=3 out_port=1
[FLOW_MOD] t=16801.763472001 dpid=s16 action=add src=00:00:00:00:00:03 dst=00:00:00:00:00:01 in_port=3 out_port=1
[FLOW_MOD] t=16801.763800038 dpid=s16 action=delete-strict src=00:00:00:00:00:01 dst=00:00:00:00:00:03 in_port=1 out_port=3
[FLOW_MOD] t=16801.764091185 dpid=s16 action=add src=00:00:00:00:00:01 dst=00:00:00:00:00:03 in_port=1 out_port=3
[FLOW_MOD] t=16801.764432654 dpid=s4 action=delete-strict src=00:00:00:00:00:01 dst=00:00:00:00:00:03 in_port=1 out_port=4
[FLOW_MOD] t=16801.764704264 dpid=s4 action=add src=00:00:00:00:00:01 dst=00:00:00:00:00:03 in_port=1 out_port=4
[FLOW_MOD] t=16801.765025821 dpid=s1 action=delete-strict src=00:00:00:00:00:01 dst=00:00:00:00:00:03 in_port=1 out_port=3
[FLOW_MOD] t=16801.765291050 dpid=s1 action=add src=00:00:00:00:00:01 dst=00:00:00:00:00:03 in_port=1 out_port=3
[FLOW_MOD] t=16801.765614977 dpid=s2 action=delete-strict src=00:00:00:00:00:01 dst=00:00:00:00:00:03 in_port=3 out_port=1
[FLOW_MOD] t=16801.765925220 dpid=s2 action=add src=00:00:00:00:00:01 dst=00:00:00:00:00:03 in_port=3 out_port=1
[FLOW_MOD] t=16801.766295548 dpid=s6 action=delete-strict src=00:00:00:00:00:01 dst=00:00:00:00:00:03 in_port=4 out_port=1
[FLOW_MOD] t=16801.766584373 dpid=s6 action=add src=00:00:00:00:00:01 dst=00:00:00:00:00:03 in_port=4 out_port=1
[FLOW_MOD] t=16801.766948412 dpid=s18 action=delete-strict src=00:00:00:00:00:01 dst=00:00:00:00:00:03 in_port=3 out_port=1
[FLOW_MOD] t=16801.767217464 dpid=s18 action=add src=00:00:00:00:00:01 dst=00:00:00:00:00:03 in_port=3 out_port=1
[SPF-DONE] BF s18->s17 reachable=11/11
[PATH-COMPUTED] s18->s17: 5 hop(s) path=s18 -> s6 -> s2 -> s1 -> s4 -> s17
[FLOW-INSTALL] 00:00:00:00:00:03 → 00:00:00:00:00:02: s18 -> s6 -> s2 -> s1 -> s4 -> s17
[FLOW_MOD] t=16801.771018084 dpid=s18 action=delete-strict src=00:00:00:00:00:03 dst=00:00:00:00:00:02 in_port=1 out_port=3
[FLOW_MOD] t=16801.771331478 dpid=s18 action=add src=00:00:00:00:00:03 dst=00:00:00:00:00:02 in_port=1 out_port=3
[FLOW_MOD] t=16801.771764935 dpid=s6 action=delete-strict src=00:00:00:00:00:03 dst=00:00:00:00:00:02 in_port=1 out_port=4
[FLOW_MOD] t=16801.772123167 dpid=s6 action=add src=00:00:00:00:00:03 dst=00:00:00:00:00:02 in_port=1 out_port=4
[FLOW_MOD] t=16801.772507712 dpid=s2 action=delete-strict src=00:00:00:00:00:03 dst=00:00:00:00:00:02 in_port=1 out_port=3
[FLOW_MOD] t=16801.772767248 dpid=s2 action=add src=00:00:00:00:00:03 dst=00:00:00:00:00:02 in_port=1 out_port=3
[FLOW_MOD] t=16801.773125840 dpid=s1 action=delete-strict src=00:00:00:00:00:03 dst=00:00:00:00:00:02 in_port=3 out_port=1
[FLOW_MOD] t=16801.773403873 dpid=s1 action=add src=00:00:00:00:00:03 dst=00:00:00:00:00:02 in_port=3 out_port=1
[FLOW_MOD] t=16801.773710367 dpid=s4 action=delete-strict src=00:00:00:00:00:03 dst=00:00:00:00:00:02 in_port=4 out_port=2
[FLOW_MOD] t=16801.773980866 dpid=s4 action=add src=00:00:00:00:00:03 dst=00:00:00:00:00:02 in_port=4 out_port=2
[FLOW_MOD] t=16801.774316445 dpid=s17 action=delete-strict src=00:00:00:00:00:03 dst=00:00:00:00:00:02 in_port=3 out_port=1
[FLOW_MOD] t=16801.774571324 dpid=s17 action=add src=00:00:00:00:00:03 dst=00:00:00:00:00:02 in_port=3 out_port=1
[FLOW_MOD] t=16801.774895840 dpid=s17 action=delete-strict src=00:00:00:00:00:02 dst=00:00:00:00:00:03 in_port=1 out_port=3
[FLOW_MOD] t=16801.775194439 dpid=s17 action=add src=00:00:00:00:00:02 dst=00:00:00:00:00:03 in_port=1 out_port=3
[FLOW_MOD] t=16801.775552964 dpid=s4 action=delete-strict src=00:00:00:00:00:02 dst=00:00:00:00:00:03 in_port=2 out_port=4
[FLOW_MOD] t=16801.777231933 dpid=s4 action=add src=00:00:00:00:00:02 dst=00:00:00:00:00:03 in_port=2 out_port=4
[FLOW_MOD] t=16801.777821938 dpid=s1 action=delete-strict src=00:00:00:00:00:02 dst=00:00:00:00:00:03 in_port=1 out_port=3
[FLOW_MOD] t=16801.778180479 dpid=s1 action=add src=00:00:00:00:00:02 dst=00:00:00:00:00:03 in_port=1 out_port=3
[FLOW_MOD] t=16801.778561878 dpid=s2 action=delete-strict src=00:00:00:00:00:02 dst=00:00:00:00:00:03 in_port=3 out_port=1
[FLOW_MOD] t=16801.778853502 dpid=s2 action=add src=00:00:00:00:00:02 dst=00:00:00:00:00:03 in_port=3 out_port=1
[FLOW_MOD] t=16801.779174049 dpid=s6 action=delete-strict src=00:00:00:00:00:02 dst=00:00:00:00:00:03 in_port=4 out_port=1
[FLOW_MOD] t=16801.779416036 dpid=s6 action=add src=00:00:00:00:00:02 dst=00:00:00:00:00:03 in_port=4 out_port=1
[FLOW_MOD] t=16801.779784499 dpid=s18 action=delete-strict src=00:00:00:00:00:02 dst=00:00:00:00:00:03 in_port=3 out_port=1
[FLOW_MOD] t=16801.780091392 dpid=s18 action=add src=00:00:00:00:00:02 dst=00:00:00:00:00:03 in_port=3 out_port=1
[SPF-DONE] BF s18->s19 reachable=11/11
[PATH-COMPUTED] s18->s19: 2 hop(s) path=s18 -> s6 -> s19
[FLOW-INSTALL] 00:00:00:00:00:03 → 00:00:00:00:00:04: s18 -> s6 -> s19
[FLOW_MOD] t=16801.783976243 dpid=s18 action=delete-strict src=00:00:00:00:00:03 dst=00:00:00:00:00:04 in_port=1 out_port=3
[FLOW_MOD] t=16801.784296639 dpid=s18 action=add src=00:00:00:00:00:03 dst=00:00:00:00:00:04 in_port=1 out_port=3
[FLOW_MOD] t=16801.784630934 dpid=s6 action=delete-strict src=00:00:00:00:00:03 dst=00:00:00:00:00:04 in_port=1 out_port=2
[FLOW_MOD] t=16801.784900742 dpid=s6 action=add src=00:00:00:00:00:03 dst=00:00:00:00:00:04 in_port=1 out_port=2
[FLOW_MOD] t=16801.785201836 dpid=s19 action=delete-strict src=00:00:00:00:00:03 dst=00:00:00:00:00:04 in_port=3 out_port=1
[FLOW_MOD] t=16801.785459578 dpid=s19 action=add src=00:00:00:00:00:03 dst=00:00:00:00:00:04 in_port=3 out_port=1
[FLOW_MOD] t=16801.785822294 dpid=s19 action=delete-strict src=00:00:00:00:00:04 dst=00:00:00:00:00:03 in_port=1 out_port=3
[FLOW_MOD] t=16801.786090949 dpid=s19 action=add src=00:00:00:00:00:04 dst=00:00:00:00:00:03 in_port=1 out_port=3
[FLOW_MOD] t=16801.786427287 dpid=s6 action=delete-strict src=00:00:00:00:00:04 dst=00:00:00:00:00:03 in_port=2 out_port=1
[FLOW_MOD] t=16801.786680586 dpid=s6 action=add src=00:00:00:00:00:04 dst=00:00:00:00:00:03 in_port=2 out_port=1
[FLOW_MOD] t=16801.787005119 dpid=s18 action=delete-strict src=00:00:00:00:00:04 dst=00:00:00:00:00:03 in_port=3 out_port=1
[FLOW_MOD] t=16801.787300111 dpid=s18 action=add src=00:00:00:00:00:04 dst=00:00:00:00:00:03 in_port=3 out_port=1
[SPF-DONE] BF s19->s16 reachable=11/11
[PATH-COMPUTED] s19->s16: 5 hop(s) path=s19 -> s6 -> s2 -> s1 -> s4 -> s16
[FLOW-INSTALL] 00:00:00:00:00:04 → 00:00:00:00:00:01: s19 -> s6 -> s2 -> s1 -> s4 -> s16
[FLOW_MOD] t=16801.791351698 dpid=s19 action=delete-strict src=00:00:00:00:00:04 dst=00:00:00:00:00:01 in_port=1 out_port=3
[FLOW_MOD] t=16801.791633540 dpid=s19 action=add src=00:00:00:00:00:04 dst=00:00:00:00:00:01 in_port=1 out_port=3
[FLOW_MOD] t=16801.791966736 dpid=s6 action=delete-strict src=00:00:00:00:00:04 dst=00:00:00:00:00:01 in_port=2 out_port=4
[FLOW_MOD] t=16801.792300685 dpid=s6 action=add src=00:00:00:00:00:04 dst=00:00:00:00:00:01 in_port=2 out_port=4
[FLOW_MOD] t=16801.792605229 dpid=s2 action=delete-strict src=00:00:00:00:00:04 dst=00:00:00:00:00:01 in_port=1 out_port=3
[FLOW_MOD] t=16801.792851219 dpid=s2 action=add src=00:00:00:00:00:04 dst=00:00:00:00:00:01 in_port=1 out_port=3
[FLOW_MOD] t=16801.793257998 dpid=s1 action=delete-strict src=00:00:00:00:00:04 dst=00:00:00:00:00:01 in_port=3 out_port=1
[FLOW_MOD] t=16801.793589908 dpid=s1 action=add src=00:00:00:00:00:04 dst=00:00:00:00:00:01 in_port=3 out_port=1
[FLOW_MOD] t=16801.793980947 dpid=s4 action=delete-strict src=00:00:00:00:00:04 dst=00:00:00:00:00:01 in_port=4 out_port=1
[FLOW_MOD] t=16801.794298503 dpid=s4 action=add src=00:00:00:00:00:04 dst=00:00:00:00:00:01 in_port=4 out_port=1
[FLOW_MOD] t=16801.794734202 dpid=s16 action=delete-strict src=00:00:00:00:00:04 dst=00:00:00:00:00:01 in_port=3 out_port=1
[FLOW_MOD] t=16801.795056526 dpid=s16 action=add src=00:00:00:00:00:04 dst=00:00:00:00:00:01 in_port=3 out_port=1
[FLOW_MOD] t=16801.795490632 dpid=s16 action=delete-strict src=00:00:00:00:00:01 dst=00:00:00:00:00:04 in_port=1 out_port=3
[FLOW_MOD] t=16801.795772938 dpid=s16 action=add src=00:00:00:00:00:01 dst=00:00:00:00:00:04 in_port=1 out_port=3
[FLOW_MOD] t=16801.796252631 dpid=s4 action=delete-strict src=00:00:00:00:00:01 dst=00:00:00:00:00:04 in_port=1 out_port=4
[FLOW_MOD] t=16801.796595029 dpid=s4 action=add src=00:00:00:00:00:01 dst=00:00:00:00:00:04 in_port=1 out_port=4
[FLOW_MOD] t=16801.797060990 dpid=s1 action=delete-strict src=00:00:00:00:00:01 dst=00:00:00:00:00:04 in_port=1 out_port=3
[FLOW_MOD] t=16801.797411319 dpid=s1 action=add src=00:00:00:00:00:01 dst=00:00:00:00:00:04 in_port=1 out_port=3
[FLOW_MOD] t=16801.797840461 dpid=s2 action=delete-strict src=00:00:00:00:00:01 dst=00:00:00:00:00:04 in_port=3 out_port=1
[FLOW_MOD] t=16801.798182538 dpid=s2 action=add src=00:00:00:00:00:01 dst=00:00:00:00:00:04 in_port=3 out_port=1
[FLOW_MOD] t=16801.798657671 dpid=s6 action=delete-strict src=00:00:00:00:00:01 dst=00:00:00:00:00:04 in_port=4 out_port=2
[FLOW_MOD] t=16801.799083539 dpid=s6 action=add src=00:00:00:00:00:01 dst=00:00:00:00:00:04 in_port=4 out_port=2
[FLOW_MOD] t=16801.799569384 dpid=s19 action=delete-strict src=00:00:00:00:00:01 dst=00:00:00:00:00:04 in_port=3 out_port=1
[FLOW_MOD] t=16801.799899309 dpid=s19 action=add src=00:00:00:00:00:01 dst=00:00:00:00:00:04 in_port=3 out_port=1
[SPF-DONE] BF s19->s17 reachable=11/11
[PATH-COMPUTED] s19->s17: 5 hop(s) path=s19 -> s6 -> s2 -> s1 -> s4 -> s17
[FLOW-INSTALL] 00:00:00:00:00:04 → 00:00:00:00:00:02: s19 -> s6 -> s2 -> s1 -> s4 -> s17
[FLOW_MOD] t=16801.804638663 dpid=s19 action=delete-strict src=00:00:00:00:00:04 dst=00:00:00:00:00:02 in_port=1 out_port=3
[FLOW_MOD] t=16801.804976872 dpid=s19 action=add src=00:00:00:00:00:04 dst=00:00:00:00:00:02 in_port=1 out_port=3
[FLOW_MOD] t=16801.805482415 dpid=s6 action=delete-strict src=00:00:00:00:00:04 dst=00:00:00:00:00:02 in_port=2 out_port=4
[FLOW_MOD] t=16801.805769262 dpid=s6 action=add src=00:00:00:00:00:04 dst=00:00:00:00:00:02 in_port=2 out_port=4
[FLOW_MOD] t=16801.806121590 dpid=s2 action=delete-strict src=00:00:00:00:00:04 dst=00:00:00:00:00:02 in_port=1 out_port=3
[FLOW_MOD] t=16801.806400582 dpid=s2 action=add src=00:00:00:00:00:04 dst=00:00:00:00:00:02 in_port=1 out_port=3
[FLOW_MOD] t=16801.806761874 dpid=s1 action=delete-strict src=00:00:00:00:00:04 dst=00:00:00:00:00:02 in_port=3 out_port=1
[FLOW_MOD] t=16801.807068878 dpid=s1 action=add src=00:00:00:00:00:04 dst=00:00:00:00:00:02 in_port=3 out_port=1
[FLOW_MOD] t=16801.807430139 dpid=s4 action=delete-strict src=00:00:00:00:00:04 dst=00:00:00:00:00:02 in_port=4 out_port=2
[FLOW_MOD] t=16801.807703670 dpid=s4 action=add src=00:00:00:00:00:04 dst=00:00:00:00:00:02 in_port=4 out_port=2
[FLOW_MOD] t=16801.808124006 dpid=s17 action=delete-strict src=00:00:00:00:00:04 dst=00:00:00:00:00:02 in_port=3 out_port=1
[FLOW_MOD] t=16801.808405714 dpid=s17 action=add src=00:00:00:00:00:04 dst=00:00:00:00:00:02 in_port=3 out_port=1
[FLOW_MOD] t=16801.808794324 dpid=s17 action=delete-strict src=00:00:00:00:00:02 dst=00:00:00:00:00:04 in_port=1 out_port=3
[FLOW_MOD] t=16801.809116896 dpid=s17 action=add src=00:00:00:00:00:02 dst=00:00:00:00:00:04 in_port=1 out_port=3
[FLOW_MOD] t=16801.809535111 dpid=s4 action=delete-strict src=00:00:00:00:00:02 dst=00:00:00:00:00:04 in_port=2 out_port=4
[FLOW_MOD] t=16801.809851790 dpid=s4 action=add src=00:00:00:00:00:02 dst=00:00:00:00:00:04 in_port=2 out_port=4
[FLOW_MOD] t=16801.810249093 dpid=s1 action=delete-strict src=00:00:00:00:00:02 dst=00:00:00:00:00:04 in_port=1 out_port=3
[FLOW_MOD] t=16801.810545762 dpid=s1 action=add src=00:00:00:00:00:02 dst=00:00:00:00:00:04 in_port=1 out_port=3
[FLOW_MOD] t=16801.810970742 dpid=s2 action=delete-strict src=00:00:00:00:00:02 dst=00:00:00:00:00:04 in_port=3 out_port=1
[FLOW_MOD] t=16801.811322136 dpid=s2 action=add src=00:00:00:00:00:02 dst=00:00:00:00:00:04 in_port=3 out_port=1
[FLOW_MOD] t=16801.811720980 dpid=s6 action=delete-strict src=00:00:00:00:00:02 dst=00:00:00:00:00:04 in_port=4 out_port=2
[FLOW_MOD] t=16801.811971559 dpid=s6 action=add src=00:00:00:00:00:02 dst=00:00:00:00:00:04 in_port=4 out_port=2
[FLOW_MOD] t=16801.812319928 dpid=s19 action=delete-strict src=00:00:00:00:00:02 dst=00:00:00:00:00:04 in_port=3 out_port=1
[FLOW_MOD] t=16801.812583477 dpid=s19 action=add src=00:00:00:00:00:02 dst=00:00:00:00:00:04 in_port=3 out_port=1
[SPF-DONE] BF s19->s18 reachable=11/11
[PATH-COMPUTED] s19->s18: 2 hop(s) path=s19 -> s6 -> s18
[FLOW-INSTALL] 00:00:00:00:00:04 → 00:00:00:00:00:03: s19 -> s6 -> s18
[FLOW_MOD] t=16801.816366739 dpid=s19 action=delete-strict src=00:00:00:00:00:04 dst=00:00:00:00:00:03 in_port=1 out_port=3
[FLOW_MOD] t=16801.816677977 dpid=s19 action=add src=00:00:00:00:00:04 dst=00:00:00:00:00:03 in_port=1 out_port=3
[FLOW_MOD] t=16801.817091872 dpid=s6 action=delete-strict src=00:00:00:00:00:04 dst=00:00:00:00:00:03 in_port=2 out_port=1
[FLOW_MOD] t=16801.817423523 dpid=s6 action=add src=00:00:00:00:00:04 dst=00:00:00:00:00:03 in_port=2 out_port=1
[FLOW_MOD] t=16801.818075506 dpid=s18 action=delete-strict src=00:00:00:00:00:04 dst=00:00:00:00:00:03 in_port=3 out_port=1
[FLOW_MOD] t=16801.818393470 dpid=s18 action=add src=00:00:00:00:00:04 dst=00:00:00:00:00:03 in_port=3 out_port=1
[FLOW_MOD] t=16801.818755861 dpid=s18 action=delete-strict src=00:00:00:00:00:03 dst=00:00:00:00:00:04 in_port=1 out_port=3
[FLOW_MOD] t=16801.819032712 dpid=s18 action=add src=00:00:00:00:00:03 dst=00:00:00:00:00:04 in_port=1 out_port=3
[FLOW_MOD] t=16801.819363240 dpid=s6 action=delete-strict src=00:00:00:00:00:03 dst=00:00:00:00:00:04 in_port=1 out_port=2
[FLOW_MOD] t=16801.821259423 dpid=s6 action=add src=00:00:00:00:00:03 dst=00:00:00:00:00:04 in_port=1 out_port=2
[FLOW_MOD] t=16801.821808093 dpid=s19 action=delete-strict src=00:00:00:00:00:03 dst=00:00:00:00:00:04 in_port=3 out_port=1
[FLOW_MOD] t=16801.822159004 dpid=s19 action=add src=00:00:00:00:00:03 dst=00:00:00:00:00:04 in_port=3 out_port=1
[TOPO] route refresh: installed=12 skipped=0 unreachable=0 hosts=4
[CONVERGENCE-END] id=2 convergence_ms=665.761 installed=12 skipped=0 unreachable=0 hosts=4
[PORT_STATUS] t=16803.874475286 s1 port=3 reason=modify
[TOPO-CHANGE] (port-status:modify) switches=11 links=32  delta +0 -2
[TOPO-DOWN] [(1, 2), (2, 1)]
[TOPO-REFRESH] flushing 12 flows, rebuilding routes
[TREE-DONE] root=s1 tree_edges=11 reachable=11/11
[SPF-DONE] BF s16->s17 reachable=11/11
[PATH-COMPUTED] s16->s17: 2 hop(s) path=s16 -> s4 -> s17
[FLOW-INSTALL] 00:00:00:00:00:01 → 00:00:00:00:00:02: s16 -> s4 -> s17
[FLOW_MOD] t=16803.879570555 dpid=s16 action=delete-strict src=00:00:00:00:00:01 dst=00:00:00:00:00:02 in_port=1 out_port=3
[FLOW_MOD] t=16803.879839309 dpid=s16 action=add src=00:00:00:00:00:01 dst=00:00:00:00:00:02 in_port=1 out_port=3
[FLOW_MOD] t=16803.880162932 dpid=s4 action=delete-strict src=00:00:00:00:00:01 dst=00:00:00:00:00:02 in_port=1 out_port=2
[FLOW_MOD] t=16803.880395495 dpid=s4 action=add src=00:00:00:00:00:01 dst=00:00:00:00:00:02 in_port=1 out_port=2
[FLOW_MOD] t=16803.880710998 dpid=s17 action=delete-strict src=00:00:00:00:00:01 dst=00:00:00:00:00:02 in_port=3 out_port=1
[FLOW_MOD] t=16803.880992285 dpid=s17 action=add src=00:00:00:00:00:01 dst=00:00:00:00:00:02 in_port=3 out_port=1
[FLOW_MOD] t=16803.881330154 dpid=s17 action=delete-strict src=00:00:00:00:00:02 dst=00:00:00:00:00:01 in_port=1 out_port=3
[FLOW_MOD] t=16803.881583920 dpid=s17 action=add src=00:00:00:00:00:02 dst=00:00:00:00:00:01 in_port=1 out_port=3
[FLOW_MOD] t=16803.882017114 dpid=s4 action=delete-strict src=00:00:00:00:00:02 dst=00:00:00:00:00:01 in_port=2 out_port=1
[FLOW_MOD] t=16803.882296257 dpid=s4 action=add src=00:00:00:00:00:02 dst=00:00:00:00:00:01 in_port=2 out_port=1
[FLOW_MOD] t=16803.882633800 dpid=s16 action=delete-strict src=00:00:00:00:00:02 dst=00:00:00:00:00:01 in_port=3 out_port=1
[FLOW_MOD] t=16803.882906829 dpid=s16 action=add src=00:00:00:00:00:02 dst=00:00:00:00:00:01 in_port=3 out_port=1
[SPF-DONE] BF s16->s18 reachable=11/11
[PATH-COMPUTED] s16->s18: 6 hop(s) path=s16 -> s4 -> s1 -> s3 -> s2 -> s6 -> s18
[FLOW-INSTALL] 00:00:00:00:00:01 → 00:00:00:00:00:03: s16 -> s4 -> s1 -> s3 -> s2 -> s6 -> s18
[FLOW_MOD] t=16803.887064280 dpid=s16 action=delete-strict src=00:00:00:00:00:01 dst=00:00:00:00:00:03 in_port=1 out_port=3
[FLOW_MOD] t=16803.887346042 dpid=s16 action=add src=00:00:00:00:00:01 dst=00:00:00:00:00:03 in_port=1 out_port=3
[FLOW_MOD] t=16803.887645298 dpid=s4 action=delete-strict src=00:00:00:00:00:01 dst=00:00:00:00:00:03 in_port=1 out_port=4
[FLOW_MOD] t=16803.887876594 dpid=s4 action=add src=00:00:00:00:00:01 dst=00:00:00:00:00:03 in_port=1 out_port=4
[FLOW_MOD] t=16803.888210118 dpid=s1 action=delete-strict src=00:00:00:00:00:01 dst=00:00:00:00:00:03 in_port=1 out_port=4
[FLOW_MOD] t=16803.888453085 dpid=s1 action=add src=00:00:00:00:00:01 dst=00:00:00:00:00:03 in_port=1 out_port=4
[FLOW_MOD] t=16803.888744725 dpid=s3 action=delete-strict src=00:00:00:00:00:01 dst=00:00:00:00:00:03 in_port=4 out_port=3
[FLOW_MOD] t=16803.888950924 dpid=s3 action=add src=00:00:00:00:00:01 dst=00:00:00:00:00:03 in_port=4 out_port=3
[FLOW_MOD] t=16803.889267052 dpid=s2 action=delete-strict src=00:00:00:00:00:01 dst=00:00:00:00:00:03 in_port=4 out_port=1
[FLOW_MOD] t=16803.889495611 dpid=s2 action=add src=00:00:00:00:00:01 dst=00:00:00:00:00:03 in_port=4 out_port=1
[FLOW_MOD] t=16803.889769761 dpid=s6 action=delete-strict src=00:00:00:00:00:01 dst=00:00:00:00:00:03 in_port=4 out_port=1
[FLOW_MOD] t=16803.889970410 dpid=s6 action=add src=00:00:00:00:00:01 dst=00:00:00:00:00:03 in_port=4 out_port=1
[FLOW_MOD] t=16803.890273341 dpid=s18 action=delete-strict src=00:00:00:00:00:01 dst=00:00:00:00:00:03 in_port=3 out_port=1
[FLOW_MOD] t=16803.890492596 dpid=s18 action=add src=00:00:00:00:00:01 dst=00:00:00:00:00:03 in_port=3 out_port=1
[FLOW_MOD] t=16803.890762244 dpid=s18 action=delete-strict src=00:00:00:00:00:03 dst=00:00:00:00:00:01 in_port=1 out_port=3
[FLOW_MOD] t=16803.891001346 dpid=s18 action=add src=00:00:00:00:00:03 dst=00:00:00:00:00:01 in_port=1 out_port=3
[FLOW_MOD] t=16803.891287655 dpid=s6 action=delete-strict src=00:00:00:00:00:03 dst=00:00:00:00:00:01 in_port=1 out_port=4
[FLOW_MOD] t=16803.891591252 dpid=s6 action=add src=00:00:00:00:00:03 dst=00:00:00:00:00:01 in_port=1 out_port=4
[FLOW_MOD] t=16803.891883610 dpid=s2 action=delete-strict src=00:00:00:00:00:03 dst=00:00:00:00:00:01 in_port=1 out_port=4
[FLOW_MOD] t=16803.892136250 dpid=s2 action=add src=00:00:00:00:00:03 dst=00:00:00:00:00:01 in_port=1 out_port=4
[FLOW_MOD] t=16803.892446637 dpid=s3 action=delete-strict src=00:00:00:00:00:03 dst=00:00:00:00:00:01 in_port=3 out_port=4
[FLOW_MOD] t=16803.892723379 dpid=s3 action=add src=00:00:00:00:00:03 dst=00:00:00:00:00:01 in_port=3 out_port=4
[FLOW_MOD] t=16803.893081055 dpid=s1 action=delete-strict src=00:00:00:00:00:03 dst=00:00:00:00:00:01 in_port=4 out_port=1
[FLOW_MOD] t=16803.893369600 dpid=s1 action=add src=00:00:00:00:00:03 dst=00:00:00:00:00:01 in_port=4 out_port=1
[FLOW_MOD] t=16803.893696889 dpid=s4 action=delete-strict src=00:00:00:00:00:03 dst=00:00:00:00:00:01 in_port=4 out_port=1
[FLOW_MOD] t=16803.893923669 dpid=s4 action=add src=00:00:00:00:00:03 dst=00:00:00:00:00:01 in_port=4 out_port=1
[FLOW_MOD] t=16803.894213195 dpid=s16 action=delete-strict src=00:00:00:00:00:03 dst=00:00:00:00:00:01 in_port=3 out_port=1
[FLOW_MOD] t=16803.894429996 dpid=s16 action=add src=00:00:00:00:00:03 dst=00:00:00:00:00:01 in_port=3 out_port=1
[SPF-DONE] BF s16->s19 reachable=11/11
[PATH-COMPUTED] s16->s19: 6 hop(s) path=s16 -> s4 -> s1 -> s3 -> s2 -> s6 -> s19
[FLOW-INSTALL] 00:00:00:00:00:01 → 00:00:00:00:00:04: s16 -> s4 -> s1 -> s3 -> s2 -> s6 -> s19
[FLOW_MOD] t=16803.897821453 dpid=s16 action=delete-strict src=00:00:00:00:00:01 dst=00:00:00:00:00:04 in_port=1 out_port=3
[FLOW_MOD] t=16803.898089803 dpid=s16 action=add src=00:00:00:00:00:01 dst=00:00:00:00:00:04 in_port=1 out_port=3
[FLOW_MOD] t=16803.898448223 dpid=s4 action=delete-strict src=00:00:00:00:00:01 dst=00:00:00:00:00:04 in_port=1 out_port=4
[FLOW_MOD] t=16803.898718012 dpid=s4 action=add src=00:00:00:00:00:01 dst=00:00:00:00:00:04 in_port=1 out_port=4
[FLOW_MOD] t=16803.899044436 dpid=s1 action=delete-strict src=00:00:00:00:00:01 dst=00:00:00:00:00:04 in_port=1 out_port=4
[FLOW_MOD] t=16803.899294818 dpid=s1 action=add src=00:00:00:00:00:01 dst=00:00:00:00:00:04 in_port=1 out_port=4
[FLOW_MOD] t=16803.899649761 dpid=s3 action=delete-strict src=00:00:00:00:00:01 dst=00:00:00:00:00:04 in_port=4 out_port=3
[FLOW_MOD] t=16803.899887306 dpid=s3 action=add src=00:00:00:00:00:01 dst=00:00:00:00:00:04 in_port=4 out_port=3
[FLOW_MOD] t=16803.900299303 dpid=s2 action=delete-strict src=00:00:00:00:00:01 dst=00:00:00:00:00:04 in_port=4 out_port=1
[FLOW_MOD] t=16803.900570816 dpid=s2 action=add src=00:00:00:00:00:01 dst=00:00:00:00:00:04 in_port=4 out_port=1
[FLOW_MOD] t=16803.900899745 dpid=s6 action=delete-strict src=00:00:00:00:00:01 dst=00:00:00:00:00:04 in_port=4 out_port=2
[FLOW_MOD] t=16803.901112523 dpid=s6 action=add src=00:00:00:00:00:01 dst=00:00:00:00:00:04 in_port=4 out_port=2
[FLOW_MOD] t=16803.901411390 dpid=s19 action=delete-strict src=00:00:00:00:00:01 dst=00:00:00:00:00:04 in_port=3 out_port=1
[FLOW_MOD] t=16803.901696548 dpid=s19 action=add src=00:00:00:00:00:01 dst=00:00:00:00:00:04 in_port=3 out_port=1
[FLOW_MOD] t=16803.902008608 dpid=s19 action=delete-strict src=00:00:00:00:00:04 dst=00:00:00:00:00:01 in_port=1 out_port=3
[FLOW_MOD] t=16803.902260521 dpid=s19 action=add src=00:00:00:00:00:04 dst=00:00:00:00:00:01 in_port=1 out_port=3
[FLOW_MOD] t=16803.902583303 dpid=s6 action=delete-strict src=00:00:00:00:00:04 dst=00:00:00:00:00:01 in_port=2 out_port=4
[FLOW_MOD] t=16803.902809931 dpid=s6 action=add src=00:00:00:00:00:04 dst=00:00:00:00:00:01 in_port=2 out_port=4
[FLOW_MOD] t=16803.903103712 dpid=s2 action=delete-strict src=00:00:00:00:00:04 dst=00:00:00:00:00:01 in_port=1 out_port=4
[FLOW_MOD] t=16803.903347063 dpid=s2 action=add src=00:00:00:00:00:04 dst=00:00:00:00:00:01 in_port=1 out_port=4
[FLOW_MOD] t=16803.903695137 dpid=s3 action=delete-strict src=00:00:00:00:00:04 dst=00:00:00:00:00:01 in_port=3 out_port=4
[FLOW_MOD] t=16803.904057698 dpid=s3 action=add src=00:00:00:00:00:04 dst=00:00:00:00:00:01 in_port=3 out_port=4
[FLOW_MOD] t=16803.904418487 dpid=s1 action=delete-strict src=00:00:00:00:00:04 dst=00:00:00:00:00:01 in_port=4 out_port=1
[FLOW_MOD] t=16803.904703247 dpid=s1 action=add src=00:00:00:00:00:04 dst=00:00:00:00:00:01 in_port=4 out_port=1
[FLOW_MOD] t=16803.905022520 dpid=s4 action=delete-strict src=00:00:00:00:00:04 dst=00:00:00:00:00:01 in_port=4 out_port=1
[FLOW_MOD] t=16803.905261921 dpid=s4 action=add src=00:00:00:00:00:04 dst=00:00:00:00:00:01 in_port=4 out_port=1
[FLOW_MOD] t=16803.905539784 dpid=s16 action=delete-strict src=00:00:00:00:00:04 dst=00:00:00:00:00:01 in_port=3 out_port=1
[FLOW_MOD] t=16803.905754610 dpid=s16 action=add src=00:00:00:00:00:04 dst=00:00:00:00:00:01 in_port=3 out_port=1
[SPF-DONE] BF s17->s16 reachable=11/11
[PATH-COMPUTED] s17->s16: 2 hop(s) path=s17 -> s4 -> s16
[FLOW-INSTALL] 00:00:00:00:00:02 → 00:00:00:00:00:01: s17 -> s4 -> s16
[FLOW_MOD] t=16803.908790982 dpid=s17 action=delete-strict src=00:00:00:00:00:02 dst=00:00:00:00:00:01 in_port=1 out_port=3
[FLOW_MOD] t=16803.909024067 dpid=s17 action=add src=00:00:00:00:00:02 dst=00:00:00:00:00:01 in_port=1 out_port=3
[FLOW_MOD] t=16803.909341961 dpid=s4 action=delete-strict src=00:00:00:00:00:02 dst=00:00:00:00:00:01 in_port=2 out_port=1
[FLOW_MOD] t=16803.909567126 dpid=s4 action=add src=00:00:00:00:00:02 dst=00:00:00:00:00:01 in_port=2 out_port=1
[FLOW_MOD] t=16803.909935717 dpid=s16 action=delete-strict src=00:00:00:00:00:02 dst=00:00:00:00:00:01 in_port=3 out_port=1
[FLOW_MOD] t=16803.910247785 dpid=s16 action=add src=00:00:00:00:00:02 dst=00:00:00:00:00:01 in_port=3 out_port=1
[FLOW_MOD] t=16803.910572248 dpid=s16 action=delete-strict src=00:00:00:00:00:01 dst=00:00:00:00:00:02 in_port=1 out_port=3
[FLOW_MOD] t=16803.910787961 dpid=s16 action=add src=00:00:00:00:00:01 dst=00:00:00:00:00:02 in_port=1 out_port=3
[FLOW_MOD] t=16803.913154896 dpid=s4 action=delete-strict src=00:00:00:00:00:01 dst=00:00:00:00:00:02 in_port=1 out_port=2
[FLOW_MOD] t=16803.913533545 dpid=s4 action=add src=00:00:00:00:00:01 dst=00:00:00:00:00:02 in_port=1 out_port=2
[FLOW_MOD] t=16803.913901622 dpid=s17 action=delete-strict src=00:00:00:00:00:01 dst=00:00:00:00:00:02 in_port=3 out_port=1
[FLOW_MOD] t=16803.914182278 dpid=s17 action=add src=00:00:00:00:00:01 dst=00:00:00:00:00:02 in_port=3 out_port=1
[SPF-DONE] BF s17->s18 reachable=11/11
[PATH-COMPUTED] s17->s18: 6 hop(s) path=s17 -> s4 -> s1 -> s3 -> s2 -> s6 -> s18
[FLOW-INSTALL] 00:00:00:00:00:02 → 00:00:00:00:00:03: s17 -> s4 -> s1 -> s3 -> s2 -> s6 -> s18
[FLOW_MOD] t=16803.917750198 dpid=s17 action=delete-strict src=00:00:00:00:00:02 dst=00:00:00:00:00:03 in_port=1 out_port=3
[FLOW_MOD] t=16803.918006240 dpid=s17 action=add src=00:00:00:00:00:02 dst=00:00:00:00:00:03 in_port=1 out_port=3
[FLOW_MOD] t=16803.918285980 dpid=s4 action=delete-strict src=00:00:00:00:00:02 dst=00:00:00:00:00:03 in_port=2 out_port=4
[FLOW_MOD] t=16803.918524603 dpid=s4 action=add src=00:00:00:00:00:02 dst=00:00:00:00:00:03 in_port=2 out_port=4
[FLOW_MOD] t=16803.918809484 dpid=s1 action=delete-strict src=00:00:00:00:00:02 dst=00:00:00:00:00:03 in_port=1 out_port=4
[FLOW_MOD] t=16803.919017510 dpid=s1 action=add src=00:00:00:00:00:02 dst=00:00:00:00:00:03 in_port=1 out_port=4
[FLOW_MOD] t=16803.919288156 dpid=s3 action=delete-strict src=00:00:00:00:00:02 dst=00:00:00:00:00:03 in_port=4 out_port=3
[FLOW_MOD] t=16803.919519508 dpid=s3 action=add src=00:00:00:00:00:02 dst=00:00:00:00:00:03 in_port=4 out_port=3
[FLOW_MOD] t=16803.919869917 dpid=s2 action=delete-strict src=00:00:00:00:00:02 dst=00:00:00:00:00:03 in_port=4 out_port=1
[FLOW_MOD] t=16803.920151265 dpid=s2 action=add src=00:00:00:00:00:02 dst=00:00:00:00:00:03 in_port=4 out_port=1
[FLOW_MOD] t=16803.920549118 dpid=s6 action=delete-strict src=00:00:00:00:00:02 dst=00:00:00:00:00:03 in_port=4 out_port=1
[FLOW_MOD] t=16803.920815311 dpid=s6 action=add src=00:00:00:00:00:02 dst=00:00:00:00:00:03 in_port=4 out_port=1
[FLOW_MOD] t=16803.921115808 dpid=s18 action=delete-strict src=00:00:00:00:00:02 dst=00:00:00:00:00:03 in_port=3 out_port=1
[FLOW_MOD] t=16803.921356677 dpid=s18 action=add src=00:00:00:00:00:02 dst=00:00:00:00:00:03 in_port=3 out_port=1
[FLOW_MOD] t=16803.921627124 dpid=s18 action=delete-strict src=00:00:00:00:00:03 dst=00:00:00:00:00:02 in_port=1 out_port=3
[FLOW_MOD] t=16803.921829070 dpid=s18 action=add src=00:00:00:00:00:03 dst=00:00:00:00:00:02 in_port=1 out_port=3
[FLOW_MOD] t=16803.922111752 dpid=s6 action=delete-strict src=00:00:00:00:00:03 dst=00:00:00:00:00:02 in_port=1 out_port=4
[FLOW_MOD] t=16803.922328886 dpid=s6 action=add src=00:00:00:00:00:03 dst=00:00:00:00:00:02 in_port=1 out_port=4
[FLOW_MOD] t=16803.922594650 dpid=s2 action=delete-strict src=00:00:00:00:00:03 dst=00:00:00:00:00:02 in_port=1 out_port=4
[FLOW_MOD] t=16803.922851090 dpid=s2 action=add src=00:00:00:00:00:03 dst=00:00:00:00:00:02 in_port=1 out_port=4
[FLOW_MOD] t=16803.923205670 dpid=s3 action=delete-strict src=00:00:00:00:00:03 dst=00:00:00:00:00:02 in_port=3 out_port=4
[FLOW_MOD] t=16803.923437412 dpid=s3 action=add src=00:00:00:00:00:03 dst=00:00:00:00:00:02 in_port=3 out_port=4
[FLOW_MOD] t=16803.923808285 dpid=s1 action=delete-strict src=00:00:00:00:00:03 dst=00:00:00:00:00:02 in_port=4 out_port=1
[FLOW_MOD] t=16803.924106833 dpid=s1 action=add src=00:00:00:00:00:03 dst=00:00:00:00:00:02 in_port=4 out_port=1
[FLOW_MOD] t=16803.924438823 dpid=s4 action=delete-strict src=00:00:00:00:00:03 dst=00:00:00:00:00:02 in_port=4 out_port=2
[FLOW_MOD] t=16803.924684785 dpid=s4 action=add src=00:00:00:00:00:03 dst=00:00:00:00:00:02 in_port=4 out_port=2
[FLOW_MOD] t=16803.925041011 dpid=s17 action=delete-strict src=00:00:00:00:00:03 dst=00:00:00:00:00:02 in_port=3 out_port=1
[FLOW_MOD] t=16803.925295205 dpid=s17 action=add src=00:00:00:00:00:03 dst=00:00:00:00:00:02 in_port=3 out_port=1
[SPF-DONE] BF s17->s19 reachable=11/11
[PATH-COMPUTED] s17->s19: 6 hop(s) path=s17 -> s4 -> s1 -> s3 -> s2 -> s6 -> s19
[FLOW-INSTALL] 00:00:00:00:00:02 → 00:00:00:00:00:04: s17 -> s4 -> s1 -> s3 -> s2 -> s6 -> s19
[FLOW_MOD] t=16803.928808287 dpid=s17 action=delete-strict src=00:00:00:00:00:02 dst=00:00:00:00:00:04 in_port=1 out_port=3
[FLOW_MOD] t=16803.929056485 dpid=s17 action=add src=00:00:00:00:00:02 dst=00:00:00:00:00:04 in_port=1 out_port=3
[FLOW_MOD] t=16803.929385374 dpid=s4 action=delete-strict src=00:00:00:00:00:02 dst=00:00:00:00:00:04 in_port=2 out_port=4
[FLOW_MOD] t=16803.929624316 dpid=s4 action=add src=00:00:00:00:00:02 dst=00:00:00:00:00:04 in_port=2 out_port=4
[FLOW_MOD] t=16803.929940995 dpid=s1 action=delete-strict src=00:00:00:00:00:02 dst=00:00:00:00:00:04 in_port=1 out_port=4
[FLOW_MOD] t=16803.930243475 dpid=s1 action=add src=00:00:00:00:00:02 dst=00:00:00:00:00:04 in_port=1 out_port=4
[FLOW_MOD] t=16803.930654465 dpid=s3 action=delete-strict src=00:00:00:00:00:02 dst=00:00:00:00:00:04 in_port=4 out_port=3
[FLOW_MOD] t=16803.930995197 dpid=s3 action=add src=00:00:00:00:00:02 dst=00:00:00:00:00:04 in_port=4 out_port=3
[FLOW_MOD] t=16803.931404285 dpid=s2 action=delete-strict src=00:00:00:00:00:02 dst=00:00:00:00:00:04 in_port=4 out_port=1
[FLOW_MOD] t=16803.931720563 dpid=s2 action=add src=00:00:00:00:00:02 dst=00:00:00:00:00:04 in_port=4 out_port=1
[FLOW_MOD] t=16803.932149077 dpid=s6 action=delete-strict src=00:00:00:00:00:02 dst=00:00:00:00:00:04 in_port=4 out_port=2
[FLOW_MOD] t=16803.932434018 dpid=s6 action=add src=00:00:00:00:00:02 dst=00:00:00:00:00:04 in_port=4 out_port=2
[FLOW_MOD] t=16803.932774312 dpid=s19 action=delete-strict src=00:00:00:00:00:02 dst=00:00:00:00:00:04 in_port=3 out_port=1
[FLOW_MOD] t=16803.933170742 dpid=s19 action=add src=00:00:00:00:00:02 dst=00:00:00:00:00:04 in_port=3 out_port=1
[FLOW_MOD] t=16803.933825513 dpid=s19 action=delete-strict src=00:00:00:00:00:04 dst=00:00:00:00:00:02 in_port=1 out_port=3
[FLOW_MOD] t=16803.934170780 dpid=s19 action=add src=00:00:00:00:00:04 dst=00:00:00:00:00:02 in_port=1 out_port=3
[FLOW_MOD] t=16803.934798879 dpid=s6 action=delete-strict src=00:00:00:00:00:04 dst=00:00:00:00:00:02 in_port=2 out_port=4
[FLOW_MOD] t=16803.935130865 dpid=s6 action=add src=00:00:00:00:00:04 dst=00:00:00:00:00:02 in_port=2 out_port=4
[FLOW_MOD] t=16803.935499966 dpid=s2 action=delete-strict src=00:00:00:00:00:04 dst=00:00:00:00:00:02 in_port=1 out_port=4
[FLOW_MOD] t=16803.935799991 dpid=s2 action=add src=00:00:00:00:00:04 dst=00:00:00:00:00:02 in_port=1 out_port=4
[FLOW_MOD] t=16803.936233632 dpid=s3 action=delete-strict src=00:00:00:00:00:04 dst=00:00:00:00:00:02 in_port=3 out_port=4
[FLOW_MOD] t=16803.936524407 dpid=s3 action=add src=00:00:00:00:00:04 dst=00:00:00:00:00:02 in_port=3 out_port=4
[FLOW_MOD] t=16803.936879815 dpid=s1 action=delete-strict src=00:00:00:00:00:04 dst=00:00:00:00:00:02 in_port=4 out_port=1
[FLOW_MOD] t=16803.937119715 dpid=s1 action=add src=00:00:00:00:00:04 dst=00:00:00:00:00:02 in_port=4 out_port=1
[FLOW_MOD] t=16803.937433361 dpid=s4 action=delete-strict src=00:00:00:00:00:04 dst=00:00:00:00:00:02 in_port=4 out_port=2
[FLOW_MOD] t=16803.937686052 dpid=s4 action=add src=00:00:00:00:00:04 dst=00:00:00:00:00:02 in_port=4 out_port=2
[FLOW_MOD] t=16803.938029097 dpid=s17 action=delete-strict src=00:00:00:00:00:04 dst=00:00:00:00:00:02 in_port=3 out_port=1
[FLOW_MOD] t=16803.938348086 dpid=s17 action=add src=00:00:00:00:00:04 dst=00:00:00:00:00:02 in_port=3 out_port=1
[SPF-DONE] BF s18->s16 reachable=11/11
[PATH-COMPUTED] s18->s16: 6 hop(s) path=s18 -> s6 -> s2 -> s3 -> s1 -> s4 -> s16
[FLOW-INSTALL] 00:00:00:00:00:03 → 00:00:00:00:00:01: s18 -> s6 -> s2 -> s3 -> s1 -> s4 -> s16
[FLOW_MOD] t=16803.942256201 dpid=s18 action=delete-strict src=00:00:00:00:00:03 dst=00:00:00:00:00:01 in_port=1 out_port=3
[FLOW_MOD] t=16803.942517539 dpid=s18 action=add src=00:00:00:00:00:03 dst=00:00:00:00:00:01 in_port=1 out_port=3
[FLOW_MOD] t=16803.942851455 dpid=s6 action=delete-strict src=00:00:00:00:00:03 dst=00:00:00:00:00:01 in_port=1 out_port=4
[FLOW_MOD] t=16803.943085525 dpid=s6 action=add src=00:00:00:00:00:03 dst=00:00:00:00:00:01 in_port=1 out_port=4
[FLOW_MOD] t=16803.943391473 dpid=s2 action=delete-strict src=00:00:00:00:00:03 dst=00:00:00:00:00:01 in_port=1 out_port=4
[FLOW_MOD] t=16803.943647117 dpid=s2 action=add src=00:00:00:00:00:03 dst=00:00:00:00:00:01 in_port=1 out_port=4
[FLOW_MOD] t=16803.944151626 dpid=s3 action=delete-strict src=00:00:00:00:00:03 dst=00:00:00:00:00:01 in_port=3 out_port=4
[FLOW_MOD] t=16803.944458898 dpid=s3 action=add src=00:00:00:00:00:03 dst=00:00:00:00:00:01 in_port=3 out_port=4
[FLOW_MOD] t=16803.944800163 dpid=s1 action=delete-strict src=00:00:00:00:00:03 dst=00:00:00:00:00:01 in_port=4 out_port=1
[FLOW_MOD] t=16803.945081825 dpid=s1 action=add src=00:00:00:00:00:03 dst=00:00:00:00:00:01 in_port=4 out_port=1
[FLOW_MOD] t=16803.945451842 dpid=s4 action=delete-strict src=00:00:00:00:00:03 dst=00:00:00:00:00:01 in_port=4 out_port=1
[FLOW_MOD] t=16803.945691653 dpid=s4 action=add src=00:00:00:00:00:03 dst=00:00:00:00:00:01 in_port=4 out_port=1
[FLOW_MOD] t=16803.945991478 dpid=s16 action=delete-strict src=00:00:00:00:00:03 dst=00:00:00:00:00:01 in_port=3 out_port=1
[FLOW_MOD] t=16803.946265604 dpid=s16 action=add src=00:00:00:00:00:03 dst=00:00:00:00:00:01 in_port=3 out_port=1
[FLOW_MOD] t=16803.946610096 dpid=s16 action=delete-strict src=00:00:00:00:00:01 dst=00:00:00:00:00:03 in_port=1 out_port=3
[FLOW_MOD] t=16803.946880662 dpid=s16 action=add src=00:00:00:00:00:01 dst=00:00:00:00:00:03 in_port=1 out_port=3
[FLOW_MOD] t=16803.947196280 dpid=s4 action=delete-strict src=00:00:00:00:00:01 dst=00:00:00:00:00:03 in_port=1 out_port=4
[FLOW_MOD] t=16803.947435272 dpid=s4 action=add src=00:00:00:00:00:01 dst=00:00:00:00:00:03 in_port=1 out_port=4
[FLOW_MOD] t=16803.947798385 dpid=s1 action=delete-strict src=00:00:00:00:00:01 dst=00:00:00:00:00:03 in_port=1 out_port=4
[FLOW_MOD] t=16803.948059020 dpid=s1 action=add src=00:00:00:00:00:01 dst=00:00:00:00:00:03 in_port=1 out_port=4
[FLOW_MOD] t=16803.948335397 dpid=s3 action=delete-strict src=00:00:00:00:00:01 dst=00:00:00:00:00:03 in_port=4 out_port=3
[FLOW_MOD] t=16803.948544391 dpid=s3 action=add src=00:00:00:00:00:01 dst=00:00:00:00:00:03 in_port=4 out_port=3
[FLOW_MOD] t=16803.948809886 dpid=s2 action=delete-strict src=00:00:00:00:00:01 dst=00:00:00:00:00:03 in_port=4 out_port=1
[FLOW_MOD] t=16803.949038232 dpid=s2 action=add src=00:00:00:00:00:01 dst=00:00:00:00:00:03 in_port=4 out_port=1
[FLOW_MOD] t=16803.949338052 dpid=s6 action=delete-strict src=00:00:00:00:00:01 dst=00:00:00:00:00:03 in_port=4 out_port=1
[FLOW_MOD] t=16803.949574164 dpid=s6 action=add src=00:00:00:00:00:01 dst=00:00:00:00:00:03 in_port=4 out_port=1
[FLOW_MOD] t=16803.949958904 dpid=s18 action=delete-strict src=00:00:00:00:00:01 dst=00:00:00:00:00:03 in_port=3 out_port=1
[FLOW_MOD] t=16803.950256803 dpid=s18 action=add src=00:00:00:00:00:01 dst=00:00:00:00:00:03 in_port=3 out_port=1
[SPF-DONE] BF s18->s17 reachable=11/11
[PATH-COMPUTED] s18->s17: 6 hop(s) path=s18 -> s6 -> s2 -> s3 -> s1 -> s4 -> s17
[FLOW-INSTALL] 00:00:00:00:00:03 → 00:00:00:00:00:02: s18 -> s6 -> s2 -> s3 -> s1 -> s4 -> s17
[FLOW_MOD] t=16803.953573071 dpid=s18 action=delete-strict src=00:00:00:00:00:03 dst=00:00:00:00:00:02 in_port=1 out_port=3
[FLOW_MOD] t=16803.953824610 dpid=s18 action=add src=00:00:00:00:00:03 dst=00:00:00:00:00:02 in_port=1 out_port=3
[FLOW_MOD] t=16803.954116041 dpid=s6 action=delete-strict src=00:00:00:00:00:03 dst=00:00:00:00:00:02 in_port=1 out_port=4
[FLOW_MOD] t=16803.954349063 dpid=s6 action=add src=00:00:00:00:00:03 dst=00:00:00:00:00:02 in_port=1 out_port=4
[FLOW_MOD] t=16803.954706097 dpid=s2 action=delete-strict src=00:00:00:00:00:03 dst=00:00:00:00:00:02 in_port=1 out_port=4
[FLOW_MOD] t=16803.955624630 dpid=s2 action=add src=00:00:00:00:00:03 dst=00:00:00:00:00:02 in_port=1 out_port=4
[FLOW_MOD] t=16803.956054857 dpid=s3 action=delete-strict src=00:00:00:00:00:03 dst=00:00:00:00:00:02 in_port=3 out_port=4
[FLOW_MOD] t=16803.956341226 dpid=s3 action=add src=00:00:00:00:00:03 dst=00:00:00:00:00:02 in_port=3 out_port=4
[FLOW_MOD] t=16803.956683141 dpid=s1 action=delete-strict src=00:00:00:00:00:03 dst=00:00:00:00:00:02 in_port=4 out_port=1
[FLOW_MOD] t=16803.956927287 dpid=s1 action=add src=00:00:00:00:00:03 dst=00:00:00:00:00:02 in_port=4 out_port=1
[FLOW_MOD] t=16803.957226518 dpid=s4 action=delete-strict src=00:00:00:00:00:03 dst=00:00:00:00:00:02 in_port=4 out_port=2
[FLOW_MOD] t=16803.957441612 dpid=s4 action=add src=00:00:00:00:00:03 dst=00:00:00:00:00:02 in_port=4 out_port=2
[FLOW_MOD] t=16803.957747794 dpid=s17 action=delete-strict src=00:00:00:00:00:03 dst=00:00:00:00:00:02 in_port=3 out_port=1
[FLOW_MOD] t=16803.957974909 dpid=s17 action=add src=00:00:00:00:00:03 dst=00:00:00:00:00:02 in_port=3 out_port=1
[FLOW_MOD] t=16803.958313564 dpid=s17 action=delete-strict src=00:00:00:00:00:02 dst=00:00:00:00:00:03 in_port=1 out_port=3
[FLOW_MOD] t=16803.958594982 dpid=s17 action=add src=00:00:00:00:00:02 dst=00:00:00:00:00:03 in_port=1 out_port=3
[FLOW_MOD] t=16803.958896027 dpid=s4 action=delete-strict src=00:00:00:00:00:02 dst=00:00:00:00:00:03 in_port=2 out_port=4
[FLOW_MOD] t=16803.960811354 dpid=s4 action=add src=00:00:00:00:00:02 dst=00:00:00:00:00:03 in_port=2 out_port=4
[FLOW_MOD] t=16803.961240456 dpid=s1 action=delete-strict src=00:00:00:00:00:02 dst=00:00:00:00:00:03 in_port=1 out_port=4
[FLOW_MOD] t=16803.961504398 dpid=s1 action=add src=00:00:00:00:00:02 dst=00:00:00:00:00:03 in_port=1 out_port=4
[FLOW_MOD] t=16803.961855129 dpid=s3 action=delete-strict src=00:00:00:00:00:02 dst=00:00:00:00:00:03 in_port=4 out_port=3
[FLOW_MOD] t=16803.962094889 dpid=s3 action=add src=00:00:00:00:00:02 dst=00:00:00:00:00:03 in_port=4 out_port=3
[FLOW_MOD] t=16803.962379621 dpid=s2 action=delete-strict src=00:00:00:00:00:02 dst=00:00:00:00:00:03 in_port=4 out_port=1
[FLOW_MOD] t=16803.962589973 dpid=s2 action=add src=00:00:00:00:00:02 dst=00:00:00:00:00:03 in_port=4 out_port=1
[FLOW_MOD] t=16803.962879792 dpid=s6 action=delete-strict src=00:00:00:00:00:02 dst=00:00:00:00:00:03 in_port=4 out_port=1
[FLOW_MOD] t=16803.963152547 dpid=s6 action=add src=00:00:00:00:00:02 dst=00:00:00:00:00:03 in_port=4 out_port=1
[FLOW_MOD] t=16803.963464093 dpid=s18 action=delete-strict src=00:00:00:00:00:02 dst=00:00:00:00:00:03 in_port=3 out_port=1
[FLOW_MOD] t=16803.963694260 dpid=s18 action=add src=00:00:00:00:00:02 dst=00:00:00:00:00:03 in_port=3 out_port=1
[SPF-DONE] BF s18->s19 reachable=11/11
[PATH-COMPUTED] s18->s19: 2 hop(s) path=s18 -> s6 -> s19
[FLOW-INSTALL] 00:00:00:00:00:03 → 00:00:00:00:00:04: s18 -> s6 -> s19
[FLOW_MOD] t=16803.967287554 dpid=s18 action=delete-strict src=00:00:00:00:00:03 dst=00:00:00:00:00:04 in_port=1 out_port=3
[FLOW_MOD] t=16803.967542718 dpid=s18 action=add src=00:00:00:00:00:03 dst=00:00:00:00:00:04 in_port=1 out_port=3
[FLOW_MOD] t=16803.967837141 dpid=s6 action=delete-strict src=00:00:00:00:00:03 dst=00:00:00:00:00:04 in_port=1 out_port=2
[FLOW_MOD] t=16803.968101923 dpid=s6 action=add src=00:00:00:00:00:03 dst=00:00:00:00:00:04 in_port=1 out_port=2
[FLOW_MOD] t=16803.968411111 dpid=s19 action=delete-strict src=00:00:00:00:00:03 dst=00:00:00:00:00:04 in_port=3 out_port=1
[FLOW_MOD] t=16803.968654885 dpid=s19 action=add src=00:00:00:00:00:03 dst=00:00:00:00:00:04 in_port=3 out_port=1
[FLOW_MOD] t=16803.968991120 dpid=s19 action=delete-strict src=00:00:00:00:00:04 dst=00:00:00:00:00:03 in_port=1 out_port=3
[FLOW_MOD] t=16803.969255398 dpid=s19 action=add src=00:00:00:00:00:04 dst=00:00:00:00:00:03 in_port=1 out_port=3
[FLOW_MOD] t=16803.969589283 dpid=s6 action=delete-strict src=00:00:00:00:00:04 dst=00:00:00:00:00:03 in_port=2 out_port=1
[FLOW_MOD] t=16803.969884081 dpid=s6 action=add src=00:00:00:00:00:04 dst=00:00:00:00:00:03 in_port=2 out_port=1
[FLOW_MOD] t=16803.970280587 dpid=s18 action=delete-strict src=00:00:00:00:00:04 dst=00:00:00:00:00:03 in_port=3 out_port=1
[FLOW_MOD] t=16803.970584610 dpid=s18 action=add src=00:00:00:00:00:04 dst=00:00:00:00:00:03 in_port=3 out_port=1
[SPF-DONE] BF s19->s16 reachable=11/11
[PATH-COMPUTED] s19->s16: 6 hop(s) path=s19 -> s6 -> s2 -> s3 -> s1 -> s4 -> s16
[FLOW-INSTALL] 00:00:00:00:00:04 → 00:00:00:00:00:01: s19 -> s6 -> s2 -> s3 -> s1 -> s4 -> s16
[FLOW_MOD] t=16803.973717511 dpid=s19 action=delete-strict src=00:00:00:00:00:04 dst=00:00:00:00:00:01 in_port=1 out_port=3
[FLOW_MOD] t=16803.973978344 dpid=s19 action=add src=00:00:00:00:00:04 dst=00:00:00:00:00:01 in_port=1 out_port=3
[FLOW_MOD] t=16803.974259463 dpid=s6 action=delete-strict src=00:00:00:00:00:04 dst=00:00:00:00:00:01 in_port=2 out_port=4
[FLOW_MOD] t=16803.974468107 dpid=s6 action=add src=00:00:00:00:00:04 dst=00:00:00:00:00:01 in_port=2 out_port=4
[FLOW_MOD] t=16803.974791009 dpid=s2 action=delete-strict src=00:00:00:00:00:04 dst=00:00:00:00:00:01 in_port=1 out_port=4
[FLOW_MOD] t=16803.975074793 dpid=s2 action=add src=00:00:00:00:00:04 dst=00:00:00:00:00:01 in_port=1 out_port=4
[FLOW_MOD] t=16803.975425890 dpid=s3 action=delete-strict src=00:00:00:00:00:04 dst=00:00:00:00:00:01 in_port=3 out_port=4
[FLOW_MOD] t=16803.975716365 dpid=s3 action=add src=00:00:00:00:00:04 dst=00:00:00:00:00:01 in_port=3 out_port=4
[FLOW_MOD] t=16803.976135505 dpid=s1 action=delete-strict src=00:00:00:00:00:04 dst=00:00:00:00:00:01 in_port=4 out_port=1
[FLOW_MOD] t=16803.976387144 dpid=s1 action=add src=00:00:00:00:00:04 dst=00:00:00:00:00:01 in_port=4 out_port=1
[FLOW_MOD] t=16803.976698293 dpid=s4 action=delete-strict src=00:00:00:00:00:04 dst=00:00:00:00:00:01 in_port=4 out_port=1
[FLOW_MOD] t=16803.976938263 dpid=s4 action=add src=00:00:00:00:00:04 dst=00:00:00:00:00:01 in_port=4 out_port=1
[FLOW_MOD] t=16803.977252034 dpid=s16 action=delete-strict src=00:00:00:00:00:04 dst=00:00:00:00:00:01 in_port=3 out_port=1
[FLOW_MOD] t=16803.977491615 dpid=s16 action=add src=00:00:00:00:00:04 dst=00:00:00:00:00:01 in_port=3 out_port=1
[FLOW_MOD] t=16803.977823845 dpid=s16 action=delete-strict src=00:00:00:00:00:01 dst=00:00:00:00:00:04 in_port=1 out_port=3
[FLOW_MOD] t=16803.978053793 dpid=s16 action=add src=00:00:00:00:00:01 dst=00:00:00:00:00:04 in_port=1 out_port=3
[FLOW_MOD] t=16803.978324569 dpid=s4 action=delete-strict src=00:00:00:00:00:01 dst=00:00:00:00:00:04 in_port=1 out_port=4
[FLOW_MOD] t=16803.978574492 dpid=s4 action=add src=00:00:00:00:00:01 dst=00:00:00:00:00:04 in_port=1 out_port=4
[FLOW_MOD] t=16803.978900260 dpid=s1 action=delete-strict src=00:00:00:00:00:01 dst=00:00:00:00:00:04 in_port=1 out_port=4
[FLOW_MOD] t=16803.979161969 dpid=s1 action=add src=00:00:00:00:00:01 dst=00:00:00:00:00:04 in_port=1 out_port=4
[FLOW_MOD] t=16803.979602582 dpid=s3 action=delete-strict src=00:00:00:00:00:01 dst=00:00:00:00:00:04 in_port=4 out_port=3
[FLOW_MOD] t=16803.979910479 dpid=s3 action=add src=00:00:00:00:00:01 dst=00:00:00:00:00:04 in_port=4 out_port=3
[FLOW_MOD] t=16803.980321373 dpid=s2 action=delete-strict src=00:00:00:00:00:01 dst=00:00:00:00:00:04 in_port=4 out_port=1
[FLOW_MOD] t=16803.980623275 dpid=s2 action=add src=00:00:00:00:00:01 dst=00:00:00:00:00:04 in_port=4 out_port=1
[FLOW_MOD] t=16803.980947191 dpid=s6 action=delete-strict src=00:00:00:00:00:01 dst=00:00:00:00:00:04 in_port=4 out_port=2
[FLOW_MOD] t=16803.981215347 dpid=s6 action=add src=00:00:00:00:00:01 dst=00:00:00:00:00:04 in_port=4 out_port=2
[FLOW_MOD] t=16803.981539136 dpid=s19 action=delete-strict src=00:00:00:00:00:01 dst=00:00:00:00:00:04 in_port=3 out_port=1
[FLOW_MOD] t=16803.981798462 dpid=s19 action=add src=00:00:00:00:00:01 dst=00:00:00:00:00:04 in_port=3 out_port=1
[SPF-DONE] BF s19->s17 reachable=11/11
[PATH-COMPUTED] s19->s17: 6 hop(s) path=s19 -> s6 -> s2 -> s3 -> s1 -> s4 -> s17
[FLOW-INSTALL] 00:00:00:00:00:04 → 00:00:00:00:00:02: s19 -> s6 -> s2 -> s3 -> s1 -> s4 -> s17
[FLOW_MOD] t=16803.985143565 dpid=s19 action=delete-strict src=00:00:00:00:00:04 dst=00:00:00:00:00:02 in_port=1 out_port=3
[FLOW_MOD] t=16803.985386861 dpid=s19 action=add src=00:00:00:00:00:04 dst=00:00:00:00:00:02 in_port=1 out_port=3
[FLOW_MOD] t=16803.985709666 dpid=s6 action=delete-strict src=00:00:00:00:00:04 dst=00:00:00:00:00:02 in_port=2 out_port=4
[FLOW_MOD] t=16803.985970370 dpid=s6 action=add src=00:00:00:00:00:04 dst=00:00:00:00:00:02 in_port=2 out_port=4
[FLOW_MOD] t=16803.986305380 dpid=s2 action=delete-strict src=00:00:00:00:00:04 dst=00:00:00:00:00:02 in_port=1 out_port=4
[FLOW_MOD] t=16803.986585609 dpid=s2 action=add src=00:00:00:00:00:04 dst=00:00:00:00:00:02 in_port=1 out_port=4
[FLOW_MOD] t=16803.986890042 dpid=s3 action=delete-strict src=00:00:00:00:00:04 dst=00:00:00:00:00:02 in_port=3 out_port=4
[FLOW_MOD] t=16803.987148769 dpid=s3 action=add src=00:00:00:00:00:04 dst=00:00:00:00:00:02 in_port=3 out_port=4
[FLOW_MOD] t=16803.987421292 dpid=s1 action=delete-strict src=00:00:00:00:00:04 dst=00:00:00:00:00:02 in_port=4 out_port=1
[FLOW_MOD] t=16803.987665907 dpid=s1 action=add src=00:00:00:00:00:04 dst=00:00:00:00:00:02 in_port=4 out_port=1
[FLOW_MOD] t=16803.987972088 dpid=s4 action=delete-strict src=00:00:00:00:00:04 dst=00:00:00:00:00:02 in_port=4 out_port=2
[FLOW_MOD] t=16803.988248814 dpid=s4 action=add src=00:00:00:00:00:04 dst=00:00:00:00:00:02 in_port=4 out_port=2
[FLOW_MOD] t=16803.988508419 dpid=s17 action=delete-strict src=00:00:00:00:00:04 dst=00:00:00:00:00:02 in_port=3 out_port=1
[FLOW_MOD] t=16803.988745175 dpid=s17 action=add src=00:00:00:00:00:04 dst=00:00:00:00:00:02 in_port=3 out_port=1
[FLOW_MOD] t=16803.989118968 dpid=s17 action=delete-strict src=00:00:00:00:00:02 dst=00:00:00:00:00:04 in_port=1 out_port=3
[FLOW_MOD] t=16803.989409847 dpid=s17 action=add src=00:00:00:00:00:02 dst=00:00:00:00:00:04 in_port=1 out_port=3
[FLOW_MOD] t=16803.989753070 dpid=s4 action=delete-strict src=00:00:00:00:00:02 dst=00:00:00:00:00:04 in_port=2 out_port=4
[FLOW_MOD] t=16803.989992551 dpid=s4 action=add src=00:00:00:00:00:02 dst=00:00:00:00:00:04 in_port=2 out_port=4
[FLOW_MOD] t=16803.990296030 dpid=s1 action=delete-strict src=00:00:00:00:00:02 dst=00:00:00:00:00:04 in_port=1 out_port=4
[FLOW_MOD] t=16803.990525239 dpid=s1 action=add src=00:00:00:00:00:02 dst=00:00:00:00:00:04 in_port=1 out_port=4
[FLOW_MOD] t=16803.990818951 dpid=s3 action=delete-strict src=00:00:00:00:00:02 dst=00:00:00:00:00:04 in_port=4 out_port=3
[FLOW_MOD] t=16803.991102635 dpid=s3 action=add src=00:00:00:00:00:02 dst=00:00:00:00:00:04 in_port=4 out_port=3
[FLOW_MOD] t=16803.991429157 dpid=s2 action=delete-strict src=00:00:00:00:00:02 dst=00:00:00:00:00:04 in_port=4 out_port=1
[FLOW_MOD] t=16803.991752098 dpid=s2 action=add src=00:00:00:00:00:02 dst=00:00:00:00:00:04 in_port=4 out_port=1
[FLOW_MOD] t=16803.992109114 dpid=s6 action=delete-strict src=00:00:00:00:00:02 dst=00:00:00:00:00:04 in_port=4 out_port=2
[FLOW_MOD] t=16803.992341011 dpid=s6 action=add src=00:00:00:00:00:02 dst=00:00:00:00:00:04 in_port=4 out_port=2
[FLOW_MOD] t=16803.992651956 dpid=s19 action=delete-strict src=00:00:00:00:00:02 dst=00:00:00:00:00:04 in_port=3 out_port=1
[FLOW_MOD] t=16803.992871747 dpid=s19 action=add src=00:00:00:00:00:02 dst=00:00:00:00:00:04 in_port=3 out_port=1
[SPF-DONE] BF s19->s18 reachable=11/11
[PATH-COMPUTED] s19->s18: 2 hop(s) path=s19 -> s6 -> s18
[FLOW-INSTALL] 00:00:00:00:00:04 → 00:00:00:00:00:03: s19 -> s6 -> s18
[FLOW_MOD] t=16803.996080676 dpid=s19 action=delete-strict src=00:00:00:00:00:04 dst=00:00:00:00:00:03 in_port=1 out_port=3
[FLOW_MOD] t=16803.996356041 dpid=s19 action=add src=00:00:00:00:00:04 dst=00:00:00:00:00:03 in_port=1 out_port=3
[FLOW_MOD] t=16803.996771219 dpid=s6 action=delete-strict src=00:00:00:00:00:04 dst=00:00:00:00:00:03 in_port=2 out_port=1
[FLOW_MOD] t=16803.997051464 dpid=s6 action=add src=00:00:00:00:00:04 dst=00:00:00:00:00:03 in_port=2 out_port=1
[FLOW_MOD] t=16803.997429124 dpid=s18 action=delete-strict src=00:00:00:00:00:04 dst=00:00:00:00:00:03 in_port=3 out_port=1
[FLOW_MOD] t=16803.997685529 dpid=s18 action=add src=00:00:00:00:00:04 dst=00:00:00:00:00:03 in_port=3 out_port=1
[FLOW_MOD] t=16803.997976330 dpid=s18 action=delete-strict src=00:00:00:00:00:03 dst=00:00:00:00:00:04 in_port=1 out_port=3
[FLOW_MOD] t=16803.998196345 dpid=s18 action=add src=00:00:00:00:00:03 dst=00:00:00:00:00:04 in_port=1 out_port=3
[FLOW_MOD] t=16803.998466652 dpid=s6 action=delete-strict src=00:00:00:00:00:03 dst=00:00:00:00:00:04 in_port=1 out_port=2
[FLOW_MOD] t=16804.000185959 dpid=s6 action=add src=00:00:00:00:00:03 dst=00:00:00:00:00:04 in_port=1 out_port=2
[FLOW_MOD] t=16804.000662676 dpid=s19 action=delete-strict src=00:00:00:00:00:03 dst=00:00:00:00:00:04 in_port=3 out_port=1
[FLOW_MOD] t=16804.001051765 dpid=s19 action=add src=00:00:00:00:00:03 dst=00:00:00:00:00:04 in_port=3 out_port=1
[TOPO] route refresh: installed=12 skipped=0 unreachable=0 hosts=4
[PORT_STATUS] t=16804.001686347 s1 port=3 reason=modify
[CONVERGENCE-START] id=3 t1=16804.001954833
[PORT_STATUS] t=16804.003800431 s2 port=3 reason=modify
[PORT_STATUS] t=16804.004646819 s2 port=3 reason=modify
[CONVERGENCE-START-SKIP] id=3 duplicate port-status s2 port=3 reason=modify
[PORT_STATUS] t=16804.132352794 s1 port=3 reason=modify
[PORT_STATUS] t=16804.133304640 s2 port=3 reason=modify
[TOPO-CHANGE] (LLDP topology event) switches=11 links=33  delta +1 -0
[TOPO-UP]   [(1, 2)]
[TOPO-REFRESH] flushing 12 flows, rebuilding routes
[TREE-DONE] root=s1 tree_edges=11 reachable=11/11
[SPF-DONE] BF s16->s17 reachable=11/11
[PATH-COMPUTED] s16->s17: 2 hop(s) path=s16 -> s4 -> s17
[FLOW-INSTALL] 00:00:00:00:00:01 → 00:00:00:00:00:02: s16 -> s4 -> s17
[FLOW_MOD] t=16804.719030433 dpid=s16 action=delete-strict src=00:00:00:00:00:01 dst=00:00:00:00:00:02 in_port=1 out_port=3
[FLOW_MOD] t=16804.719454777 dpid=s16 action=add src=00:00:00:00:00:01 dst=00:00:00:00:00:02 in_port=1 out_port=3
[CONVERGENCE-FLOWMOD] id=3 t2=16804.719956367
[FLOW_MOD] t=16804.720482856 dpid=s4 action=delete-strict src=00:00:00:00:00:01 dst=00:00:00:00:00:02 in_port=1 out_port=2
[FLOW_MOD] t=16804.720869652 dpid=s4 action=add src=00:00:00:00:00:01 dst=00:00:00:00:00:02 in_port=1 out_port=2
[FLOW_MOD] t=16804.721365926 dpid=s17 action=delete-strict src=00:00:00:00:00:01 dst=00:00:00:00:00:02 in_port=3 out_port=1
[FLOW_MOD] t=16804.721763517 dpid=s17 action=add src=00:00:00:00:00:01 dst=00:00:00:00:00:02 in_port=3 out_port=1
[FLOW_MOD] t=16804.722244798 dpid=s17 action=delete-strict src=00:00:00:00:00:02 dst=00:00:00:00:00:01 in_port=1 out_port=3
[FLOW_MOD] t=16804.722561392 dpid=s17 action=add src=00:00:00:00:00:02 dst=00:00:00:00:00:01 in_port=1 out_port=3
[FLOW_MOD] t=16804.722978405 dpid=s4 action=delete-strict src=00:00:00:00:00:02 dst=00:00:00:00:00:01 in_port=2 out_port=1
[FLOW_MOD] t=16804.723295219 dpid=s4 action=add src=00:00:00:00:00:02 dst=00:00:00:00:00:01 in_port=2 out_port=1
[FLOW_MOD] t=16804.723873376 dpid=s16 action=delete-strict src=00:00:00:00:00:02 dst=00:00:00:00:00:01 in_port=3 out_port=1
[FLOW_MOD] t=16804.724227139 dpid=s16 action=add src=00:00:00:00:00:02 dst=00:00:00:00:00:01 in_port=3 out_port=1
[SPF-DONE] BF s16->s18 reachable=11/11
[PATH-COMPUTED] s16->s18: 5 hop(s) path=s16 -> s4 -> s1 -> s2 -> s6 -> s18
[FLOW-INSTALL] 00:00:00:00:00:01 → 00:00:00:00:00:03: s16 -> s4 -> s1 -> s2 -> s6 -> s18
[FLOW_MOD] t=16804.728211595 dpid=s16 action=delete-strict src=00:00:00:00:00:01 dst=00:00:00:00:00:03 in_port=1 out_port=3
[FLOW_MOD] t=16804.728508122 dpid=s16 action=add src=00:00:00:00:00:01 dst=00:00:00:00:00:03 in_port=1 out_port=3
[FLOW_MOD] t=16804.728834482 dpid=s4 action=delete-strict src=00:00:00:00:00:01 dst=00:00:00:00:00:03 in_port=1 out_port=4
[FLOW_MOD] t=16804.729090106 dpid=s4 action=add src=00:00:00:00:00:01 dst=00:00:00:00:00:03 in_port=1 out_port=4
[FLOW_MOD] t=16804.729443239 dpid=s1 action=delete-strict src=00:00:00:00:00:01 dst=00:00:00:00:00:03 in_port=1 out_port=3
[FLOW_MOD] t=16804.729707331 dpid=s1 action=add src=00:00:00:00:00:01 dst=00:00:00:00:00:03 in_port=1 out_port=3
[FLOW_MOD] t=16804.730041940 dpid=s2 action=delete-strict src=00:00:00:00:00:01 dst=00:00:00:00:00:03 in_port=3 out_port=1
[FLOW_MOD] t=16804.730331554 dpid=s2 action=add src=00:00:00:00:00:01 dst=00:00:00:00:00:03 in_port=3 out_port=1
[FLOW_MOD] t=16804.730859395 dpid=s6 action=delete-strict src=00:00:00:00:00:01 dst=00:00:00:00:00:03 in_port=4 out_port=1
[FLOW_MOD] t=16804.731140708 dpid=s6 action=add src=00:00:00:00:00:01 dst=00:00:00:00:00:03 in_port=4 out_port=1
[FLOW_MOD] t=16804.731477344 dpid=s18 action=delete-strict src=00:00:00:00:00:01 dst=00:00:00:00:00:03 in_port=3 out_port=1
[FLOW_MOD] t=16804.731724408 dpid=s18 action=add src=00:00:00:00:00:01 dst=00:00:00:00:00:03 in_port=3 out_port=1
[FLOW_MOD] t=16804.732070355 dpid=s18 action=delete-strict src=00:00:00:00:00:03 dst=00:00:00:00:00:01 in_port=1 out_port=3
[FLOW_MOD] t=16804.732327759 dpid=s18 action=add src=00:00:00:00:00:03 dst=00:00:00:00:00:01 in_port=1 out_port=3
[FLOW_MOD] t=16804.732609511 dpid=s6 action=delete-strict src=00:00:00:00:00:03 dst=00:00:00:00:00:01 in_port=1 out_port=4
[FLOW_MOD] t=16804.732817458 dpid=s6 action=add src=00:00:00:00:00:03 dst=00:00:00:00:00:01 in_port=1 out_port=4
[FLOW_MOD] t=16804.733123310 dpid=s2 action=delete-strict src=00:00:00:00:00:03 dst=00:00:00:00:00:01 in_port=1 out_port=3
[FLOW_MOD] t=16804.733368358 dpid=s2 action=add src=00:00:00:00:00:03 dst=00:00:00:00:00:01 in_port=1 out_port=3
[FLOW_MOD] t=16804.733691170 dpid=s1 action=delete-strict src=00:00:00:00:00:03 dst=00:00:00:00:00:01 in_port=3 out_port=1
[FLOW_MOD] t=16804.733911589 dpid=s1 action=add src=00:00:00:00:00:03 dst=00:00:00:00:00:01 in_port=3 out_port=1
[FLOW_MOD] t=16804.734260021 dpid=s4 action=delete-strict src=00:00:00:00:00:03 dst=00:00:00:00:00:01 in_port=4 out_port=1
[FLOW_MOD] t=16804.734513800 dpid=s4 action=add src=00:00:00:00:00:03 dst=00:00:00:00:00:01 in_port=4 out_port=1
[FLOW_MOD] t=16804.734837977 dpid=s16 action=delete-strict src=00:00:00:00:00:03 dst=00:00:00:00:00:01 in_port=3 out_port=1
[FLOW_MOD] t=16804.735102152 dpid=s16 action=add src=00:00:00:00:00:03 dst=00:00:00:00:00:01 in_port=3 out_port=1
[SPF-DONE] BF s16->s19 reachable=11/11
[PATH-COMPUTED] s16->s19: 5 hop(s) path=s16 -> s4 -> s1 -> s2 -> s6 -> s19
[FLOW-INSTALL] 00:00:00:00:00:01 → 00:00:00:00:00:04: s16 -> s4 -> s1 -> s2 -> s6 -> s19
[FLOW_MOD] t=16804.738316303 dpid=s16 action=delete-strict src=00:00:00:00:00:01 dst=00:00:00:00:00:04 in_port=1 out_port=3
[FLOW_MOD] t=16804.738593015 dpid=s16 action=add src=00:00:00:00:00:01 dst=00:00:00:00:00:04 in_port=1 out_port=3
[FLOW_MOD] t=16804.738940279 dpid=s4 action=delete-strict src=00:00:00:00:00:01 dst=00:00:00:00:00:04 in_port=1 out_port=4
[FLOW_MOD] t=16804.739162989 dpid=s4 action=add src=00:00:00:00:00:01 dst=00:00:00:00:00:04 in_port=1 out_port=4
[FLOW_MOD] t=16804.739487820 dpid=s1 action=delete-strict src=00:00:00:00:00:01 dst=00:00:00:00:00:04 in_port=1 out_port=3
[FLOW_MOD] t=16804.739745805 dpid=s1 action=add src=00:00:00:00:00:01 dst=00:00:00:00:00:04 in_port=1 out_port=3
[FLOW_MOD] t=16804.740121641 dpid=s2 action=delete-strict src=00:00:00:00:00:01 dst=00:00:00:00:00:04 in_port=3 out_port=1
[FLOW_MOD] t=16804.740362456 dpid=s2 action=add src=00:00:00:00:00:01 dst=00:00:00:00:00:04 in_port=3 out_port=1
[FLOW_MOD] t=16804.740678258 dpid=s6 action=delete-strict src=00:00:00:00:00:01 dst=00:00:00:00:00:04 in_port=4 out_port=2
[FLOW_MOD] t=16804.740930778 dpid=s6 action=add src=00:00:00:00:00:01 dst=00:00:00:00:00:04 in_port=4 out_port=2
[FLOW_MOD] t=16804.741275608 dpid=s19 action=delete-strict src=00:00:00:00:00:01 dst=00:00:00:00:00:04 in_port=3 out_port=1
[FLOW_MOD] t=16804.741498109 dpid=s19 action=add src=00:00:00:00:00:01 dst=00:00:00:00:00:04 in_port=3 out_port=1
[FLOW_MOD] t=16804.741818009 dpid=s19 action=delete-strict src=00:00:00:00:00:04 dst=00:00:00:00:00:01 in_port=1 out_port=3
[FLOW_MOD] t=16804.742049582 dpid=s19 action=add src=00:00:00:00:00:04 dst=00:00:00:00:00:01 in_port=1 out_port=3
[FLOW_MOD] t=16804.742317918 dpid=s6 action=delete-strict src=00:00:00:00:00:04 dst=00:00:00:00:00:01 in_port=2 out_port=4
[FLOW_MOD] t=16804.742524190 dpid=s6 action=add src=00:00:00:00:00:04 dst=00:00:00:00:00:01 in_port=2 out_port=4
[FLOW_MOD] t=16804.742786551 dpid=s2 action=delete-strict src=00:00:00:00:00:04 dst=00:00:00:00:00:01 in_port=1 out_port=3
[FLOW_MOD] t=16804.743010295 dpid=s2 action=add src=00:00:00:00:00:04 dst=00:00:00:00:00:01 in_port=1 out_port=3
[FLOW_MOD] t=16804.743308646 dpid=s1 action=delete-strict src=00:00:00:00:00:04 dst=00:00:00:00:00:01 in_port=3 out_port=1
[FLOW_MOD] t=16804.743543778 dpid=s1 action=add src=00:00:00:00:00:04 dst=00:00:00:00:00:01 in_port=3 out_port=1
[FLOW_MOD] t=16804.743819685 dpid=s4 action=delete-strict src=00:00:00:00:00:04 dst=00:00:00:00:00:01 in_port=4 out_port=1
[FLOW_MOD] t=16804.744055922 dpid=s4 action=add src=00:00:00:00:00:04 dst=00:00:00:00:00:01 in_port=4 out_port=1
[FLOW_MOD] t=16804.744325504 dpid=s16 action=delete-strict src=00:00:00:00:00:04 dst=00:00:00:00:00:01 in_port=3 out_port=1
[FLOW_MOD] t=16804.744526719 dpid=s16 action=add src=00:00:00:00:00:04 dst=00:00:00:00:00:01 in_port=3 out_port=1
[SPF-DONE] BF s17->s16 reachable=11/11
[PATH-COMPUTED] s17->s16: 2 hop(s) path=s17 -> s4 -> s16
[FLOW-INSTALL] 00:00:00:00:00:02 → 00:00:00:00:00:01: s17 -> s4 -> s16
[FLOW_MOD] t=16804.748177045 dpid=s17 action=delete-strict src=00:00:00:00:00:02 dst=00:00:00:00:00:01 in_port=1 out_port=3
[FLOW_MOD] t=16804.748459179 dpid=s17 action=add src=00:00:00:00:00:02 dst=00:00:00:00:00:01 in_port=1 out_port=3
[FLOW_MOD] t=16804.748823512 dpid=s4 action=delete-strict src=00:00:00:00:00:02 dst=00:00:00:00:00:01 in_port=2 out_port=1
[FLOW_MOD] t=16804.749083421 dpid=s4 action=add src=00:00:00:00:00:02 dst=00:00:00:00:00:01 in_port=2 out_port=1
[FLOW_MOD] t=16804.749378869 dpid=s16 action=delete-strict src=00:00:00:00:00:02 dst=00:00:00:00:00:01 in_port=3 out_port=1
[FLOW_MOD] t=16804.749638576 dpid=s16 action=add src=00:00:00:00:00:02 dst=00:00:00:00:00:01 in_port=3 out_port=1
[FLOW_MOD] t=16804.750088582 dpid=s16 action=delete-strict src=00:00:00:00:00:01 dst=00:00:00:00:00:02 in_port=1 out_port=3
[FLOW_MOD] t=16804.750353681 dpid=s16 action=add src=00:00:00:00:00:01 dst=00:00:00:00:00:02 in_port=1 out_port=3
[FLOW_MOD] t=16804.751978534 dpid=s4 action=delete-strict src=00:00:00:00:00:01 dst=00:00:00:00:00:02 in_port=1 out_port=2
[FLOW_MOD] t=16804.752342209 dpid=s4 action=add src=00:00:00:00:00:01 dst=00:00:00:00:00:02 in_port=1 out_port=2
[FLOW_MOD] t=16804.752676640 dpid=s17 action=delete-strict src=00:00:00:00:00:01 dst=00:00:00:00:00:02 in_port=3 out_port=1
[FLOW_MOD] t=16804.752935222 dpid=s17 action=add src=00:00:00:00:00:01 dst=00:00:00:00:00:02 in_port=3 out_port=1
[SPF-DONE] BF s17->s18 reachable=11/11
[PATH-COMPUTED] s17->s18: 5 hop(s) path=s17 -> s4 -> s1 -> s2 -> s6 -> s18
[FLOW-INSTALL] 00:00:00:00:00:02 → 00:00:00:00:00:03: s17 -> s4 -> s1 -> s2 -> s6 -> s18
[FLOW_MOD] t=16804.756175053 dpid=s17 action=delete-strict src=00:00:00:00:00:02 dst=00:00:00:00:00:03 in_port=1 out_port=3
[FLOW_MOD] t=16804.756412486 dpid=s17 action=add src=00:00:00:00:00:02 dst=00:00:00:00:00:03 in_port=1 out_port=3
[FLOW_MOD] t=16804.756722638 dpid=s4 action=delete-strict src=00:00:00:00:00:02 dst=00:00:00:00:00:03 in_port=2 out_port=4
[FLOW_MOD] t=16804.756979244 dpid=s4 action=add src=00:00:00:00:00:02 dst=00:00:00:00:00:03 in_port=2 out_port=4
[FLOW_MOD] t=16804.757341889 dpid=s1 action=delete-strict src=00:00:00:00:00:02 dst=00:00:00:00:00:03 in_port=1 out_port=3
[FLOW_MOD] t=16804.757586488 dpid=s1 action=add src=00:00:00:00:00:02 dst=00:00:00:00:00:03 in_port=1 out_port=3
[FLOW_MOD] t=16804.757869992 dpid=s2 action=delete-strict src=00:00:00:00:00:02 dst=00:00:00:00:00:03 in_port=3 out_port=1
[FLOW_MOD] t=16804.758131110 dpid=s2 action=add src=00:00:00:00:00:02 dst=00:00:00:00:00:03 in_port=3 out_port=1
[FLOW_MOD] t=16804.758460921 dpid=s6 action=delete-strict src=00:00:00:00:00:02 dst=00:00:00:00:00:03 in_port=4 out_port=1
[FLOW_MOD] t=16804.758711053 dpid=s6 action=add src=00:00:00:00:00:02 dst=00:00:00:00:00:03 in_port=4 out_port=1
[FLOW_MOD] t=16804.759089379 dpid=s18 action=delete-strict src=00:00:00:00:00:02 dst=00:00:00:00:00:03 in_port=3 out_port=1
[FLOW_MOD] t=16804.759330626 dpid=s18 action=add src=00:00:00:00:00:02 dst=00:00:00:00:00:03 in_port=3 out_port=1
[FLOW_MOD] t=16804.759620139 dpid=s18 action=delete-strict src=00:00:00:00:00:03 dst=00:00:00:00:00:02 in_port=1 out_port=3
[FLOW_MOD] t=16804.759827258 dpid=s18 action=add src=00:00:00:00:00:03 dst=00:00:00:00:00:02 in_port=1 out_port=3
[FLOW_MOD] t=16804.760125360 dpid=s6 action=delete-strict src=00:00:00:00:00:03 dst=00:00:00:00:00:02 in_port=1 out_port=4
[FLOW_MOD] t=16804.760355746 dpid=s6 action=add src=00:00:00:00:00:03 dst=00:00:00:00:00:02 in_port=1 out_port=4
[FLOW_MOD] t=16804.760721981 dpid=s2 action=delete-strict src=00:00:00:00:00:03 dst=00:00:00:00:00:02 in_port=1 out_port=3
[FLOW_MOD] t=16804.760930038 dpid=s2 action=add src=00:00:00:00:00:03 dst=00:00:00:00:00:02 in_port=1 out_port=3
[FLOW_MOD] t=16804.761701161 dpid=s1 action=delete-strict src=00:00:00:00:00:03 dst=00:00:00:00:00:02 in_port=3 out_port=1
[FLOW_MOD] t=16804.761978601 dpid=s1 action=add src=00:00:00:00:00:03 dst=00:00:00:00:00:02 in_port=3 out_port=1
[FLOW_MOD] t=16804.762358997 dpid=s4 action=delete-strict src=00:00:00:00:00:03 dst=00:00:00:00:00:02 in_port=4 out_port=2
[FLOW_MOD] t=16804.762637326 dpid=s4 action=add src=00:00:00:00:00:03 dst=00:00:00:00:00:02 in_port=4 out_port=2
[FLOW_MOD] t=16804.762974527 dpid=s17 action=delete-strict src=00:00:00:00:00:03 dst=00:00:00:00:00:02 in_port=3 out_port=1
[FLOW_MOD] t=16804.763196280 dpid=s17 action=add src=00:00:00:00:00:03 dst=00:00:00:00:00:02 in_port=3 out_port=1
[SPF-DONE] BF s17->s19 reachable=11/11
[PATH-COMPUTED] s17->s19: 5 hop(s) path=s17 -> s4 -> s1 -> s2 -> s6 -> s19
[FLOW-INSTALL] 00:00:00:00:00:02 → 00:00:00:00:00:04: s17 -> s4 -> s1 -> s2 -> s6 -> s19
[FLOW_MOD] t=16804.766398538 dpid=s17 action=delete-strict src=00:00:00:00:00:02 dst=00:00:00:00:00:04 in_port=1 out_port=3
[FLOW_MOD] t=16804.766676806 dpid=s17 action=add src=00:00:00:00:00:02 dst=00:00:00:00:00:04 in_port=1 out_port=3
[FLOW_MOD] t=16804.767058372 dpid=s4 action=delete-strict src=00:00:00:00:00:02 dst=00:00:00:00:00:04 in_port=2 out_port=4
[FLOW_MOD] t=16804.767320153 dpid=s4 action=add src=00:00:00:00:00:02 dst=00:00:00:00:00:04 in_port=2 out_port=4
[FLOW_MOD] t=16804.767653287 dpid=s1 action=delete-strict src=00:00:00:00:00:02 dst=00:00:00:00:00:04 in_port=1 out_port=3
[FLOW_MOD] t=16804.767928714 dpid=s1 action=add src=00:00:00:00:00:02 dst=00:00:00:00:00:04 in_port=1 out_port=3
[FLOW_MOD] t=16804.768305160 dpid=s2 action=delete-strict src=00:00:00:00:00:02 dst=00:00:00:00:00:04 in_port=3 out_port=1
[FLOW_MOD] t=16804.768592397 dpid=s2 action=add src=00:00:00:00:00:02 dst=00:00:00:00:00:04 in_port=3 out_port=1
[FLOW_MOD] t=16804.768932822 dpid=s6 action=delete-strict src=00:00:00:00:00:02 dst=00:00:00:00:00:04 in_port=4 out_port=2
[FLOW_MOD] t=16804.769232596 dpid=s6 action=add src=00:00:00:00:00:02 dst=00:00:00:00:00:04 in_port=4 out_port=2
[FLOW_MOD] t=16804.769660651 dpid=s19 action=delete-strict src=00:00:00:00:00:02 dst=00:00:00:00:00:04 in_port=3 out_port=1
[FLOW_MOD] t=16804.769965684 dpid=s19 action=add src=00:00:00:00:00:02 dst=00:00:00:00:00:04 in_port=3 out_port=1
[FLOW_MOD] t=16804.770321884 dpid=s19 action=delete-strict src=00:00:00:00:00:04 dst=00:00:00:00:00:02 in_port=1 out_port=3
[FLOW_MOD] t=16804.770614373 dpid=s19 action=add src=00:00:00:00:00:04 dst=00:00:00:00:00:02 in_port=1 out_port=3
[FLOW_MOD] t=16804.771028905 dpid=s6 action=delete-strict src=00:00:00:00:00:04 dst=00:00:00:00:00:02 in_port=2 out_port=4
[FLOW_MOD] t=16804.771371182 dpid=s6 action=add src=00:00:00:00:00:04 dst=00:00:00:00:00:02 in_port=2 out_port=4
[FLOW_MOD] t=16804.771818924 dpid=s2 action=delete-strict src=00:00:00:00:00:04 dst=00:00:00:00:00:02 in_port=1 out_port=3
[FLOW_MOD] t=16804.772139378 dpid=s2 action=add src=00:00:00:00:00:04 dst=00:00:00:00:00:02 in_port=1 out_port=3
[FLOW_MOD] t=16804.772528178 dpid=s1 action=delete-strict src=00:00:00:00:00:04 dst=00:00:00:00:00:02 in_port=3 out_port=1
[FLOW_MOD] t=16804.772822457 dpid=s1 action=add src=00:00:00:00:00:04 dst=00:00:00:00:00:02 in_port=3 out_port=1
[FLOW_MOD] t=16804.773190790 dpid=s4 action=delete-strict src=00:00:00:00:00:04 dst=00:00:00:00:00:02 in_port=4 out_port=2
[FLOW_MOD] t=16804.773481773 dpid=s4 action=add src=00:00:00:00:00:04 dst=00:00:00:00:00:02 in_port=4 out_port=2
[FLOW_MOD] t=16804.773899940 dpid=s17 action=delete-strict src=00:00:00:00:00:04 dst=00:00:00:00:00:02 in_port=3 out_port=1
[FLOW_MOD] t=16804.774196513 dpid=s17 action=add src=00:00:00:00:00:04 dst=00:00:00:00:00:02 in_port=3 out_port=1
[SPF-DONE] BF s18->s16 reachable=11/11
[PATH-COMPUTED] s18->s16: 5 hop(s) path=s18 -> s6 -> s2 -> s1 -> s4 -> s16
[FLOW-INSTALL] 00:00:00:00:00:03 → 00:00:00:00:00:01: s18 -> s6 -> s2 -> s1 -> s4 -> s16
[FLOW_MOD] t=16804.778882879 dpid=s18 action=delete-strict src=00:00:00:00:00:03 dst=00:00:00:00:00:01 in_port=1 out_port=3
[FLOW_MOD] t=16804.779182442 dpid=s18 action=add src=00:00:00:00:00:03 dst=00:00:00:00:00:01 in_port=1 out_port=3
[FLOW_MOD] t=16804.779492802 dpid=s6 action=delete-strict src=00:00:00:00:00:03 dst=00:00:00:00:00:01 in_port=1 out_port=4
[FLOW_MOD] t=16804.779718176 dpid=s6 action=add src=00:00:00:00:00:03 dst=00:00:00:00:00:01 in_port=1 out_port=4
[FLOW_MOD] t=16804.780109922 dpid=s2 action=delete-strict src=00:00:00:00:00:03 dst=00:00:00:00:00:01 in_port=1 out_port=3
[FLOW_MOD] t=16804.780412596 dpid=s2 action=add src=00:00:00:00:00:03 dst=00:00:00:00:00:01 in_port=1 out_port=3
[FLOW_MOD] t=16804.780734488 dpid=s1 action=delete-strict src=00:00:00:00:00:03 dst=00:00:00:00:00:01 in_port=3 out_port=1
[FLOW_MOD] t=16804.781012840 dpid=s1 action=add src=00:00:00:00:00:03 dst=00:00:00:00:00:01 in_port=3 out_port=1
[FLOW_MOD] t=16804.781374251 dpid=s4 action=delete-strict src=00:00:00:00:00:03 dst=00:00:00:00:00:01 in_port=4 out_port=1
[FLOW_MOD] t=16804.781650513 dpid=s4 action=add src=00:00:00:00:00:03 dst=00:00:00:00:00:01 in_port=4 out_port=1
[FLOW_MOD] t=16804.782006894 dpid=s16 action=delete-strict src=00:00:00:00:00:03 dst=00:00:00:00:00:01 in_port=3 out_port=1
[FLOW_MOD] t=16804.782284081 dpid=s16 action=add src=00:00:00:00:00:03 dst=00:00:00:00:00:01 in_port=3 out_port=1
[FLOW_MOD] t=16804.782645360 dpid=s16 action=delete-strict src=00:00:00:00:00:01 dst=00:00:00:00:00:03 in_port=1 out_port=3
[FLOW_MOD] t=16804.782903565 dpid=s16 action=add src=00:00:00:00:00:01 dst=00:00:00:00:00:03 in_port=1 out_port=3
[FLOW_MOD] t=16804.783273176 dpid=s4 action=delete-strict src=00:00:00:00:00:01 dst=00:00:00:00:00:03 in_port=1 out_port=4
[FLOW_MOD] t=16804.783535181 dpid=s4 action=add src=00:00:00:00:00:01 dst=00:00:00:00:00:03 in_port=1 out_port=4
[FLOW_MOD] t=16804.783996767 dpid=s1 action=delete-strict src=00:00:00:00:00:01 dst=00:00:00:00:00:03 in_port=1 out_port=3
[FLOW_MOD] t=16804.784360924 dpid=s1 action=add src=00:00:00:00:00:01 dst=00:00:00:00:00:03 in_port=1 out_port=3
[FLOW_MOD] t=16804.784862847 dpid=s2 action=delete-strict src=00:00:00:00:00:01 dst=00:00:00:00:00:03 in_port=3 out_port=1
[FLOW_MOD] t=16804.785193176 dpid=s2 action=add src=00:00:00:00:00:01 dst=00:00:00:00:00:03 in_port=3 out_port=1
[FLOW_MOD] t=16804.785613382 dpid=s6 action=delete-strict src=00:00:00:00:00:01 dst=00:00:00:00:00:03 in_port=4 out_port=1
[FLOW_MOD] t=16804.785944329 dpid=s6 action=add src=00:00:00:00:00:01 dst=00:00:00:00:00:03 in_port=4 out_port=1
[FLOW_MOD] t=16804.786315390 dpid=s18 action=delete-strict src=00:00:00:00:00:01 dst=00:00:00:00:00:03 in_port=3 out_port=1
[FLOW_MOD] t=16804.786600292 dpid=s18 action=add src=00:00:00:00:00:01 dst=00:00:00:00:00:03 in_port=3 out_port=1
[SPF-DONE] BF s18->s17 reachable=11/11
[PATH-COMPUTED] s18->s17: 5 hop(s) path=s18 -> s6 -> s2 -> s1 -> s4 -> s17
[FLOW-INSTALL] 00:00:00:00:00:03 → 00:00:00:00:00:02: s18 -> s6 -> s2 -> s1 -> s4 -> s17
[FLOW_MOD] t=16804.790424164 dpid=s18 action=delete-strict src=00:00:00:00:00:03 dst=00:00:00:00:00:02 in_port=1 out_port=3
[FLOW_MOD] t=16804.790764652 dpid=s18 action=add src=00:00:00:00:00:03 dst=00:00:00:00:00:02 in_port=1 out_port=3
[FLOW_MOD] t=16804.791082104 dpid=s6 action=delete-strict src=00:00:00:00:00:03 dst=00:00:00:00:00:02 in_port=1 out_port=4
[FLOW_MOD] t=16804.791316233 dpid=s6 action=add src=00:00:00:00:00:03 dst=00:00:00:00:00:02 in_port=1 out_port=4
[FLOW_MOD] t=16804.791644172 dpid=s2 action=delete-strict src=00:00:00:00:00:03 dst=00:00:00:00:00:02 in_port=1 out_port=3
[FLOW_MOD] t=16804.791911713 dpid=s2 action=add src=00:00:00:00:00:03 dst=00:00:00:00:00:02 in_port=1 out_port=3
[FLOW_MOD] t=16804.792238795 dpid=s1 action=delete-strict src=00:00:00:00:00:03 dst=00:00:00:00:00:02 in_port=3 out_port=1
[FLOW_MOD] t=16804.792524860 dpid=s1 action=add src=00:00:00:00:00:03 dst=00:00:00:00:00:02 in_port=3 out_port=1
[FLOW_MOD] t=16804.792839679 dpid=s4 action=delete-strict src=00:00:00:00:00:03 dst=00:00:00:00:00:02 in_port=4 out_port=2
[FLOW_MOD] t=16804.793067669 dpid=s4 action=add src=00:00:00:00:00:03 dst=00:00:00:00:00:02 in_port=4 out_port=2
[FLOW_MOD] t=16804.793358026 dpid=s17 action=delete-strict src=00:00:00:00:00:03 dst=00:00:00:00:00:02 in_port=3 out_port=1
[FLOW_MOD] t=16804.793572098 dpid=s17 action=add src=00:00:00:00:00:03 dst=00:00:00:00:00:02 in_port=3 out_port=1
[FLOW_MOD] t=16804.793847916 dpid=s17 action=delete-strict src=00:00:00:00:00:02 dst=00:00:00:00:00:03 in_port=1 out_port=3
[FLOW_MOD] t=16804.794071811 dpid=s17 action=add src=00:00:00:00:00:02 dst=00:00:00:00:00:03 in_port=1 out_port=3
[FLOW_MOD] t=16804.794380509 dpid=s4 action=delete-strict src=00:00:00:00:00:02 dst=00:00:00:00:00:03 in_port=2 out_port=4
[FLOW_MOD] t=16804.796173453 dpid=s4 action=add src=00:00:00:00:00:02 dst=00:00:00:00:00:03 in_port=2 out_port=4
[FLOW_MOD] t=16804.796580501 dpid=s1 action=delete-strict src=00:00:00:00:00:02 dst=00:00:00:00:00:03 in_port=1 out_port=3
[FLOW_MOD] t=16804.796943827 dpid=s1 action=add src=00:00:00:00:00:02 dst=00:00:00:00:00:03 in_port=1 out_port=3
[FLOW_MOD] t=16804.797292388 dpid=s2 action=delete-strict src=00:00:00:00:00:02 dst=00:00:00:00:00:03 in_port=3 out_port=1
[FLOW_MOD] t=16804.797562257 dpid=s2 action=add src=00:00:00:00:00:02 dst=00:00:00:00:00:03 in_port=3 out_port=1
[FLOW_MOD] t=16804.797861066 dpid=s6 action=delete-strict src=00:00:00:00:00:02 dst=00:00:00:00:00:03 in_port=4 out_port=1
[FLOW_MOD] t=16804.798134080 dpid=s6 action=add src=00:00:00:00:00:02 dst=00:00:00:00:00:03 in_port=4 out_port=1
[FLOW_MOD] t=16804.798481265 dpid=s18 action=delete-strict src=00:00:00:00:00:02 dst=00:00:00:00:00:03 in_port=3 out_port=1
[FLOW_MOD] t=16804.798738980 dpid=s18 action=add src=00:00:00:00:00:02 dst=00:00:00:00:00:03 in_port=3 out_port=1
[SPF-DONE] BF s18->s19 reachable=11/11
[PATH-COMPUTED] s18->s19: 2 hop(s) path=s18 -> s6 -> s19
[FLOW-INSTALL] 00:00:00:00:00:03 → 00:00:00:00:00:04: s18 -> s6 -> s19
[FLOW_MOD] t=16804.802408518 dpid=s18 action=delete-strict src=00:00:00:00:00:03 dst=00:00:00:00:00:04 in_port=1 out_port=3
[FLOW_MOD] t=16804.802714617 dpid=s18 action=add src=00:00:00:00:00:03 dst=00:00:00:00:00:04 in_port=1 out_port=3
[FLOW_MOD] t=16804.803045336 dpid=s6 action=delete-strict src=00:00:00:00:00:03 dst=00:00:00:00:00:04 in_port=1 out_port=2
[FLOW_MOD] t=16804.803298316 dpid=s6 action=add src=00:00:00:00:00:03 dst=00:00:00:00:00:04 in_port=1 out_port=2
[FLOW_MOD] t=16804.803607599 dpid=s19 action=delete-strict src=00:00:00:00:00:03 dst=00:00:00:00:00:04 in_port=3 out_port=1
[FLOW_MOD] t=16804.803828494 dpid=s19 action=add src=00:00:00:00:00:03 dst=00:00:00:00:00:04 in_port=3 out_port=1
[FLOW_MOD] t=16804.804165402 dpid=s19 action=delete-strict src=00:00:00:00:00:04 dst=00:00:00:00:00:03 in_port=1 out_port=3
[FLOW_MOD] t=16804.804392743 dpid=s19 action=add src=00:00:00:00:00:04 dst=00:00:00:00:00:03 in_port=1 out_port=3
[FLOW_MOD] t=16804.804694565 dpid=s6 action=delete-strict src=00:00:00:00:00:04 dst=00:00:00:00:00:03 in_port=2 out_port=1
[FLOW_MOD] t=16804.804953484 dpid=s6 action=add src=00:00:00:00:00:04 dst=00:00:00:00:00:03 in_port=2 out_port=1
[FLOW_MOD] t=16804.805263180 dpid=s18 action=delete-strict src=00:00:00:00:00:04 dst=00:00:00:00:00:03 in_port=3 out_port=1
[FLOW_MOD] t=16804.805482060 dpid=s18 action=add src=00:00:00:00:00:04 dst=00:00:00:00:00:03 in_port=3 out_port=1
[SPF-DONE] BF s19->s16 reachable=11/11
[PATH-COMPUTED] s19->s16: 5 hop(s) path=s19 -> s6 -> s2 -> s1 -> s4 -> s16
[FLOW-INSTALL] 00:00:00:00:00:04 → 00:00:00:00:00:01: s19 -> s6 -> s2 -> s1 -> s4 -> s16
[FLOW_MOD] t=16804.808905239 dpid=s19 action=delete-strict src=00:00:00:00:00:04 dst=00:00:00:00:00:01 in_port=1 out_port=3
[FLOW_MOD] t=16804.809196611 dpid=s19 action=add src=00:00:00:00:00:04 dst=00:00:00:00:00:01 in_port=1 out_port=3
[FLOW_MOD] t=16804.809603453 dpid=s6 action=delete-strict src=00:00:00:00:00:04 dst=00:00:00:00:00:01 in_port=2 out_port=4
[FLOW_MOD] t=16804.809850553 dpid=s6 action=add src=00:00:00:00:00:04 dst=00:00:00:00:00:01 in_port=2 out_port=4
[FLOW_MOD] t=16804.810162110 dpid=s2 action=delete-strict src=00:00:00:00:00:04 dst=00:00:00:00:00:01 in_port=1 out_port=3
[FLOW_MOD] t=16804.810401550 dpid=s2 action=add src=00:00:00:00:00:04 dst=00:00:00:00:00:01 in_port=1 out_port=3
[FLOW_MOD] t=16804.810693716 dpid=s1 action=delete-strict src=00:00:00:00:00:04 dst=00:00:00:00:00:01 in_port=3 out_port=1
[FLOW_MOD] t=16804.810918651 dpid=s1 action=add src=00:00:00:00:00:04 dst=00:00:00:00:00:01 in_port=3 out_port=1
[FLOW_MOD] t=16804.811195545 dpid=s4 action=delete-strict src=00:00:00:00:00:04 dst=00:00:00:00:00:01 in_port=4 out_port=1
[FLOW_MOD] t=16804.811422874 dpid=s4 action=add src=00:00:00:00:00:04 dst=00:00:00:00:00:01 in_port=4 out_port=1
[FLOW_MOD] t=16804.811760100 dpid=s16 action=delete-strict src=00:00:00:00:00:04 dst=00:00:00:00:00:01 in_port=3 out_port=1
[FLOW_MOD] t=16804.812081253 dpid=s16 action=add src=00:00:00:00:00:04 dst=00:00:00:00:00:01 in_port=3 out_port=1
[FLOW_MOD] t=16804.812414619 dpid=s16 action=delete-strict src=00:00:00:00:00:01 dst=00:00:00:00:00:04 in_port=1 out_port=3
[FLOW_MOD] t=16804.812726067 dpid=s16 action=add src=00:00:00:00:00:01 dst=00:00:00:00:00:04 in_port=1 out_port=3
[FLOW_MOD] t=16804.813051888 dpid=s4 action=delete-strict src=00:00:00:00:00:01 dst=00:00:00:00:00:04 in_port=1 out_port=4
[FLOW_MOD] t=16804.813315509 dpid=s4 action=add src=00:00:00:00:00:01 dst=00:00:00:00:00:04 in_port=1 out_port=4
[FLOW_MOD] t=16804.813667332 dpid=s1 action=delete-strict src=00:00:00:00:00:01 dst=00:00:00:00:00:04 in_port=1 out_port=3
[FLOW_MOD] t=16804.813933543 dpid=s1 action=add src=00:00:00:00:00:01 dst=00:00:00:00:00:04 in_port=1 out_port=3
[FLOW_MOD] t=16804.814271833 dpid=s2 action=delete-strict src=00:00:00:00:00:01 dst=00:00:00:00:00:04 in_port=3 out_port=1
[FLOW_MOD] t=16804.814565466 dpid=s2 action=add src=00:00:00:00:00:01 dst=00:00:00:00:00:04 in_port=3 out_port=1
[FLOW_MOD] t=16804.814957662 dpid=s6 action=delete-strict src=00:00:00:00:00:01 dst=00:00:00:00:00:04 in_port=4 out_port=2
[FLOW_MOD] t=16804.815230631 dpid=s6 action=add src=00:00:00:00:00:01 dst=00:00:00:00:00:04 in_port=4 out_port=2
[FLOW_MOD] t=16804.815695892 dpid=s19 action=delete-strict src=00:00:00:00:00:01 dst=00:00:00:00:00:04 in_port=3 out_port=1
[FLOW_MOD] t=16804.815972341 dpid=s19 action=add src=00:00:00:00:00:01 dst=00:00:00:00:00:04 in_port=3 out_port=1
[SPF-DONE] BF s19->s17 reachable=11/11
[PATH-COMPUTED] s19->s17: 5 hop(s) path=s19 -> s6 -> s2 -> s1 -> s4 -> s17
[FLOW-INSTALL] 00:00:00:00:00:04 → 00:00:00:00:00:02: s19 -> s6 -> s2 -> s1 -> s4 -> s17
[FLOW_MOD] t=16804.819755107 dpid=s19 action=delete-strict src=00:00:00:00:00:04 dst=00:00:00:00:00:02 in_port=1 out_port=3
[FLOW_MOD] t=16804.820074934 dpid=s19 action=add src=00:00:00:00:00:04 dst=00:00:00:00:00:02 in_port=1 out_port=3
[FLOW_MOD] t=16804.820453734 dpid=s6 action=delete-strict src=00:00:00:00:00:04 dst=00:00:00:00:00:02 in_port=2 out_port=4
[FLOW_MOD] t=16804.820723780 dpid=s6 action=add src=00:00:00:00:00:04 dst=00:00:00:00:00:02 in_port=2 out_port=4
[FLOW_MOD] t=16804.821065771 dpid=s2 action=delete-strict src=00:00:00:00:00:04 dst=00:00:00:00:00:02 in_port=1 out_port=3
[FLOW_MOD] t=16804.821429622 dpid=s2 action=add src=00:00:00:00:00:04 dst=00:00:00:00:00:02 in_port=1 out_port=3
[FLOW_MOD] t=16804.821850985 dpid=s1 action=delete-strict src=00:00:00:00:00:04 dst=00:00:00:00:00:02 in_port=3 out_port=1
[FLOW_MOD] t=16804.822135944 dpid=s1 action=add src=00:00:00:00:00:04 dst=00:00:00:00:00:02 in_port=3 out_port=1
[FLOW_MOD] t=16804.822476620 dpid=s4 action=delete-strict src=00:00:00:00:00:04 dst=00:00:00:00:00:02 in_port=4 out_port=2
[FLOW_MOD] t=16804.822729237 dpid=s4 action=add src=00:00:00:00:00:04 dst=00:00:00:00:00:02 in_port=4 out_port=2
[FLOW_MOD] t=16804.823095555 dpid=s17 action=delete-strict src=00:00:00:00:00:04 dst=00:00:00:00:00:02 in_port=3 out_port=1
[FLOW_MOD] t=16804.823398524 dpid=s17 action=add src=00:00:00:00:00:04 dst=00:00:00:00:00:02 in_port=3 out_port=1
[FLOW_MOD] t=16804.823738800 dpid=s17 action=delete-strict src=00:00:00:00:00:02 dst=00:00:00:00:00:04 in_port=1 out_port=3
[FLOW_MOD] t=16804.823979655 dpid=s17 action=add src=00:00:00:00:00:02 dst=00:00:00:00:00:04 in_port=1 out_port=3
[FLOW_MOD] t=16804.824441264 dpid=s4 action=delete-strict src=00:00:00:00:00:02 dst=00:00:00:00:00:04 in_port=2 out_port=4
[FLOW_MOD] t=16804.824723884 dpid=s4 action=add src=00:00:00:00:00:02 dst=00:00:00:00:00:04 in_port=2 out_port=4
[FLOW_MOD] t=16804.825016170 dpid=s1 action=delete-strict src=00:00:00:00:00:02 dst=00:00:00:00:00:04 in_port=1 out_port=3
[FLOW_MOD] t=16804.825323946 dpid=s1 action=add src=00:00:00:00:00:02 dst=00:00:00:00:00:04 in_port=1 out_port=3
[FLOW_MOD] t=16804.825744313 dpid=s2 action=delete-strict src=00:00:00:00:00:02 dst=00:00:00:00:00:04 in_port=3 out_port=1
[FLOW_MOD] t=16804.826084883 dpid=s2 action=add src=00:00:00:00:00:02 dst=00:00:00:00:00:04 in_port=3 out_port=1
[FLOW_MOD] t=16804.826484058 dpid=s6 action=delete-strict src=00:00:00:00:00:02 dst=00:00:00:00:00:04 in_port=4 out_port=2
[FLOW_MOD] t=16804.826759709 dpid=s6 action=add src=00:00:00:00:00:02 dst=00:00:00:00:00:04 in_port=4 out_port=2
[FLOW_MOD] t=16804.827109053 dpid=s19 action=delete-strict src=00:00:00:00:00:02 dst=00:00:00:00:00:04 in_port=3 out_port=1
[FLOW_MOD] t=16804.827395991 dpid=s19 action=add src=00:00:00:00:00:02 dst=00:00:00:00:00:04 in_port=3 out_port=1
[SPF-DONE] BF s19->s18 reachable=11/11
[PATH-COMPUTED] s19->s18: 2 hop(s) path=s19 -> s6 -> s18
[FLOW-INSTALL] 00:00:00:00:00:04 → 00:00:00:00:00:03: s19 -> s6 -> s18
[FLOW_MOD] t=16804.830835910 dpid=s19 action=delete-strict src=00:00:00:00:00:04 dst=00:00:00:00:00:03 in_port=1 out_port=3
[FLOW_MOD] t=16804.831124505 dpid=s19 action=add src=00:00:00:00:00:04 dst=00:00:00:00:00:03 in_port=1 out_port=3
[FLOW_MOD] t=16804.831466582 dpid=s6 action=delete-strict src=00:00:00:00:00:04 dst=00:00:00:00:00:03 in_port=2 out_port=1
[FLOW_MOD] t=16804.831704195 dpid=s6 action=add src=00:00:00:00:00:04 dst=00:00:00:00:00:03 in_port=2 out_port=1
[FLOW_MOD] t=16804.832091053 dpid=s18 action=delete-strict src=00:00:00:00:00:04 dst=00:00:00:00:00:03 in_port=3 out_port=1
[FLOW_MOD] t=16804.832333519 dpid=s18 action=add src=00:00:00:00:00:04 dst=00:00:00:00:00:03 in_port=3 out_port=1
[FLOW_MOD] t=16804.832625405 dpid=s18 action=delete-strict src=00:00:00:00:00:03 dst=00:00:00:00:00:04 in_port=1 out_port=3
[FLOW_MOD] t=16804.832865921 dpid=s18 action=add src=00:00:00:00:00:03 dst=00:00:00:00:00:04 in_port=1 out_port=3
[FLOW_MOD] t=16804.833208419 dpid=s6 action=delete-strict src=00:00:00:00:00:03 dst=00:00:00:00:00:04 in_port=1 out_port=2
[FLOW_MOD] t=16804.835313689 dpid=s6 action=add src=00:00:00:00:00:03 dst=00:00:00:00:00:04 in_port=1 out_port=2
[FLOW_MOD] t=16804.836076090 dpid=s19 action=delete-strict src=00:00:00:00:00:03 dst=00:00:00:00:00:04 in_port=3 out_port=1
[FLOW_MOD] t=16804.836349647 dpid=s19 action=add src=00:00:00:00:00:03 dst=00:00:00:00:00:04 in_port=3 out_port=1
[TOPO] route refresh: installed=12 skipped=0 unreachable=0 hosts=4
[CONVERGENCE-END] id=3 convergence_ms=718.002 installed=12 skipped=0 unreachable=0 hosts=4
[TOPO-CHANGE] (LLDP topology event) switches=11 links=34  delta +1 -0
[TOPO-UP]   [(2, 1)]
[TOPO-REFRESH] flushing 12 flows, rebuilding routes
[TREE-DONE] root=s1 tree_edges=11 reachable=11/11
[SPF-DONE] BF s16->s17 reachable=11/11
[PATH-COMPUTED] s16->s17: 2 hop(s) path=s16 -> s4 -> s17
[FLOW-INSTALL] 00:00:00:00:00:01 → 00:00:00:00:00:02: s16 -> s4 -> s17
[FLOW_MOD] t=16804.956220757 dpid=s16 action=delete-strict src=00:00:00:00:00:01 dst=00:00:00:00:00:02 in_port=1 out_port=3
[FLOW_MOD] t=16804.956544395 dpid=s16 action=add src=00:00:00:00:00:01 dst=00:00:00:00:00:02 in_port=1 out_port=3
[FLOW_MOD] t=16804.957019631 dpid=s4 action=delete-strict src=00:00:00:00:00:01 dst=00:00:00:00:00:02 in_port=1 out_port=2
[FLOW_MOD] t=16804.957350490 dpid=s4 action=add src=00:00:00:00:00:01 dst=00:00:00:00:00:02 in_port=1 out_port=2
[FLOW_MOD] t=16804.957744889 dpid=s17 action=delete-strict src=00:00:00:00:00:01 dst=00:00:00:00:00:02 in_port=3 out_port=1
[FLOW_MOD] t=16804.958183795 dpid=s17 action=add src=00:00:00:00:00:01 dst=00:00:00:00:00:02 in_port=3 out_port=1
[FLOW_MOD] t=16804.958632670 dpid=s17 action=delete-strict src=00:00:00:00:00:02 dst=00:00:00:00:00:01 in_port=1 out_port=3
[FLOW_MOD] t=16804.959015663 dpid=s17 action=add src=00:00:00:00:00:02 dst=00:00:00:00:00:01 in_port=1 out_port=3
[FLOW_MOD] t=16804.959496031 dpid=s4 action=delete-strict src=00:00:00:00:00:02 dst=00:00:00:00:00:01 in_port=2 out_port=1
[FLOW_MOD] t=16804.959891237 dpid=s4 action=add src=00:00:00:00:00:02 dst=00:00:00:00:00:01 in_port=2 out_port=1
[FLOW_MOD] t=16804.960479263 dpid=s16 action=delete-strict src=00:00:00:00:00:02 dst=00:00:00:00:00:01 in_port=3 out_port=1
[FLOW_MOD] t=16804.960833064 dpid=s16 action=add src=00:00:00:00:00:02 dst=00:00:00:00:00:01 in_port=3 out_port=1
[SPF-DONE] BF s16->s18 reachable=11/11
[PATH-COMPUTED] s16->s18: 5 hop(s) path=s16 -> s4 -> s1 -> s2 -> s6 -> s18
[FLOW-INSTALL] 00:00:00:00:00:01 → 00:00:00:00:00:03: s16 -> s4 -> s1 -> s2 -> s6 -> s18
[FLOW_MOD] t=16804.965701104 dpid=s16 action=delete-strict src=00:00:00:00:00:01 dst=00:00:00:00:00:03 in_port=1 out_port=3
[FLOW_MOD] t=16804.966069124 dpid=s16 action=add src=00:00:00:00:00:01 dst=00:00:00:00:00:03 in_port=1 out_port=3
[FLOW_MOD] t=16804.966502287 dpid=s4 action=delete-strict src=00:00:00:00:00:01 dst=00:00:00:00:00:03 in_port=1 out_port=4
[FLOW_MOD] t=16804.966836955 dpid=s4 action=add src=00:00:00:00:00:01 dst=00:00:00:00:00:03 in_port=1 out_port=4
[FLOW_MOD] t=16804.967239160 dpid=s1 action=delete-strict src=00:00:00:00:00:01 dst=00:00:00:00:00:03 in_port=1 out_port=3
[FLOW_MOD] t=16804.967556163 dpid=s1 action=add src=00:00:00:00:00:01 dst=00:00:00:00:00:03 in_port=1 out_port=3
[FLOW_MOD] t=16804.967893035 dpid=s2 action=delete-strict src=00:00:00:00:00:01 dst=00:00:00:00:00:03 in_port=3 out_port=1
[FLOW_MOD] t=16804.968148679 dpid=s2 action=add src=00:00:00:00:00:01 dst=00:00:00:00:00:03 in_port=3 out_port=1
[FLOW_MOD] t=16804.968603636 dpid=s6 action=delete-strict src=00:00:00:00:00:01 dst=00:00:00:00:00:03 in_port=4 out_port=1
[FLOW_MOD] t=16804.968861381 dpid=s6 action=add src=00:00:00:00:00:01 dst=00:00:00:00:00:03 in_port=4 out_port=1
[FLOW_MOD] t=16804.969271351 dpid=s18 action=delete-strict src=00:00:00:00:00:01 dst=00:00:00:00:00:03 in_port=3 out_port=1
[FLOW_MOD] t=16804.969577960 dpid=s18 action=add src=00:00:00:00:00:01 dst=00:00:00:00:00:03 in_port=3 out_port=1
[FLOW_MOD] t=16804.969905318 dpid=s18 action=delete-strict src=00:00:00:00:00:03 dst=00:00:00:00:00:01 in_port=1 out_port=3
[FLOW_MOD] t=16804.970162532 dpid=s18 action=add src=00:00:00:00:00:03 dst=00:00:00:00:00:01 in_port=1 out_port=3
[FLOW_MOD] t=16804.970534870 dpid=s6 action=delete-strict src=00:00:00:00:00:03 dst=00:00:00:00:00:01 in_port=1 out_port=4
[FLOW_MOD] t=16804.970779739 dpid=s6 action=add src=00:00:00:00:00:03 dst=00:00:00:00:00:01 in_port=1 out_port=4
[FLOW_MOD] t=16804.971068404 dpid=s2 action=delete-strict src=00:00:00:00:00:03 dst=00:00:00:00:00:01 in_port=1 out_port=3
[FLOW_MOD] t=16804.971299553 dpid=s2 action=add src=00:00:00:00:00:03 dst=00:00:00:00:00:01 in_port=1 out_port=3
[FLOW_MOD] t=16804.971626081 dpid=s1 action=delete-strict src=00:00:00:00:00:03 dst=00:00:00:00:00:01 in_port=3 out_port=1
[FLOW_MOD] t=16804.971870686 dpid=s1 action=add src=00:00:00:00:00:03 dst=00:00:00:00:00:01 in_port=3 out_port=1
[FLOW_MOD] t=16804.972308487 dpid=s4 action=delete-strict src=00:00:00:00:00:03 dst=00:00:00:00:00:01 in_port=4 out_port=1
[FLOW_MOD] t=16804.972582091 dpid=s4 action=add src=00:00:00:00:00:03 dst=00:00:00:00:00:01 in_port=4 out_port=1
[FLOW_MOD] t=16804.972914508 dpid=s16 action=delete-strict src=00:00:00:00:00:03 dst=00:00:00:00:00:01 in_port=3 out_port=1
[FLOW_MOD] t=16804.973166884 dpid=s16 action=add src=00:00:00:00:00:03 dst=00:00:00:00:00:01 in_port=3 out_port=1
[SPF-DONE] BF s16->s19 reachable=11/11
[PATH-COMPUTED] s16->s19: 5 hop(s) path=s16 -> s4 -> s1 -> s2 -> s6 -> s19
[FLOW-INSTALL] 00:00:00:00:00:01 → 00:00:00:00:00:04: s16 -> s4 -> s1 -> s2 -> s6 -> s19
[FLOW_MOD] t=16804.976765117 dpid=s16 action=delete-strict src=00:00:00:00:00:01 dst=00:00:00:00:00:04 in_port=1 out_port=3
[FLOW_MOD] t=16804.977020462 dpid=s16 action=add src=00:00:00:00:00:01 dst=00:00:00:00:00:04 in_port=1 out_port=3
[FLOW_MOD] t=16804.977320398 dpid=s4 action=delete-strict src=00:00:00:00:00:01 dst=00:00:00:00:00:04 in_port=1 out_port=4
[FLOW_MOD] t=16804.977578703 dpid=s4 action=add src=00:00:00:00:00:01 dst=00:00:00:00:00:04 in_port=1 out_port=4
[FLOW_MOD] t=16804.977903853 dpid=s1 action=delete-strict src=00:00:00:00:00:01 dst=00:00:00:00:00:04 in_port=1 out_port=3
[FLOW_MOD] t=16804.978163482 dpid=s1 action=add src=00:00:00:00:00:01 dst=00:00:00:00:00:04 in_port=1 out_port=3
[FLOW_MOD] t=16804.978474690 dpid=s2 action=delete-strict src=00:00:00:00:00:01 dst=00:00:00:00:00:04 in_port=3 out_port=1
[FLOW_MOD] t=16804.978718464 dpid=s2 action=add src=00:00:00:00:00:01 dst=00:00:00:00:00:04 in_port=3 out_port=1
[FLOW_MOD] t=16804.979015360 dpid=s6 action=delete-strict src=00:00:00:00:00:01 dst=00:00:00:00:00:04 in_port=4 out_port=2
[FLOW_MOD] t=16804.979238490 dpid=s6 action=add src=00:00:00:00:00:01 dst=00:00:00:00:00:04 in_port=4 out_port=2
[FLOW_MOD] t=16804.979577803 dpid=s19 action=delete-strict src=00:00:00:00:00:01 dst=00:00:00:00:00:04 in_port=3 out_port=1
[FLOW_MOD] t=16804.979911273 dpid=s19 action=add src=00:00:00:00:00:01 dst=00:00:00:00:00:04 in_port=3 out_port=1
[FLOW_MOD] t=16804.980312781 dpid=s19 action=delete-strict src=00:00:00:00:00:04 dst=00:00:00:00:00:01 in_port=1 out_port=3
[FLOW_MOD] t=16804.980611929 dpid=s19 action=add src=00:00:00:00:00:04 dst=00:00:00:00:00:01 in_port=1 out_port=3
[FLOW_MOD] t=16804.980951534 dpid=s6 action=delete-strict src=00:00:00:00:00:04 dst=00:00:00:00:00:01 in_port=2 out_port=4
[FLOW_MOD] t=16804.981199978 dpid=s6 action=add src=00:00:00:00:00:04 dst=00:00:00:00:00:01 in_port=2 out_port=4
[FLOW_MOD] t=16804.981525258 dpid=s2 action=delete-strict src=00:00:00:00:00:04 dst=00:00:00:00:00:01 in_port=1 out_port=3
[FLOW_MOD] t=16804.981778744 dpid=s2 action=add src=00:00:00:00:00:04 dst=00:00:00:00:00:01 in_port=1 out_port=3
[FLOW_MOD] t=16804.982086979 dpid=s1 action=delete-strict src=00:00:00:00:00:04 dst=00:00:00:00:00:01 in_port=3 out_port=1
[FLOW_MOD] t=16804.982355630 dpid=s1 action=add src=00:00:00:00:00:04 dst=00:00:00:00:00:01 in_port=3 out_port=1
[FLOW_MOD] t=16804.982683436 dpid=s4 action=delete-strict src=00:00:00:00:00:04 dst=00:00:00:00:00:01 in_port=4 out_port=1
[FLOW_MOD] t=16804.982937876 dpid=s4 action=add src=00:00:00:00:00:04 dst=00:00:00:00:00:01 in_port=4 out_port=1
[FLOW_MOD] t=16804.983284179 dpid=s16 action=delete-strict src=00:00:00:00:00:04 dst=00:00:00:00:00:01 in_port=3 out_port=1
[FLOW_MOD] t=16804.983601117 dpid=s16 action=add src=00:00:00:00:00:04 dst=00:00:00:00:00:01 in_port=3 out_port=1
[SPF-DONE] BF s17->s16 reachable=11/11
[PATH-COMPUTED] s17->s16: 2 hop(s) path=s17 -> s4 -> s16
[FLOW-INSTALL] 00:00:00:00:00:02 → 00:00:00:00:00:01: s17 -> s4 -> s16
[FLOW_MOD] t=16804.989478210 dpid=s17 action=delete-strict src=00:00:00:00:00:02 dst=00:00:00:00:00:01 in_port=1 out_port=3
[FLOW_MOD] t=16804.989771066 dpid=s17 action=add src=00:00:00:00:00:02 dst=00:00:00:00:00:01 in_port=1 out_port=3
[FLOW_MOD] t=16804.990122094 dpid=s4 action=delete-strict src=00:00:00:00:00:02 dst=00:00:00:00:00:01 in_port=2 out_port=1
[FLOW_MOD] t=16804.990392119 dpid=s4 action=add src=00:00:00:00:00:02 dst=00:00:00:00:00:01 in_port=2 out_port=1
[FLOW_MOD] t=16804.990781539 dpid=s16 action=delete-strict src=00:00:00:00:00:02 dst=00:00:00:00:00:01 in_port=3 out_port=1
[FLOW_MOD] t=16804.991048829 dpid=s16 action=add src=00:00:00:00:00:02 dst=00:00:00:00:00:01 in_port=3 out_port=1
[FLOW_MOD] t=16804.991358328 dpid=s16 action=delete-strict src=00:00:00:00:00:01 dst=00:00:00:00:00:02 in_port=1 out_port=3
[FLOW_MOD] t=16804.991620824 dpid=s16 action=add src=00:00:00:00:00:01 dst=00:00:00:00:00:02 in_port=1 out_port=3
[FLOW_MOD] t=16804.992870232 dpid=s4 action=delete-strict src=00:00:00:00:00:01 dst=00:00:00:00:00:02 in_port=1 out_port=2
[FLOW_MOD] t=16804.993193460 dpid=s4 action=add src=00:00:00:00:00:01 dst=00:00:00:00:00:02 in_port=1 out_port=2
[FLOW_MOD] t=16804.993604986 dpid=s17 action=delete-strict src=00:00:00:00:00:01 dst=00:00:00:00:00:02 in_port=3 out_port=1
[FLOW_MOD] t=16804.993863214 dpid=s17 action=add src=00:00:00:00:00:01 dst=00:00:00:00:00:02 in_port=3 out_port=1
[SPF-DONE] BF s17->s18 reachable=11/11
[PATH-COMPUTED] s17->s18: 5 hop(s) path=s17 -> s4 -> s1 -> s2 -> s6 -> s18
[FLOW-INSTALL] 00:00:00:00:00:02 → 00:00:00:00:00:03: s17 -> s4 -> s1 -> s2 -> s6 -> s18
[FLOW_MOD] t=16804.997590991 dpid=s17 action=delete-strict src=00:00:00:00:00:02 dst=00:00:00:00:00:03 in_port=1 out_port=3
[FLOW_MOD] t=16804.997860715 dpid=s17 action=add src=00:00:00:00:00:02 dst=00:00:00:00:00:03 in_port=1 out_port=3
[FLOW_MOD] t=16804.998291425 dpid=s4 action=delete-strict src=00:00:00:00:00:02 dst=00:00:00:00:00:03 in_port=2 out_port=4
[FLOW_MOD] t=16804.998579900 dpid=s4 action=add src=00:00:00:00:00:02 dst=00:00:00:00:00:03 in_port=2 out_port=4
[FLOW_MOD] t=16804.998963058 dpid=s1 action=delete-strict src=00:00:00:00:00:02 dst=00:00:00:00:00:03 in_port=1 out_port=3
[FLOW_MOD] t=16804.999246798 dpid=s1 action=add src=00:00:00:00:00:02 dst=00:00:00:00:00:03 in_port=1 out_port=3
[FLOW_MOD] t=16804.999575703 dpid=s2 action=delete-strict src=00:00:00:00:00:02 dst=00:00:00:00:00:03 in_port=3 out_port=1
[FLOW_MOD] t=16805.000026770 dpid=s2 action=add src=00:00:00:00:00:02 dst=00:00:00:00:00:03 in_port=3 out_port=1
[FLOW_MOD] t=16805.000411396 dpid=s6 action=delete-strict src=00:00:00:00:00:02 dst=00:00:00:00:00:03 in_port=4 out_port=1
[FLOW_MOD] t=16805.000698800 dpid=s6 action=add src=00:00:00:00:00:02 dst=00:00:00:00:00:03 in_port=4 out_port=1
[FLOW_MOD] t=16805.001065434 dpid=s18 action=delete-strict src=00:00:00:00:00:02 dst=00:00:00:00:00:03 in_port=3 out_port=1
[FLOW_MOD] t=16805.001350215 dpid=s18 action=add src=00:00:00:00:00:02 dst=00:00:00:00:00:03 in_port=3 out_port=1
[FLOW_MOD] t=16805.001681943 dpid=s18 action=delete-strict src=00:00:00:00:00:03 dst=00:00:00:00:00:02 in_port=1 out_port=3
[FLOW_MOD] t=16805.001931038 dpid=s18 action=add src=00:00:00:00:00:03 dst=00:00:00:00:00:02 in_port=1 out_port=3
[FLOW_MOD] t=16805.002234455 dpid=s6 action=delete-strict src=00:00:00:00:00:03 dst=00:00:00:00:00:02 in_port=1 out_port=4
[FLOW_MOD] t=16805.002445695 dpid=s6 action=add src=00:00:00:00:00:03 dst=00:00:00:00:00:02 in_port=1 out_port=4
[FLOW_MOD] t=16805.002756384 dpid=s2 action=delete-strict src=00:00:00:00:00:03 dst=00:00:00:00:00:02 in_port=1 out_port=3
[FLOW_MOD] t=16805.002969728 dpid=s2 action=add src=00:00:00:00:00:03 dst=00:00:00:00:00:02 in_port=1 out_port=3
[FLOW_MOD] t=16805.003237884 dpid=s1 action=delete-strict src=00:00:00:00:00:03 dst=00:00:00:00:00:02 in_port=3 out_port=1
[FLOW_MOD] t=16805.003477333 dpid=s1 action=add src=00:00:00:00:00:03 dst=00:00:00:00:00:02 in_port=3 out_port=1
[FLOW_MOD] t=16805.003815583 dpid=s4 action=delete-strict src=00:00:00:00:00:03 dst=00:00:00:00:00:02 in_port=4 out_port=2
[FLOW_MOD] t=16805.004075269 dpid=s4 action=add src=00:00:00:00:00:03 dst=00:00:00:00:00:02 in_port=4 out_port=2
[FLOW_MOD] t=16805.004358188 dpid=s17 action=delete-strict src=00:00:00:00:00:03 dst=00:00:00:00:00:02 in_port=3 out_port=1
[FLOW_MOD] t=16805.004599584 dpid=s17 action=add src=00:00:00:00:00:03 dst=00:00:00:00:00:02 in_port=3 out_port=1
[SPF-DONE] BF s17->s19 reachable=11/11
[PATH-COMPUTED] s17->s19: 5 hop(s) path=s17 -> s4 -> s1 -> s2 -> s6 -> s19
[FLOW-INSTALL] 00:00:00:00:00:02 → 00:00:00:00:00:04: s17 -> s4 -> s1 -> s2 -> s6 -> s19
[FLOW_MOD] t=16805.008406007 dpid=s17 action=delete-strict src=00:00:00:00:00:02 dst=00:00:00:00:00:04 in_port=1 out_port=3
[FLOW_MOD] t=16805.008697336 dpid=s17 action=add src=00:00:00:00:00:02 dst=00:00:00:00:00:04 in_port=1 out_port=3
[FLOW_MOD] t=16805.009078780 dpid=s4 action=delete-strict src=00:00:00:00:00:02 dst=00:00:00:00:00:04 in_port=2 out_port=4
[FLOW_MOD] t=16805.009332820 dpid=s4 action=add src=00:00:00:00:00:02 dst=00:00:00:00:00:04 in_port=2 out_port=4
[FLOW_MOD] t=16805.009674137 dpid=s1 action=delete-strict src=00:00:00:00:00:02 dst=00:00:00:00:00:04 in_port=1 out_port=3
[FLOW_MOD] t=16805.009995939 dpid=s1 action=add src=00:00:00:00:00:02 dst=00:00:00:00:00:04 in_port=1 out_port=3
[FLOW_MOD] t=16805.010318027 dpid=s2 action=delete-strict src=00:00:00:00:00:02 dst=00:00:00:00:00:04 in_port=3 out_port=1
[FLOW_MOD] t=16805.010539879 dpid=s2 action=add src=00:00:00:00:00:02 dst=00:00:00:00:00:04 in_port=3 out_port=1
[FLOW_MOD] t=16805.010838143 dpid=s6 action=delete-strict src=00:00:00:00:00:02 dst=00:00:00:00:00:04 in_port=4 out_port=2
[FLOW_MOD] t=16805.011066207 dpid=s6 action=add src=00:00:00:00:00:02 dst=00:00:00:00:00:04 in_port=4 out_port=2
[FLOW_MOD] t=16805.011368717 dpid=s19 action=delete-strict src=00:00:00:00:00:02 dst=00:00:00:00:00:04 in_port=3 out_port=1
[FLOW_MOD] t=16805.011644364 dpid=s19 action=add src=00:00:00:00:00:02 dst=00:00:00:00:00:04 in_port=3 out_port=1
[FLOW_MOD] t=16805.011982964 dpid=s19 action=delete-strict src=00:00:00:00:00:04 dst=00:00:00:00:00:02 in_port=1 out_port=3
[FLOW_MOD] t=16805.012310142 dpid=s19 action=add src=00:00:00:00:00:04 dst=00:00:00:00:00:02 in_port=1 out_port=3
[FLOW_MOD] t=16805.012708275 dpid=s6 action=delete-strict src=00:00:00:00:00:04 dst=00:00:00:00:00:02 in_port=2 out_port=4
[FLOW_MOD] t=16805.013019340 dpid=s6 action=add src=00:00:00:00:00:04 dst=00:00:00:00:00:02 in_port=2 out_port=4
[FLOW_MOD] t=16805.013431937 dpid=s2 action=delete-strict src=00:00:00:00:00:04 dst=00:00:00:00:00:02 in_port=1 out_port=3
[FLOW_MOD] t=16805.013702534 dpid=s2 action=add src=00:00:00:00:00:04 dst=00:00:00:00:00:02 in_port=1 out_port=3
[FLOW_MOD] t=16805.014047136 dpid=s1 action=delete-strict src=00:00:00:00:00:04 dst=00:00:00:00:00:02 in_port=3 out_port=1
[FLOW_MOD] t=16805.014296771 dpid=s1 action=add src=00:00:00:00:00:04 dst=00:00:00:00:00:02 in_port=3 out_port=1
[FLOW_MOD] t=16805.014606671 dpid=s4 action=delete-strict src=00:00:00:00:00:04 dst=00:00:00:00:00:02 in_port=4 out_port=2
[FLOW_MOD] t=16805.014899783 dpid=s4 action=add src=00:00:00:00:00:04 dst=00:00:00:00:00:02 in_port=4 out_port=2
[FLOW_MOD] t=16805.015403517 dpid=s17 action=delete-strict src=00:00:00:00:00:04 dst=00:00:00:00:00:02 in_port=3 out_port=1
[FLOW_MOD] t=16805.015730181 dpid=s17 action=add src=00:00:00:00:00:04 dst=00:00:00:00:00:02 in_port=3 out_port=1
[SPF-DONE] BF s18->s16 reachable=11/11
[PATH-COMPUTED] s18->s16: 5 hop(s) path=s18 -> s6 -> s2 -> s1 -> s4 -> s16
[FLOW-INSTALL] 00:00:00:00:00:03 → 00:00:00:00:00:01: s18 -> s6 -> s2 -> s1 -> s4 -> s16
[FLOW_MOD] t=16805.019379668 dpid=s18 action=delete-strict src=00:00:00:00:00:03 dst=00:00:00:00:00:01 in_port=1 out_port=3
[FLOW_MOD] t=16805.019639325 dpid=s18 action=add src=00:00:00:00:00:03 dst=00:00:00:00:00:01 in_port=1 out_port=3
[FLOW_MOD] t=16805.019940618 dpid=s6 action=delete-strict src=00:00:00:00:00:03 dst=00:00:00:00:00:01 in_port=1 out_port=4
[FLOW_MOD] t=16805.020184331 dpid=s6 action=add src=00:00:00:00:00:03 dst=00:00:00:00:00:01 in_port=1 out_port=4
[FLOW_MOD] t=16805.020566246 dpid=s2 action=delete-strict src=00:00:00:00:00:03 dst=00:00:00:00:00:01 in_port=1 out_port=3
[FLOW_MOD] t=16805.020850659 dpid=s2 action=add src=00:00:00:00:00:03 dst=00:00:00:00:00:01 in_port=1 out_port=3
[FLOW_MOD] t=16805.021196257 dpid=s1 action=delete-strict src=00:00:00:00:00:03 dst=00:00:00:00:00:01 in_port=3 out_port=1
[FLOW_MOD] t=16805.021482669 dpid=s1 action=add src=00:00:00:00:00:03 dst=00:00:00:00:00:01 in_port=3 out_port=1
[FLOW_MOD] t=16805.021847602 dpid=s4 action=delete-strict src=00:00:00:00:00:03 dst=00:00:00:00:00:01 in_port=4 out_port=1
[FLOW_MOD] t=16805.022090313 dpid=s4 action=add src=00:00:00:00:00:03 dst=00:00:00:00:00:01 in_port=4 out_port=1
[FLOW_MOD] t=16805.022427974 dpid=s16 action=delete-strict src=00:00:00:00:00:03 dst=00:00:00:00:00:01 in_port=3 out_port=1
[FLOW_MOD] t=16805.022662726 dpid=s16 action=add src=00:00:00:00:00:03 dst=00:00:00:00:00:01 in_port=3 out_port=1
[FLOW_MOD] t=16805.022990032 dpid=s16 action=delete-strict src=00:00:00:00:00:01 dst=00:00:00:00:00:03 in_port=1 out_port=3
[FLOW_MOD] t=16805.023211167 dpid=s16 action=add src=00:00:00:00:00:01 dst=00:00:00:00:00:03 in_port=1 out_port=3
[FLOW_MOD] t=16805.023528330 dpid=s4 action=delete-strict src=00:00:00:00:00:01 dst=00:00:00:00:00:03 in_port=1 out_port=4
[FLOW_MOD] t=16805.023752327 dpid=s4 action=add src=00:00:00:00:00:01 dst=00:00:00:00:00:03 in_port=1 out_port=4
[FLOW_MOD] t=16805.024131639 dpid=s1 action=delete-strict src=00:00:00:00:00:01 dst=00:00:00:00:00:03 in_port=1 out_port=3
[FLOW_MOD] t=16805.024400420 dpid=s1 action=add src=00:00:00:00:00:01 dst=00:00:00:00:00:03 in_port=1 out_port=3
[FLOW_MOD] t=16805.024764273 dpid=s2 action=delete-strict src=00:00:00:00:00:01 dst=00:00:00:00:00:03 in_port=3 out_port=1
[FLOW_MOD] t=16805.025128232 dpid=s2 action=add src=00:00:00:00:00:01 dst=00:00:00:00:00:03 in_port=3 out_port=1
[FLOW_MOD] t=16805.025568034 dpid=s6 action=delete-strict src=00:00:00:00:00:01 dst=00:00:00:00:00:03 in_port=4 out_port=1
[FLOW_MOD] t=16805.025865169 dpid=s6 action=add src=00:00:00:00:00:01 dst=00:00:00:00:00:03 in_port=4 out_port=1
[FLOW_MOD] t=16805.026169953 dpid=s18 action=delete-strict src=00:00:00:00:00:01 dst=00:00:00:00:00:03 in_port=3 out_port=1
[FLOW_MOD] t=16805.026403637 dpid=s18 action=add src=00:00:00:00:00:01 dst=00:00:00:00:00:03 in_port=3 out_port=1
[SPF-DONE] BF s18->s17 reachable=11/11
[PATH-COMPUTED] s18->s17: 5 hop(s) path=s18 -> s6 -> s2 -> s1 -> s4 -> s17
[FLOW-INSTALL] 00:00:00:00:00:03 → 00:00:00:00:00:02: s18 -> s6 -> s2 -> s1 -> s4 -> s17
[FLOW_MOD] t=16805.029725768 dpid=s18 action=delete-strict src=00:00:00:00:00:03 dst=00:00:00:00:00:02 in_port=1 out_port=3
[FLOW_MOD] t=16805.029985000 dpid=s18 action=add src=00:00:00:00:00:03 dst=00:00:00:00:00:02 in_port=1 out_port=3
[FLOW_MOD] t=16805.030384932 dpid=s6 action=delete-strict src=00:00:00:00:00:03 dst=00:00:00:00:00:02 in_port=1 out_port=4
[FLOW_MOD] t=16805.030632550 dpid=s6 action=add src=00:00:00:00:00:03 dst=00:00:00:00:00:02 in_port=1 out_port=4
[FLOW_MOD] t=16805.030982381 dpid=s2 action=delete-strict src=00:00:00:00:00:03 dst=00:00:00:00:00:02 in_port=1 out_port=3
[FLOW_MOD] t=16805.031281879 dpid=s2 action=add src=00:00:00:00:00:03 dst=00:00:00:00:00:02 in_port=1 out_port=3
[FLOW_MOD] t=16805.031593429 dpid=s1 action=delete-strict src=00:00:00:00:00:03 dst=00:00:00:00:00:02 in_port=3 out_port=1
[FLOW_MOD] t=16805.031838297 dpid=s1 action=add src=00:00:00:00:00:03 dst=00:00:00:00:00:02 in_port=3 out_port=1
[FLOW_MOD] t=16805.032232946 dpid=s4 action=delete-strict src=00:00:00:00:00:03 dst=00:00:00:00:00:02 in_port=4 out_port=2
[FLOW_MOD] t=16805.032479042 dpid=s4 action=add src=00:00:00:00:00:03 dst=00:00:00:00:00:02 in_port=4 out_port=2
[FLOW_MOD] t=16805.032751957 dpid=s17 action=delete-strict src=00:00:00:00:00:03 dst=00:00:00:00:00:02 in_port=3 out_port=1
[FLOW_MOD] t=16805.032972024 dpid=s17 action=add src=00:00:00:00:00:03 dst=00:00:00:00:00:02 in_port=3 out_port=1
[FLOW_MOD] t=16805.033251053 dpid=s17 action=delete-strict src=00:00:00:00:00:02 dst=00:00:00:00:00:03 in_port=1 out_port=3
[FLOW_MOD] t=16805.033475788 dpid=s17 action=add src=00:00:00:00:00:02 dst=00:00:00:00:00:03 in_port=1 out_port=3
[FLOW_MOD] t=16805.033746239 dpid=s4 action=delete-strict src=00:00:00:00:00:02 dst=00:00:00:00:00:03 in_port=2 out_port=4
[FLOW_MOD] t=16805.035524790 dpid=s4 action=add src=00:00:00:00:00:02 dst=00:00:00:00:00:03 in_port=2 out_port=4
[FLOW_MOD] t=16805.035921745 dpid=s1 action=delete-strict src=00:00:00:00:00:02 dst=00:00:00:00:00:03 in_port=1 out_port=3
[FLOW_MOD] t=16805.036228454 dpid=s1 action=add src=00:00:00:00:00:02 dst=00:00:00:00:00:03 in_port=1 out_port=3
[FLOW_MOD] t=16805.036609553 dpid=s2 action=delete-strict src=00:00:00:00:00:02 dst=00:00:00:00:00:03 in_port=3 out_port=1
[FLOW_MOD] t=16805.036861703 dpid=s2 action=add src=00:00:00:00:00:02 dst=00:00:00:00:00:03 in_port=3 out_port=1
[FLOW_MOD] t=16805.037188861 dpid=s6 action=delete-strict src=00:00:00:00:00:02 dst=00:00:00:00:00:03 in_port=4 out_port=1
[FLOW_MOD] t=16805.037445816 dpid=s6 action=add src=00:00:00:00:00:02 dst=00:00:00:00:00:03 in_port=4 out_port=1
[FLOW_MOD] t=16805.037773218 dpid=s18 action=delete-strict src=00:00:00:00:00:02 dst=00:00:00:00:00:03 in_port=3 out_port=1
[FLOW_MOD] t=16805.038035233 dpid=s18 action=add src=00:00:00:00:00:02 dst=00:00:00:00:00:03 in_port=3 out_port=1
[SPF-DONE] BF s18->s19 reachable=11/11
[PATH-COMPUTED] s18->s19: 2 hop(s) path=s18 -> s6 -> s19
[FLOW-INSTALL] 00:00:00:00:00:03 → 00:00:00:00:00:04: s18 -> s6 -> s19
[FLOW_MOD] t=16805.041642660 dpid=s18 action=delete-strict src=00:00:00:00:00:03 dst=00:00:00:00:00:04 in_port=1 out_port=3
[FLOW_MOD] t=16805.041907096 dpid=s18 action=add src=00:00:00:00:00:03 dst=00:00:00:00:00:04 in_port=1 out_port=3
[FLOW_MOD] t=16805.042208548 dpid=s6 action=delete-strict src=00:00:00:00:00:03 dst=00:00:00:00:00:04 in_port=1 out_port=2
[FLOW_MOD] t=16805.042434710 dpid=s6 action=add src=00:00:00:00:00:03 dst=00:00:00:00:00:04 in_port=1 out_port=2
[FLOW_MOD] t=16805.042744801 dpid=s19 action=delete-strict src=00:00:00:00:00:03 dst=00:00:00:00:00:04 in_port=3 out_port=1
[FLOW_MOD] t=16805.043008856 dpid=s19 action=add src=00:00:00:00:00:03 dst=00:00:00:00:00:04 in_port=3 out_port=1
[FLOW_MOD] t=16805.043304295 dpid=s19 action=delete-strict src=00:00:00:00:00:04 dst=00:00:00:00:00:03 in_port=1 out_port=3
[FLOW_MOD] t=16805.043565015 dpid=s19 action=add src=00:00:00:00:00:04 dst=00:00:00:00:00:03 in_port=1 out_port=3
[FLOW_MOD] t=16805.043928564 dpid=s6 action=delete-strict src=00:00:00:00:00:04 dst=00:00:00:00:00:03 in_port=2 out_port=1
[FLOW_MOD] t=16805.044232429 dpid=s6 action=add src=00:00:00:00:00:04 dst=00:00:00:00:00:03 in_port=2 out_port=1
[FLOW_MOD] t=16805.044656457 dpid=s18 action=delete-strict src=00:00:00:00:00:04 dst=00:00:00:00:00:03 in_port=3 out_port=1
[FLOW_MOD] t=16805.044941846 dpid=s18 action=add src=00:00:00:00:00:04 dst=00:00:00:00:00:03 in_port=3 out_port=1
[SPF-DONE] BF s19->s16 reachable=11/11
[PATH-COMPUTED] s19->s16: 5 hop(s) path=s19 -> s6 -> s2 -> s1 -> s4 -> s16
[FLOW-INSTALL] 00:00:00:00:00:04 → 00:00:00:00:00:01: s19 -> s6 -> s2 -> s1 -> s4 -> s16
[FLOW_MOD] t=16805.049141931 dpid=s19 action=delete-strict src=00:00:00:00:00:04 dst=00:00:00:00:00:01 in_port=1 out_port=3
[FLOW_MOD] t=16805.049457654 dpid=s19 action=add src=00:00:00:00:00:04 dst=00:00:00:00:00:01 in_port=1 out_port=3
[FLOW_MOD] t=16805.049805770 dpid=s6 action=delete-strict src=00:00:00:00:00:04 dst=00:00:00:00:00:01 in_port=2 out_port=4
[FLOW_MOD] t=16805.050074077 dpid=s6 action=add src=00:00:00:00:00:04 dst=00:00:00:00:00:01 in_port=2 out_port=4
[FLOW_MOD] t=16805.050393225 dpid=s2 action=delete-strict src=00:00:00:00:00:04 dst=00:00:00:00:00:01 in_port=1 out_port=3
[FLOW_MOD] t=16805.050663621 dpid=s2 action=add src=00:00:00:00:00:04 dst=00:00:00:00:00:01 in_port=1 out_port=3
[FLOW_MOD] t=16805.050989835 dpid=s1 action=delete-strict src=00:00:00:00:00:04 dst=00:00:00:00:00:01 in_port=3 out_port=1
[FLOW_MOD] t=16805.051244223 dpid=s1 action=add src=00:00:00:00:00:04 dst=00:00:00:00:00:01 in_port=3 out_port=1
[FLOW_MOD] t=16805.051597987 dpid=s4 action=delete-strict src=00:00:00:00:00:04 dst=00:00:00:00:00:01 in_port=4 out_port=1
[FLOW_MOD] t=16805.051878369 dpid=s4 action=add src=00:00:00:00:00:04 dst=00:00:00:00:00:01 in_port=4 out_port=1
[FLOW_MOD] t=16805.052270285 dpid=s16 action=delete-strict src=00:00:00:00:00:04 dst=00:00:00:00:00:01 in_port=3 out_port=1
[FLOW_MOD] t=16805.052530584 dpid=s16 action=add src=00:00:00:00:00:04 dst=00:00:00:00:00:01 in_port=3 out_port=1
[FLOW_MOD] t=16805.052827827 dpid=s16 action=delete-strict src=00:00:00:00:00:01 dst=00:00:00:00:00:04 in_port=1 out_port=3
[FLOW_MOD] t=16805.053091475 dpid=s16 action=add src=00:00:00:00:00:01 dst=00:00:00:00:00:04 in_port=1 out_port=3
[FLOW_MOD] t=16805.053404369 dpid=s4 action=delete-strict src=00:00:00:00:00:01 dst=00:00:00:00:00:04 in_port=1 out_port=4
[FLOW_MOD] t=16805.053630750 dpid=s4 action=add src=00:00:00:00:00:01 dst=00:00:00:00:00:04 in_port=1 out_port=4
[FLOW_MOD] t=16805.053922487 dpid=s1 action=delete-strict src=00:00:00:00:00:01 dst=00:00:00:00:00:04 in_port=1 out_port=3
[FLOW_MOD] t=16805.054147941 dpid=s1 action=add src=00:00:00:00:00:01 dst=00:00:00:00:00:04 in_port=1 out_port=3
[FLOW_MOD] t=16805.054419139 dpid=s2 action=delete-strict src=00:00:00:00:00:01 dst=00:00:00:00:00:04 in_port=3 out_port=1
[FLOW_MOD] t=16805.054656275 dpid=s2 action=add src=00:00:00:00:00:01 dst=00:00:00:00:00:04 in_port=3 out_port=1
[FLOW_MOD] t=16805.055025592 dpid=s6 action=delete-strict src=00:00:00:00:00:01 dst=00:00:00:00:00:04 in_port=4 out_port=2
[FLOW_MOD] t=16805.055281589 dpid=s6 action=add src=00:00:00:00:00:01 dst=00:00:00:00:00:04 in_port=4 out_port=2
[FLOW_MOD] t=16805.055598079 dpid=s19 action=delete-strict src=00:00:00:00:00:01 dst=00:00:00:00:00:04 in_port=3 out_port=1
[FLOW_MOD] t=16805.055846595 dpid=s19 action=add src=00:00:00:00:00:01 dst=00:00:00:00:00:04 in_port=3 out_port=1
[SPF-DONE] BF s19->s17 reachable=11/11
[PATH-COMPUTED] s19->s17: 5 hop(s) path=s19 -> s6 -> s2 -> s1 -> s4 -> s17
[FLOW-INSTALL] 00:00:00:00:00:04 → 00:00:00:00:00:02: s19 -> s6 -> s2 -> s1 -> s4 -> s17
[FLOW_MOD] t=16805.059296675 dpid=s19 action=delete-strict src=00:00:00:00:00:04 dst=00:00:00:00:00:02 in_port=1 out_port=3
[FLOW_MOD] t=16805.059550966 dpid=s19 action=add src=00:00:00:00:00:04 dst=00:00:00:00:00:02 in_port=1 out_port=3
[FLOW_MOD] t=16805.059884768 dpid=s6 action=delete-strict src=00:00:00:00:00:04 dst=00:00:00:00:00:02 in_port=2 out_port=4
[FLOW_MOD] t=16805.060120546 dpid=s6 action=add src=00:00:00:00:00:04 dst=00:00:00:00:00:02 in_port=2 out_port=4
[FLOW_MOD] t=16805.060460433 dpid=s2 action=delete-strict src=00:00:00:00:00:04 dst=00:00:00:00:00:02 in_port=1 out_port=3
[FLOW_MOD] t=16805.060712028 dpid=s2 action=add src=00:00:00:00:00:04 dst=00:00:00:00:00:02 in_port=1 out_port=3
[FLOW_MOD] t=16805.061042453 dpid=s1 action=delete-strict src=00:00:00:00:00:04 dst=00:00:00:00:00:02 in_port=3 out_port=1
[FLOW_MOD] t=16805.061303573 dpid=s1 action=add src=00:00:00:00:00:04 dst=00:00:00:00:00:02 in_port=3 out_port=1
[FLOW_MOD] t=16805.061679020 dpid=s4 action=delete-strict src=00:00:00:00:00:04 dst=00:00:00:00:00:02 in_port=4 out_port=2
[FLOW_MOD] t=16805.061945926 dpid=s4 action=add src=00:00:00:00:00:04 dst=00:00:00:00:00:02 in_port=4 out_port=2
[FLOW_MOD] t=16805.062388767 dpid=s17 action=delete-strict src=00:00:00:00:00:04 dst=00:00:00:00:00:02 in_port=3 out_port=1
[FLOW_MOD] t=16805.062692025 dpid=s17 action=add src=00:00:00:00:00:04 dst=00:00:00:00:00:02 in_port=3 out_port=1
[FLOW_MOD] t=16805.063026874 dpid=s17 action=delete-strict src=00:00:00:00:00:02 dst=00:00:00:00:00:04 in_port=1 out_port=3
[FLOW_MOD] t=16805.063291043 dpid=s17 action=add src=00:00:00:00:00:02 dst=00:00:00:00:00:04 in_port=1 out_port=3
[FLOW_MOD] t=16805.063617952 dpid=s4 action=delete-strict src=00:00:00:00:00:02 dst=00:00:00:00:00:04 in_port=2 out_port=4
[FLOW_MOD] t=16805.064101208 dpid=s4 action=add src=00:00:00:00:00:02 dst=00:00:00:00:00:04 in_port=2 out_port=4
[FLOW_MOD] t=16805.064450361 dpid=s1 action=delete-strict src=00:00:00:00:00:02 dst=00:00:00:00:00:04 in_port=1 out_port=3
[FLOW_MOD] t=16805.064724794 dpid=s1 action=add src=00:00:00:00:00:02 dst=00:00:00:00:00:04 in_port=1 out_port=3
[FLOW_MOD] t=16805.065046342 dpid=s2 action=delete-strict src=00:00:00:00:00:02 dst=00:00:00:00:00:04 in_port=3 out_port=1
[FLOW_MOD] t=16805.065366773 dpid=s2 action=add src=00:00:00:00:00:02 dst=00:00:00:00:00:04 in_port=3 out_port=1
[FLOW_MOD] t=16805.065721863 dpid=s6 action=delete-strict src=00:00:00:00:00:02 dst=00:00:00:00:00:04 in_port=4 out_port=2
[FLOW_MOD] t=16805.066007665 dpid=s6 action=add src=00:00:00:00:00:02 dst=00:00:00:00:00:04 in_port=4 out_port=2
[FLOW_MOD] t=16805.066408757 dpid=s19 action=delete-strict src=00:00:00:00:00:02 dst=00:00:00:00:00:04 in_port=3 out_port=1
[FLOW_MOD] t=16805.066690009 dpid=s19 action=add src=00:00:00:00:00:02 dst=00:00:00:00:00:04 in_port=3 out_port=1
[SPF-DONE] BF s19->s18 reachable=11/11
[PATH-COMPUTED] s19->s18: 2 hop(s) path=s19 -> s6 -> s18
[FLOW-INSTALL] 00:00:00:00:00:04 → 00:00:00:00:00:03: s19 -> s6 -> s18
[FLOW_MOD] t=16805.070152970 dpid=s19 action=delete-strict src=00:00:00:00:00:04 dst=00:00:00:00:00:03 in_port=1 out_port=3
[FLOW_MOD] t=16805.070414184 dpid=s19 action=add src=00:00:00:00:00:04 dst=00:00:00:00:00:03 in_port=1 out_port=3
[FLOW_MOD] t=16805.070753950 dpid=s6 action=delete-strict src=00:00:00:00:00:04 dst=00:00:00:00:00:03 in_port=2 out_port=1
[FLOW_MOD] t=16805.071032820 dpid=s6 action=add src=00:00:00:00:00:04 dst=00:00:00:00:00:03 in_port=2 out_port=1
[FLOW_MOD] t=16805.071374483 dpid=s18 action=delete-strict src=00:00:00:00:00:04 dst=00:00:00:00:00:03 in_port=3 out_port=1
[FLOW_MOD] t=16805.071658099 dpid=s18 action=add src=00:00:00:00:00:04 dst=00:00:00:00:00:03 in_port=3 out_port=1
[FLOW_MOD] t=16805.071979821 dpid=s18 action=delete-strict src=00:00:00:00:00:03 dst=00:00:00:00:00:04 in_port=1 out_port=3
[FLOW_MOD] t=16805.072264326 dpid=s18 action=add src=00:00:00:00:00:03 dst=00:00:00:00:00:04 in_port=1 out_port=3
[FLOW_MOD] t=16805.072549060 dpid=s6 action=delete-strict src=00:00:00:00:00:03 dst=00:00:00:00:00:04 in_port=1 out_port=2
[FLOW_MOD] t=16805.073596549 dpid=s6 action=add src=00:00:00:00:00:03 dst=00:00:00:00:00:04 in_port=1 out_port=2
[FLOW_MOD] t=16805.073939035 dpid=s19 action=delete-strict src=00:00:00:00:00:03 dst=00:00:00:00:00:04 in_port=3 out_port=1
[FLOW_MOD] t=16805.074255583 dpid=s19 action=add src=00:00:00:00:00:03 dst=00:00:00:00:00:04 in_port=3 out_port=1
[TOPO] route refresh: installed=12 skipped=0 unreachable=0 hosts=4
[PORT_STATUS] t=16806.041433034 s1 port=3 reason=modify
[TOPO-CHANGE] (port-status:modify) switches=11 links=32  delta +0 -2
[TOPO-DOWN] [(1, 2), (2, 1)]
[TOPO-REFRESH] flushing 12 flows, rebuilding routes
[TREE-DONE] root=s1 tree_edges=11 reachable=11/11
[SPF-DONE] BF s16->s17 reachable=11/11
[PATH-COMPUTED] s16->s17: 2 hop(s) path=s16 -> s4 -> s17
[FLOW-INSTALL] 00:00:00:00:00:01 → 00:00:00:00:00:02: s16 -> s4 -> s17
[FLOW_MOD] t=16806.046348753 dpid=s16 action=delete-strict src=00:00:00:00:00:01 dst=00:00:00:00:00:02 in_port=1 out_port=3
[FLOW_MOD] t=16806.046624149 dpid=s16 action=add src=00:00:00:00:00:01 dst=00:00:00:00:00:02 in_port=1 out_port=3
[FLOW_MOD] t=16806.046963234 dpid=s4 action=delete-strict src=00:00:00:00:00:01 dst=00:00:00:00:00:02 in_port=1 out_port=2
[FLOW_MOD] t=16806.047250899 dpid=s4 action=add src=00:00:00:00:00:01 dst=00:00:00:00:00:02 in_port=1 out_port=2
[FLOW_MOD] t=16806.047588799 dpid=s17 action=delete-strict src=00:00:00:00:00:01 dst=00:00:00:00:00:02 in_port=3 out_port=1
[FLOW_MOD] t=16806.047849077 dpid=s17 action=add src=00:00:00:00:00:01 dst=00:00:00:00:00:02 in_port=3 out_port=1
[FLOW_MOD] t=16806.048275537 dpid=s17 action=delete-strict src=00:00:00:00:00:02 dst=00:00:00:00:00:01 in_port=1 out_port=3
[FLOW_MOD] t=16806.048569048 dpid=s17 action=add src=00:00:00:00:00:02 dst=00:00:00:00:00:01 in_port=1 out_port=3
[FLOW_MOD] t=16806.048914053 dpid=s4 action=delete-strict src=00:00:00:00:00:02 dst=00:00:00:00:00:01 in_port=2 out_port=1
[FLOW_MOD] t=16806.049190377 dpid=s4 action=add src=00:00:00:00:00:02 dst=00:00:00:00:00:01 in_port=2 out_port=1
[FLOW_MOD] t=16806.049548582 dpid=s16 action=delete-strict src=00:00:00:00:00:02 dst=00:00:00:00:00:01 in_port=3 out_port=1
[FLOW_MOD] t=16806.049804351 dpid=s16 action=add src=00:00:00:00:00:02 dst=00:00:00:00:00:01 in_port=3 out_port=1
[SPF-DONE] BF s16->s18 reachable=11/11
[PATH-COMPUTED] s16->s18: 6 hop(s) path=s16 -> s4 -> s1 -> s3 -> s2 -> s6 -> s18
[FLOW-INSTALL] 00:00:00:00:00:01 → 00:00:00:00:00:03: s16 -> s4 -> s1 -> s3 -> s2 -> s6 -> s18
[FLOW_MOD] t=16806.053267584 dpid=s16 action=delete-strict src=00:00:00:00:00:01 dst=00:00:00:00:00:03 in_port=1 out_port=3
[FLOW_MOD] t=16806.053579962 dpid=s16 action=add src=00:00:00:00:00:01 dst=00:00:00:00:00:03 in_port=1 out_port=3
[FLOW_MOD] t=16806.053941784 dpid=s4 action=delete-strict src=00:00:00:00:00:01 dst=00:00:00:00:00:03 in_port=1 out_port=4
[FLOW_MOD] t=16806.054230373 dpid=s4 action=add src=00:00:00:00:00:01 dst=00:00:00:00:00:03 in_port=1 out_port=4
[FLOW_MOD] t=16806.054564344 dpid=s1 action=delete-strict src=00:00:00:00:00:01 dst=00:00:00:00:00:03 in_port=1 out_port=4
[FLOW_MOD] t=16806.054796816 dpid=s1 action=add src=00:00:00:00:00:01 dst=00:00:00:00:00:03 in_port=1 out_port=4
[FLOW_MOD] t=16806.055133197 dpid=s3 action=delete-strict src=00:00:00:00:00:01 dst=00:00:00:00:00:03 in_port=4 out_port=3
[FLOW_MOD] t=16806.055371049 dpid=s3 action=add src=00:00:00:00:00:01 dst=00:00:00:00:00:03 in_port=4 out_port=3
[FLOW_MOD] t=16806.055653451 dpid=s2 action=delete-strict src=00:00:00:00:00:01 dst=00:00:00:00:00:03 in_port=4 out_port=1
[FLOW_MOD] t=16806.055863782 dpid=s2 action=add src=00:00:00:00:00:01 dst=00:00:00:00:00:03 in_port=4 out_port=1
[FLOW_MOD] t=16806.056178311 dpid=s6 action=delete-strict src=00:00:00:00:00:01 dst=00:00:00:00:00:03 in_port=4 out_port=1
[FLOW_MOD] t=16806.056419326 dpid=s6 action=add src=00:00:00:00:00:01 dst=00:00:00:00:00:03 in_port=4 out_port=1
[FLOW_MOD] t=16806.056735826 dpid=s18 action=delete-strict src=00:00:00:00:00:01 dst=00:00:00:00:00:03 in_port=3 out_port=1
[FLOW_MOD] t=16806.056973005 dpid=s18 action=add src=00:00:00:00:00:01 dst=00:00:00:00:00:03 in_port=3 out_port=1
[FLOW_MOD] t=16806.057266032 dpid=s18 action=delete-strict src=00:00:00:00:00:03 dst=00:00:00:00:00:01 in_port=1 out_port=3
[FLOW_MOD] t=16806.057487866 dpid=s18 action=add src=00:00:00:00:00:03 dst=00:00:00:00:00:01 in_port=1 out_port=3
[FLOW_MOD] t=16806.057908615 dpid=s6 action=delete-strict src=00:00:00:00:00:03 dst=00:00:00:00:00:01 in_port=1 out_port=4
[FLOW_MOD] t=16806.058193616 dpid=s6 action=add src=00:00:00:00:00:03 dst=00:00:00:00:00:01 in_port=1 out_port=4
[FLOW_MOD] t=16806.058518191 dpid=s2 action=delete-strict src=00:00:00:00:00:03 dst=00:00:00:00:00:01 in_port=1 out_port=4
[FLOW_MOD] t=16806.058783225 dpid=s2 action=add src=00:00:00:00:00:03 dst=00:00:00:00:00:01 in_port=1 out_port=4
[FLOW_MOD] t=16806.059196696 dpid=s3 action=delete-strict src=00:00:00:00:00:03 dst=00:00:00:00:00:01 in_port=3 out_port=4
[FLOW_MOD] t=16806.059463115 dpid=s3 action=add src=00:00:00:00:00:03 dst=00:00:00:00:00:01 in_port=3 out_port=4
[FLOW_MOD] t=16806.059782654 dpid=s1 action=delete-strict src=00:00:00:00:00:03 dst=00:00:00:00:00:01 in_port=4 out_port=1
[FLOW_MOD] t=16806.060046236 dpid=s1 action=add src=00:00:00:00:00:03 dst=00:00:00:00:00:01 in_port=4 out_port=1
[FLOW_MOD] t=16806.060490737 dpid=s4 action=delete-strict src=00:00:00:00:00:03 dst=00:00:00:00:00:01 in_port=4 out_port=1
[FLOW_MOD] t=16806.060728160 dpid=s4 action=add src=00:00:00:00:00:03 dst=00:00:00:00:00:01 in_port=4 out_port=1
[FLOW_MOD] t=16806.061012167 dpid=s16 action=delete-strict src=00:00:00:00:00:03 dst=00:00:00:00:00:01 in_port=3 out_port=1
[FLOW_MOD] t=16806.061304197 dpid=s16 action=add src=00:00:00:00:00:03 dst=00:00:00:00:00:01 in_port=3 out_port=1
[SPF-DONE] BF s16->s19 reachable=11/11
[PATH-COMPUTED] s16->s19: 6 hop(s) path=s16 -> s4 -> s1 -> s3 -> s2 -> s6 -> s19
[FLOW-INSTALL] 00:00:00:00:00:01 → 00:00:00:00:00:04: s16 -> s4 -> s1 -> s3 -> s2 -> s6 -> s19
[FLOW_MOD] t=16806.065109704 dpid=s16 action=delete-strict src=00:00:00:00:00:01 dst=00:00:00:00:00:04 in_port=1 out_port=3
[FLOW_MOD] t=16806.065402893 dpid=s16 action=add src=00:00:00:00:00:01 dst=00:00:00:00:00:04 in_port=1 out_port=3
[FLOW_MOD] t=16806.065758596 dpid=s4 action=delete-strict src=00:00:00:00:00:01 dst=00:00:00:00:00:04 in_port=1 out_port=4
[FLOW_MOD] t=16806.066011489 dpid=s4 action=add src=00:00:00:00:00:01 dst=00:00:00:00:00:04 in_port=1 out_port=4
[FLOW_MOD] t=16806.066360333 dpid=s1 action=delete-strict src=00:00:00:00:00:01 dst=00:00:00:00:00:04 in_port=1 out_port=4
[FLOW_MOD] t=16806.066602807 dpid=s1 action=add src=00:00:00:00:00:01 dst=00:00:00:00:00:04 in_port=1 out_port=4
[FLOW_MOD] t=16806.066896517 dpid=s3 action=delete-strict src=00:00:00:00:00:01 dst=00:00:00:00:00:04 in_port=4 out_port=3
[FLOW_MOD] t=16806.067145482 dpid=s3 action=add src=00:00:00:00:00:01 dst=00:00:00:00:00:04 in_port=4 out_port=3
[FLOW_MOD] t=16806.067466865 dpid=s2 action=delete-strict src=00:00:00:00:00:01 dst=00:00:00:00:00:04 in_port=4 out_port=1
[FLOW_MOD] t=16806.067713371 dpid=s2 action=add src=00:00:00:00:00:01 dst=00:00:00:00:00:04 in_port=4 out_port=1
[FLOW_MOD] t=16806.068040580 dpid=s6 action=delete-strict src=00:00:00:00:00:01 dst=00:00:00:00:00:04 in_port=4 out_port=2
[FLOW_MOD] t=16806.068295383 dpid=s6 action=add src=00:00:00:00:00:01 dst=00:00:00:00:00:04 in_port=4 out_port=2
[FLOW_MOD] t=16806.068605338 dpid=s19 action=delete-strict src=00:00:00:00:00:01 dst=00:00:00:00:00:04 in_port=3 out_port=1
[FLOW_MOD] t=16806.068857544 dpid=s19 action=add src=00:00:00:00:00:01 dst=00:00:00:00:00:04 in_port=3 out_port=1
[FLOW_MOD] t=16806.069193243 dpid=s19 action=delete-strict src=00:00:00:00:00:04 dst=00:00:00:00:00:01 in_port=1 out_port=3
[FLOW_MOD] t=16806.069468138 dpid=s19 action=add src=00:00:00:00:00:04 dst=00:00:00:00:00:01 in_port=1 out_port=3
[FLOW_MOD] t=16806.069762931 dpid=s6 action=delete-strict src=00:00:00:00:00:04 dst=00:00:00:00:00:01 in_port=2 out_port=4
[FLOW_MOD] t=16806.069977289 dpid=s6 action=add src=00:00:00:00:00:04 dst=00:00:00:00:00:01 in_port=2 out_port=4
[FLOW_MOD] t=16806.070273990 dpid=s2 action=delete-strict src=00:00:00:00:00:04 dst=00:00:00:00:00:01 in_port=1 out_port=4
[FLOW_MOD] t=16806.070498137 dpid=s2 action=add src=00:00:00:00:00:04 dst=00:00:00:00:00:01 in_port=1 out_port=4
[FLOW_MOD] t=16806.070780858 dpid=s3 action=delete-strict src=00:00:00:00:00:04 dst=00:00:00:00:00:01 in_port=3 out_port=4
[FLOW_MOD] t=16806.071049087 dpid=s3 action=add src=00:00:00:00:00:04 dst=00:00:00:00:00:01 in_port=3 out_port=4
[FLOW_MOD] t=16806.071390228 dpid=s1 action=delete-strict src=00:00:00:00:00:04 dst=00:00:00:00:00:01 in_port=4 out_port=1
[FLOW_MOD] t=16806.071649424 dpid=s1 action=add src=00:00:00:00:00:04 dst=00:00:00:00:00:01 in_port=4 out_port=1
[FLOW_MOD] t=16806.071992523 dpid=s4 action=delete-strict src=00:00:00:00:00:04 dst=00:00:00:00:00:01 in_port=4 out_port=1
[FLOW_MOD] t=16806.072250992 dpid=s4 action=add src=00:00:00:00:00:04 dst=00:00:00:00:00:01 in_port=4 out_port=1
[FLOW_MOD] t=16806.072544999 dpid=s16 action=delete-strict src=00:00:00:00:00:04 dst=00:00:00:00:00:01 in_port=3 out_port=1
[FLOW_MOD] t=16806.072761420 dpid=s16 action=add src=00:00:00:00:00:04 dst=00:00:00:00:00:01 in_port=3 out_port=1
[SPF-DONE] BF s17->s16 reachable=11/11
[PATH-COMPUTED] s17->s16: 2 hop(s) path=s17 -> s4 -> s16
[FLOW-INSTALL] 00:00:00:00:00:02 → 00:00:00:00:00:01: s17 -> s4 -> s16
[FLOW_MOD] t=16806.075930480 dpid=s17 action=delete-strict src=00:00:00:00:00:02 dst=00:00:00:00:00:01 in_port=1 out_port=3
[FLOW_MOD] t=16806.076206374 dpid=s17 action=add src=00:00:00:00:00:02 dst=00:00:00:00:00:01 in_port=1 out_port=3
[FLOW_MOD] t=16806.076529645 dpid=s4 action=delete-strict src=00:00:00:00:00:02 dst=00:00:00:00:00:01 in_port=2 out_port=1
[FLOW_MOD] t=16806.076826476 dpid=s4 action=add src=00:00:00:00:00:02 dst=00:00:00:00:00:01 in_port=2 out_port=1
[FLOW_MOD] t=16806.077222905 dpid=s16 action=delete-strict src=00:00:00:00:00:02 dst=00:00:00:00:00:01 in_port=3 out_port=1
[FLOW_MOD] t=16806.077512553 dpid=s16 action=add src=00:00:00:00:00:02 dst=00:00:00:00:00:01 in_port=3 out_port=1
[FLOW_MOD] t=16806.077809718 dpid=s16 action=delete-strict src=00:00:00:00:00:01 dst=00:00:00:00:00:02 in_port=1 out_port=3
[FLOW_MOD] t=16806.078043594 dpid=s16 action=add src=00:00:00:00:00:01 dst=00:00:00:00:00:02 in_port=1 out_port=3
[FLOW_MOD] t=16806.079602105 dpid=s4 action=delete-strict src=00:00:00:00:00:01 dst=00:00:00:00:00:02 in_port=1 out_port=2
[FLOW_MOD] t=16806.079925147 dpid=s4 action=add src=00:00:00:00:00:01 dst=00:00:00:00:00:02 in_port=1 out_port=2
[FLOW_MOD] t=16806.080339307 dpid=s17 action=delete-strict src=00:00:00:00:00:01 dst=00:00:00:00:00:02 in_port=3 out_port=1
[FLOW_MOD] t=16806.080635156 dpid=s17 action=add src=00:00:00:00:00:01 dst=00:00:00:00:00:02 in_port=3 out_port=1
[SPF-DONE] BF s17->s18 reachable=11/11
[PATH-COMPUTED] s17->s18: 6 hop(s) path=s17 -> s4 -> s1 -> s3 -> s2 -> s6 -> s18
[FLOW-INSTALL] 00:00:00:00:00:02 → 00:00:00:00:00:03: s17 -> s4 -> s1 -> s3 -> s2 -> s6 -> s18
[FLOW_MOD] t=16806.084234032 dpid=s17 action=delete-strict src=00:00:00:00:00:02 dst=00:00:00:00:00:03 in_port=1 out_port=3
[FLOW_MOD] t=16806.084933393 dpid=s17 action=add src=00:00:00:00:00:02 dst=00:00:00:00:00:03 in_port=1 out_port=3
[FLOW_MOD] t=16806.085334307 dpid=s4 action=delete-strict src=00:00:00:00:00:02 dst=00:00:00:00:00:03 in_port=2 out_port=4
[FLOW_MOD] t=16806.085609604 dpid=s4 action=add src=00:00:00:00:00:02 dst=00:00:00:00:00:03 in_port=2 out_port=4
[FLOW_MOD] t=16806.085958830 dpid=s1 action=delete-strict src=00:00:00:00:00:02 dst=00:00:00:00:00:03 in_port=1 out_port=4
[FLOW_MOD] t=16806.086255792 dpid=s1 action=add src=00:00:00:00:00:02 dst=00:00:00:00:00:03 in_port=1 out_port=4
[FLOW_MOD] t=16806.086554911 dpid=s3 action=delete-strict src=00:00:00:00:00:02 dst=00:00:00:00:00:03 in_port=4 out_port=3
[FLOW_MOD] t=16806.086836253 dpid=s3 action=add src=00:00:00:00:00:02 dst=00:00:00:00:00:03 in_port=4 out_port=3
[FLOW_MOD] t=16806.087187483 dpid=s2 action=delete-strict src=00:00:00:00:00:02 dst=00:00:00:00:00:03 in_port=4 out_port=1
[FLOW_MOD] t=16806.087453990 dpid=s2 action=add src=00:00:00:00:00:02 dst=00:00:00:00:00:03 in_port=4 out_port=1
[FLOW_MOD] t=16806.087786901 dpid=s6 action=delete-strict src=00:00:00:00:00:02 dst=00:00:00:00:00:03 in_port=4 out_port=1
[FLOW_MOD] t=16806.088062815 dpid=s6 action=add src=00:00:00:00:00:02 dst=00:00:00:00:00:03 in_port=4 out_port=1
[FLOW_MOD] t=16806.088398212 dpid=s18 action=delete-strict src=00:00:00:00:00:02 dst=00:00:00:00:00:03 in_port=3 out_port=1
[FLOW_MOD] t=16806.088661837 dpid=s18 action=add src=00:00:00:00:00:02 dst=00:00:00:00:00:03 in_port=3 out_port=1
[FLOW_MOD] t=16806.088983690 dpid=s18 action=delete-strict src=00:00:00:00:00:03 dst=00:00:00:00:00:02 in_port=1 out_port=3
[FLOW_MOD] t=16806.089246845 dpid=s18 action=add src=00:00:00:00:00:03 dst=00:00:00:00:00:02 in_port=1 out_port=3
[FLOW_MOD] t=16806.089576048 dpid=s6 action=delete-strict src=00:00:00:00:00:03 dst=00:00:00:00:00:02 in_port=1 out_port=4
[FLOW_MOD] t=16806.089831130 dpid=s6 action=add src=00:00:00:00:00:03 dst=00:00:00:00:00:02 in_port=1 out_port=4
[FLOW_MOD] t=16806.090158648 dpid=s2 action=delete-strict src=00:00:00:00:00:03 dst=00:00:00:00:00:02 in_port=1 out_port=4
[FLOW_MOD] t=16806.090402443 dpid=s2 action=add src=00:00:00:00:00:03 dst=00:00:00:00:00:02 in_port=1 out_port=4
[FLOW_MOD] t=16806.090791663 dpid=s3 action=delete-strict src=00:00:00:00:00:03 dst=00:00:00:00:00:02 in_port=3 out_port=4
[FLOW_MOD] t=16806.091041550 dpid=s3 action=add src=00:00:00:00:00:03 dst=00:00:00:00:00:02 in_port=3 out_port=4
[FLOW_MOD] t=16806.091310166 dpid=s1 action=delete-strict src=00:00:00:00:00:03 dst=00:00:00:00:00:02 in_port=4 out_port=1
[FLOW_MOD] t=16806.091570307 dpid=s1 action=add src=00:00:00:00:00:03 dst=00:00:00:00:00:02 in_port=4 out_port=1
[FLOW_MOD] t=16806.091946891 dpid=s4 action=delete-strict src=00:00:00:00:00:03 dst=00:00:00:00:00:02 in_port=4 out_port=2
[FLOW_MOD] t=16806.092260482 dpid=s4 action=add src=00:00:00:00:00:03 dst=00:00:00:00:00:02 in_port=4 out_port=2
[FLOW_MOD] t=16806.092583036 dpid=s17 action=delete-strict src=00:00:00:00:00:03 dst=00:00:00:00:00:02 in_port=3 out_port=1
[FLOW_MOD] t=16806.092855817 dpid=s17 action=add src=00:00:00:00:00:03 dst=00:00:00:00:00:02 in_port=3 out_port=1
[SPF-DONE] BF s17->s19 reachable=11/11
[PATH-COMPUTED] s17->s19: 6 hop(s) path=s17 -> s4 -> s1 -> s3 -> s2 -> s6 -> s19
[FLOW-INSTALL] 00:00:00:00:00:02 → 00:00:00:00:00:04: s17 -> s4 -> s1 -> s3 -> s2 -> s6 -> s19
[FLOW_MOD] t=16806.096235111 dpid=s17 action=delete-strict src=00:00:00:00:00:02 dst=00:00:00:00:00:04 in_port=1 out_port=3
[FLOW_MOD] t=16806.096535004 dpid=s17 action=add src=00:00:00:00:00:02 dst=00:00:00:00:00:04 in_port=1 out_port=3
[FLOW_MOD] t=16806.096975038 dpid=s4 action=delete-strict src=00:00:00:00:00:02 dst=00:00:00:00:00:04 in_port=2 out_port=4
[FLOW_MOD] t=16806.097318713 dpid=s4 action=add src=00:00:00:00:00:02 dst=00:00:00:00:00:04 in_port=2 out_port=4
[FLOW_MOD] t=16806.097774058 dpid=s1 action=delete-strict src=00:00:00:00:00:02 dst=00:00:00:00:00:04 in_port=1 out_port=4
[FLOW_MOD] t=16806.098093676 dpid=s1 action=add src=00:00:00:00:00:02 dst=00:00:00:00:00:04 in_port=1 out_port=4
[FLOW_MOD] t=16806.098521157 dpid=s3 action=delete-strict src=00:00:00:00:00:02 dst=00:00:00:00:00:04 in_port=4 out_port=3
[FLOW_MOD] t=16806.098805203 dpid=s3 action=add src=00:00:00:00:00:02 dst=00:00:00:00:00:04 in_port=4 out_port=3
[FLOW_MOD] t=16806.099187172 dpid=s2 action=delete-strict src=00:00:00:00:00:02 dst=00:00:00:00:00:04 in_port=4 out_port=1
[FLOW_MOD] t=16806.099459594 dpid=s2 action=add src=00:00:00:00:00:02 dst=00:00:00:00:00:04 in_port=4 out_port=1
[FLOW_MOD] t=16806.099804121 dpid=s6 action=delete-strict src=00:00:00:00:00:02 dst=00:00:00:00:00:04 in_port=4 out_port=2
[FLOW_MOD] t=16806.100228621 dpid=s6 action=add src=00:00:00:00:00:02 dst=00:00:00:00:00:04 in_port=4 out_port=2
[FLOW_MOD] t=16806.100648444 dpid=s19 action=delete-strict src=00:00:00:00:00:02 dst=00:00:00:00:00:04 in_port=3 out_port=1
[FLOW_MOD] t=16806.100987815 dpid=s19 action=add src=00:00:00:00:00:02 dst=00:00:00:00:00:04 in_port=3 out_port=1
[FLOW_MOD] t=16806.101541338 dpid=s19 action=delete-strict src=00:00:00:00:00:04 dst=00:00:00:00:00:02 in_port=1 out_port=3
[FLOW_MOD] t=16806.101842719 dpid=s19 action=add src=00:00:00:00:00:04 dst=00:00:00:00:00:02 in_port=1 out_port=3
[FLOW_MOD] t=16806.102237471 dpid=s6 action=delete-strict src=00:00:00:00:00:04 dst=00:00:00:00:00:02 in_port=2 out_port=4
[FLOW_MOD] t=16806.102526554 dpid=s6 action=add src=00:00:00:00:00:04 dst=00:00:00:00:00:02 in_port=2 out_port=4
[FLOW_MOD] t=16806.102920290 dpid=s2 action=delete-strict src=00:00:00:00:00:04 dst=00:00:00:00:00:02 in_port=1 out_port=4
[FLOW_MOD] t=16806.103167076 dpid=s2 action=add src=00:00:00:00:00:04 dst=00:00:00:00:00:02 in_port=1 out_port=4
[FLOW_MOD] t=16806.103511535 dpid=s3 action=delete-strict src=00:00:00:00:00:04 dst=00:00:00:00:00:02 in_port=3 out_port=4
[FLOW_MOD] t=16806.103820509 dpid=s3 action=add src=00:00:00:00:00:04 dst=00:00:00:00:00:02 in_port=3 out_port=4
[FLOW_MOD] t=16806.104274719 dpid=s1 action=delete-strict src=00:00:00:00:00:04 dst=00:00:00:00:00:02 in_port=4 out_port=1
[FLOW_MOD] t=16806.104562170 dpid=s1 action=add src=00:00:00:00:00:04 dst=00:00:00:00:00:02 in_port=4 out_port=1
[FLOW_MOD] t=16806.104900682 dpid=s4 action=delete-strict src=00:00:00:00:00:04 dst=00:00:00:00:00:02 in_port=4 out_port=2
[FLOW_MOD] t=16806.105164369 dpid=s4 action=add src=00:00:00:00:00:04 dst=00:00:00:00:00:02 in_port=4 out_port=2
[FLOW_MOD] t=16806.105493100 dpid=s17 action=delete-strict src=00:00:00:00:00:04 dst=00:00:00:00:00:02 in_port=3 out_port=1
[FLOW_MOD] t=16806.105831204 dpid=s17 action=add src=00:00:00:00:00:04 dst=00:00:00:00:00:02 in_port=3 out_port=1
[SPF-DONE] BF s18->s16 reachable=11/11
[PATH-COMPUTED] s18->s16: 6 hop(s) path=s18 -> s6 -> s2 -> s3 -> s1 -> s4 -> s16
[FLOW-INSTALL] 00:00:00:00:00:03 → 00:00:00:00:00:01: s18 -> s6 -> s2 -> s3 -> s1 -> s4 -> s16
[FLOW_MOD] t=16806.111246474 dpid=s18 action=delete-strict src=00:00:00:00:00:03 dst=00:00:00:00:00:01 in_port=1 out_port=3
[FLOW_MOD] t=16806.111548397 dpid=s18 action=add src=00:00:00:00:00:03 dst=00:00:00:00:00:01 in_port=1 out_port=3
[FLOW_MOD] t=16806.111917607 dpid=s6 action=delete-strict src=00:00:00:00:00:03 dst=00:00:00:00:00:01 in_port=1 out_port=4
[FLOW_MOD] t=16806.112211450 dpid=s6 action=add src=00:00:00:00:00:03 dst=00:00:00:00:00:01 in_port=1 out_port=4
[FLOW_MOD] t=16806.112550798 dpid=s2 action=delete-strict src=00:00:00:00:00:03 dst=00:00:00:00:00:01 in_port=1 out_port=4
[FLOW_MOD] t=16806.112804873 dpid=s2 action=add src=00:00:00:00:00:03 dst=00:00:00:00:00:01 in_port=1 out_port=4
[FLOW_MOD] t=16806.113131084 dpid=s3 action=delete-strict src=00:00:00:00:00:03 dst=00:00:00:00:00:01 in_port=3 out_port=4
[FLOW_MOD] t=16806.113392653 dpid=s3 action=add src=00:00:00:00:00:03 dst=00:00:00:00:00:01 in_port=3 out_port=4
[FLOW_MOD] t=16806.113717092 dpid=s1 action=delete-strict src=00:00:00:00:00:03 dst=00:00:00:00:00:01 in_port=4 out_port=1
[FLOW_MOD] t=16806.113944309 dpid=s1 action=add src=00:00:00:00:00:03 dst=00:00:00:00:00:01 in_port=4 out_port=1
[FLOW_MOD] t=16806.114222086 dpid=s4 action=delete-strict src=00:00:00:00:00:03 dst=00:00:00:00:00:01 in_port=4 out_port=1
[FLOW_MOD] t=16806.114443790 dpid=s4 action=add src=00:00:00:00:00:03 dst=00:00:00:00:00:01 in_port=4 out_port=1
[FLOW_MOD] t=16806.114726083 dpid=s16 action=delete-strict src=00:00:00:00:00:03 dst=00:00:00:00:00:01 in_port=3 out_port=1
[FLOW_MOD] t=16806.114978146 dpid=s16 action=add src=00:00:00:00:00:03 dst=00:00:00:00:00:01 in_port=3 out_port=1
[FLOW_MOD] t=16806.115337589 dpid=s16 action=delete-strict src=00:00:00:00:00:01 dst=00:00:00:00:00:03 in_port=1 out_port=3
[FLOW_MOD] t=16806.115586436 dpid=s16 action=add src=00:00:00:00:00:01 dst=00:00:00:00:00:03 in_port=1 out_port=3
[FLOW_MOD] t=16806.115887047 dpid=s4 action=delete-strict src=00:00:00:00:00:01 dst=00:00:00:00:00:03 in_port=1 out_port=4
[FLOW_MOD] t=16806.116149773 dpid=s4 action=add src=00:00:00:00:00:01 dst=00:00:00:00:00:03 in_port=1 out_port=4
[FLOW_MOD] t=16806.116459031 dpid=s1 action=delete-strict src=00:00:00:00:00:01 dst=00:00:00:00:00:03 in_port=1 out_port=4
[FLOW_MOD] t=16806.116724525 dpid=s1 action=add src=00:00:00:00:00:01 dst=00:00:00:00:00:03 in_port=1 out_port=4
[FLOW_MOD] t=16806.117080415 dpid=s3 action=delete-strict src=00:00:00:00:00:01 dst=00:00:00:00:00:03 in_port=4 out_port=3
[FLOW_MOD] t=16806.117340897 dpid=s3 action=add src=00:00:00:00:00:01 dst=00:00:00:00:00:03 in_port=4 out_port=3
[FLOW_MOD] t=16806.117642946 dpid=s2 action=delete-strict src=00:00:00:00:00:01 dst=00:00:00:00:00:03 in_port=4 out_port=1
[FLOW_MOD] t=16806.117873016 dpid=s2 action=add src=00:00:00:00:00:01 dst=00:00:00:00:00:03 in_port=4 out_port=1
[FLOW_MOD] t=16806.118166969 dpid=s6 action=delete-strict src=00:00:00:00:00:01 dst=00:00:00:00:00:03 in_port=4 out_port=1
[FLOW_MOD] t=16806.118389686 dpid=s6 action=add src=00:00:00:00:00:01 dst=00:00:00:00:00:03 in_port=4 out_port=1
[FLOW_MOD] t=16806.118707385 dpid=s18 action=delete-strict src=00:00:00:00:00:01 dst=00:00:00:00:00:03 in_port=3 out_port=1
[FLOW_MOD] t=16806.118948944 dpid=s18 action=add src=00:00:00:00:00:01 dst=00:00:00:00:00:03 in_port=3 out_port=1
[SPF-DONE] BF s18->s17 reachable=11/11
[PATH-COMPUTED] s18->s17: 6 hop(s) path=s18 -> s6 -> s2 -> s3 -> s1 -> s4 -> s17
[FLOW-INSTALL] 00:00:00:00:00:03 → 00:00:00:00:00:02: s18 -> s6 -> s2 -> s3 -> s1 -> s4 -> s17
[FLOW_MOD] t=16806.123067669 dpid=s18 action=delete-strict src=00:00:00:00:00:03 dst=00:00:00:00:00:02 in_port=1 out_port=3
[FLOW_MOD] t=16806.123421791 dpid=s18 action=add src=00:00:00:00:00:03 dst=00:00:00:00:00:02 in_port=1 out_port=3
[FLOW_MOD] t=16806.123769527 dpid=s6 action=delete-strict src=00:00:00:00:00:03 dst=00:00:00:00:00:02 in_port=1 out_port=4
[FLOW_MOD] t=16806.124083970 dpid=s6 action=add src=00:00:00:00:00:03 dst=00:00:00:00:00:02 in_port=1 out_port=4
[FLOW_MOD] t=16806.124410831 dpid=s2 action=delete-strict src=00:00:00:00:00:03 dst=00:00:00:00:00:02 in_port=1 out_port=4
[FLOW_MOD] t=16806.124656474 dpid=s2 action=add src=00:00:00:00:00:03 dst=00:00:00:00:00:02 in_port=1 out_port=4
[FLOW_MOD] t=16806.124975735 dpid=s3 action=delete-strict src=00:00:00:00:00:03 dst=00:00:00:00:00:02 in_port=3 out_port=4
[FLOW_MOD] t=16806.125228876 dpid=s3 action=add src=00:00:00:00:00:03 dst=00:00:00:00:00:02 in_port=3 out_port=4
[FLOW_MOD] t=16806.125523911 dpid=s1 action=delete-strict src=00:00:00:00:00:03 dst=00:00:00:00:00:02 in_port=4 out_port=1
[FLOW_MOD] t=16806.125756667 dpid=s1 action=add src=00:00:00:00:00:03 dst=00:00:00:00:00:02 in_port=4 out_port=1
[FLOW_MOD] t=16806.126081924 dpid=s4 action=delete-strict src=00:00:00:00:00:03 dst=00:00:00:00:00:02 in_port=4 out_port=2
[FLOW_MOD] t=16806.126359862 dpid=s4 action=add src=00:00:00:00:00:03 dst=00:00:00:00:00:02 in_port=4 out_port=2
[FLOW_MOD] t=16806.126679042 dpid=s17 action=delete-strict src=00:00:00:00:00:03 dst=00:00:00:00:00:02 in_port=3 out_port=1
[FLOW_MOD] t=16806.126906623 dpid=s17 action=add src=00:00:00:00:00:03 dst=00:00:00:00:00:02 in_port=3 out_port=1
[FLOW_MOD] t=16806.127221317 dpid=s17 action=delete-strict src=00:00:00:00:00:02 dst=00:00:00:00:00:03 in_port=1 out_port=3
[FLOW_MOD] t=16806.127453912 dpid=s17 action=add src=00:00:00:00:00:02 dst=00:00:00:00:00:03 in_port=1 out_port=3
[FLOW_MOD] t=16806.127799119 dpid=s4 action=delete-strict src=00:00:00:00:00:02 dst=00:00:00:00:00:03 in_port=2 out_port=4
[FLOW_MOD] t=16806.129581345 dpid=s4 action=add src=00:00:00:00:00:02 dst=00:00:00:00:00:03 in_port=2 out_port=4
[FLOW_MOD] t=16806.129967543 dpid=s1 action=delete-strict src=00:00:00:00:00:02 dst=00:00:00:00:00:03 in_port=1 out_port=4
[FLOW_MOD] t=16806.130238173 dpid=s1 action=add src=00:00:00:00:00:02 dst=00:00:00:00:00:03 in_port=1 out_port=4
[FLOW_MOD] t=16806.130545641 dpid=s3 action=delete-strict src=00:00:00:00:00:02 dst=00:00:00:00:00:03 in_port=4 out_port=3
[FLOW_MOD] t=16806.130780757 dpid=s3 action=add src=00:00:00:00:00:02 dst=00:00:00:00:00:03 in_port=4 out_port=3
[FLOW_MOD] t=16806.131080573 dpid=s2 action=delete-strict src=00:00:00:00:00:02 dst=00:00:00:00:00:03 in_port=4 out_port=1
[FLOW_MOD] t=16806.131324334 dpid=s2 action=add src=00:00:00:00:00:02 dst=00:00:00:00:00:03 in_port=4 out_port=1
[FLOW_MOD] t=16806.131646600 dpid=s6 action=delete-strict src=00:00:00:00:00:02 dst=00:00:00:00:00:03 in_port=4 out_port=1
[FLOW_MOD] t=16806.131908905 dpid=s6 action=add src=00:00:00:00:00:02 dst=00:00:00:00:00:03 in_port=4 out_port=1
[FLOW_MOD] t=16806.132255111 dpid=s18 action=delete-strict src=00:00:00:00:00:02 dst=00:00:00:00:00:03 in_port=3 out_port=1
[FLOW_MOD] t=16806.132553389 dpid=s18 action=add src=00:00:00:00:00:02 dst=00:00:00:00:00:03 in_port=3 out_port=1
[SPF-DONE] BF s18->s19 reachable=11/11
[PATH-COMPUTED] s18->s19: 2 hop(s) path=s18 -> s6 -> s19
[FLOW-INSTALL] 00:00:00:00:00:03 → 00:00:00:00:00:04: s18 -> s6 -> s19
[FLOW_MOD] t=16806.136282026 dpid=s18 action=delete-strict src=00:00:00:00:00:03 dst=00:00:00:00:00:04 in_port=1 out_port=3
[FLOW_MOD] t=16806.136605525 dpid=s18 action=add src=00:00:00:00:00:03 dst=00:00:00:00:00:04 in_port=1 out_port=3
[FLOW_MOD] t=16806.136970532 dpid=s6 action=delete-strict src=00:00:00:00:00:03 dst=00:00:00:00:00:04 in_port=1 out_port=2
[FLOW_MOD] t=16806.137245328 dpid=s6 action=add src=00:00:00:00:00:03 dst=00:00:00:00:00:04 in_port=1 out_port=2
[FLOW_MOD] t=16806.137553966 dpid=s19 action=delete-strict src=00:00:00:00:00:03 dst=00:00:00:00:00:04 in_port=3 out_port=1
[FLOW_MOD] t=16806.137845225 dpid=s19 action=add src=00:00:00:00:00:03 dst=00:00:00:00:00:04 in_port=3 out_port=1
[FLOW_MOD] t=16806.138272184 dpid=s19 action=delete-strict src=00:00:00:00:00:04 dst=00:00:00:00:00:03 in_port=1 out_port=3
[FLOW_MOD] t=16806.138572066 dpid=s19 action=add src=00:00:00:00:00:04 dst=00:00:00:00:00:03 in_port=1 out_port=3
[FLOW_MOD] t=16806.138923662 dpid=s6 action=delete-strict src=00:00:00:00:00:04 dst=00:00:00:00:00:03 in_port=2 out_port=1
[FLOW_MOD] t=16806.139213291 dpid=s6 action=add src=00:00:00:00:00:04 dst=00:00:00:00:00:03 in_port=2 out_port=1
[FLOW_MOD] t=16806.139554805 dpid=s18 action=delete-strict src=00:00:00:00:00:04 dst=00:00:00:00:00:03 in_port=3 out_port=1
[FLOW_MOD] t=16806.139834942 dpid=s18 action=add src=00:00:00:00:00:04 dst=00:00:00:00:00:03 in_port=3 out_port=1
[SPF-DONE] BF s19->s16 reachable=11/11
[PATH-COMPUTED] s19->s16: 6 hop(s) path=s19 -> s6 -> s2 -> s3 -> s1 -> s4 -> s16
[FLOW-INSTALL] 00:00:00:00:00:04 → 00:00:00:00:00:01: s19 -> s6 -> s2 -> s3 -> s1 -> s4 -> s16
[FLOW_MOD] t=16806.143102563 dpid=s19 action=delete-strict src=00:00:00:00:00:04 dst=00:00:00:00:00:01 in_port=1 out_port=3
[FLOW_MOD] t=16806.143336339 dpid=s19 action=add src=00:00:00:00:00:04 dst=00:00:00:00:00:01 in_port=1 out_port=3
[FLOW_MOD] t=16806.143694306 dpid=s6 action=delete-strict src=00:00:00:00:00:04 dst=00:00:00:00:00:01 in_port=2 out_port=4
[FLOW_MOD] t=16806.143988510 dpid=s6 action=add src=00:00:00:00:00:04 dst=00:00:00:00:00:01 in_port=2 out_port=4
[FLOW_MOD] t=16806.144395228 dpid=s2 action=delete-strict src=00:00:00:00:00:04 dst=00:00:00:00:00:01 in_port=1 out_port=4
[FLOW_MOD] t=16806.144697568 dpid=s2 action=add src=00:00:00:00:00:04 dst=00:00:00:00:00:01 in_port=1 out_port=4
[FLOW_MOD] t=16806.145026294 dpid=s3 action=delete-strict src=00:00:00:00:00:04 dst=00:00:00:00:00:01 in_port=3 out_port=4
[FLOW_MOD] t=16806.145238549 dpid=s3 action=add src=00:00:00:00:00:04 dst=00:00:00:00:00:01 in_port=3 out_port=4
[FLOW_MOD] t=16806.145587337 dpid=s1 action=delete-strict src=00:00:00:00:00:04 dst=00:00:00:00:00:01 in_port=4 out_port=1
[FLOW_MOD] t=16806.145848915 dpid=s1 action=add src=00:00:00:00:00:04 dst=00:00:00:00:00:01 in_port=4 out_port=1
[FLOW_MOD] t=16806.146179633 dpid=s4 action=delete-strict src=00:00:00:00:00:04 dst=00:00:00:00:00:01 in_port=4 out_port=1
[FLOW_MOD] t=16806.146425624 dpid=s4 action=add src=00:00:00:00:00:04 dst=00:00:00:00:00:01 in_port=4 out_port=1
[FLOW_MOD] t=16806.146743722 dpid=s16 action=delete-strict src=00:00:00:00:00:04 dst=00:00:00:00:00:01 in_port=3 out_port=1
[FLOW_MOD] t=16806.146979781 dpid=s16 action=add src=00:00:00:00:00:04 dst=00:00:00:00:00:01 in_port=3 out_port=1
[FLOW_MOD] t=16806.147279388 dpid=s16 action=delete-strict src=00:00:00:00:00:01 dst=00:00:00:00:00:04 in_port=1 out_port=3
[FLOW_MOD] t=16806.147522420 dpid=s16 action=add src=00:00:00:00:00:01 dst=00:00:00:00:00:04 in_port=1 out_port=3
[FLOW_MOD] t=16806.147823089 dpid=s4 action=delete-strict src=00:00:00:00:00:01 dst=00:00:00:00:00:04 in_port=1 out_port=4
[FLOW_MOD] t=16806.148091580 dpid=s4 action=add src=00:00:00:00:00:01 dst=00:00:00:00:00:04 in_port=1 out_port=4
[FLOW_MOD] t=16806.148452326 dpid=s1 action=delete-strict src=00:00:00:00:00:01 dst=00:00:00:00:00:04 in_port=1 out_port=4
[FLOW_MOD] t=16806.148709751 dpid=s1 action=add src=00:00:00:00:00:01 dst=00:00:00:00:00:04 in_port=1 out_port=4
[FLOW_MOD] t=16806.149103816 dpid=s3 action=delete-strict src=00:00:00:00:00:01 dst=00:00:00:00:00:04 in_port=4 out_port=3
[FLOW_MOD] t=16806.149445494 dpid=s3 action=add src=00:00:00:00:00:01 dst=00:00:00:00:00:04 in_port=4 out_port=3
[FLOW_MOD] t=16806.149750659 dpid=s2 action=delete-strict src=00:00:00:00:00:01 dst=00:00:00:00:00:04 in_port=4 out_port=1
[FLOW_MOD] t=16806.150007596 dpid=s2 action=add src=00:00:00:00:00:01 dst=00:00:00:00:00:04 in_port=4 out_port=1
[FLOW_MOD] t=16806.150355083 dpid=s6 action=delete-strict src=00:00:00:00:00:01 dst=00:00:00:00:00:04 in_port=4 out_port=2
[FLOW_MOD] t=16806.150611328 dpid=s6 action=add src=00:00:00:00:00:01 dst=00:00:00:00:00:04 in_port=4 out_port=2
[FLOW_MOD] t=16806.150933890 dpid=s19 action=delete-strict src=00:00:00:00:00:01 dst=00:00:00:00:00:04 in_port=3 out_port=1
[FLOW_MOD] t=16806.151199271 dpid=s19 action=add src=00:00:00:00:00:01 dst=00:00:00:00:00:04 in_port=3 out_port=1
[SPF-DONE] BF s19->s17 reachable=11/11
[PATH-COMPUTED] s19->s17: 6 hop(s) path=s19 -> s6 -> s2 -> s3 -> s1 -> s4 -> s17
[FLOW-INSTALL] 00:00:00:00:00:04 → 00:00:00:00:00:02: s19 -> s6 -> s2 -> s3 -> s1 -> s4 -> s17
[FLOW_MOD] t=16806.155343463 dpid=s19 action=delete-strict src=00:00:00:00:00:04 dst=00:00:00:00:00:02 in_port=1 out_port=3
[FLOW_MOD] t=16806.155585882 dpid=s19 action=add src=00:00:00:00:00:04 dst=00:00:00:00:00:02 in_port=1 out_port=3
[FLOW_MOD] t=16806.155938089 dpid=s6 action=delete-strict src=00:00:00:00:00:04 dst=00:00:00:00:00:02 in_port=2 out_port=4
[FLOW_MOD] t=16806.156202399 dpid=s6 action=add src=00:00:00:00:00:04 dst=00:00:00:00:00:02 in_port=2 out_port=4
[FLOW_MOD] t=16806.156489387 dpid=s2 action=delete-strict src=00:00:00:00:00:04 dst=00:00:00:00:00:02 in_port=1 out_port=4
[FLOW_MOD] t=16806.156693069 dpid=s2 action=add src=00:00:00:00:00:04 dst=00:00:00:00:00:02 in_port=1 out_port=4
[FLOW_MOD] t=16806.156952823 dpid=s3 action=delete-strict src=00:00:00:00:00:04 dst=00:00:00:00:00:02 in_port=3 out_port=4
[FLOW_MOD] t=16806.157228744 dpid=s3 action=add src=00:00:00:00:00:04 dst=00:00:00:00:00:02 in_port=3 out_port=4
[FLOW_MOD] t=16806.157570628 dpid=s1 action=delete-strict src=00:00:00:00:00:04 dst=00:00:00:00:00:02 in_port=4 out_port=1
[FLOW_MOD] t=16806.157803347 dpid=s1 action=add src=00:00:00:00:00:04 dst=00:00:00:00:00:02 in_port=4 out_port=1
[FLOW_MOD] t=16806.158109853 dpid=s4 action=delete-strict src=00:00:00:00:00:04 dst=00:00:00:00:00:02 in_port=4 out_port=2
[FLOW_MOD] t=16806.158359578 dpid=s4 action=add src=00:00:00:00:00:04 dst=00:00:00:00:00:02 in_port=4 out_port=2
[FLOW_MOD] t=16806.158646376 dpid=s17 action=delete-strict src=00:00:00:00:00:04 dst=00:00:00:00:00:02 in_port=3 out_port=1
[FLOW_MOD] t=16806.158879086 dpid=s17 action=add src=00:00:00:00:00:04 dst=00:00:00:00:00:02 in_port=3 out_port=1
[FLOW_MOD] t=16806.159142518 dpid=s17 action=delete-strict src=00:00:00:00:00:02 dst=00:00:00:00:00:04 in_port=1 out_port=3
[FLOW_MOD] t=16806.159369971 dpid=s17 action=add src=00:00:00:00:00:02 dst=00:00:00:00:00:04 in_port=1 out_port=3
[FLOW_MOD] t=16806.159677138 dpid=s4 action=delete-strict src=00:00:00:00:00:02 dst=00:00:00:00:00:04 in_port=2 out_port=4
[FLOW_MOD] t=16806.159888635 dpid=s4 action=add src=00:00:00:00:00:02 dst=00:00:00:00:00:04 in_port=2 out_port=4
[FLOW_MOD] t=16806.160207928 dpid=s1 action=delete-strict src=00:00:00:00:00:02 dst=00:00:00:00:00:04 in_port=1 out_port=4
[FLOW_MOD] t=16806.160451963 dpid=s1 action=add src=00:00:00:00:00:02 dst=00:00:00:00:00:04 in_port=1 out_port=4
[FLOW_MOD] t=16806.160740660 dpid=s3 action=delete-strict src=00:00:00:00:00:02 dst=00:00:00:00:00:04 in_port=4 out_port=3
[FLOW_MOD] t=16806.160996081 dpid=s3 action=add src=00:00:00:00:00:02 dst=00:00:00:00:00:04 in_port=4 out_port=3
[FLOW_MOD] t=16806.161330212 dpid=s2 action=delete-strict src=00:00:00:00:00:02 dst=00:00:00:00:00:04 in_port=4 out_port=1
[FLOW_MOD] t=16806.161584476 dpid=s2 action=add src=00:00:00:00:00:02 dst=00:00:00:00:00:04 in_port=4 out_port=1
[FLOW_MOD] t=16806.161921601 dpid=s6 action=delete-strict src=00:00:00:00:00:02 dst=00:00:00:00:00:04 in_port=4 out_port=2
[FLOW_MOD] t=16806.162140694 dpid=s6 action=add src=00:00:00:00:00:02 dst=00:00:00:00:00:04 in_port=4 out_port=2
[FLOW_MOD] t=16806.162454551 dpid=s19 action=delete-strict src=00:00:00:00:00:02 dst=00:00:00:00:00:04 in_port=3 out_port=1
[FLOW_MOD] t=16806.162682860 dpid=s19 action=add src=00:00:00:00:00:02 dst=00:00:00:00:00:04 in_port=3 out_port=1
[SPF-DONE] BF s19->s18 reachable=11/11
[PATH-COMPUTED] s19->s18: 2 hop(s) path=s19 -> s6 -> s18
[FLOW-INSTALL] 00:00:00:00:00:04 → 00:00:00:00:00:03: s19 -> s6 -> s18
[FLOW_MOD] t=16806.165830498 dpid=s19 action=delete-strict src=00:00:00:00:00:04 dst=00:00:00:00:00:03 in_port=1 out_port=3
[FLOW_MOD] t=16806.166117540 dpid=s19 action=add src=00:00:00:00:00:04 dst=00:00:00:00:00:03 in_port=1 out_port=3
[FLOW_MOD] t=16806.166479094 dpid=s6 action=delete-strict src=00:00:00:00:00:04 dst=00:00:00:00:00:03 in_port=2 out_port=1
[FLOW_MOD] t=16806.166740839 dpid=s6 action=add src=00:00:00:00:00:04 dst=00:00:00:00:00:03 in_port=2 out_port=1
[FLOW_MOD] t=16806.167106917 dpid=s18 action=delete-strict src=00:00:00:00:00:04 dst=00:00:00:00:00:03 in_port=3 out_port=1
[FLOW_MOD] t=16806.167369535 dpid=s18 action=add src=00:00:00:00:00:04 dst=00:00:00:00:00:03 in_port=3 out_port=1
[FLOW_MOD] t=16806.167693609 dpid=s18 action=delete-strict src=00:00:00:00:00:03 dst=00:00:00:00:00:04 in_port=1 out_port=3
[FLOW_MOD] t=16806.167930864 dpid=s18 action=add src=00:00:00:00:00:03 dst=00:00:00:00:00:04 in_port=1 out_port=3
[FLOW_MOD] t=16806.168252491 dpid=s6 action=delete-strict src=00:00:00:00:00:03 dst=00:00:00:00:00:04 in_port=1 out_port=2
[FLOW_MOD] t=16806.170726615 dpid=s6 action=add src=00:00:00:00:00:03 dst=00:00:00:00:00:04 in_port=1 out_port=2
[FLOW_MOD] t=16806.171476622 dpid=s19 action=delete-strict src=00:00:00:00:00:03 dst=00:00:00:00:00:04 in_port=3 out_port=1
[FLOW_MOD] t=16806.171888531 dpid=s19 action=add src=00:00:00:00:00:03 dst=00:00:00:00:00:04 in_port=3 out_port=1
[TOPO] route refresh: installed=12 skipped=0 unreachable=0 hosts=4
[PORT_STATUS] t=16806.172500622 s1 port=3 reason=modify
[CONVERGENCE-START] id=4 t1=16806.172744656
[PORT_STATUS] t=16806.174537372 s2 port=3 reason=modify
[PORT_STATUS] t=16806.175208593 s2 port=3 reason=modify
[CONVERGENCE-START-SKIP] id=4 duplicate port-status s2 port=3 reason=modify
[PORT_STATUS] t=16806.176186064 s2 port=3 reason=modify
[PORT_STATUS] t=16806.176622363 s1 port=3 reason=modify
[TOPO-CHANGE] (LLDP topology event) switches=11 links=33  delta +1 -0
[TOPO-UP]   [(1, 2)]
[TOPO-REFRESH] flushing 12 flows, rebuilding routes
[TREE-DONE] root=s1 tree_edges=11 reachable=11/11
[SPF-DONE] BF s16->s17 reachable=11/11
[PATH-COMPUTED] s16->s17: 2 hop(s) path=s16 -> s4 -> s17
[FLOW-INSTALL] 00:00:00:00:00:01 → 00:00:00:00:00:02: s16 -> s4 -> s17
[FLOW_MOD] t=16806.732875312 dpid=s16 action=delete-strict src=00:00:00:00:00:01 dst=00:00:00:00:00:02 in_port=1 out_port=3
[FLOW_MOD] t=16806.733275541 dpid=s16 action=add src=00:00:00:00:00:01 dst=00:00:00:00:00:02 in_port=1 out_port=3
[CONVERGENCE-FLOWMOD] id=4 t2=16806.733652802
[FLOW_MOD] t=16806.734110134 dpid=s4 action=delete-strict src=00:00:00:00:00:01 dst=00:00:00:00:00:02 in_port=1 out_port=2
[FLOW_MOD] t=16806.734439677 dpid=s4 action=add src=00:00:00:00:00:01 dst=00:00:00:00:00:02 in_port=1 out_port=2
[FLOW_MOD] t=16806.734814661 dpid=s17 action=delete-strict src=00:00:00:00:00:01 dst=00:00:00:00:00:02 in_port=3 out_port=1
[FLOW_MOD] t=16806.735079481 dpid=s17 action=add src=00:00:00:00:00:01 dst=00:00:00:00:00:02 in_port=3 out_port=1
[FLOW_MOD] t=16806.735402593 dpid=s17 action=delete-strict src=00:00:00:00:00:02 dst=00:00:00:00:00:01 in_port=1 out_port=3
[FLOW_MOD] t=16806.735642358 dpid=s17 action=add src=00:00:00:00:00:02 dst=00:00:00:00:00:01 in_port=1 out_port=3
[FLOW_MOD] t=16806.735926082 dpid=s4 action=delete-strict src=00:00:00:00:00:02 dst=00:00:00:00:00:01 in_port=2 out_port=1
[FLOW_MOD] t=16806.736204320 dpid=s4 action=add src=00:00:00:00:00:02 dst=00:00:00:00:00:01 in_port=2 out_port=1
[FLOW_MOD] t=16806.736509496 dpid=s16 action=delete-strict src=00:00:00:00:00:02 dst=00:00:00:00:00:01 in_port=3 out_port=1
[FLOW_MOD] t=16806.736779495 dpid=s16 action=add src=00:00:00:00:00:02 dst=00:00:00:00:00:01 in_port=3 out_port=1
[SPF-DONE] BF s16->s18 reachable=11/11
[PATH-COMPUTED] s16->s18: 5 hop(s) path=s16 -> s4 -> s1 -> s2 -> s6 -> s18
[FLOW-INSTALL] 00:00:00:00:00:01 → 00:00:00:00:00:03: s16 -> s4 -> s1 -> s2 -> s6 -> s18
[FLOW_MOD] t=16806.740128951 dpid=s16 action=delete-strict src=00:00:00:00:00:01 dst=00:00:00:00:00:03 in_port=1 out_port=3
[FLOW_MOD] t=16806.740405483 dpid=s16 action=add src=00:00:00:00:00:01 dst=00:00:00:00:00:03 in_port=1 out_port=3
[FLOW_MOD] t=16806.740752917 dpid=s4 action=delete-strict src=00:00:00:00:00:01 dst=00:00:00:00:00:03 in_port=1 out_port=4
[FLOW_MOD] t=16806.740985939 dpid=s4 action=add src=00:00:00:00:00:01 dst=00:00:00:00:00:03 in_port=1 out_port=4
[FLOW_MOD] t=16806.741291150 dpid=s1 action=delete-strict src=00:00:00:00:00:01 dst=00:00:00:00:00:03 in_port=1 out_port=3
[FLOW_MOD] t=16806.741536258 dpid=s1 action=add src=00:00:00:00:00:01 dst=00:00:00:00:00:03 in_port=1 out_port=3
[FLOW_MOD] t=16806.741865286 dpid=s2 action=delete-strict src=00:00:00:00:00:01 dst=00:00:00:00:00:03 in_port=3 out_port=1
[FLOW_MOD] t=16806.742125226 dpid=s2 action=add src=00:00:00:00:00:01 dst=00:00:00:00:00:03 in_port=3 out_port=1
[FLOW_MOD] t=16806.742477835 dpid=s6 action=delete-strict src=00:00:00:00:00:01 dst=00:00:00:00:00:03 in_port=4 out_port=1
[FLOW_MOD] t=16806.742717414 dpid=s6 action=add src=00:00:00:00:00:01 dst=00:00:00:00:00:03 in_port=4 out_port=1
[FLOW_MOD] t=16806.743001795 dpid=s18 action=delete-strict src=00:00:00:00:00:01 dst=00:00:00:00:00:03 in_port=3 out_port=1
[FLOW_MOD] t=16806.743217907 dpid=s18 action=add src=00:00:00:00:00:01 dst=00:00:00:00:00:03 in_port=3 out_port=1
[FLOW_MOD] t=16806.743487569 dpid=s18 action=delete-strict src=00:00:00:00:00:03 dst=00:00:00:00:00:01 in_port=1 out_port=3
[FLOW_MOD] t=16806.743753146 dpid=s18 action=add src=00:00:00:00:00:03 dst=00:00:00:00:00:01 in_port=1 out_port=3
[FLOW_MOD] t=16806.744194449 dpid=s6 action=delete-strict src=00:00:00:00:00:03 dst=00:00:00:00:00:01 in_port=1 out_port=4
[FLOW_MOD] t=16806.744523331 dpid=s6 action=add src=00:00:00:00:00:03 dst=00:00:00:00:00:01 in_port=1 out_port=4
[FLOW_MOD] t=16806.744906121 dpid=s2 action=delete-strict src=00:00:00:00:00:03 dst=00:00:00:00:00:01 in_port=1 out_port=3
[FLOW_MOD] t=16806.745215277 dpid=s2 action=add src=00:00:00:00:00:03 dst=00:00:00:00:00:01 in_port=1 out_port=3
[FLOW_MOD] t=16806.745560618 dpid=s1 action=delete-strict src=00:00:00:00:00:03 dst=00:00:00:00:00:01 in_port=3 out_port=1
[FLOW_MOD] t=16806.745856193 dpid=s1 action=add src=00:00:00:00:00:03 dst=00:00:00:00:00:01 in_port=3 out_port=1
[FLOW_MOD] t=16806.746329586 dpid=s4 action=delete-strict src=00:00:00:00:00:03 dst=00:00:00:00:00:01 in_port=4 out_port=1
[FLOW_MOD] t=16806.746628677 dpid=s4 action=add src=00:00:00:00:00:03 dst=00:00:00:00:00:01 in_port=4 out_port=1
[FLOW_MOD] t=16806.747011995 dpid=s16 action=delete-strict src=00:00:00:00:00:03 dst=00:00:00:00:00:01 in_port=3 out_port=1
[FLOW_MOD] t=16806.747410708 dpid=s16 action=add src=00:00:00:00:00:03 dst=00:00:00:00:00:01 in_port=3 out_port=1
[SPF-DONE] BF s16->s19 reachable=11/11
[PATH-COMPUTED] s16->s19: 5 hop(s) path=s16 -> s4 -> s1 -> s2 -> s6 -> s19
[FLOW-INSTALL] 00:00:00:00:00:01 → 00:00:00:00:00:04: s16 -> s4 -> s1 -> s2 -> s6 -> s19
[FLOW_MOD] t=16806.751242823 dpid=s16 action=delete-strict src=00:00:00:00:00:01 dst=00:00:00:00:00:04 in_port=1 out_port=3
[FLOW_MOD] t=16806.751619661 dpid=s16 action=add src=00:00:00:00:00:01 dst=00:00:00:00:00:04 in_port=1 out_port=3
[FLOW_MOD] t=16806.752078704 dpid=s4 action=delete-strict src=00:00:00:00:00:01 dst=00:00:00:00:00:04 in_port=1 out_port=4
[FLOW_MOD] t=16806.752357593 dpid=s4 action=add src=00:00:00:00:00:01 dst=00:00:00:00:00:04 in_port=1 out_port=4
[FLOW_MOD] t=16806.752693614 dpid=s1 action=delete-strict src=00:00:00:00:00:01 dst=00:00:00:00:00:04 in_port=1 out_port=3
[FLOW_MOD] t=16806.752952998 dpid=s1 action=add src=00:00:00:00:00:01 dst=00:00:00:00:00:04 in_port=1 out_port=3
[FLOW_MOD] t=16806.753260184 dpid=s2 action=delete-strict src=00:00:00:00:00:01 dst=00:00:00:00:00:04 in_port=3 out_port=1
[FLOW_MOD] t=16806.753519332 dpid=s2 action=add src=00:00:00:00:00:01 dst=00:00:00:00:00:04 in_port=3 out_port=1
[FLOW_MOD] t=16806.753900894 dpid=s6 action=delete-strict src=00:00:00:00:00:01 dst=00:00:00:00:00:04 in_port=4 out_port=2
[FLOW_MOD] t=16806.754152069 dpid=s6 action=add src=00:00:00:00:00:01 dst=00:00:00:00:00:04 in_port=4 out_port=2
[FLOW_MOD] t=16806.754516371 dpid=s19 action=delete-strict src=00:00:00:00:00:01 dst=00:00:00:00:00:04 in_port=3 out_port=1
[FLOW_MOD] t=16806.754790040 dpid=s19 action=add src=00:00:00:00:00:01 dst=00:00:00:00:00:04 in_port=3 out_port=1
[FLOW_MOD] t=16806.755134504 dpid=s19 action=delete-strict src=00:00:00:00:00:04 dst=00:00:00:00:00:01 in_port=1 out_port=3
[FLOW_MOD] t=16806.755351244 dpid=s19 action=add src=00:00:00:00:00:04 dst=00:00:00:00:00:01 in_port=1 out_port=3
[FLOW_MOD] t=16806.755695593 dpid=s6 action=delete-strict src=00:00:00:00:00:04 dst=00:00:00:00:00:01 in_port=2 out_port=4
[FLOW_MOD] t=16806.755940537 dpid=s6 action=add src=00:00:00:00:00:04 dst=00:00:00:00:00:01 in_port=2 out_port=4
[FLOW_MOD] t=16806.756295105 dpid=s2 action=delete-strict src=00:00:00:00:00:04 dst=00:00:00:00:00:01 in_port=1 out_port=3
[FLOW_MOD] t=16806.756508608 dpid=s2 action=add src=00:00:00:00:00:04 dst=00:00:00:00:00:01 in_port=1 out_port=3
[FLOW_MOD] t=16806.756806699 dpid=s1 action=delete-strict src=00:00:00:00:00:04 dst=00:00:00:00:00:01 in_port=3 out_port=1
[FLOW_MOD] t=16806.757082645 dpid=s1 action=add src=00:00:00:00:00:04 dst=00:00:00:00:00:01 in_port=3 out_port=1
[FLOW_MOD] t=16806.757429991 dpid=s4 action=delete-strict src=00:00:00:00:00:04 dst=00:00:00:00:00:01 in_port=4 out_port=1
[FLOW_MOD] t=16806.757715266 dpid=s4 action=add src=00:00:00:00:00:04 dst=00:00:00:00:00:01 in_port=4 out_port=1
[FLOW_MOD] t=16806.758049472 dpid=s16 action=delete-strict src=00:00:00:00:00:04 dst=00:00:00:00:00:01 in_port=3 out_port=1
[FLOW_MOD] t=16806.758293051 dpid=s16 action=add src=00:00:00:00:00:04 dst=00:00:00:00:00:01 in_port=3 out_port=1
[SPF-DONE] BF s17->s16 reachable=11/11
[PATH-COMPUTED] s17->s16: 2 hop(s) path=s17 -> s4 -> s16
[FLOW-INSTALL] 00:00:00:00:00:02 → 00:00:00:00:00:01: s17 -> s4 -> s16
[FLOW_MOD] t=16806.761876618 dpid=s17 action=delete-strict src=00:00:00:00:00:02 dst=00:00:00:00:00:01 in_port=1 out_port=3
[FLOW_MOD] t=16806.762150348 dpid=s17 action=add src=00:00:00:00:00:02 dst=00:00:00:00:00:01 in_port=1 out_port=3
[FLOW_MOD] t=16806.762465522 dpid=s4 action=delete-strict src=00:00:00:00:00:02 dst=00:00:00:00:00:01 in_port=2 out_port=1
[FLOW_MOD] t=16806.762724575 dpid=s4 action=add src=00:00:00:00:00:02 dst=00:00:00:00:00:01 in_port=2 out_port=1
[FLOW_MOD] t=16806.763073779 dpid=s16 action=delete-strict src=00:00:00:00:00:02 dst=00:00:00:00:00:01 in_port=3 out_port=1
[FLOW_MOD] t=16806.763300986 dpid=s16 action=add src=00:00:00:00:00:02 dst=00:00:00:00:00:01 in_port=3 out_port=1
[FLOW_MOD] t=16806.763573625 dpid=s16 action=delete-strict src=00:00:00:00:00:01 dst=00:00:00:00:00:02 in_port=1 out_port=3
[FLOW_MOD] t=16806.763821674 dpid=s16 action=add src=00:00:00:00:00:01 dst=00:00:00:00:00:02 in_port=1 out_port=3
[FLOW_MOD] t=16806.765242515 dpid=s4 action=delete-strict src=00:00:00:00:00:01 dst=00:00:00:00:00:02 in_port=1 out_port=2
[FLOW_MOD] t=16806.765555172 dpid=s4 action=add src=00:00:00:00:00:01 dst=00:00:00:00:00:02 in_port=1 out_port=2
[FLOW_MOD] t=16806.765978423 dpid=s17 action=delete-strict src=00:00:00:00:00:01 dst=00:00:00:00:00:02 in_port=3 out_port=1
[FLOW_MOD] t=16806.766269885 dpid=s17 action=add src=00:00:00:00:00:01 dst=00:00:00:00:00:02 in_port=3 out_port=1
[SPF-DONE] BF s17->s18 reachable=11/11
[PATH-COMPUTED] s17->s18: 5 hop(s) path=s17 -> s4 -> s1 -> s2 -> s6 -> s18
[FLOW-INSTALL] 00:00:00:00:00:02 → 00:00:00:00:00:03: s17 -> s4 -> s1 -> s2 -> s6 -> s18
[FLOW_MOD] t=16806.769900395 dpid=s17 action=delete-strict src=00:00:00:00:00:02 dst=00:00:00:00:00:03 in_port=1 out_port=3
[FLOW_MOD] t=16806.770167809 dpid=s17 action=add src=00:00:00:00:00:02 dst=00:00:00:00:00:03 in_port=1 out_port=3
[FLOW_MOD] t=16806.770526799 dpid=s4 action=delete-strict src=00:00:00:00:00:02 dst=00:00:00:00:00:03 in_port=2 out_port=4
[FLOW_MOD] t=16806.770773734 dpid=s4 action=add src=00:00:00:00:00:02 dst=00:00:00:00:00:03 in_port=2 out_port=4
[FLOW_MOD] t=16806.771101894 dpid=s1 action=delete-strict src=00:00:00:00:00:02 dst=00:00:00:00:00:03 in_port=1 out_port=3
[FLOW_MOD] t=16806.771344737 dpid=s1 action=add src=00:00:00:00:00:02 dst=00:00:00:00:00:03 in_port=1 out_port=3
[FLOW_MOD] t=16806.771659185 dpid=s2 action=delete-strict src=00:00:00:00:00:02 dst=00:00:00:00:00:03 in_port=3 out_port=1
[FLOW_MOD] t=16806.771897028 dpid=s2 action=add src=00:00:00:00:00:02 dst=00:00:00:00:00:03 in_port=3 out_port=1
[FLOW_MOD] t=16806.772218123 dpid=s6 action=delete-strict src=00:00:00:00:00:02 dst=00:00:00:00:00:03 in_port=4 out_port=1
[FLOW_MOD] t=16806.772517923 dpid=s6 action=add src=00:00:00:00:00:02 dst=00:00:00:00:00:03 in_port=4 out_port=1
[FLOW_MOD] t=16806.772916819 dpid=s18 action=delete-strict src=00:00:00:00:00:02 dst=00:00:00:00:00:03 in_port=3 out_port=1
[FLOW_MOD] t=16806.773225336 dpid=s18 action=add src=00:00:00:00:00:02 dst=00:00:00:00:00:03 in_port=3 out_port=1
[FLOW_MOD] t=16806.773641902 dpid=s18 action=delete-strict src=00:00:00:00:00:03 dst=00:00:00:00:00:02 in_port=1 out_port=3
[FLOW_MOD] t=16806.773941976 dpid=s18 action=add src=00:00:00:00:00:03 dst=00:00:00:00:00:02 in_port=1 out_port=3
[FLOW_MOD] t=16806.774313837 dpid=s6 action=delete-strict src=00:00:00:00:00:03 dst=00:00:00:00:00:02 in_port=1 out_port=4
[FLOW_MOD] t=16806.774608228 dpid=s6 action=add src=00:00:00:00:00:03 dst=00:00:00:00:00:02 in_port=1 out_port=4
[FLOW_MOD] t=16806.774942688 dpid=s2 action=delete-strict src=00:00:00:00:00:03 dst=00:00:00:00:00:02 in_port=1 out_port=3
[FLOW_MOD] t=16806.775219919 dpid=s2 action=add src=00:00:00:00:00:03 dst=00:00:00:00:00:02 in_port=1 out_port=3
[FLOW_MOD] t=16806.775592055 dpid=s1 action=delete-strict src=00:00:00:00:00:03 dst=00:00:00:00:00:02 in_port=3 out_port=1
[FLOW_MOD] t=16806.775873717 dpid=s1 action=add src=00:00:00:00:00:03 dst=00:00:00:00:00:02 in_port=3 out_port=1
[FLOW_MOD] t=16806.776282986 dpid=s4 action=delete-strict src=00:00:00:00:00:03 dst=00:00:00:00:00:02 in_port=4 out_port=2
[FLOW_MOD] t=16806.776708533 dpid=s4 action=add src=00:00:00:00:00:03 dst=00:00:00:00:00:02 in_port=4 out_port=2
[FLOW_MOD] t=16806.777097023 dpid=s17 action=delete-strict src=00:00:00:00:00:03 dst=00:00:00:00:00:02 in_port=3 out_port=1
[FLOW_MOD] t=16806.777521859 dpid=s17 action=add src=00:00:00:00:00:03 dst=00:00:00:00:00:02 in_port=3 out_port=1
[SPF-DONE] BF s17->s19 reachable=11/11
[PATH-COMPUTED] s17->s19: 5 hop(s) path=s17 -> s4 -> s1 -> s2 -> s6 -> s19
[FLOW-INSTALL] 00:00:00:00:00:02 → 00:00:00:00:00:04: s17 -> s4 -> s1 -> s2 -> s6 -> s19
[FLOW_MOD] t=16806.781925243 dpid=s17 action=delete-strict src=00:00:00:00:00:02 dst=00:00:00:00:00:04 in_port=1 out_port=3
[FLOW_MOD] t=16806.782277739 dpid=s17 action=add src=00:00:00:00:00:02 dst=00:00:00:00:00:04 in_port=1 out_port=3
[FLOW_MOD] t=16806.782810258 dpid=s4 action=delete-strict src=00:00:00:00:00:02 dst=00:00:00:00:00:04 in_port=2 out_port=4
[FLOW_MOD] t=16806.783197061 dpid=s4 action=add src=00:00:00:00:00:02 dst=00:00:00:00:00:04 in_port=2 out_port=4
[FLOW_MOD] t=16806.783602470 dpid=s1 action=delete-strict src=00:00:00:00:00:02 dst=00:00:00:00:00:04 in_port=1 out_port=3
[FLOW_MOD] t=16806.783897191 dpid=s1 action=add src=00:00:00:00:00:02 dst=00:00:00:00:00:04 in_port=1 out_port=3
[FLOW_MOD] t=16806.784249174 dpid=s2 action=delete-strict src=00:00:00:00:00:02 dst=00:00:00:00:00:04 in_port=3 out_port=1
[FLOW_MOD] t=16806.784518219 dpid=s2 action=add src=00:00:00:00:00:02 dst=00:00:00:00:00:04 in_port=3 out_port=1
[FLOW_MOD] t=16806.784846416 dpid=s6 action=delete-strict src=00:00:00:00:00:02 dst=00:00:00:00:00:04 in_port=4 out_port=2
[FLOW_MOD] t=16806.785085643 dpid=s6 action=add src=00:00:00:00:00:02 dst=00:00:00:00:00:04 in_port=4 out_port=2
[FLOW_MOD] t=16806.785435918 dpid=s19 action=delete-strict src=00:00:00:00:00:02 dst=00:00:00:00:00:04 in_port=3 out_port=1
[FLOW_MOD] t=16806.785712569 dpid=s19 action=add src=00:00:00:00:00:02 dst=00:00:00:00:00:04 in_port=3 out_port=1
[FLOW_MOD] t=16806.786041509 dpid=s19 action=delete-strict src=00:00:00:00:00:04 dst=00:00:00:00:00:02 in_port=1 out_port=3
[FLOW_MOD] t=16806.786316925 dpid=s19 action=add src=00:00:00:00:00:04 dst=00:00:00:00:00:02 in_port=1 out_port=3
[FLOW_MOD] t=16806.786659718 dpid=s6 action=delete-strict src=00:00:00:00:00:04 dst=00:00:00:00:00:02 in_port=2 out_port=4
[FLOW_MOD] t=16806.786967585 dpid=s6 action=add src=00:00:00:00:00:04 dst=00:00:00:00:00:02 in_port=2 out_port=4
[FLOW_MOD] t=16806.787298654 dpid=s2 action=delete-strict src=00:00:00:00:00:04 dst=00:00:00:00:00:02 in_port=1 out_port=3
[FLOW_MOD] t=16806.787547989 dpid=s2 action=add src=00:00:00:00:00:04 dst=00:00:00:00:00:02 in_port=1 out_port=3
[FLOW_MOD] t=16806.788068316 dpid=s1 action=delete-strict src=00:00:00:00:00:04 dst=00:00:00:00:00:02 in_port=3 out_port=1
[FLOW_MOD] t=16806.788360331 dpid=s1 action=add src=00:00:00:00:00:04 dst=00:00:00:00:00:02 in_port=3 out_port=1
[FLOW_MOD] t=16806.788711168 dpid=s4 action=delete-strict src=00:00:00:00:00:04 dst=00:00:00:00:00:02 in_port=4 out_port=2
[FLOW_MOD] t=16806.788975960 dpid=s4 action=add src=00:00:00:00:00:04 dst=00:00:00:00:00:02 in_port=4 out_port=2
[FLOW_MOD] t=16806.789289514 dpid=s17 action=delete-strict src=00:00:00:00:00:04 dst=00:00:00:00:00:02 in_port=3 out_port=1
[FLOW_MOD] t=16806.789612616 dpid=s17 action=add src=00:00:00:00:00:04 dst=00:00:00:00:00:02 in_port=3 out_port=1
[SPF-DONE] BF s18->s16 reachable=11/11
[PATH-COMPUTED] s18->s16: 5 hop(s) path=s18 -> s6 -> s2 -> s1 -> s4 -> s16
[FLOW-INSTALL] 00:00:00:00:00:03 → 00:00:00:00:00:01: s18 -> s6 -> s2 -> s1 -> s4 -> s16
[FLOW_MOD] t=16806.793594283 dpid=s18 action=delete-strict src=00:00:00:00:00:03 dst=00:00:00:00:00:01 in_port=1 out_port=3
[FLOW_MOD] t=16806.793935825 dpid=s18 action=add src=00:00:00:00:00:03 dst=00:00:00:00:00:01 in_port=1 out_port=3
[FLOW_MOD] t=16806.794260590 dpid=s6 action=delete-strict src=00:00:00:00:00:03 dst=00:00:00:00:00:01 in_port=1 out_port=4
[FLOW_MOD] t=16806.794550092 dpid=s6 action=add src=00:00:00:00:00:03 dst=00:00:00:00:00:01 in_port=1 out_port=4
[FLOW_MOD] t=16806.794882489 dpid=s2 action=delete-strict src=00:00:00:00:00:03 dst=00:00:00:00:00:01 in_port=1 out_port=3
[FLOW_MOD] t=16806.795106996 dpid=s2 action=add src=00:00:00:00:00:03 dst=00:00:00:00:00:01 in_port=1 out_port=3
[FLOW_MOD] t=16806.795418694 dpid=s1 action=delete-strict src=00:00:00:00:00:03 dst=00:00:00:00:00:01 in_port=3 out_port=1
[FLOW_MOD] t=16806.795660689 dpid=s1 action=add src=00:00:00:00:00:03 dst=00:00:00:00:00:01 in_port=3 out_port=1
[FLOW_MOD] t=16806.795999884 dpid=s4 action=delete-strict src=00:00:00:00:00:03 dst=00:00:00:00:00:01 in_port=4 out_port=1
[FLOW_MOD] t=16806.796260713 dpid=s4 action=add src=00:00:00:00:00:03 dst=00:00:00:00:00:01 in_port=4 out_port=1
[FLOW_MOD] t=16806.796582561 dpid=s16 action=delete-strict src=00:00:00:00:00:03 dst=00:00:00:00:00:01 in_port=3 out_port=1
[FLOW_MOD] t=16806.796803908 dpid=s16 action=add src=00:00:00:00:00:03 dst=00:00:00:00:00:01 in_port=3 out_port=1
[FLOW_MOD] t=16806.797142609 dpid=s16 action=delete-strict src=00:00:00:00:00:01 dst=00:00:00:00:00:03 in_port=1 out_port=3
[FLOW_MOD] t=16806.797379436 dpid=s16 action=add src=00:00:00:00:00:01 dst=00:00:00:00:00:03 in_port=1 out_port=3
[FLOW_MOD] t=16806.797685563 dpid=s4 action=delete-strict src=00:00:00:00:00:01 dst=00:00:00:00:00:03 in_port=1 out_port=4
[FLOW_MOD] t=16806.797946157 dpid=s4 action=add src=00:00:00:00:00:01 dst=00:00:00:00:00:03 in_port=1 out_port=4
[FLOW_MOD] t=16806.798234482 dpid=s1 action=delete-strict src=00:00:00:00:00:01 dst=00:00:00:00:00:03 in_port=1 out_port=3
[FLOW_MOD] t=16806.798454050 dpid=s1 action=add src=00:00:00:00:00:01 dst=00:00:00:00:00:03 in_port=1 out_port=3
[FLOW_MOD] t=16806.798752877 dpid=s2 action=delete-strict src=00:00:00:00:00:01 dst=00:00:00:00:00:03 in_port=3 out_port=1
[FLOW_MOD] t=16806.798999022 dpid=s2 action=add src=00:00:00:00:00:01 dst=00:00:00:00:00:03 in_port=3 out_port=1
[FLOW_MOD] t=16806.799330981 dpid=s6 action=delete-strict src=00:00:00:00:00:01 dst=00:00:00:00:00:03 in_port=4 out_port=1
[FLOW_MOD] t=16806.799578538 dpid=s6 action=add src=00:00:00:00:00:01 dst=00:00:00:00:00:03 in_port=4 out_port=1
[FLOW_MOD] t=16806.799890437 dpid=s18 action=delete-strict src=00:00:00:00:00:01 dst=00:00:00:00:00:03 in_port=3 out_port=1
[FLOW_MOD] t=16806.800147821 dpid=s18 action=add src=00:00:00:00:00:01 dst=00:00:00:00:00:03 in_port=3 out_port=1
[SPF-DONE] BF s18->s17 reachable=11/11
[PATH-COMPUTED] s18->s17: 5 hop(s) path=s18 -> s6 -> s2 -> s1 -> s4 -> s17
[FLOW-INSTALL] 00:00:00:00:00:03 → 00:00:00:00:00:02: s18 -> s6 -> s2 -> s1 -> s4 -> s17
[FLOW_MOD] t=16806.803364273 dpid=s18 action=delete-strict src=00:00:00:00:00:03 dst=00:00:00:00:00:02 in_port=1 out_port=3
[FLOW_MOD] t=16806.803654185 dpid=s18 action=add src=00:00:00:00:00:03 dst=00:00:00:00:00:02 in_port=1 out_port=3
[FLOW_MOD] t=16806.804074866 dpid=s6 action=delete-strict src=00:00:00:00:00:03 dst=00:00:00:00:00:02 in_port=1 out_port=4
[FLOW_MOD] t=16806.804349185 dpid=s6 action=add src=00:00:00:00:00:03 dst=00:00:00:00:00:02 in_port=1 out_port=4
[FLOW_MOD] t=16806.804679452 dpid=s2 action=delete-strict src=00:00:00:00:00:03 dst=00:00:00:00:00:02 in_port=1 out_port=3
[FLOW_MOD] t=16806.804942258 dpid=s2 action=add src=00:00:00:00:00:03 dst=00:00:00:00:00:02 in_port=1 out_port=3
[FLOW_MOD] t=16806.805271744 dpid=s1 action=delete-strict src=00:00:00:00:00:03 dst=00:00:00:00:00:02 in_port=3 out_port=1
[FLOW_MOD] t=16806.805540241 dpid=s1 action=add src=00:00:00:00:00:03 dst=00:00:00:00:00:02 in_port=3 out_port=1
[FLOW_MOD] t=16806.805860996 dpid=s4 action=delete-strict src=00:00:00:00:00:03 dst=00:00:00:00:00:02 in_port=4 out_port=2
[FLOW_MOD] t=16806.806108832 dpid=s4 action=add src=00:00:00:00:00:03 dst=00:00:00:00:00:02 in_port=4 out_port=2
[FLOW_MOD] t=16806.806432887 dpid=s17 action=delete-strict src=00:00:00:00:00:03 dst=00:00:00:00:00:02 in_port=3 out_port=1
[FLOW_MOD] t=16806.806688658 dpid=s17 action=add src=00:00:00:00:00:03 dst=00:00:00:00:00:02 in_port=3 out_port=1
[FLOW_MOD] t=16806.806995560 dpid=s17 action=delete-strict src=00:00:00:00:00:02 dst=00:00:00:00:00:03 in_port=1 out_port=3
[FLOW_MOD] t=16806.807225146 dpid=s17 action=add src=00:00:00:00:00:02 dst=00:00:00:00:00:03 in_port=1 out_port=3
[FLOW_MOD] t=16806.807532493 dpid=s4 action=delete-strict src=00:00:00:00:00:02 dst=00:00:00:00:00:03 in_port=2 out_port=4
[FLOW_MOD] t=16806.809483419 dpid=s4 action=add src=00:00:00:00:00:02 dst=00:00:00:00:00:03 in_port=2 out_port=4
[FLOW_MOD] t=16806.809949714 dpid=s1 action=delete-strict src=00:00:00:00:00:02 dst=00:00:00:00:00:03 in_port=1 out_port=3
[FLOW_MOD] t=16806.810228361 dpid=s1 action=add src=00:00:00:00:00:02 dst=00:00:00:00:00:03 in_port=1 out_port=3
[FLOW_MOD] t=16806.810571942 dpid=s2 action=delete-strict src=00:00:00:00:00:02 dst=00:00:00:00:00:03 in_port=3 out_port=1
[FLOW_MOD] t=16806.810831744 dpid=s2 action=add src=00:00:00:00:00:02 dst=00:00:00:00:00:03 in_port=3 out_port=1
[FLOW_MOD] t=16806.811150893 dpid=s6 action=delete-strict src=00:00:00:00:00:02 dst=00:00:00:00:00:03 in_port=4 out_port=1
[FLOW_MOD] t=16806.811411059 dpid=s6 action=add src=00:00:00:00:00:02 dst=00:00:00:00:00:03 in_port=4 out_port=1
[FLOW_MOD] t=16806.811737082 dpid=s18 action=delete-strict src=00:00:00:00:00:02 dst=00:00:00:00:00:03 in_port=3 out_port=1
[FLOW_MOD] t=16806.811968810 dpid=s18 action=add src=00:00:00:00:00:02 dst=00:00:00:00:00:03 in_port=3 out_port=1
[SPF-DONE] BF s18->s19 reachable=11/11
[PATH-COMPUTED] s18->s19: 2 hop(s) path=s18 -> s6 -> s19
[FLOW-INSTALL] 00:00:00:00:00:03 → 00:00:00:00:00:04: s18 -> s6 -> s19
[FLOW_MOD] t=16806.815934269 dpid=s18 action=delete-strict src=00:00:00:00:00:03 dst=00:00:00:00:00:04 in_port=1 out_port=3
[FLOW_MOD] t=16806.816220363 dpid=s18 action=add src=00:00:00:00:00:03 dst=00:00:00:00:00:04 in_port=1 out_port=3
[FLOW_MOD] t=16806.816573974 dpid=s6 action=delete-strict src=00:00:00:00:00:03 dst=00:00:00:00:00:04 in_port=1 out_port=2
[FLOW_MOD] t=16806.816833235 dpid=s6 action=add src=00:00:00:00:00:03 dst=00:00:00:00:00:04 in_port=1 out_port=2
[FLOW_MOD] t=16806.817226897 dpid=s19 action=delete-strict src=00:00:00:00:00:03 dst=00:00:00:00:00:04 in_port=3 out_port=1
[FLOW_MOD] t=16806.817543348 dpid=s19 action=add src=00:00:00:00:00:03 dst=00:00:00:00:00:04 in_port=3 out_port=1
[FLOW_MOD] t=16806.817892453 dpid=s19 action=delete-strict src=00:00:00:00:00:04 dst=00:00:00:00:00:03 in_port=1 out_port=3
[FLOW_MOD] t=16806.818185242 dpid=s19 action=add src=00:00:00:00:00:04 dst=00:00:00:00:00:03 in_port=1 out_port=3
[FLOW_MOD] t=16806.818505089 dpid=s6 action=delete-strict src=00:00:00:00:00:04 dst=00:00:00:00:00:03 in_port=2 out_port=1
[FLOW_MOD] t=16806.818758997 dpid=s6 action=add src=00:00:00:00:00:04 dst=00:00:00:00:00:03 in_port=2 out_port=1
[FLOW_MOD] t=16806.819082352 dpid=s18 action=delete-strict src=00:00:00:00:00:04 dst=00:00:00:00:00:03 in_port=3 out_port=1
[FLOW_MOD] t=16806.819334864 dpid=s18 action=add src=00:00:00:00:00:04 dst=00:00:00:00:00:03 in_port=3 out_port=1
[SPF-DONE] BF s19->s16 reachable=11/11
[PATH-COMPUTED] s19->s16: 5 hop(s) path=s19 -> s6 -> s2 -> s1 -> s4 -> s16
[FLOW-INSTALL] 00:00:00:00:00:04 → 00:00:00:00:00:01: s19 -> s6 -> s2 -> s1 -> s4 -> s16
[FLOW_MOD] t=16806.822923886 dpid=s19 action=delete-strict src=00:00:00:00:00:04 dst=00:00:00:00:00:01 in_port=1 out_port=3
[FLOW_MOD] t=16806.823188244 dpid=s19 action=add src=00:00:00:00:00:04 dst=00:00:00:00:00:01 in_port=1 out_port=3
[FLOW_MOD] t=16806.823522800 dpid=s6 action=delete-strict src=00:00:00:00:00:04 dst=00:00:00:00:00:01 in_port=2 out_port=4
[FLOW_MOD] t=16806.823764143 dpid=s6 action=add src=00:00:00:00:00:04 dst=00:00:00:00:00:01 in_port=2 out_port=4
[FLOW_MOD] t=16806.824095894 dpid=s2 action=delete-strict src=00:00:00:00:00:04 dst=00:00:00:00:00:01 in_port=1 out_port=3
[FLOW_MOD] t=16806.824368667 dpid=s2 action=add src=00:00:00:00:00:04 dst=00:00:00:00:00:01 in_port=1 out_port=3
[FLOW_MOD] t=16806.824745093 dpid=s1 action=delete-strict src=00:00:00:00:00:04 dst=00:00:00:00:00:01 in_port=3 out_port=1
[FLOW_MOD] t=16806.825007955 dpid=s1 action=add src=00:00:00:00:00:04 dst=00:00:00:00:00:01 in_port=3 out_port=1
[FLOW_MOD] t=16806.825316616 dpid=s4 action=delete-strict src=00:00:00:00:00:04 dst=00:00:00:00:00:01 in_port=4 out_port=1
[FLOW_MOD] t=16806.825556719 dpid=s4 action=add src=00:00:00:00:00:04 dst=00:00:00:00:00:01 in_port=4 out_port=1
[FLOW_MOD] t=16806.825854139 dpid=s16 action=delete-strict src=00:00:00:00:00:04 dst=00:00:00:00:00:01 in_port=3 out_port=1
[FLOW_MOD] t=16806.826117271 dpid=s16 action=add src=00:00:00:00:00:04 dst=00:00:00:00:00:01 in_port=3 out_port=1
[FLOW_MOD] t=16806.826456962 dpid=s16 action=delete-strict src=00:00:00:00:00:01 dst=00:00:00:00:00:04 in_port=1 out_port=3
[FLOW_MOD] t=16806.826749214 dpid=s16 action=add src=00:00:00:00:00:01 dst=00:00:00:00:00:04 in_port=1 out_port=3
[FLOW_MOD] t=16806.827101705 dpid=s4 action=delete-strict src=00:00:00:00:00:01 dst=00:00:00:00:00:04 in_port=1 out_port=4
[FLOW_MOD] t=16806.827352235 dpid=s4 action=add src=00:00:00:00:00:01 dst=00:00:00:00:00:04 in_port=1 out_port=4
[FLOW_MOD] t=16806.827687114 dpid=s1 action=delete-strict src=00:00:00:00:00:01 dst=00:00:00:00:00:04 in_port=1 out_port=3
[FLOW_MOD] t=16806.827974996 dpid=s1 action=add src=00:00:00:00:00:01 dst=00:00:00:00:00:04 in_port=1 out_port=3
[FLOW_MOD] t=16806.828360711 dpid=s2 action=delete-strict src=00:00:00:00:00:01 dst=00:00:00:00:00:04 in_port=3 out_port=1
[FLOW_MOD] t=16806.828597589 dpid=s2 action=add src=00:00:00:00:00:01 dst=00:00:00:00:00:04 in_port=3 out_port=1
[FLOW_MOD] t=16806.828922310 dpid=s6 action=delete-strict src=00:00:00:00:00:01 dst=00:00:00:00:00:04 in_port=4 out_port=2
[FLOW_MOD] t=16806.829202665 dpid=s6 action=add src=00:00:00:00:00:01 dst=00:00:00:00:00:04 in_port=4 out_port=2
[FLOW_MOD] t=16806.829597950 dpid=s19 action=delete-strict src=00:00:00:00:00:01 dst=00:00:00:00:00:04 in_port=3 out_port=1
[FLOW_MOD] t=16806.829876716 dpid=s19 action=add src=00:00:00:00:00:01 dst=00:00:00:00:00:04 in_port=3 out_port=1
[SPF-DONE] BF s19->s17 reachable=11/11
[PATH-COMPUTED] s19->s17: 5 hop(s) path=s19 -> s6 -> s2 -> s1 -> s4 -> s17
[FLOW-INSTALL] 00:00:00:00:00:04 → 00:00:00:00:00:02: s19 -> s6 -> s2 -> s1 -> s4 -> s17
[FLOW_MOD] t=16806.833338032 dpid=s19 action=delete-strict src=00:00:00:00:00:04 dst=00:00:00:00:00:02 in_port=1 out_port=3
[FLOW_MOD] t=16806.833610841 dpid=s19 action=add src=00:00:00:00:00:04 dst=00:00:00:00:00:02 in_port=1 out_port=3
[FLOW_MOD] t=16806.833953021 dpid=s6 action=delete-strict src=00:00:00:00:00:04 dst=00:00:00:00:00:02 in_port=2 out_port=4
[FLOW_MOD] t=16806.834180813 dpid=s6 action=add src=00:00:00:00:00:04 dst=00:00:00:00:00:02 in_port=2 out_port=4
[FLOW_MOD] t=16806.834518868 dpid=s2 action=delete-strict src=00:00:00:00:00:04 dst=00:00:00:00:00:02 in_port=1 out_port=3
[FLOW_MOD] t=16806.834823323 dpid=s2 action=add src=00:00:00:00:00:04 dst=00:00:00:00:00:02 in_port=1 out_port=3
[FLOW_MOD] t=16806.835192101 dpid=s1 action=delete-strict src=00:00:00:00:00:04 dst=00:00:00:00:00:02 in_port=3 out_port=1
[FLOW_MOD] t=16806.835501073 dpid=s1 action=add src=00:00:00:00:00:04 dst=00:00:00:00:00:02 in_port=3 out_port=1
[FLOW_MOD] t=16806.835821092 dpid=s4 action=delete-strict src=00:00:00:00:00:04 dst=00:00:00:00:00:02 in_port=4 out_port=2
[FLOW_MOD] t=16806.836090231 dpid=s4 action=add src=00:00:00:00:00:04 dst=00:00:00:00:00:02 in_port=4 out_port=2
[FLOW_MOD] t=16806.836523835 dpid=s17 action=delete-strict src=00:00:00:00:00:04 dst=00:00:00:00:00:02 in_port=3 out_port=1
[FLOW_MOD] t=16806.836798620 dpid=s17 action=add src=00:00:00:00:00:04 dst=00:00:00:00:00:02 in_port=3 out_port=1
[FLOW_MOD] t=16806.837097507 dpid=s17 action=delete-strict src=00:00:00:00:00:02 dst=00:00:00:00:00:04 in_port=1 out_port=3
[FLOW_MOD] t=16806.837376032 dpid=s17 action=add src=00:00:00:00:00:02 dst=00:00:00:00:00:04 in_port=1 out_port=3
[FLOW_MOD] t=16806.837692268 dpid=s4 action=delete-strict src=00:00:00:00:00:02 dst=00:00:00:00:00:04 in_port=2 out_port=4
[FLOW_MOD] t=16806.837926356 dpid=s4 action=add src=00:00:00:00:00:02 dst=00:00:00:00:00:04 in_port=2 out_port=4
[FLOW_MOD] t=16806.838281551 dpid=s1 action=delete-strict src=00:00:00:00:00:02 dst=00:00:00:00:00:04 in_port=1 out_port=3
[FLOW_MOD] t=16806.838558078 dpid=s1 action=add src=00:00:00:00:00:02 dst=00:00:00:00:00:04 in_port=1 out_port=3
[FLOW_MOD] t=16806.838907356 dpid=s2 action=delete-strict src=00:00:00:00:00:02 dst=00:00:00:00:00:04 in_port=3 out_port=1
[FLOW_MOD] t=16806.839188314 dpid=s2 action=add src=00:00:00:00:00:02 dst=00:00:00:00:00:04 in_port=3 out_port=1
[FLOW_MOD] t=16806.839534874 dpid=s6 action=delete-strict src=00:00:00:00:00:02 dst=00:00:00:00:00:04 in_port=4 out_port=2
[FLOW_MOD] t=16806.839843466 dpid=s6 action=add src=00:00:00:00:00:02 dst=00:00:00:00:00:04 in_port=4 out_port=2
[FLOW_MOD] t=16806.840228158 dpid=s19 action=delete-strict src=00:00:00:00:00:02 dst=00:00:00:00:00:04 in_port=3 out_port=1
[FLOW_MOD] t=16806.840517289 dpid=s19 action=add src=00:00:00:00:00:02 dst=00:00:00:00:00:04 in_port=3 out_port=1
[SPF-DONE] BF s19->s18 reachable=11/11
[PATH-COMPUTED] s19->s18: 2 hop(s) path=s19 -> s6 -> s18
[FLOW-INSTALL] 00:00:00:00:00:04 → 00:00:00:00:00:03: s19 -> s6 -> s18
[FLOW_MOD] t=16806.843699600 dpid=s19 action=delete-strict src=00:00:00:00:00:04 dst=00:00:00:00:00:03 in_port=1 out_port=3
[FLOW_MOD] t=16806.843921319 dpid=s19 action=add src=00:00:00:00:00:04 dst=00:00:00:00:00:03 in_port=1 out_port=3
[FLOW_MOD] t=16806.844221062 dpid=s6 action=delete-strict src=00:00:00:00:00:04 dst=00:00:00:00:00:03 in_port=2 out_port=1
[FLOW_MOD] t=16806.844474799 dpid=s6 action=add src=00:00:00:00:00:04 dst=00:00:00:00:00:03 in_port=2 out_port=1
[FLOW_MOD] t=16806.844860740 dpid=s18 action=delete-strict src=00:00:00:00:00:04 dst=00:00:00:00:00:03 in_port=3 out_port=1
[FLOW_MOD] t=16806.845127404 dpid=s18 action=add src=00:00:00:00:00:04 dst=00:00:00:00:00:03 in_port=3 out_port=1
[FLOW_MOD] t=16806.845509104 dpid=s18 action=delete-strict src=00:00:00:00:00:03 dst=00:00:00:00:00:04 in_port=1 out_port=3
[FLOW_MOD] t=16806.845738123 dpid=s18 action=add src=00:00:00:00:00:03 dst=00:00:00:00:00:04 in_port=1 out_port=3
[FLOW_MOD] t=16806.846032144 dpid=s6 action=delete-strict src=00:00:00:00:00:03 dst=00:00:00:00:00:04 in_port=1 out_port=2
[FLOW_MOD] t=16806.847591209 dpid=s6 action=add src=00:00:00:00:00:03 dst=00:00:00:00:00:04 in_port=1 out_port=2
[FLOW_MOD] t=16806.848170216 dpid=s19 action=delete-strict src=00:00:00:00:00:03 dst=00:00:00:00:00:04 in_port=3 out_port=1
[FLOW_MOD] t=16806.848441332 dpid=s19 action=add src=00:00:00:00:00:03 dst=00:00:00:00:00:04 in_port=3 out_port=1
[TOPO] route refresh: installed=12 skipped=0 unreachable=0 hosts=4
[CONVERGENCE-END] id=4 convergence_ms=560.908 installed=12 skipped=0 unreachable=0 hosts=4
[TOPO-CHANGE] (LLDP topology event) switches=11 links=34  delta +1 -0
[TOPO-UP]   [(2, 1)]
[TOPO-REFRESH] flushing 12 flows, rebuilding routes
[TREE-DONE] root=s1 tree_edges=11 reachable=11/11
[SPF-DONE] BF s16->s17 reachable=11/11
[PATH-COMPUTED] s16->s17: 2 hop(s) path=s16 -> s4 -> s17
[FLOW-INSTALL] 00:00:00:00:00:01 → 00:00:00:00:00:02: s16 -> s4 -> s17
[FLOW_MOD] t=16806.970614553 dpid=s16 action=delete-strict src=00:00:00:00:00:01 dst=00:00:00:00:00:02 in_port=1 out_port=3
[FLOW_MOD] t=16806.971108982 dpid=s16 action=add src=00:00:00:00:00:01 dst=00:00:00:00:00:02 in_port=1 out_port=3
[FLOW_MOD] t=16806.971675048 dpid=s4 action=delete-strict src=00:00:00:00:00:01 dst=00:00:00:00:00:02 in_port=1 out_port=2
[FLOW_MOD] t=16806.972118723 dpid=s4 action=add src=00:00:00:00:00:01 dst=00:00:00:00:00:02 in_port=1 out_port=2
[FLOW_MOD] t=16806.972659650 dpid=s17 action=delete-strict src=00:00:00:00:00:01 dst=00:00:00:00:00:02 in_port=3 out_port=1
[FLOW_MOD] t=16806.973033920 dpid=s17 action=add src=00:00:00:00:00:01 dst=00:00:00:00:00:02 in_port=3 out_port=1
[FLOW_MOD] t=16806.973540518 dpid=s17 action=delete-strict src=00:00:00:00:00:02 dst=00:00:00:00:00:01 in_port=1 out_port=3
[FLOW_MOD] t=16806.973951351 dpid=s17 action=add src=00:00:00:00:00:02 dst=00:00:00:00:00:01 in_port=1 out_port=3
[FLOW_MOD] t=16806.974415662 dpid=s4 action=delete-strict src=00:00:00:00:00:02 dst=00:00:00:00:00:01 in_port=2 out_port=1
[FLOW_MOD] t=16806.974754282 dpid=s4 action=add src=00:00:00:00:00:02 dst=00:00:00:00:00:01 in_port=2 out_port=1
[FLOW_MOD] t=16806.975225275 dpid=s16 action=delete-strict src=00:00:00:00:00:02 dst=00:00:00:00:00:01 in_port=3 out_port=1
[FLOW_MOD] t=16806.975561983 dpid=s16 action=add src=00:00:00:00:00:02 dst=00:00:00:00:00:01 in_port=3 out_port=1
[SPF-DONE] BF s16->s18 reachable=11/11
[PATH-COMPUTED] s16->s18: 5 hop(s) path=s16 -> s4 -> s1 -> s2 -> s6 -> s18
[FLOW-INSTALL] 00:00:00:00:00:01 → 00:00:00:00:00:03: s16 -> s4 -> s1 -> s2 -> s6 -> s18
[FLOW_MOD] t=16806.980823347 dpid=s16 action=delete-strict src=00:00:00:00:00:01 dst=00:00:00:00:00:03 in_port=1 out_port=3
[FLOW_MOD] t=16806.981121238 dpid=s16 action=add src=00:00:00:00:00:01 dst=00:00:00:00:00:03 in_port=1 out_port=3
[FLOW_MOD] t=16806.981525404 dpid=s4 action=delete-strict src=00:00:00:00:00:01 dst=00:00:00:00:00:03 in_port=1 out_port=4
[FLOW_MOD] t=16806.981853456 dpid=s4 action=add src=00:00:00:00:00:01 dst=00:00:00:00:00:03 in_port=1 out_port=4
[FLOW_MOD] t=16806.982250295 dpid=s1 action=delete-strict src=00:00:00:00:00:01 dst=00:00:00:00:00:03 in_port=1 out_port=3
[FLOW_MOD] t=16806.982538791 dpid=s1 action=add src=00:00:00:00:00:01 dst=00:00:00:00:00:03 in_port=1 out_port=3
[FLOW_MOD] t=16806.982915798 dpid=s2 action=delete-strict src=00:00:00:00:00:01 dst=00:00:00:00:00:03 in_port=3 out_port=1
[FLOW_MOD] t=16806.983183481 dpid=s2 action=add src=00:00:00:00:00:01 dst=00:00:00:00:00:03 in_port=3 out_port=1
[FLOW_MOD] t=16806.983576674 dpid=s6 action=delete-strict src=00:00:00:00:00:01 dst=00:00:00:00:00:03 in_port=4 out_port=1
[FLOW_MOD] t=16806.983859729 dpid=s6 action=add src=00:00:00:00:00:01 dst=00:00:00:00:00:03 in_port=4 out_port=1
[FLOW_MOD] t=16806.984212720 dpid=s18 action=delete-strict src=00:00:00:00:00:01 dst=00:00:00:00:00:03 in_port=3 out_port=1
[FLOW_MOD] t=16806.984484792 dpid=s18 action=add src=00:00:00:00:00:01 dst=00:00:00:00:00:03 in_port=3 out_port=1
[FLOW_MOD] t=16806.984821427 dpid=s18 action=delete-strict src=00:00:00:00:00:03 dst=00:00:00:00:00:01 in_port=1 out_port=3
[FLOW_MOD] t=16806.985122929 dpid=s18 action=add src=00:00:00:00:00:03 dst=00:00:00:00:00:01 in_port=1 out_port=3
[FLOW_MOD] t=16806.985468340 dpid=s6 action=delete-strict src=00:00:00:00:00:03 dst=00:00:00:00:00:01 in_port=1 out_port=4
[FLOW_MOD] t=16806.985752708 dpid=s6 action=add src=00:00:00:00:00:03 dst=00:00:00:00:00:01 in_port=1 out_port=4
[FLOW_MOD] t=16806.986083384 dpid=s2 action=delete-strict src=00:00:00:00:00:03 dst=00:00:00:00:00:01 in_port=1 out_port=3
[FLOW_MOD] t=16806.986395640 dpid=s2 action=add src=00:00:00:00:00:03 dst=00:00:00:00:00:01 in_port=1 out_port=3
[FLOW_MOD] t=16806.986805821 dpid=s1 action=delete-strict src=00:00:00:00:00:03 dst=00:00:00:00:00:01 in_port=3 out_port=1
[FLOW_MOD] t=16806.987099498 dpid=s1 action=add src=00:00:00:00:00:03 dst=00:00:00:00:00:01 in_port=3 out_port=1
[FLOW_MOD] t=16806.987441647 dpid=s4 action=delete-strict src=00:00:00:00:00:03 dst=00:00:00:00:00:01 in_port=4 out_port=1
[FLOW_MOD] t=16806.987722637 dpid=s4 action=add src=00:00:00:00:00:03 dst=00:00:00:00:00:01 in_port=4 out_port=1
[FLOW_MOD] t=16806.988098360 dpid=s16 action=delete-strict src=00:00:00:00:00:03 dst=00:00:00:00:00:01 in_port=3 out_port=1
[FLOW_MOD] t=16806.988347038 dpid=s16 action=add src=00:00:00:00:00:03 dst=00:00:00:00:00:01 in_port=3 out_port=1
[SPF-DONE] BF s16->s19 reachable=11/11
[PATH-COMPUTED] s16->s19: 5 hop(s) path=s16 -> s4 -> s1 -> s2 -> s6 -> s19
[FLOW-INSTALL] 00:00:00:00:00:01 → 00:00:00:00:00:04: s16 -> s4 -> s1 -> s2 -> s6 -> s19
[FLOW_MOD] t=16806.992944846 dpid=s16 action=delete-strict src=00:00:00:00:00:01 dst=00:00:00:00:00:04 in_port=1 out_port=3
[FLOW_MOD] t=16806.993285551 dpid=s16 action=add src=00:00:00:00:00:01 dst=00:00:00:00:00:04 in_port=1 out_port=3
[FLOW_MOD] t=16806.993805018 dpid=s4 action=delete-strict src=00:00:00:00:00:01 dst=00:00:00:00:00:04 in_port=1 out_port=4
[FLOW_MOD] t=16806.994159477 dpid=s4 action=add src=00:00:00:00:00:01 dst=00:00:00:00:00:04 in_port=1 out_port=4
[FLOW_MOD] t=16806.994616615 dpid=s1 action=delete-strict src=00:00:00:00:00:01 dst=00:00:00:00:00:04 in_port=1 out_port=3
[FLOW_MOD] t=16806.995104277 dpid=s1 action=add src=00:00:00:00:00:01 dst=00:00:00:00:00:04 in_port=1 out_port=3
[FLOW_MOD] t=16806.995496210 dpid=s2 action=delete-strict src=00:00:00:00:00:01 dst=00:00:00:00:00:04 in_port=3 out_port=1
[FLOW_MOD] t=16806.995768262 dpid=s2 action=add src=00:00:00:00:00:01 dst=00:00:00:00:00:04 in_port=3 out_port=1
[FLOW_MOD] t=16806.996183366 dpid=s6 action=delete-strict src=00:00:00:00:00:01 dst=00:00:00:00:00:04 in_port=4 out_port=2
[FLOW_MOD] t=16806.996500622 dpid=s6 action=add src=00:00:00:00:00:01 dst=00:00:00:00:00:04 in_port=4 out_port=2
[FLOW_MOD] t=16806.996818897 dpid=s19 action=delete-strict src=00:00:00:00:00:01 dst=00:00:00:00:00:04 in_port=3 out_port=1
[FLOW_MOD] t=16806.997118094 dpid=s19 action=add src=00:00:00:00:00:01 dst=00:00:00:00:00:04 in_port=3 out_port=1
[FLOW_MOD] t=16806.997501917 dpid=s19 action=delete-strict src=00:00:00:00:00:04 dst=00:00:00:00:00:01 in_port=1 out_port=3
[FLOW_MOD] t=16806.997839271 dpid=s19 action=add src=00:00:00:00:00:04 dst=00:00:00:00:00:01 in_port=1 out_port=3
[FLOW_MOD] t=16806.998223978 dpid=s6 action=delete-strict src=00:00:00:00:00:04 dst=00:00:00:00:00:01 in_port=2 out_port=4
[FLOW_MOD] t=16806.998499406 dpid=s6 action=add src=00:00:00:00:00:04 dst=00:00:00:00:00:01 in_port=2 out_port=4
[FLOW_MOD] t=16806.998827727 dpid=s2 action=delete-strict src=00:00:00:00:00:04 dst=00:00:00:00:00:01 in_port=1 out_port=3
[FLOW_MOD] t=16806.999097531 dpid=s2 action=add src=00:00:00:00:00:04 dst=00:00:00:00:00:01 in_port=1 out_port=3
[FLOW_MOD] t=16806.999448544 dpid=s1 action=delete-strict src=00:00:00:00:00:04 dst=00:00:00:00:00:01 in_port=3 out_port=1
[FLOW_MOD] t=16806.999726306 dpid=s1 action=add src=00:00:00:00:00:04 dst=00:00:00:00:00:01 in_port=3 out_port=1
[FLOW_MOD] t=16807.000121492 dpid=s4 action=delete-strict src=00:00:00:00:00:04 dst=00:00:00:00:00:01 in_port=4 out_port=1
[FLOW_MOD] t=16807.000432978 dpid=s4 action=add src=00:00:00:00:00:04 dst=00:00:00:00:00:01 in_port=4 out_port=1
[FLOW_MOD] t=16807.000802642 dpid=s16 action=delete-strict src=00:00:00:00:00:04 dst=00:00:00:00:00:01 in_port=3 out_port=1
[FLOW_MOD] t=16807.001046497 dpid=s16 action=add src=00:00:00:00:00:04 dst=00:00:00:00:00:01 in_port=3 out_port=1
[SPF-DONE] BF s17->s16 reachable=11/11
[PATH-COMPUTED] s17->s16: 2 hop(s) path=s17 -> s4 -> s16
[FLOW-INSTALL] 00:00:00:00:00:02 → 00:00:00:00:00:01: s17 -> s4 -> s16
[FLOW_MOD] t=16807.005618543 dpid=s17 action=delete-strict src=00:00:00:00:00:02 dst=00:00:00:00:00:01 in_port=1 out_port=3
[FLOW_MOD] t=16807.005888463 dpid=s17 action=add src=00:00:00:00:00:02 dst=00:00:00:00:00:01 in_port=1 out_port=3
[FLOW_MOD] t=16807.006235831 dpid=s4 action=delete-strict src=00:00:00:00:00:02 dst=00:00:00:00:00:01 in_port=2 out_port=1
[FLOW_MOD] t=16807.006578666 dpid=s4 action=add src=00:00:00:00:00:02 dst=00:00:00:00:00:01 in_port=2 out_port=1
[FLOW_MOD] t=16807.007127613 dpid=s16 action=delete-strict src=00:00:00:00:00:02 dst=00:00:00:00:00:01 in_port=3 out_port=1
[FLOW_MOD] t=16807.007458457 dpid=s16 action=add src=00:00:00:00:00:02 dst=00:00:00:00:00:01 in_port=3 out_port=1
[FLOW_MOD] t=16807.007944620 dpid=s16 action=delete-strict src=00:00:00:00:00:01 dst=00:00:00:00:00:02 in_port=1 out_port=3
[FLOW_MOD] t=16807.008304546 dpid=s16 action=add src=00:00:00:00:00:01 dst=00:00:00:00:00:02 in_port=1 out_port=3
[FLOW_MOD] t=16807.010450703 dpid=s4 action=delete-strict src=00:00:00:00:00:01 dst=00:00:00:00:00:02 in_port=1 out_port=2
[FLOW_MOD] t=16807.011054854 dpid=s4 action=add src=00:00:00:00:00:01 dst=00:00:00:00:00:02 in_port=1 out_port=2
[FLOW_MOD] t=16807.011653264 dpid=s17 action=delete-strict src=00:00:00:00:00:01 dst=00:00:00:00:00:02 in_port=3 out_port=1
[FLOW_MOD] t=16807.012076811 dpid=s17 action=add src=00:00:00:00:00:01 dst=00:00:00:00:00:02 in_port=3 out_port=1
[SPF-DONE] BF s17->s18 reachable=11/11
[PATH-COMPUTED] s17->s18: 5 hop(s) path=s17 -> s4 -> s1 -> s2 -> s6 -> s18
[FLOW-INSTALL] 00:00:00:00:00:02 → 00:00:00:00:00:03: s17 -> s4 -> s1 -> s2 -> s6 -> s18
[FLOW_MOD] t=16807.016231447 dpid=s17 action=delete-strict src=00:00:00:00:00:02 dst=00:00:00:00:00:03 in_port=1 out_port=3
[FLOW_MOD] t=16807.016575999 dpid=s17 action=add src=00:00:00:00:00:02 dst=00:00:00:00:00:03 in_port=1 out_port=3
[FLOW_MOD] t=16807.016998901 dpid=s4 action=delete-strict src=00:00:00:00:00:02 dst=00:00:00:00:00:03 in_port=2 out_port=4
[FLOW_MOD] t=16807.017304933 dpid=s4 action=add src=00:00:00:00:00:02 dst=00:00:00:00:00:03 in_port=2 out_port=4
[FLOW_MOD] t=16807.017669145 dpid=s1 action=delete-strict src=00:00:00:00:00:02 dst=00:00:00:00:00:03 in_port=1 out_port=3
[FLOW_MOD] t=16807.017942870 dpid=s1 action=add src=00:00:00:00:00:02 dst=00:00:00:00:00:03 in_port=1 out_port=3
[FLOW_MOD] t=16807.018295921 dpid=s2 action=delete-strict src=00:00:00:00:00:02 dst=00:00:00:00:00:03 in_port=3 out_port=1
[FLOW_MOD] t=16807.018556001 dpid=s2 action=add src=00:00:00:00:00:02 dst=00:00:00:00:00:03 in_port=3 out_port=1
[FLOW_MOD] t=16807.019020950 dpid=s6 action=delete-strict src=00:00:00:00:00:02 dst=00:00:00:00:00:03 in_port=4 out_port=1
[FLOW_MOD] t=16807.019315656 dpid=s6 action=add src=00:00:00:00:00:02 dst=00:00:00:00:00:03 in_port=4 out_port=1
[FLOW_MOD] t=16807.019665113 dpid=s18 action=delete-strict src=00:00:00:00:00:02 dst=00:00:00:00:00:03 in_port=3 out_port=1
[FLOW_MOD] t=16807.019918292 dpid=s18 action=add src=00:00:00:00:00:02 dst=00:00:00:00:00:03 in_port=3 out_port=1
[FLOW_MOD] t=16807.020249845 dpid=s18 action=delete-strict src=00:00:00:00:00:03 dst=00:00:00:00:00:02 in_port=1 out_port=3
[FLOW_MOD] t=16807.020497535 dpid=s18 action=add src=00:00:00:00:00:03 dst=00:00:00:00:00:02 in_port=1 out_port=3
[FLOW_MOD] t=16807.020826533 dpid=s6 action=delete-strict src=00:00:00:00:00:03 dst=00:00:00:00:00:02 in_port=1 out_port=4
[FLOW_MOD] t=16807.021079432 dpid=s6 action=add src=00:00:00:00:00:03 dst=00:00:00:00:00:02 in_port=1 out_port=4
[FLOW_MOD] t=16807.021466845 dpid=s2 action=delete-strict src=00:00:00:00:00:03 dst=00:00:00:00:00:02 in_port=1 out_port=3
[FLOW_MOD] t=16807.021763881 dpid=s2 action=add src=00:00:00:00:00:03 dst=00:00:00:00:00:02 in_port=1 out_port=3
[FLOW_MOD] t=16807.022120806 dpid=s1 action=delete-strict src=00:00:00:00:00:03 dst=00:00:00:00:00:02 in_port=3 out_port=1
[FLOW_MOD] t=16807.022388375 dpid=s1 action=add src=00:00:00:00:00:03 dst=00:00:00:00:00:02 in_port=3 out_port=1
[FLOW_MOD] t=16807.022725990 dpid=s4 action=delete-strict src=00:00:00:00:00:03 dst=00:00:00:00:00:02 in_port=4 out_port=2
[FLOW_MOD] t=16807.023013109 dpid=s4 action=add src=00:00:00:00:00:03 dst=00:00:00:00:00:02 in_port=4 out_port=2
[FLOW_MOD] t=16807.023301972 dpid=s17 action=delete-strict src=00:00:00:00:00:03 dst=00:00:00:00:00:02 in_port=3 out_port=1
[FLOW_MOD] t=16807.023500247 dpid=s17 action=add src=00:00:00:00:00:03 dst=00:00:00:00:00:02 in_port=3 out_port=1
[SPF-DONE] BF s17->s19 reachable=11/11
[PATH-COMPUTED] s17->s19: 5 hop(s) path=s17 -> s4 -> s1 -> s2 -> s6 -> s19
[FLOW-INSTALL] 00:00:00:00:00:02 → 00:00:00:00:00:04: s17 -> s4 -> s1 -> s2 -> s6 -> s19
[FLOW_MOD] t=16807.026690128 dpid=s17 action=delete-strict src=00:00:00:00:00:02 dst=00:00:00:00:00:04 in_port=1 out_port=3
[FLOW_MOD] t=16807.026918409 dpid=s17 action=add src=00:00:00:00:00:02 dst=00:00:00:00:00:04 in_port=1 out_port=3
[FLOW_MOD] t=16807.027235326 dpid=s4 action=delete-strict src=00:00:00:00:00:02 dst=00:00:00:00:00:04 in_port=2 out_port=4
[FLOW_MOD] t=16807.027500597 dpid=s4 action=add src=00:00:00:00:00:02 dst=00:00:00:00:00:04 in_port=2 out_port=4
[FLOW_MOD] t=16807.027917105 dpid=s1 action=delete-strict src=00:00:00:00:00:02 dst=00:00:00:00:00:04 in_port=1 out_port=3
[FLOW_MOD] t=16807.028310211 dpid=s1 action=add src=00:00:00:00:00:02 dst=00:00:00:00:00:04 in_port=1 out_port=3
[FLOW_MOD] t=16807.028644587 dpid=s2 action=delete-strict src=00:00:00:00:00:02 dst=00:00:00:00:00:04 in_port=3 out_port=1
[FLOW_MOD] t=16807.028895668 dpid=s2 action=add src=00:00:00:00:00:02 dst=00:00:00:00:00:04 in_port=3 out_port=1
[FLOW_MOD] t=16807.029229020 dpid=s6 action=delete-strict src=00:00:00:00:00:02 dst=00:00:00:00:00:04 in_port=4 out_port=2
[FLOW_MOD] t=16807.029490262 dpid=s6 action=add src=00:00:00:00:00:02 dst=00:00:00:00:00:04 in_port=4 out_port=2
[FLOW_MOD] t=16807.029814245 dpid=s19 action=delete-strict src=00:00:00:00:00:02 dst=00:00:00:00:00:04 in_port=3 out_port=1
[FLOW_MOD] t=16807.030078006 dpid=s19 action=add src=00:00:00:00:00:02 dst=00:00:00:00:00:04 in_port=3 out_port=1
[FLOW_MOD] t=16807.030412805 dpid=s19 action=delete-strict src=00:00:00:00:00:04 dst=00:00:00:00:00:02 in_port=1 out_port=3
[FLOW_MOD] t=16807.030658904 dpid=s19 action=add src=00:00:00:00:00:04 dst=00:00:00:00:00:02 in_port=1 out_port=3
[FLOW_MOD] t=16807.030963565 dpid=s6 action=delete-strict src=00:00:00:00:00:04 dst=00:00:00:00:00:02 in_port=2 out_port=4
[FLOW_MOD] t=16807.031189527 dpid=s6 action=add src=00:00:00:00:00:04 dst=00:00:00:00:00:02 in_port=2 out_port=4
[FLOW_MOD] t=16807.031497926 dpid=s2 action=delete-strict src=00:00:00:00:00:04 dst=00:00:00:00:00:02 in_port=1 out_port=3
[FLOW_MOD] t=16807.031727159 dpid=s2 action=add src=00:00:00:00:00:04 dst=00:00:00:00:00:02 in_port=1 out_port=3
[FLOW_MOD] t=16807.032099658 dpid=s1 action=delete-strict src=00:00:00:00:00:04 dst=00:00:00:00:00:02 in_port=3 out_port=1
[FLOW_MOD] t=16807.032320550 dpid=s1 action=add src=00:00:00:00:00:04 dst=00:00:00:00:00:02 in_port=3 out_port=1
[FLOW_MOD] t=16807.032621789 dpid=s4 action=delete-strict src=00:00:00:00:00:04 dst=00:00:00:00:00:02 in_port=4 out_port=2
[FLOW_MOD] t=16807.032879507 dpid=s4 action=add src=00:00:00:00:00:04 dst=00:00:00:00:00:02 in_port=4 out_port=2
[FLOW_MOD] t=16807.033205889 dpid=s17 action=delete-strict src=00:00:00:00:00:04 dst=00:00:00:00:00:02 in_port=3 out_port=1
[FLOW_MOD] t=16807.033483664 dpid=s17 action=add src=00:00:00:00:00:04 dst=00:00:00:00:00:02 in_port=3 out_port=1
[SPF-DONE] BF s18->s16 reachable=11/11
[PATH-COMPUTED] s18->s16: 5 hop(s) path=s18 -> s6 -> s2 -> s1 -> s4 -> s16
[FLOW-INSTALL] 00:00:00:00:00:03 → 00:00:00:00:00:01: s18 -> s6 -> s2 -> s1 -> s4 -> s16
[FLOW_MOD] t=16807.036718761 dpid=s18 action=delete-strict src=00:00:00:00:00:03 dst=00:00:00:00:00:01 in_port=1 out_port=3
[FLOW_MOD] t=16807.036953301 dpid=s18 action=add src=00:00:00:00:00:03 dst=00:00:00:00:00:01 in_port=1 out_port=3
[FLOW_MOD] t=16807.037239325 dpid=s6 action=delete-strict src=00:00:00:00:00:03 dst=00:00:00:00:00:01 in_port=1 out_port=4
[FLOW_MOD] t=16807.037457409 dpid=s6 action=add src=00:00:00:00:00:03 dst=00:00:00:00:00:01 in_port=1 out_port=4
[FLOW_MOD] t=16807.037874580 dpid=s2 action=delete-strict src=00:00:00:00:00:03 dst=00:00:00:00:00:01 in_port=1 out_port=3
[FLOW_MOD] t=16807.038145428 dpid=s2 action=add src=00:00:00:00:00:03 dst=00:00:00:00:00:01 in_port=1 out_port=3
[FLOW_MOD] t=16807.038481579 dpid=s1 action=delete-strict src=00:00:00:00:00:03 dst=00:00:00:00:00:01 in_port=3 out_port=1
[FLOW_MOD] t=16807.038747612 dpid=s1 action=add src=00:00:00:00:00:03 dst=00:00:00:00:00:01 in_port=3 out_port=1
[FLOW_MOD] t=16807.039053982 dpid=s4 action=delete-strict src=00:00:00:00:00:03 dst=00:00:00:00:00:01 in_port=4 out_port=1
[FLOW_MOD] t=16807.039308697 dpid=s4 action=add src=00:00:00:00:00:03 dst=00:00:00:00:00:01 in_port=4 out_port=1
[FLOW_MOD] t=16807.039610371 dpid=s16 action=delete-strict src=00:00:00:00:00:03 dst=00:00:00:00:00:01 in_port=3 out_port=1
[FLOW_MOD] t=16807.039870122 dpid=s16 action=add src=00:00:00:00:00:03 dst=00:00:00:00:00:01 in_port=3 out_port=1
[FLOW_MOD] t=16807.040220641 dpid=s16 action=delete-strict src=00:00:00:00:00:01 dst=00:00:00:00:00:03 in_port=1 out_port=3
[FLOW_MOD] t=16807.040443408 dpid=s16 action=add src=00:00:00:00:00:01 dst=00:00:00:00:00:03 in_port=1 out_port=3
[FLOW_MOD] t=16807.040772400 dpid=s4 action=delete-strict src=00:00:00:00:00:01 dst=00:00:00:00:00:03 in_port=1 out_port=4
[FLOW_MOD] t=16807.041019709 dpid=s4 action=add src=00:00:00:00:00:01 dst=00:00:00:00:00:03 in_port=1 out_port=4
[FLOW_MOD] t=16807.041307820 dpid=s1 action=delete-strict src=00:00:00:00:00:01 dst=00:00:00:00:00:03 in_port=1 out_port=3
[FLOW_MOD] t=16807.041563873 dpid=s1 action=add src=00:00:00:00:00:01 dst=00:00:00:00:00:03 in_port=1 out_port=3
[FLOW_MOD] t=16807.041842468 dpid=s2 action=delete-strict src=00:00:00:00:00:01 dst=00:00:00:00:00:03 in_port=3 out_port=1
[FLOW_MOD] t=16807.042043751 dpid=s2 action=add src=00:00:00:00:00:01 dst=00:00:00:00:00:03 in_port=3 out_port=1
[FLOW_MOD] t=16807.042336106 dpid=s6 action=delete-strict src=00:00:00:00:00:01 dst=00:00:00:00:00:03 in_port=4 out_port=1
[FLOW_MOD] t=16807.042598371 dpid=s6 action=add src=00:00:00:00:00:01 dst=00:00:00:00:00:03 in_port=4 out_port=1
[FLOW_MOD] t=16807.042919618 dpid=s18 action=delete-strict src=00:00:00:00:00:01 dst=00:00:00:00:00:03 in_port=3 out_port=1
[FLOW_MOD] t=16807.043189512 dpid=s18 action=add src=00:00:00:00:00:01 dst=00:00:00:00:00:03 in_port=3 out_port=1
[SPF-DONE] BF s18->s17 reachable=11/11
[PATH-COMPUTED] s18->s17: 5 hop(s) path=s18 -> s6 -> s2 -> s1 -> s4 -> s17
[FLOW-INSTALL] 00:00:00:00:00:03 → 00:00:00:00:00:02: s18 -> s6 -> s2 -> s1 -> s4 -> s17
[FLOW_MOD] t=16807.046347469 dpid=s18 action=delete-strict src=00:00:00:00:00:03 dst=00:00:00:00:00:02 in_port=1 out_port=3
[FLOW_MOD] t=16807.046613492 dpid=s18 action=add src=00:00:00:00:00:03 dst=00:00:00:00:00:02 in_port=1 out_port=3
[FLOW_MOD] t=16807.046907205 dpid=s6 action=delete-strict src=00:00:00:00:00:03 dst=00:00:00:00:00:02 in_port=1 out_port=4
[FLOW_MOD] t=16807.047333827 dpid=s6 action=add src=00:00:00:00:00:03 dst=00:00:00:00:00:02 in_port=1 out_port=4
[FLOW_MOD] t=16807.047802765 dpid=s2 action=delete-strict src=00:00:00:00:00:03 dst=00:00:00:00:00:02 in_port=1 out_port=3
[FLOW_MOD] t=16807.048110172 dpid=s2 action=add src=00:00:00:00:00:03 dst=00:00:00:00:00:02 in_port=1 out_port=3
[FLOW_MOD] t=16807.048452890 dpid=s1 action=delete-strict src=00:00:00:00:00:03 dst=00:00:00:00:00:02 in_port=3 out_port=1
[FLOW_MOD] t=16807.048714266 dpid=s1 action=add src=00:00:00:00:00:03 dst=00:00:00:00:00:02 in_port=3 out_port=1
[FLOW_MOD] t=16807.049063202 dpid=s4 action=delete-strict src=00:00:00:00:00:03 dst=00:00:00:00:00:02 in_port=4 out_port=2
[FLOW_MOD] t=16807.049278706 dpid=s4 action=add src=00:00:00:00:00:03 dst=00:00:00:00:00:02 in_port=4 out_port=2
[FLOW_MOD] t=16807.049589941 dpid=s17 action=delete-strict src=00:00:00:00:00:03 dst=00:00:00:00:00:02 in_port=3 out_port=1
[FLOW_MOD] t=16807.049853481 dpid=s17 action=add src=00:00:00:00:00:03 dst=00:00:00:00:00:02 in_port=3 out_port=1
[FLOW_MOD] t=16807.050192385 dpid=s17 action=delete-strict src=00:00:00:00:00:02 dst=00:00:00:00:00:03 in_port=1 out_port=3
[FLOW_MOD] t=16807.050476468 dpid=s17 action=add src=00:00:00:00:00:02 dst=00:00:00:00:00:03 in_port=1 out_port=3
[FLOW_MOD] t=16807.050831797 dpid=s4 action=delete-strict src=00:00:00:00:00:02 dst=00:00:00:00:00:03 in_port=2 out_port=4
[FLOW_MOD] t=16807.052429148 dpid=s4 action=add src=00:00:00:00:00:02 dst=00:00:00:00:00:03 in_port=2 out_port=4
[FLOW_MOD] t=16807.053055097 dpid=s1 action=delete-strict src=00:00:00:00:00:02 dst=00:00:00:00:00:03 in_port=1 out_port=3
[FLOW_MOD] t=16807.053475918 dpid=s1 action=add src=00:00:00:00:00:02 dst=00:00:00:00:00:03 in_port=1 out_port=3
[FLOW_MOD] t=16807.053945150 dpid=s2 action=delete-strict src=00:00:00:00:00:02 dst=00:00:00:00:00:03 in_port=3 out_port=1
[FLOW_MOD] t=16807.054342732 dpid=s2 action=add src=00:00:00:00:00:02 dst=00:00:00:00:00:03 in_port=3 out_port=1
[FLOW_MOD] t=16807.054828347 dpid=s6 action=delete-strict src=00:00:00:00:00:02 dst=00:00:00:00:00:03 in_port=4 out_port=1
[FLOW_MOD] t=16807.055132879 dpid=s6 action=add src=00:00:00:00:00:02 dst=00:00:00:00:00:03 in_port=4 out_port=1
[FLOW_MOD] t=16807.055493387 dpid=s18 action=delete-strict src=00:00:00:00:00:02 dst=00:00:00:00:00:03 in_port=3 out_port=1
[FLOW_MOD] t=16807.055776551 dpid=s18 action=add src=00:00:00:00:00:02 dst=00:00:00:00:00:03 in_port=3 out_port=1
[SPF-DONE] BF s18->s19 reachable=11/11
[PATH-COMPUTED] s18->s19: 2 hop(s) path=s18 -> s6 -> s19
[FLOW-INSTALL] 00:00:00:00:00:03 → 00:00:00:00:00:04: s18 -> s6 -> s19
[FLOW_MOD] t=16807.059658113 dpid=s18 action=delete-strict src=00:00:00:00:00:03 dst=00:00:00:00:00:04 in_port=1 out_port=3
[FLOW_MOD] t=16807.059968488 dpid=s18 action=add src=00:00:00:00:00:03 dst=00:00:00:00:00:04 in_port=1 out_port=3
[FLOW_MOD] t=16807.060322430 dpid=s6 action=delete-strict src=00:00:00:00:00:03 dst=00:00:00:00:00:04 in_port=1 out_port=2
[FLOW_MOD] t=16807.060559208 dpid=s6 action=add src=00:00:00:00:00:03 dst=00:00:00:00:00:04 in_port=1 out_port=2
[FLOW_MOD] t=16807.060856973 dpid=s19 action=delete-strict src=00:00:00:00:00:03 dst=00:00:00:00:00:04 in_port=3 out_port=1
[FLOW_MOD] t=16807.061095426 dpid=s19 action=add src=00:00:00:00:00:03 dst=00:00:00:00:00:04 in_port=3 out_port=1
[FLOW_MOD] t=16807.061415149 dpid=s19 action=delete-strict src=00:00:00:00:00:04 dst=00:00:00:00:00:03 in_port=1 out_port=3
[FLOW_MOD] t=16807.061685014 dpid=s19 action=add src=00:00:00:00:00:04 dst=00:00:00:00:00:03 in_port=1 out_port=3
[FLOW_MOD] t=16807.062041467 dpid=s6 action=delete-strict src=00:00:00:00:00:04 dst=00:00:00:00:00:03 in_port=2 out_port=1
[FLOW_MOD] t=16807.062358574 dpid=s6 action=add src=00:00:00:00:00:04 dst=00:00:00:00:00:03 in_port=2 out_port=1
[FLOW_MOD] t=16807.062703626 dpid=s18 action=delete-strict src=00:00:00:00:00:04 dst=00:00:00:00:00:03 in_port=3 out_port=1
[FLOW_MOD] t=16807.062984094 dpid=s18 action=add src=00:00:00:00:00:04 dst=00:00:00:00:00:03 in_port=3 out_port=1
[SPF-DONE] BF s19->s16 reachable=11/11
[PATH-COMPUTED] s19->s16: 5 hop(s) path=s19 -> s6 -> s2 -> s1 -> s4 -> s16
[FLOW-INSTALL] 00:00:00:00:00:04 → 00:00:00:00:00:01: s19 -> s6 -> s2 -> s1 -> s4 -> s16
[FLOW_MOD] t=16807.066860893 dpid=s19 action=delete-strict src=00:00:00:00:00:04 dst=00:00:00:00:00:01 in_port=1 out_port=3
[FLOW_MOD] t=16807.067159096 dpid=s19 action=add src=00:00:00:00:00:04 dst=00:00:00:00:00:01 in_port=1 out_port=3
[FLOW_MOD] t=16807.067508976 dpid=s6 action=delete-strict src=00:00:00:00:00:04 dst=00:00:00:00:00:01 in_port=2 out_port=4
[FLOW_MOD] t=16807.067769018 dpid=s6 action=add src=00:00:00:00:00:04 dst=00:00:00:00:00:01 in_port=2 out_port=4
[FLOW_MOD] t=16807.068138571 dpid=s2 action=delete-strict src=00:00:00:00:00:04 dst=00:00:00:00:00:01 in_port=1 out_port=3
[FLOW_MOD] t=16807.068402607 dpid=s2 action=add src=00:00:00:00:00:04 dst=00:00:00:00:00:01 in_port=1 out_port=3
[FLOW_MOD] t=16807.068796007 dpid=s1 action=delete-strict src=00:00:00:00:00:04 dst=00:00:00:00:00:01 in_port=3 out_port=1
[FLOW_MOD] t=16807.069099917 dpid=s1 action=add src=00:00:00:00:00:04 dst=00:00:00:00:00:01 in_port=3 out_port=1
[FLOW_MOD] t=16807.069474760 dpid=s4 action=delete-strict src=00:00:00:00:00:04 dst=00:00:00:00:00:01 in_port=4 out_port=1
[FLOW_MOD] t=16807.069747462 dpid=s4 action=add src=00:00:00:00:00:04 dst=00:00:00:00:00:01 in_port=4 out_port=1
[FLOW_MOD] t=16807.070088416 dpid=s16 action=delete-strict src=00:00:00:00:00:04 dst=00:00:00:00:00:01 in_port=3 out_port=1
[FLOW_MOD] t=16807.070320154 dpid=s16 action=add src=00:00:00:00:00:04 dst=00:00:00:00:00:01 in_port=3 out_port=1
[FLOW_MOD] t=16807.070616727 dpid=s16 action=delete-strict src=00:00:00:00:00:01 dst=00:00:00:00:00:04 in_port=1 out_port=3
[FLOW_MOD] t=16807.070856310 dpid=s16 action=add src=00:00:00:00:00:01 dst=00:00:00:00:00:04 in_port=1 out_port=3
[FLOW_MOD] t=16807.071180629 dpid=s4 action=delete-strict src=00:00:00:00:00:01 dst=00:00:00:00:00:04 in_port=1 out_port=4
[FLOW_MOD] t=16807.071450986 dpid=s4 action=add src=00:00:00:00:00:01 dst=00:00:00:00:00:04 in_port=1 out_port=4
[FLOW_MOD] t=16807.071820059 dpid=s1 action=delete-strict src=00:00:00:00:00:01 dst=00:00:00:00:00:04 in_port=1 out_port=3
[FLOW_MOD] t=16807.072136740 dpid=s1 action=add src=00:00:00:00:00:01 dst=00:00:00:00:00:04 in_port=1 out_port=3
[FLOW_MOD] t=16807.072468995 dpid=s2 action=delete-strict src=00:00:00:00:00:01 dst=00:00:00:00:00:04 in_port=3 out_port=1
[FLOW_MOD] t=16807.072726397 dpid=s2 action=add src=00:00:00:00:00:01 dst=00:00:00:00:00:04 in_port=3 out_port=1
[FLOW_MOD] t=16807.073111266 dpid=s6 action=delete-strict src=00:00:00:00:00:01 dst=00:00:00:00:00:04 in_port=4 out_port=2
[FLOW_MOD] t=16807.073391669 dpid=s6 action=add src=00:00:00:00:00:01 dst=00:00:00:00:00:04 in_port=4 out_port=2
[FLOW_MOD] t=16807.073741126 dpid=s19 action=delete-strict src=00:00:00:00:00:01 dst=00:00:00:00:00:04 in_port=3 out_port=1
[FLOW_MOD] t=16807.073995720 dpid=s19 action=add src=00:00:00:00:00:01 dst=00:00:00:00:00:04 in_port=3 out_port=1
[SPF-DONE] BF s19->s17 reachable=11/11
[PATH-COMPUTED] s19->s17: 5 hop(s) path=s19 -> s6 -> s2 -> s1 -> s4 -> s17
[FLOW-INSTALL] 00:00:00:00:00:04 → 00:00:00:00:00:02: s19 -> s6 -> s2 -> s1 -> s4 -> s17
[FLOW_MOD] t=16807.077339897 dpid=s19 action=delete-strict src=00:00:00:00:00:04 dst=00:00:00:00:00:02 in_port=1 out_port=3
[FLOW_MOD] t=16807.077607967 dpid=s19 action=add src=00:00:00:00:00:04 dst=00:00:00:00:00:02 in_port=1 out_port=3
[FLOW_MOD] t=16807.077902726 dpid=s6 action=delete-strict src=00:00:00:00:00:04 dst=00:00:00:00:00:02 in_port=2 out_port=4
[FLOW_MOD] t=16807.078148972 dpid=s6 action=add src=00:00:00:00:00:04 dst=00:00:00:00:00:02 in_port=2 out_port=4
[FLOW_MOD] t=16807.078494632 dpid=s2 action=delete-strict src=00:00:00:00:00:04 dst=00:00:00:00:00:02 in_port=1 out_port=3
[FLOW_MOD] t=16807.078762813 dpid=s2 action=add src=00:00:00:00:00:04 dst=00:00:00:00:00:02 in_port=1 out_port=3
[FLOW_MOD] t=16807.079103144 dpid=s1 action=delete-strict src=00:00:00:00:00:04 dst=00:00:00:00:00:02 in_port=3 out_port=1
[FLOW_MOD] t=16807.079339045 dpid=s1 action=add src=00:00:00:00:00:04 dst=00:00:00:00:00:02 in_port=3 out_port=1
[FLOW_MOD] t=16807.079652874 dpid=s4 action=delete-strict src=00:00:00:00:00:04 dst=00:00:00:00:00:02 in_port=4 out_port=2
[FLOW_MOD] t=16807.079916140 dpid=s4 action=add src=00:00:00:00:00:04 dst=00:00:00:00:00:02 in_port=4 out_port=2
[FLOW_MOD] t=16807.080285285 dpid=s17 action=delete-strict src=00:00:00:00:00:04 dst=00:00:00:00:00:02 in_port=3 out_port=1
[FLOW_MOD] t=16807.080554639 dpid=s17 action=add src=00:00:00:00:00:04 dst=00:00:00:00:00:02 in_port=3 out_port=1
[FLOW_MOD] t=16807.080858199 dpid=s17 action=delete-strict src=00:00:00:00:00:02 dst=00:00:00:00:00:04 in_port=1 out_port=3
[FLOW_MOD] t=16807.081087427 dpid=s17 action=add src=00:00:00:00:00:02 dst=00:00:00:00:00:04 in_port=1 out_port=3
[FLOW_MOD] t=16807.081366231 dpid=s4 action=delete-strict src=00:00:00:00:00:02 dst=00:00:00:00:00:04 in_port=2 out_port=4
[FLOW_MOD] t=16807.081593766 dpid=s4 action=add src=00:00:00:00:00:02 dst=00:00:00:00:00:04 in_port=2 out_port=4
[FLOW_MOD] t=16807.081902386 dpid=s1 action=delete-strict src=00:00:00:00:00:02 dst=00:00:00:00:00:04 in_port=1 out_port=3
[FLOW_MOD] t=16807.082168466 dpid=s1 action=add src=00:00:00:00:00:02 dst=00:00:00:00:00:04 in_port=1 out_port=3
[FLOW_MOD] t=16807.082521623 dpid=s2 action=delete-strict src=00:00:00:00:00:02 dst=00:00:00:00:00:04 in_port=3 out_port=1
[FLOW_MOD] t=16807.082841749 dpid=s2 action=add src=00:00:00:00:00:02 dst=00:00:00:00:00:04 in_port=3 out_port=1
[FLOW_MOD] t=16807.083213682 dpid=s6 action=delete-strict src=00:00:00:00:00:02 dst=00:00:00:00:00:04 in_port=4 out_port=2
[FLOW_MOD] t=16807.083475884 dpid=s6 action=add src=00:00:00:00:00:02 dst=00:00:00:00:00:04 in_port=4 out_port=2
[FLOW_MOD] t=16807.083827673 dpid=s19 action=delete-strict src=00:00:00:00:00:02 dst=00:00:00:00:00:04 in_port=3 out_port=1
[FLOW_MOD] t=16807.084121713 dpid=s19 action=add src=00:00:00:00:00:02 dst=00:00:00:00:00:04 in_port=3 out_port=1
[SPF-DONE] BF s19->s18 reachable=11/11
[PATH-COMPUTED] s19->s18: 2 hop(s) path=s19 -> s6 -> s18
[FLOW-INSTALL] 00:00:00:00:00:04 → 00:00:00:00:00:03: s19 -> s6 -> s18
[FLOW_MOD] t=16807.088136131 dpid=s19 action=delete-strict src=00:00:00:00:00:04 dst=00:00:00:00:00:03 in_port=1 out_port=3
[FLOW_MOD] t=16807.088463525 dpid=s19 action=add src=00:00:00:00:00:04 dst=00:00:00:00:00:03 in_port=1 out_port=3
[FLOW_MOD] t=16807.088875003 dpid=s6 action=delete-strict src=00:00:00:00:00:04 dst=00:00:00:00:00:03 in_port=2 out_port=1
[FLOW_MOD] t=16807.089137755 dpid=s6 action=add src=00:00:00:00:00:04 dst=00:00:00:00:00:03 in_port=2 out_port=1
[FLOW_MOD] t=16807.089470099 dpid=s18 action=delete-strict src=00:00:00:00:00:04 dst=00:00:00:00:00:03 in_port=3 out_port=1
[FLOW_MOD] t=16807.089760484 dpid=s18 action=add src=00:00:00:00:00:04 dst=00:00:00:00:00:03 in_port=3 out_port=1
[FLOW_MOD] t=16807.090108281 dpid=s18 action=delete-strict src=00:00:00:00:00:03 dst=00:00:00:00:00:04 in_port=1 out_port=3
[FLOW_MOD] t=16807.090373546 dpid=s18 action=add src=00:00:00:00:00:03 dst=00:00:00:00:00:04 in_port=1 out_port=3
[FLOW_MOD] t=16807.090679618 dpid=s6 action=delete-strict src=00:00:00:00:00:03 dst=00:00:00:00:00:04 in_port=1 out_port=2
[FLOW_MOD] t=16807.092281345 dpid=s6 action=add src=00:00:00:00:00:03 dst=00:00:00:00:00:04 in_port=1 out_port=2
[FLOW_MOD] t=16807.092776772 dpid=s19 action=delete-strict src=00:00:00:00:00:03 dst=00:00:00:00:00:04 in_port=3 out_port=1
[FLOW_MOD] t=16807.093099071 dpid=s19 action=add src=00:00:00:00:00:03 dst=00:00:00:00:00:04 in_port=3 out_port=1
[TOPO] route refresh: installed=12 skipped=0 unreachable=0 hosts=4
[PORT_STATUS] t=16808.539130182 s1 port=3 reason=modify
[TOPO-CHANGE] (port-status:modify) switches=11 links=32  delta +0 -2
[TOPO-DOWN] [(1, 2), (2, 1)]
[TOPO-REFRESH] flushing 12 flows, rebuilding routes
[TREE-DONE] root=s1 tree_edges=11 reachable=11/11
[SPF-DONE] BF s16->s17 reachable=11/11
[PATH-COMPUTED] s16->s17: 2 hop(s) path=s16 -> s4 -> s17
[FLOW-INSTALL] 00:00:00:00:00:01 → 00:00:00:00:00:02: s16 -> s4 -> s17
[FLOW_MOD] t=16808.544222909 dpid=s16 action=delete-strict src=00:00:00:00:00:01 dst=00:00:00:00:00:02 in_port=1 out_port=3
[FLOW_MOD] t=16808.544506746 dpid=s16 action=add src=00:00:00:00:00:01 dst=00:00:00:00:00:02 in_port=1 out_port=3
[FLOW_MOD] t=16808.544809815 dpid=s4 action=delete-strict src=00:00:00:00:00:01 dst=00:00:00:00:00:02 in_port=1 out_port=2
[FLOW_MOD] t=16808.545025747 dpid=s4 action=add src=00:00:00:00:00:01 dst=00:00:00:00:00:02 in_port=1 out_port=2
[FLOW_MOD] t=16808.545314691 dpid=s17 action=delete-strict src=00:00:00:00:00:01 dst=00:00:00:00:00:02 in_port=3 out_port=1
[FLOW_MOD] t=16808.545580268 dpid=s17 action=add src=00:00:00:00:00:01 dst=00:00:00:00:00:02 in_port=3 out_port=1
[FLOW_MOD] t=16808.546035929 dpid=s17 action=delete-strict src=00:00:00:00:00:02 dst=00:00:00:00:00:01 in_port=1 out_port=3
[FLOW_MOD] t=16808.546323328 dpid=s17 action=add src=00:00:00:00:00:02 dst=00:00:00:00:00:01 in_port=1 out_port=3
[FLOW_MOD] t=16808.546687231 dpid=s4 action=delete-strict src=00:00:00:00:00:02 dst=00:00:00:00:00:01 in_port=2 out_port=1
[FLOW_MOD] t=16808.546958622 dpid=s4 action=add src=00:00:00:00:00:02 dst=00:00:00:00:00:01 in_port=2 out_port=1
[FLOW_MOD] t=16808.547307846 dpid=s16 action=delete-strict src=00:00:00:00:00:02 dst=00:00:00:00:00:01 in_port=3 out_port=1
[FLOW_MOD] t=16808.547609029 dpid=s16 action=add src=00:00:00:00:00:02 dst=00:00:00:00:00:01 in_port=3 out_port=1
[SPF-DONE] BF s16->s18 reachable=11/11
[PATH-COMPUTED] s16->s18: 6 hop(s) path=s16 -> s4 -> s1 -> s3 -> s2 -> s6 -> s18
[FLOW-INSTALL] 00:00:00:00:00:01 → 00:00:00:00:00:03: s16 -> s4 -> s1 -> s3 -> s2 -> s6 -> s18
[FLOW_MOD] t=16808.551105126 dpid=s16 action=delete-strict src=00:00:00:00:00:01 dst=00:00:00:00:00:03 in_port=1 out_port=3
[FLOW_MOD] t=16808.551364125 dpid=s16 action=add src=00:00:00:00:00:01 dst=00:00:00:00:00:03 in_port=1 out_port=3
[FLOW_MOD] t=16808.551761252 dpid=s4 action=delete-strict src=00:00:00:00:00:01 dst=00:00:00:00:00:03 in_port=1 out_port=4
[FLOW_MOD] t=16808.552072475 dpid=s4 action=add src=00:00:00:00:00:01 dst=00:00:00:00:00:03 in_port=1 out_port=4
[FLOW_MOD] t=16808.552414012 dpid=s1 action=delete-strict src=00:00:00:00:00:01 dst=00:00:00:00:00:03 in_port=1 out_port=4
[FLOW_MOD] t=16808.552650981 dpid=s1 action=add src=00:00:00:00:00:01 dst=00:00:00:00:00:03 in_port=1 out_port=4
[FLOW_MOD] t=16808.552947391 dpid=s3 action=delete-strict src=00:00:00:00:00:01 dst=00:00:00:00:00:03 in_port=4 out_port=3
[FLOW_MOD] t=16808.553163621 dpid=s3 action=add src=00:00:00:00:00:01 dst=00:00:00:00:00:03 in_port=4 out_port=3
[FLOW_MOD] t=16808.553435724 dpid=s2 action=delete-strict src=00:00:00:00:00:01 dst=00:00:00:00:00:03 in_port=4 out_port=1
[FLOW_MOD] t=16808.553639372 dpid=s2 action=add src=00:00:00:00:00:01 dst=00:00:00:00:00:03 in_port=4 out_port=1
[FLOW_MOD] t=16808.553927112 dpid=s6 action=delete-strict src=00:00:00:00:00:01 dst=00:00:00:00:00:03 in_port=4 out_port=1
[FLOW_MOD] t=16808.554134125 dpid=s6 action=add src=00:00:00:00:00:01 dst=00:00:00:00:00:03 in_port=4 out_port=1
[FLOW_MOD] t=16808.554408497 dpid=s18 action=delete-strict src=00:00:00:00:00:01 dst=00:00:00:00:00:03 in_port=3 out_port=1
[FLOW_MOD] t=16808.554623642 dpid=s18 action=add src=00:00:00:00:00:01 dst=00:00:00:00:00:03 in_port=3 out_port=1
[FLOW_MOD] t=16808.554950886 dpid=s18 action=delete-strict src=00:00:00:00:00:03 dst=00:00:00:00:00:01 in_port=1 out_port=3
[FLOW_MOD] t=16808.555192821 dpid=s18 action=add src=00:00:00:00:00:03 dst=00:00:00:00:00:01 in_port=1 out_port=3
[FLOW_MOD] t=16808.555536070 dpid=s6 action=delete-strict src=00:00:00:00:00:03 dst=00:00:00:00:00:01 in_port=1 out_port=4
[FLOW_MOD] t=16808.555786131 dpid=s6 action=add src=00:00:00:00:00:03 dst=00:00:00:00:00:01 in_port=1 out_port=4
[FLOW_MOD] t=16808.556231465 dpid=s2 action=delete-strict src=00:00:00:00:00:03 dst=00:00:00:00:00:01 in_port=1 out_port=4
[FLOW_MOD] t=16808.556519209 dpid=s2 action=add src=00:00:00:00:00:03 dst=00:00:00:00:00:01 in_port=1 out_port=4
[FLOW_MOD] t=16808.556859615 dpid=s3 action=delete-strict src=00:00:00:00:00:03 dst=00:00:00:00:00:01 in_port=3 out_port=4
[FLOW_MOD] t=16808.557127393 dpid=s3 action=add src=00:00:00:00:00:03 dst=00:00:00:00:00:01 in_port=3 out_port=4
[FLOW_MOD] t=16808.557452813 dpid=s1 action=delete-strict src=00:00:00:00:00:03 dst=00:00:00:00:00:01 in_port=4 out_port=1
[FLOW_MOD] t=16808.557712668 dpid=s1 action=add src=00:00:00:00:00:03 dst=00:00:00:00:00:01 in_port=4 out_port=1
[FLOW_MOD] t=16808.558078011 dpid=s4 action=delete-strict src=00:00:00:00:00:03 dst=00:00:00:00:00:01 in_port=4 out_port=1
[FLOW_MOD] t=16808.558360739 dpid=s4 action=add src=00:00:00:00:00:03 dst=00:00:00:00:00:01 in_port=4 out_port=1
[FLOW_MOD] t=16808.558695387 dpid=s16 action=delete-strict src=00:00:00:00:00:03 dst=00:00:00:00:00:01 in_port=3 out_port=1
[FLOW_MOD] t=16808.559042511 dpid=s16 action=add src=00:00:00:00:00:03 dst=00:00:00:00:00:01 in_port=3 out_port=1
[SPF-DONE] BF s16->s19 reachable=11/11
[PATH-COMPUTED] s16->s19: 6 hop(s) path=s16 -> s4 -> s1 -> s3 -> s2 -> s6 -> s19
[FLOW-INSTALL] 00:00:00:00:00:01 → 00:00:00:00:00:04: s16 -> s4 -> s1 -> s3 -> s2 -> s6 -> s19
[FLOW_MOD] t=16808.562491212 dpid=s16 action=delete-strict src=00:00:00:00:00:01 dst=00:00:00:00:00:04 in_port=1 out_port=3
[FLOW_MOD] t=16808.562810655 dpid=s16 action=add src=00:00:00:00:00:01 dst=00:00:00:00:00:04 in_port=1 out_port=3
[FLOW_MOD] t=16808.563170602 dpid=s4 action=delete-strict src=00:00:00:00:00:01 dst=00:00:00:00:00:04 in_port=1 out_port=4
[FLOW_MOD] t=16808.563401617 dpid=s4 action=add src=00:00:00:00:00:01 dst=00:00:00:00:00:04 in_port=1 out_port=4
[FLOW_MOD] t=16808.563695863 dpid=s1 action=delete-strict src=00:00:00:00:00:01 dst=00:00:00:00:00:04 in_port=1 out_port=4
[FLOW_MOD] t=16808.563925870 dpid=s1 action=add src=00:00:00:00:00:01 dst=00:00:00:00:00:04 in_port=1 out_port=4
[FLOW_MOD] t=16808.564289551 dpid=s3 action=delete-strict src=00:00:00:00:00:01 dst=00:00:00:00:00:04 in_port=4 out_port=3
[FLOW_MOD] t=16808.564503900 dpid=s3 action=add src=00:00:00:00:00:01 dst=00:00:00:00:00:04 in_port=4 out_port=3
[FLOW_MOD] t=16808.564767063 dpid=s2 action=delete-strict src=00:00:00:00:00:01 dst=00:00:00:00:00:04 in_port=4 out_port=1
[FLOW_MOD] t=16808.565050991 dpid=s2 action=add src=00:00:00:00:00:01 dst=00:00:00:00:00:04 in_port=4 out_port=1
[FLOW_MOD] t=16808.565383542 dpid=s6 action=delete-strict src=00:00:00:00:00:01 dst=00:00:00:00:00:04 in_port=4 out_port=2
[FLOW_MOD] t=16808.565636234 dpid=s6 action=add src=00:00:00:00:00:01 dst=00:00:00:00:00:04 in_port=4 out_port=2
[FLOW_MOD] t=16808.565988656 dpid=s19 action=delete-strict src=00:00:00:00:00:01 dst=00:00:00:00:00:04 in_port=3 out_port=1
[FLOW_MOD] t=16808.566272862 dpid=s19 action=add src=00:00:00:00:00:01 dst=00:00:00:00:00:04 in_port=3 out_port=1
[FLOW_MOD] t=16808.566585975 dpid=s19 action=delete-strict src=00:00:00:00:00:04 dst=00:00:00:00:00:01 in_port=1 out_port=3
[FLOW_MOD] t=16808.566807740 dpid=s19 action=add src=00:00:00:00:00:04 dst=00:00:00:00:00:01 in_port=1 out_port=3
[FLOW_MOD] t=16808.567098247 dpid=s6 action=delete-strict src=00:00:00:00:00:04 dst=00:00:00:00:00:01 in_port=2 out_port=4
[FLOW_MOD] t=16808.567304264 dpid=s6 action=add src=00:00:00:00:00:04 dst=00:00:00:00:00:01 in_port=2 out_port=4
[FLOW_MOD] t=16808.567593567 dpid=s2 action=delete-strict src=00:00:00:00:00:04 dst=00:00:00:00:00:01 in_port=1 out_port=4
[FLOW_MOD] t=16808.567866202 dpid=s2 action=add src=00:00:00:00:00:04 dst=00:00:00:00:00:01 in_port=1 out_port=4
[FLOW_MOD] t=16808.568233091 dpid=s3 action=delete-strict src=00:00:00:00:00:04 dst=00:00:00:00:00:01 in_port=3 out_port=4
[FLOW_MOD] t=16808.568529029 dpid=s3 action=add src=00:00:00:00:00:04 dst=00:00:00:00:00:01 in_port=3 out_port=4
[FLOW_MOD] t=16808.568857585 dpid=s1 action=delete-strict src=00:00:00:00:00:04 dst=00:00:00:00:00:01 in_port=4 out_port=1
[FLOW_MOD] t=16808.569108779 dpid=s1 action=add src=00:00:00:00:00:04 dst=00:00:00:00:00:01 in_port=4 out_port=1
[FLOW_MOD] t=16808.569407850 dpid=s4 action=delete-strict src=00:00:00:00:00:04 dst=00:00:00:00:00:01 in_port=4 out_port=1
[FLOW_MOD] t=16808.569668625 dpid=s4 action=add src=00:00:00:00:00:04 dst=00:00:00:00:00:01 in_port=4 out_port=1
[FLOW_MOD] t=16808.569984604 dpid=s16 action=delete-strict src=00:00:00:00:00:04 dst=00:00:00:00:00:01 in_port=3 out_port=1
[FLOW_MOD] t=16808.570216472 dpid=s16 action=add src=00:00:00:00:00:04 dst=00:00:00:00:00:01 in_port=3 out_port=1
[SPF-DONE] BF s17->s16 reachable=11/11
[PATH-COMPUTED] s17->s16: 2 hop(s) path=s17 -> s4 -> s16
[FLOW-INSTALL] 00:00:00:00:00:02 → 00:00:00:00:00:01: s17 -> s4 -> s16
[FLOW_MOD] t=16808.573505590 dpid=s17 action=delete-strict src=00:00:00:00:00:02 dst=00:00:00:00:00:01 in_port=1 out_port=3
[FLOW_MOD] t=16808.573786468 dpid=s17 action=add src=00:00:00:00:00:02 dst=00:00:00:00:00:01 in_port=1 out_port=3
[FLOW_MOD] t=16808.574120016 dpid=s4 action=delete-strict src=00:00:00:00:00:02 dst=00:00:00:00:00:01 in_port=2 out_port=1
[FLOW_MOD] t=16808.574367414 dpid=s4 action=add src=00:00:00:00:00:02 dst=00:00:00:00:00:01 in_port=2 out_port=1
[FLOW_MOD] t=16808.574710608 dpid=s16 action=delete-strict src=00:00:00:00:00:02 dst=00:00:00:00:00:01 in_port=3 out_port=1
[FLOW_MOD] t=16808.574971566 dpid=s16 action=add src=00:00:00:00:00:02 dst=00:00:00:00:00:01 in_port=3 out_port=1
[FLOW_MOD] t=16808.575325694 dpid=s16 action=delete-strict src=00:00:00:00:00:01 dst=00:00:00:00:00:02 in_port=1 out_port=3
[FLOW_MOD] t=16808.575639359 dpid=s16 action=add src=00:00:00:00:00:01 dst=00:00:00:00:00:02 in_port=1 out_port=3
[FLOW_MOD] t=16808.577469642 dpid=s4 action=delete-strict src=00:00:00:00:00:01 dst=00:00:00:00:00:02 in_port=1 out_port=2
[FLOW_MOD] t=16808.577771397 dpid=s4 action=add src=00:00:00:00:00:01 dst=00:00:00:00:00:02 in_port=1 out_port=2
[FLOW_MOD] t=16808.578082609 dpid=s17 action=delete-strict src=00:00:00:00:00:01 dst=00:00:00:00:00:02 in_port=3 out_port=1
[FLOW_MOD] t=16808.578364686 dpid=s17 action=add src=00:00:00:00:00:01 dst=00:00:00:00:00:02 in_port=3 out_port=1
[SPF-DONE] BF s17->s18 reachable=11/11
[PATH-COMPUTED] s17->s18: 6 hop(s) path=s17 -> s4 -> s1 -> s3 -> s2 -> s6 -> s18
[FLOW-INSTALL] 00:00:00:00:00:02 → 00:00:00:00:00:03: s17 -> s4 -> s1 -> s3 -> s2 -> s6 -> s18
[FLOW_MOD] t=16808.581818895 dpid=s17 action=delete-strict src=00:00:00:00:00:02 dst=00:00:00:00:00:03 in_port=1 out_port=3
[FLOW_MOD] t=16808.582106400 dpid=s17 action=add src=00:00:00:00:00:02 dst=00:00:00:00:00:03 in_port=1 out_port=3
[FLOW_MOD] t=16808.582468321 dpid=s4 action=delete-strict src=00:00:00:00:00:02 dst=00:00:00:00:00:03 in_port=2 out_port=4
[FLOW_MOD] t=16808.582751393 dpid=s4 action=add src=00:00:00:00:00:02 dst=00:00:00:00:00:03 in_port=2 out_port=4
[FLOW_MOD] t=16808.583038973 dpid=s1 action=delete-strict src=00:00:00:00:00:02 dst=00:00:00:00:00:03 in_port=1 out_port=4
[FLOW_MOD] t=16808.583313748 dpid=s1 action=add src=00:00:00:00:00:02 dst=00:00:00:00:00:03 in_port=1 out_port=4
[FLOW_MOD] t=16808.583592052 dpid=s3 action=delete-strict src=00:00:00:00:00:02 dst=00:00:00:00:00:03 in_port=4 out_port=3
[FLOW_MOD] t=16808.583855622 dpid=s3 action=add src=00:00:00:00:00:02 dst=00:00:00:00:00:03 in_port=4 out_port=3
[FLOW_MOD] t=16808.584222019 dpid=s2 action=delete-strict src=00:00:00:00:00:02 dst=00:00:00:00:00:03 in_port=4 out_port=1
[FLOW_MOD] t=16808.584495854 dpid=s2 action=add src=00:00:00:00:00:02 dst=00:00:00:00:00:03 in_port=4 out_port=1
[FLOW_MOD] t=16808.584858338 dpid=s6 action=delete-strict src=00:00:00:00:00:02 dst=00:00:00:00:00:03 in_port=4 out_port=1
[FLOW_MOD] t=16808.585075315 dpid=s6 action=add src=00:00:00:00:00:02 dst=00:00:00:00:00:03 in_port=4 out_port=1
[FLOW_MOD] t=16808.585385709 dpid=s18 action=delete-strict src=00:00:00:00:00:02 dst=00:00:00:00:00:03 in_port=3 out_port=1
[FLOW_MOD] t=16808.585644320 dpid=s18 action=add src=00:00:00:00:00:02 dst=00:00:00:00:00:03 in_port=3 out_port=1
[FLOW_MOD] t=16808.585949205 dpid=s18 action=delete-strict src=00:00:00:00:00:03 dst=00:00:00:00:00:02 in_port=1 out_port=3
[FLOW_MOD] t=16808.586171219 dpid=s18 action=add src=00:00:00:00:00:03 dst=00:00:00:00:00:02 in_port=1 out_port=3
[FLOW_MOD] t=16808.586602574 dpid=s6 action=delete-strict src=00:00:00:00:00:03 dst=00:00:00:00:00:02 in_port=1 out_port=4
[FLOW_MOD] t=16808.586893860 dpid=s6 action=add src=00:00:00:00:00:03 dst=00:00:00:00:00:02 in_port=1 out_port=4
[FLOW_MOD] t=16808.587193176 dpid=s2 action=delete-strict src=00:00:00:00:00:03 dst=00:00:00:00:00:02 in_port=1 out_port=4
[FLOW_MOD] t=16808.587408529 dpid=s2 action=add src=00:00:00:00:00:03 dst=00:00:00:00:00:02 in_port=1 out_port=4
[FLOW_MOD] t=16808.587714472 dpid=s3 action=delete-strict src=00:00:00:00:00:03 dst=00:00:00:00:00:02 in_port=3 out_port=4
[FLOW_MOD] t=16808.587939034 dpid=s3 action=add src=00:00:00:00:00:03 dst=00:00:00:00:00:02 in_port=3 out_port=4
[FLOW_MOD] t=16808.588279782 dpid=s1 action=delete-strict src=00:00:00:00:00:03 dst=00:00:00:00:00:02 in_port=4 out_port=1
[FLOW_MOD] t=16808.588497670 dpid=s1 action=add src=00:00:00:00:00:03 dst=00:00:00:00:00:02 in_port=4 out_port=1
[FLOW_MOD] t=16808.588797349 dpid=s4 action=delete-strict src=00:00:00:00:00:03 dst=00:00:00:00:00:02 in_port=4 out_port=2
[FLOW_MOD] t=16808.589080696 dpid=s4 action=add src=00:00:00:00:00:03 dst=00:00:00:00:00:02 in_port=4 out_port=2
[FLOW_MOD] t=16808.589426261 dpid=s17 action=delete-strict src=00:00:00:00:00:03 dst=00:00:00:00:00:02 in_port=3 out_port=1
[FLOW_MOD] t=16808.589718059 dpid=s17 action=add src=00:00:00:00:00:03 dst=00:00:00:00:00:02 in_port=3 out_port=1
[SPF-DONE] BF s17->s19 reachable=11/11
[PATH-COMPUTED] s17->s19: 6 hop(s) path=s17 -> s4 -> s1 -> s3 -> s2 -> s6 -> s19
[FLOW-INSTALL] 00:00:00:00:00:02 → 00:00:00:00:00:04: s17 -> s4 -> s1 -> s3 -> s2 -> s6 -> s19
[FLOW_MOD] t=16808.593006902 dpid=s17 action=delete-strict src=00:00:00:00:00:02 dst=00:00:00:00:00:04 in_port=1 out_port=3
[FLOW_MOD] t=16808.593244293 dpid=s17 action=add src=00:00:00:00:00:02 dst=00:00:00:00:00:04 in_port=1 out_port=3
[FLOW_MOD] t=16808.593571456 dpid=s4 action=delete-strict src=00:00:00:00:00:02 dst=00:00:00:00:00:04 in_port=2 out_port=4
[FLOW_MOD] t=16808.593859446 dpid=s4 action=add src=00:00:00:00:00:02 dst=00:00:00:00:00:04 in_port=2 out_port=4
[FLOW_MOD] t=16808.594356414 dpid=s1 action=delete-strict src=00:00:00:00:00:02 dst=00:00:00:00:00:04 in_port=1 out_port=4
[FLOW_MOD] t=16808.594664825 dpid=s1 action=add src=00:00:00:00:00:02 dst=00:00:00:00:00:04 in_port=1 out_port=4
[FLOW_MOD] t=16808.595086736 dpid=s3 action=delete-strict src=00:00:00:00:00:02 dst=00:00:00:00:00:04 in_port=4 out_port=3
[FLOW_MOD] t=16808.595389393 dpid=s3 action=add src=00:00:00:00:00:02 dst=00:00:00:00:00:04 in_port=4 out_port=3
[FLOW_MOD] t=16808.595746564 dpid=s2 action=delete-strict src=00:00:00:00:00:02 dst=00:00:00:00:00:04 in_port=4 out_port=1
[FLOW_MOD] t=16808.596104062 dpid=s2 action=add src=00:00:00:00:00:02 dst=00:00:00:00:00:04 in_port=4 out_port=1
[FLOW_MOD] t=16808.596466265 dpid=s6 action=delete-strict src=00:00:00:00:00:02 dst=00:00:00:00:00:04 in_port=4 out_port=2
[FLOW_MOD] t=16808.596728256 dpid=s6 action=add src=00:00:00:00:00:02 dst=00:00:00:00:00:04 in_port=4 out_port=2
[FLOW_MOD] t=16808.597058118 dpid=s19 action=delete-strict src=00:00:00:00:00:02 dst=00:00:00:00:00:04 in_port=3 out_port=1
[FLOW_MOD] t=16808.597371182 dpid=s19 action=add src=00:00:00:00:00:02 dst=00:00:00:00:00:04 in_port=3 out_port=1
[FLOW_MOD] t=16808.597781289 dpid=s19 action=delete-strict src=00:00:00:00:00:04 dst=00:00:00:00:00:02 in_port=1 out_port=3
[FLOW_MOD] t=16808.598076255 dpid=s19 action=add src=00:00:00:00:00:04 dst=00:00:00:00:00:02 in_port=1 out_port=3
[FLOW_MOD] t=16808.598500086 dpid=s6 action=delete-strict src=00:00:00:00:00:04 dst=00:00:00:00:00:02 in_port=2 out_port=4
[FLOW_MOD] t=16808.598836132 dpid=s6 action=add src=00:00:00:00:00:04 dst=00:00:00:00:00:02 in_port=2 out_port=4
[FLOW_MOD] t=16808.599228141 dpid=s2 action=delete-strict src=00:00:00:00:00:04 dst=00:00:00:00:00:02 in_port=1 out_port=4
[FLOW_MOD] t=16808.599503262 dpid=s2 action=add src=00:00:00:00:00:04 dst=00:00:00:00:00:02 in_port=1 out_port=4
[FLOW_MOD] t=16808.599884758 dpid=s3 action=delete-strict src=00:00:00:00:00:04 dst=00:00:00:00:00:02 in_port=3 out_port=4
[FLOW_MOD] t=16808.600167198 dpid=s3 action=add src=00:00:00:00:00:04 dst=00:00:00:00:00:02 in_port=3 out_port=4
[FLOW_MOD] t=16808.600576013 dpid=s1 action=delete-strict src=00:00:00:00:00:04 dst=00:00:00:00:00:02 in_port=4 out_port=1
[FLOW_MOD] t=16808.600859649 dpid=s1 action=add src=00:00:00:00:00:04 dst=00:00:00:00:00:02 in_port=4 out_port=1
[FLOW_MOD] t=16808.601223319 dpid=s4 action=delete-strict src=00:00:00:00:00:04 dst=00:00:00:00:00:02 in_port=4 out_port=2
[FLOW_MOD] t=16808.601472275 dpid=s4 action=add src=00:00:00:00:00:04 dst=00:00:00:00:00:02 in_port=4 out_port=2
[FLOW_MOD] t=16808.601969929 dpid=s17 action=delete-strict src=00:00:00:00:00:04 dst=00:00:00:00:00:02 in_port=3 out_port=1
[FLOW_MOD] t=16808.602322088 dpid=s17 action=add src=00:00:00:00:00:04 dst=00:00:00:00:00:02 in_port=3 out_port=1
[SPF-DONE] BF s18->s16 reachable=11/11
[PATH-COMPUTED] s18->s16: 6 hop(s) path=s18 -> s6 -> s2 -> s3 -> s1 -> s4 -> s16
[FLOW-INSTALL] 00:00:00:00:00:03 → 00:00:00:00:00:01: s18 -> s6 -> s2 -> s3 -> s1 -> s4 -> s16
[FLOW_MOD] t=16808.606955609 dpid=s18 action=delete-strict src=00:00:00:00:00:03 dst=00:00:00:00:00:01 in_port=1 out_port=3
[FLOW_MOD] t=16808.607291256 dpid=s18 action=add src=00:00:00:00:00:03 dst=00:00:00:00:00:01 in_port=1 out_port=3
[FLOW_MOD] t=16808.607632797 dpid=s6 action=delete-strict src=00:00:00:00:00:03 dst=00:00:00:00:00:01 in_port=1 out_port=4
[FLOW_MOD] t=16808.607859977 dpid=s6 action=add src=00:00:00:00:00:03 dst=00:00:00:00:00:01 in_port=1 out_port=4
[FLOW_MOD] t=16808.608226501 dpid=s2 action=delete-strict src=00:00:00:00:00:03 dst=00:00:00:00:00:01 in_port=1 out_port=4
[FLOW_MOD] t=16808.608499715 dpid=s2 action=add src=00:00:00:00:00:03 dst=00:00:00:00:00:01 in_port=1 out_port=4
[FLOW_MOD] t=16808.608888059 dpid=s3 action=delete-strict src=00:00:00:00:00:03 dst=00:00:00:00:00:01 in_port=3 out_port=4
[FLOW_MOD] t=16808.609160583 dpid=s3 action=add src=00:00:00:00:00:03 dst=00:00:00:00:00:01 in_port=3 out_port=4
[FLOW_MOD] t=16808.609543500 dpid=s1 action=delete-strict src=00:00:00:00:00:03 dst=00:00:00:00:00:01 in_port=4 out_port=1
[FLOW_MOD] t=16808.609835544 dpid=s1 action=add src=00:00:00:00:00:03 dst=00:00:00:00:00:01 in_port=4 out_port=1
[FLOW_MOD] t=16808.610179440 dpid=s4 action=delete-strict src=00:00:00:00:00:03 dst=00:00:00:00:00:01 in_port=4 out_port=1
[FLOW_MOD] t=16808.610446482 dpid=s4 action=add src=00:00:00:00:00:03 dst=00:00:00:00:00:01 in_port=4 out_port=1
[FLOW_MOD] t=16808.610774434 dpid=s16 action=delete-strict src=00:00:00:00:00:03 dst=00:00:00:00:00:01 in_port=3 out_port=1
[FLOW_MOD] t=16808.611042994 dpid=s16 action=add src=00:00:00:00:00:03 dst=00:00:00:00:00:01 in_port=3 out_port=1
[FLOW_MOD] t=16808.611487780 dpid=s16 action=delete-strict src=00:00:00:00:00:01 dst=00:00:00:00:00:03 in_port=1 out_port=3
[FLOW_MOD] t=16808.611767008 dpid=s16 action=add src=00:00:00:00:00:01 dst=00:00:00:00:00:03 in_port=1 out_port=3
[FLOW_MOD] t=16808.612206096 dpid=s4 action=delete-strict src=00:00:00:00:00:01 dst=00:00:00:00:00:03 in_port=1 out_port=4
[FLOW_MOD] t=16808.612532341 dpid=s4 action=add src=00:00:00:00:00:01 dst=00:00:00:00:00:03 in_port=1 out_port=4
[FLOW_MOD] t=16808.612856770 dpid=s1 action=delete-strict src=00:00:00:00:00:01 dst=00:00:00:00:00:03 in_port=1 out_port=4
[FLOW_MOD] t=16808.613127537 dpid=s1 action=add src=00:00:00:00:00:01 dst=00:00:00:00:00:03 in_port=1 out_port=4
[FLOW_MOD] t=16808.613477036 dpid=s3 action=delete-strict src=00:00:00:00:00:01 dst=00:00:00:00:00:03 in_port=4 out_port=3
[FLOW_MOD] t=16808.613719585 dpid=s3 action=add src=00:00:00:00:00:01 dst=00:00:00:00:00:03 in_port=4 out_port=3
[FLOW_MOD] t=16808.614107939 dpid=s2 action=delete-strict src=00:00:00:00:00:01 dst=00:00:00:00:00:03 in_port=4 out_port=1
[FLOW_MOD] t=16808.614408089 dpid=s2 action=add src=00:00:00:00:00:01 dst=00:00:00:00:00:03 in_port=4 out_port=1
[FLOW_MOD] t=16808.614756390 dpid=s6 action=delete-strict src=00:00:00:00:00:01 dst=00:00:00:00:00:03 in_port=4 out_port=1
[FLOW_MOD] t=16808.614990508 dpid=s6 action=add src=00:00:00:00:00:01 dst=00:00:00:00:00:03 in_port=4 out_port=1
[FLOW_MOD] t=16808.615299629 dpid=s18 action=delete-strict src=00:00:00:00:00:01 dst=00:00:00:00:00:03 in_port=3 out_port=1
[FLOW_MOD] t=16808.615565243 dpid=s18 action=add src=00:00:00:00:00:01 dst=00:00:00:00:00:03 in_port=3 out_port=1
[SPF-DONE] BF s18->s17 reachable=11/11
[PATH-COMPUTED] s18->s17: 6 hop(s) path=s18 -> s6 -> s2 -> s3 -> s1 -> s4 -> s17
[FLOW-INSTALL] 00:00:00:00:00:03 → 00:00:00:00:00:02: s18 -> s6 -> s2 -> s3 -> s1 -> s4 -> s17
[FLOW_MOD] t=16808.618992487 dpid=s18 action=delete-strict src=00:00:00:00:00:03 dst=00:00:00:00:00:02 in_port=1 out_port=3
[FLOW_MOD] t=16808.619305885 dpid=s18 action=add src=00:00:00:00:00:03 dst=00:00:00:00:00:02 in_port=1 out_port=3
[FLOW_MOD] t=16808.619663754 dpid=s6 action=delete-strict src=00:00:00:00:00:03 dst=00:00:00:00:00:02 in_port=1 out_port=4
[FLOW_MOD] t=16808.619934486 dpid=s6 action=add src=00:00:00:00:00:03 dst=00:00:00:00:00:02 in_port=1 out_port=4
[FLOW_MOD] t=16808.620353426 dpid=s2 action=delete-strict src=00:00:00:00:00:03 dst=00:00:00:00:00:02 in_port=1 out_port=4
[FLOW_MOD] t=16808.620609324 dpid=s2 action=add src=00:00:00:00:00:03 dst=00:00:00:00:00:02 in_port=1 out_port=4
[FLOW_MOD] t=16808.620905167 dpid=s3 action=delete-strict src=00:00:00:00:00:03 dst=00:00:00:00:00:02 in_port=3 out_port=4
[FLOW_MOD] t=16808.621143945 dpid=s3 action=add src=00:00:00:00:00:03 dst=00:00:00:00:00:02 in_port=3 out_port=4
[FLOW_MOD] t=16808.621480009 dpid=s1 action=delete-strict src=00:00:00:00:00:03 dst=00:00:00:00:00:02 in_port=4 out_port=1
[FLOW_MOD] t=16808.621724917 dpid=s1 action=add src=00:00:00:00:00:03 dst=00:00:00:00:00:02 in_port=4 out_port=1
[FLOW_MOD] t=16808.622063288 dpid=s4 action=delete-strict src=00:00:00:00:00:03 dst=00:00:00:00:00:02 in_port=4 out_port=2
[FLOW_MOD] t=16808.622302064 dpid=s4 action=add src=00:00:00:00:00:03 dst=00:00:00:00:00:02 in_port=4 out_port=2
[FLOW_MOD] t=16808.622623612 dpid=s17 action=delete-strict src=00:00:00:00:00:03 dst=00:00:00:00:00:02 in_port=3 out_port=1
[FLOW_MOD] t=16808.622890428 dpid=s17 action=add src=00:00:00:00:00:03 dst=00:00:00:00:00:02 in_port=3 out_port=1
[FLOW_MOD] t=16808.623191194 dpid=s17 action=delete-strict src=00:00:00:00:00:02 dst=00:00:00:00:00:03 in_port=1 out_port=3
[FLOW_MOD] t=16808.623440326 dpid=s17 action=add src=00:00:00:00:00:02 dst=00:00:00:00:00:03 in_port=1 out_port=3
[FLOW_MOD] t=16808.623755665 dpid=s4 action=delete-strict src=00:00:00:00:00:02 dst=00:00:00:00:00:03 in_port=2 out_port=4
[FLOW_MOD] t=16808.626465452 dpid=s4 action=add src=00:00:00:00:00:02 dst=00:00:00:00:00:03 in_port=2 out_port=4
[FLOW_MOD] t=16808.627040315 dpid=s1 action=delete-strict src=00:00:00:00:00:02 dst=00:00:00:00:00:03 in_port=1 out_port=4
[FLOW_MOD] t=16808.627287568 dpid=s1 action=add src=00:00:00:00:00:02 dst=00:00:00:00:00:03 in_port=1 out_port=4
[FLOW_MOD] t=16808.627607645 dpid=s3 action=delete-strict src=00:00:00:00:00:02 dst=00:00:00:00:00:03 in_port=4 out_port=3
[FLOW_MOD] t=16808.627882846 dpid=s3 action=add src=00:00:00:00:00:02 dst=00:00:00:00:00:03 in_port=4 out_port=3
[FLOW_MOD] t=16808.628251432 dpid=s2 action=delete-strict src=00:00:00:00:00:02 dst=00:00:00:00:00:03 in_port=4 out_port=1
[FLOW_MOD] t=16808.628581981 dpid=s2 action=add src=00:00:00:00:00:02 dst=00:00:00:00:00:03 in_port=4 out_port=1
[FLOW_MOD] t=16808.628941928 dpid=s6 action=delete-strict src=00:00:00:00:00:02 dst=00:00:00:00:00:03 in_port=4 out_port=1
[FLOW_MOD] t=16808.629227451 dpid=s6 action=add src=00:00:00:00:00:02 dst=00:00:00:00:00:03 in_port=4 out_port=1
[FLOW_MOD] t=16808.629604997 dpid=s18 action=delete-strict src=00:00:00:00:00:02 dst=00:00:00:00:00:03 in_port=3 out_port=1
[FLOW_MOD] t=16808.629864808 dpid=s18 action=add src=00:00:00:00:00:02 dst=00:00:00:00:00:03 in_port=3 out_port=1
[SPF-DONE] BF s18->s19 reachable=11/11
[PATH-COMPUTED] s18->s19: 2 hop(s) path=s18 -> s6 -> s19
[FLOW-INSTALL] 00:00:00:00:00:03 → 00:00:00:00:00:04: s18 -> s6 -> s19
[FLOW_MOD] t=16808.633329625 dpid=s18 action=delete-strict src=00:00:00:00:00:03 dst=00:00:00:00:00:04 in_port=1 out_port=3
[FLOW_MOD] t=16808.633626187 dpid=s18 action=add src=00:00:00:00:00:03 dst=00:00:00:00:00:04 in_port=1 out_port=3
[FLOW_MOD] t=16808.633985267 dpid=s6 action=delete-strict src=00:00:00:00:00:03 dst=00:00:00:00:00:04 in_port=1 out_port=2
[FLOW_MOD] t=16808.634258758 dpid=s6 action=add src=00:00:00:00:00:03 dst=00:00:00:00:00:04 in_port=1 out_port=2
[FLOW_MOD] t=16808.634594402 dpid=s19 action=delete-strict src=00:00:00:00:00:03 dst=00:00:00:00:00:04 in_port=3 out_port=1
[FLOW_MOD] t=16808.634852729 dpid=s19 action=add src=00:00:00:00:00:03 dst=00:00:00:00:00:04 in_port=3 out_port=1
[FLOW_MOD] t=16808.635159091 dpid=s19 action=delete-strict src=00:00:00:00:00:04 dst=00:00:00:00:00:03 in_port=1 out_port=3
[FLOW_MOD] t=16808.635401876 dpid=s19 action=add src=00:00:00:00:00:04 dst=00:00:00:00:00:03 in_port=1 out_port=3
[FLOW_MOD] t=16808.635730534 dpid=s6 action=delete-strict src=00:00:00:00:00:04 dst=00:00:00:00:00:03 in_port=2 out_port=1
[FLOW_MOD] t=16808.635987327 dpid=s6 action=add src=00:00:00:00:00:04 dst=00:00:00:00:00:03 in_port=2 out_port=1
[FLOW_MOD] t=16808.636337031 dpid=s18 action=delete-strict src=00:00:00:00:00:04 dst=00:00:00:00:00:03 in_port=3 out_port=1
[FLOW_MOD] t=16808.636571270 dpid=s18 action=add src=00:00:00:00:00:04 dst=00:00:00:00:00:03 in_port=3 out_port=1
[SPF-DONE] BF s19->s16 reachable=11/11
[PATH-COMPUTED] s19->s16: 6 hop(s) path=s19 -> s6 -> s2 -> s3 -> s1 -> s4 -> s16
[FLOW-INSTALL] 00:00:00:00:00:04 → 00:00:00:00:00:01: s19 -> s6 -> s2 -> s3 -> s1 -> s4 -> s16
[FLOW_MOD] t=16808.639704183 dpid=s19 action=delete-strict src=00:00:00:00:00:04 dst=00:00:00:00:00:01 in_port=1 out_port=3
[FLOW_MOD] t=16808.640062896 dpid=s19 action=add src=00:00:00:00:00:04 dst=00:00:00:00:00:01 in_port=1 out_port=3
[FLOW_MOD] t=16808.640394298 dpid=s6 action=delete-strict src=00:00:00:00:00:04 dst=00:00:00:00:00:01 in_port=2 out_port=4
[FLOW_MOD] t=16808.640678399 dpid=s6 action=add src=00:00:00:00:00:04 dst=00:00:00:00:00:01 in_port=2 out_port=4
[FLOW_MOD] t=16808.641076073 dpid=s2 action=delete-strict src=00:00:00:00:00:04 dst=00:00:00:00:00:01 in_port=1 out_port=4
[FLOW_MOD] t=16808.641350552 dpid=s2 action=add src=00:00:00:00:00:04 dst=00:00:00:00:00:01 in_port=1 out_port=4
[FLOW_MOD] t=16808.641663257 dpid=s3 action=delete-strict src=00:00:00:00:00:04 dst=00:00:00:00:00:01 in_port=3 out_port=4
[FLOW_MOD] t=16808.641925991 dpid=s3 action=add src=00:00:00:00:00:04 dst=00:00:00:00:00:01 in_port=3 out_port=4
[FLOW_MOD] t=16808.642252249 dpid=s1 action=delete-strict src=00:00:00:00:00:04 dst=00:00:00:00:00:01 in_port=4 out_port=1
[FLOW_MOD] t=16808.642826378 dpid=s1 action=add src=00:00:00:00:00:04 dst=00:00:00:00:00:01 in_port=4 out_port=1
[FLOW_MOD] t=16808.643185953 dpid=s4 action=delete-strict src=00:00:00:00:00:04 dst=00:00:00:00:00:01 in_port=4 out_port=1
[FLOW_MOD] t=16808.643441064 dpid=s4 action=add src=00:00:00:00:00:04 dst=00:00:00:00:00:01 in_port=4 out_port=1
[FLOW_MOD] t=16808.643755460 dpid=s16 action=delete-strict src=00:00:00:00:00:04 dst=00:00:00:00:00:01 in_port=3 out_port=1
[FLOW_MOD] t=16808.644061804 dpid=s16 action=add src=00:00:00:00:00:04 dst=00:00:00:00:00:01 in_port=3 out_port=1
[FLOW_MOD] t=16808.644402523 dpid=s16 action=delete-strict src=00:00:00:00:00:01 dst=00:00:00:00:00:04 in_port=1 out_port=3
[FLOW_MOD] t=16808.644716224 dpid=s16 action=add src=00:00:00:00:00:01 dst=00:00:00:00:00:04 in_port=1 out_port=3
[FLOW_MOD] t=16808.645082033 dpid=s4 action=delete-strict src=00:00:00:00:00:01 dst=00:00:00:00:00:04 in_port=1 out_port=4
[FLOW_MOD] t=16808.645317261 dpid=s4 action=add src=00:00:00:00:00:01 dst=00:00:00:00:00:04 in_port=1 out_port=4
[FLOW_MOD] t=16808.645615356 dpid=s1 action=delete-strict src=00:00:00:00:00:01 dst=00:00:00:00:00:04 in_port=1 out_port=4
[FLOW_MOD] t=16808.645903645 dpid=s1 action=add src=00:00:00:00:00:01 dst=00:00:00:00:00:04 in_port=1 out_port=4
[FLOW_MOD] t=16808.646267616 dpid=s3 action=delete-strict src=00:00:00:00:00:01 dst=00:00:00:00:00:04 in_port=4 out_port=3
[FLOW_MOD] t=16808.646550485 dpid=s3 action=add src=00:00:00:00:00:01 dst=00:00:00:00:00:04 in_port=4 out_port=3
[FLOW_MOD] t=16808.646866783 dpid=s2 action=delete-strict src=00:00:00:00:00:01 dst=00:00:00:00:00:04 in_port=4 out_port=1
[FLOW_MOD] t=16808.647106249 dpid=s2 action=add src=00:00:00:00:00:01 dst=00:00:00:00:00:04 in_port=4 out_port=1
[FLOW_MOD] t=16808.647441121 dpid=s6 action=delete-strict src=00:00:00:00:00:01 dst=00:00:00:00:00:04 in_port=4 out_port=2
[FLOW_MOD] t=16808.647669257 dpid=s6 action=add src=00:00:00:00:00:01 dst=00:00:00:00:00:04 in_port=4 out_port=2
[FLOW_MOD] t=16808.648022474 dpid=s19 action=delete-strict src=00:00:00:00:00:01 dst=00:00:00:00:00:04 in_port=3 out_port=1
[FLOW_MOD] t=16808.648302277 dpid=s19 action=add src=00:00:00:00:00:01 dst=00:00:00:00:00:04 in_port=3 out_port=1
[SPF-DONE] BF s19->s17 reachable=11/11
[PATH-COMPUTED] s19->s17: 6 hop(s) path=s19 -> s6 -> s2 -> s3 -> s1 -> s4 -> s17
[FLOW-INSTALL] 00:00:00:00:00:04 → 00:00:00:00:00:02: s19 -> s6 -> s2 -> s3 -> s1 -> s4 -> s17
[FLOW_MOD] t=16808.651526750 dpid=s19 action=delete-strict src=00:00:00:00:00:04 dst=00:00:00:00:00:02 in_port=1 out_port=3
[FLOW_MOD] t=16808.651836836 dpid=s19 action=add src=00:00:00:00:00:04 dst=00:00:00:00:00:02 in_port=1 out_port=3
[FLOW_MOD] t=16808.652195095 dpid=s6 action=delete-strict src=00:00:00:00:00:04 dst=00:00:00:00:00:02 in_port=2 out_port=4
[FLOW_MOD] t=16808.652453938 dpid=s6 action=add src=00:00:00:00:00:04 dst=00:00:00:00:00:02 in_port=2 out_port=4
[FLOW_MOD] t=16808.652764722 dpid=s2 action=delete-strict src=00:00:00:00:00:04 dst=00:00:00:00:00:02 in_port=1 out_port=4
[FLOW_MOD] t=16808.653002494 dpid=s2 action=add src=00:00:00:00:00:04 dst=00:00:00:00:00:02 in_port=1 out_port=4
[FLOW_MOD] t=16808.653295291 dpid=s3 action=delete-strict src=00:00:00:00:00:04 dst=00:00:00:00:00:02 in_port=3 out_port=4
[FLOW_MOD] t=16808.653505917 dpid=s3 action=add src=00:00:00:00:00:04 dst=00:00:00:00:00:02 in_port=3 out_port=4
[FLOW_MOD] t=16808.653800887 dpid=s1 action=delete-strict src=00:00:00:00:00:04 dst=00:00:00:00:00:02 in_port=4 out_port=1
[FLOW_MOD] t=16808.654025575 dpid=s1 action=add src=00:00:00:00:00:04 dst=00:00:00:00:00:02 in_port=4 out_port=1
[FLOW_MOD] t=16808.654312671 dpid=s4 action=delete-strict src=00:00:00:00:00:04 dst=00:00:00:00:00:02 in_port=4 out_port=2
[FLOW_MOD] t=16808.654582796 dpid=s4 action=add src=00:00:00:00:00:04 dst=00:00:00:00:00:02 in_port=4 out_port=2
[FLOW_MOD] t=16808.654917686 dpid=s17 action=delete-strict src=00:00:00:00:00:04 dst=00:00:00:00:00:02 in_port=3 out_port=1
[FLOW_MOD] t=16808.655146920 dpid=s17 action=add src=00:00:00:00:00:04 dst=00:00:00:00:00:02 in_port=3 out_port=1
[FLOW_MOD] t=16808.655498042 dpid=s17 action=delete-strict src=00:00:00:00:00:02 dst=00:00:00:00:00:04 in_port=1 out_port=3
[FLOW_MOD] t=16808.655742422 dpid=s17 action=add src=00:00:00:00:00:02 dst=00:00:00:00:00:04 in_port=1 out_port=3
[FLOW_MOD] t=16808.656108117 dpid=s4 action=delete-strict src=00:00:00:00:00:02 dst=00:00:00:00:00:04 in_port=2 out_port=4
[FLOW_MOD] t=16808.656358012 dpid=s4 action=add src=00:00:00:00:00:02 dst=00:00:00:00:00:04 in_port=2 out_port=4
[FLOW_MOD] t=16808.656763295 dpid=s1 action=delete-strict src=00:00:00:00:00:02 dst=00:00:00:00:00:04 in_port=1 out_port=4
[FLOW_MOD] t=16808.657072864 dpid=s1 action=add src=00:00:00:00:00:02 dst=00:00:00:00:00:04 in_port=1 out_port=4
[FLOW_MOD] t=16808.657397194 dpid=s3 action=delete-strict src=00:00:00:00:00:02 dst=00:00:00:00:00:04 in_port=4 out_port=3
[FLOW_MOD] t=16808.657635178 dpid=s3 action=add src=00:00:00:00:00:02 dst=00:00:00:00:00:04 in_port=4 out_port=3
[FLOW_MOD] t=16808.657930313 dpid=s2 action=delete-strict src=00:00:00:00:00:02 dst=00:00:00:00:00:04 in_port=4 out_port=1
[FLOW_MOD] t=16808.658142987 dpid=s2 action=add src=00:00:00:00:00:02 dst=00:00:00:00:00:04 in_port=4 out_port=1
[FLOW_MOD] t=16808.658521486 dpid=s6 action=delete-strict src=00:00:00:00:00:02 dst=00:00:00:00:00:04 in_port=4 out_port=2
[FLOW_MOD] t=16808.658798749 dpid=s6 action=add src=00:00:00:00:00:02 dst=00:00:00:00:00:04 in_port=4 out_port=2
[FLOW_MOD] t=16808.659098403 dpid=s19 action=delete-strict src=00:00:00:00:00:02 dst=00:00:00:00:00:04 in_port=3 out_port=1
[FLOW_MOD] t=16808.659338321 dpid=s19 action=add src=00:00:00:00:00:02 dst=00:00:00:00:00:04 in_port=3 out_port=1
[SPF-DONE] BF s19->s18 reachable=11/11
[PATH-COMPUTED] s19->s18: 2 hop(s) path=s19 -> s6 -> s18
[FLOW-INSTALL] 00:00:00:00:00:04 → 00:00:00:00:00:03: s19 -> s6 -> s18
[FLOW_MOD] t=16808.662664675 dpid=s19 action=delete-strict src=00:00:00:00:00:04 dst=00:00:00:00:00:03 in_port=1 out_port=3
[FLOW_MOD] t=16808.662967563 dpid=s19 action=add src=00:00:00:00:00:04 dst=00:00:00:00:00:03 in_port=1 out_port=3
[FLOW_MOD] t=16808.663298757 dpid=s6 action=delete-strict src=00:00:00:00:00:04 dst=00:00:00:00:00:03 in_port=2 out_port=1
[FLOW_MOD] t=16808.663531352 dpid=s6 action=add src=00:00:00:00:00:04 dst=00:00:00:00:00:03 in_port=2 out_port=1
[FLOW_MOD] t=16808.663810780 dpid=s18 action=delete-strict src=00:00:00:00:00:04 dst=00:00:00:00:00:03 in_port=3 out_port=1
[FLOW_MOD] t=16808.664101505 dpid=s18 action=add src=00:00:00:00:00:04 dst=00:00:00:00:00:03 in_port=3 out_port=1
[FLOW_MOD] t=16808.664396751 dpid=s18 action=delete-strict src=00:00:00:00:00:03 dst=00:00:00:00:00:04 in_port=1 out_port=3
[FLOW_MOD] t=16808.664606342 dpid=s18 action=add src=00:00:00:00:00:03 dst=00:00:00:00:00:04 in_port=1 out_port=3
[FLOW_MOD] t=16808.664874125 dpid=s6 action=delete-strict src=00:00:00:00:00:03 dst=00:00:00:00:00:04 in_port=1 out_port=2
[FLOW_MOD] t=16808.666909030 dpid=s6 action=add src=00:00:00:00:00:03 dst=00:00:00:00:00:04 in_port=1 out_port=2
[FLOW_MOD] t=16808.667519667 dpid=s19 action=delete-strict src=00:00:00:00:00:03 dst=00:00:00:00:00:04 in_port=3 out_port=1
[FLOW_MOD] t=16808.667862925 dpid=s19 action=add src=00:00:00:00:00:03 dst=00:00:00:00:00:04 in_port=3 out_port=1
[TOPO] route refresh: installed=12 skipped=0 unreachable=0 hosts=4
[PORT_STATUS] t=16808.668420134 s1 port=3 reason=modify
[CONVERGENCE-START] id=5 t1=16808.668642068
[PORT_STATUS] t=16808.669952411 s2 port=3 reason=modify
[PORT_STATUS] t=16808.670421244 s2 port=3 reason=modify
[CONVERGENCE-START-SKIP] id=5 duplicate port-status s2 port=3 reason=modify
[PORT_STATUS] t=16808.671301281 s1 port=3 reason=modify
[PORT_STATUS] t=16808.671712623 s2 port=3 reason=modify
[TOPO-CHANGE] (LLDP topology event) switches=11 links=33  delta +1 -0
[TOPO-UP]   [(1, 2)]
[TOPO-REFRESH] flushing 12 flows, rebuilding routes
[TREE-DONE] root=s1 tree_edges=11 reachable=11/11
[SPF-DONE] BF s16->s17 reachable=11/11
[PATH-COMPUTED] s16->s17: 2 hop(s) path=s16 -> s4 -> s17
[FLOW-INSTALL] 00:00:00:00:00:01 → 00:00:00:00:00:02: s16 -> s4 -> s17
[FLOW_MOD] t=16808.773243610 dpid=s16 action=delete-strict src=00:00:00:00:00:01 dst=00:00:00:00:00:02 in_port=1 out_port=3
[FLOW_MOD] t=16808.773479126 dpid=s16 action=add src=00:00:00:00:00:01 dst=00:00:00:00:00:02 in_port=1 out_port=3
[CONVERGENCE-FLOWMOD] id=5 t2=16808.773699488
[FLOW_MOD] t=16808.773946595 dpid=s4 action=delete-strict src=00:00:00:00:00:01 dst=00:00:00:00:00:02 in_port=1 out_port=2
[FLOW_MOD] t=16808.774368231 dpid=s4 action=add src=00:00:00:00:00:01 dst=00:00:00:00:00:02 in_port=1 out_port=2
[FLOW_MOD] t=16808.774716429 dpid=s17 action=delete-strict src=00:00:00:00:00:01 dst=00:00:00:00:00:02 in_port=3 out_port=1
[FLOW_MOD] t=16808.774959477 dpid=s17 action=add src=00:00:00:00:00:01 dst=00:00:00:00:00:02 in_port=3 out_port=1
[FLOW_MOD] t=16808.775277869 dpid=s17 action=delete-strict src=00:00:00:00:00:02 dst=00:00:00:00:00:01 in_port=1 out_port=3
[FLOW_MOD] t=16808.775527954 dpid=s17 action=add src=00:00:00:00:00:02 dst=00:00:00:00:00:01 in_port=1 out_port=3
[FLOW_MOD] t=16808.775881466 dpid=s4 action=delete-strict src=00:00:00:00:00:02 dst=00:00:00:00:00:01 in_port=2 out_port=1
[FLOW_MOD] t=16808.776147538 dpid=s4 action=add src=00:00:00:00:00:02 dst=00:00:00:00:00:01 in_port=2 out_port=1
[FLOW_MOD] t=16808.776484509 dpid=s16 action=delete-strict src=00:00:00:00:00:02 dst=00:00:00:00:00:01 in_port=3 out_port=1
[FLOW_MOD] t=16808.776743421 dpid=s16 action=add src=00:00:00:00:00:02 dst=00:00:00:00:00:01 in_port=3 out_port=1
[SPF-DONE] BF s16->s18 reachable=11/11
[PATH-COMPUTED] s16->s18: 5 hop(s) path=s16 -> s4 -> s1 -> s2 -> s6 -> s18
[FLOW-INSTALL] 00:00:00:00:00:01 → 00:00:00:00:00:03: s16 -> s4 -> s1 -> s2 -> s6 -> s18
[FLOW_MOD] t=16808.780087530 dpid=s16 action=delete-strict src=00:00:00:00:00:01 dst=00:00:00:00:00:03 in_port=1 out_port=3
[FLOW_MOD] t=16808.780386878 dpid=s16 action=add src=00:00:00:00:00:01 dst=00:00:00:00:00:03 in_port=1 out_port=3
[FLOW_MOD] t=16808.780718149 dpid=s4 action=delete-strict src=00:00:00:00:00:01 dst=00:00:00:00:00:03 in_port=1 out_port=4
[FLOW_MOD] t=16808.780990634 dpid=s4 action=add src=00:00:00:00:00:01 dst=00:00:00:00:00:03 in_port=1 out_port=4
[FLOW_MOD] t=16808.781471019 dpid=s1 action=delete-strict src=00:00:00:00:00:01 dst=00:00:00:00:00:03 in_port=1 out_port=3
[FLOW_MOD] t=16808.781752399 dpid=s1 action=add src=00:00:00:00:00:01 dst=00:00:00:00:00:03 in_port=1 out_port=3
[FLOW_MOD] t=16808.782089092 dpid=s2 action=delete-strict src=00:00:00:00:00:01 dst=00:00:00:00:00:03 in_port=3 out_port=1
[FLOW_MOD] t=16808.782348905 dpid=s2 action=add src=00:00:00:00:00:01 dst=00:00:00:00:00:03 in_port=3 out_port=1
[FLOW_MOD] t=16808.782692431 dpid=s6 action=delete-strict src=00:00:00:00:00:01 dst=00:00:00:00:00:03 in_port=4 out_port=1
[FLOW_MOD] t=16808.782967024 dpid=s6 action=add src=00:00:00:00:00:01 dst=00:00:00:00:00:03 in_port=4 out_port=1
[FLOW_MOD] t=16808.783329302 dpid=s18 action=delete-strict src=00:00:00:00:00:01 dst=00:00:00:00:00:03 in_port=3 out_port=1
[FLOW_MOD] t=16808.783595193 dpid=s18 action=add src=00:00:00:00:00:01 dst=00:00:00:00:00:03 in_port=3 out_port=1
[FLOW_MOD] t=16808.783918356 dpid=s18 action=delete-strict src=00:00:00:00:00:03 dst=00:00:00:00:00:01 in_port=1 out_port=3
[FLOW_MOD] t=16808.784231844 dpid=s18 action=add src=00:00:00:00:00:03 dst=00:00:00:00:00:01 in_port=1 out_port=3
[FLOW_MOD] t=16808.784557383 dpid=s6 action=delete-strict src=00:00:00:00:00:03 dst=00:00:00:00:00:01 in_port=1 out_port=4
[FLOW_MOD] t=16808.784800012 dpid=s6 action=add src=00:00:00:00:00:03 dst=00:00:00:00:00:01 in_port=1 out_port=4
[FLOW_MOD] t=16808.785077346 dpid=s2 action=delete-strict src=00:00:00:00:00:03 dst=00:00:00:00:00:01 in_port=1 out_port=3
[FLOW_MOD] t=16808.785296534 dpid=s2 action=add src=00:00:00:00:00:03 dst=00:00:00:00:00:01 in_port=1 out_port=3
[FLOW_MOD] t=16808.785677181 dpid=s1 action=delete-strict src=00:00:00:00:00:03 dst=00:00:00:00:00:01 in_port=3 out_port=1
[FLOW_MOD] t=16808.785951938 dpid=s1 action=add src=00:00:00:00:00:03 dst=00:00:00:00:00:01 in_port=3 out_port=1
[FLOW_MOD] t=16808.786293338 dpid=s4 action=delete-strict src=00:00:00:00:00:03 dst=00:00:00:00:00:01 in_port=4 out_port=1
[FLOW_MOD] t=16808.786565058 dpid=s4 action=add src=00:00:00:00:00:03 dst=00:00:00:00:00:01 in_port=4 out_port=1
[FLOW_MOD] t=16808.786887616 dpid=s16 action=delete-strict src=00:00:00:00:00:03 dst=00:00:00:00:00:01 in_port=3 out_port=1
[FLOW_MOD] t=16808.787112644 dpid=s16 action=add src=00:00:00:00:00:03 dst=00:00:00:00:00:01 in_port=3 out_port=1
[SPF-DONE] BF s16->s19 reachable=11/11
[PATH-COMPUTED] s16->s19: 5 hop(s) path=s16 -> s4 -> s1 -> s2 -> s6 -> s19
[FLOW-INSTALL] 00:00:00:00:00:01 → 00:00:00:00:00:04: s16 -> s4 -> s1 -> s2 -> s6 -> s19
[FLOW_MOD] t=16808.790228798 dpid=s16 action=delete-strict src=00:00:00:00:00:01 dst=00:00:00:00:00:04 in_port=1 out_port=3
[FLOW_MOD] t=16808.790460438 dpid=s16 action=add src=00:00:00:00:00:01 dst=00:00:00:00:00:04 in_port=1 out_port=3
[FLOW_MOD] t=16808.790887442 dpid=s4 action=delete-strict src=00:00:00:00:00:01 dst=00:00:00:00:00:04 in_port=1 out_port=4
[FLOW_MOD] t=16808.791297227 dpid=s4 action=add src=00:00:00:00:00:01 dst=00:00:00:00:00:04 in_port=1 out_port=4
[FLOW_MOD] t=16808.791639846 dpid=s1 action=delete-strict src=00:00:00:00:00:01 dst=00:00:00:00:00:04 in_port=1 out_port=3
[FLOW_MOD] t=16808.791905250 dpid=s1 action=add src=00:00:00:00:00:01 dst=00:00:00:00:00:04 in_port=1 out_port=3
[FLOW_MOD] t=16808.792264226 dpid=s2 action=delete-strict src=00:00:00:00:00:01 dst=00:00:00:00:00:04 in_port=3 out_port=1
[FLOW_MOD] t=16808.792544376 dpid=s2 action=add src=00:00:00:00:00:01 dst=00:00:00:00:00:04 in_port=3 out_port=1
[FLOW_MOD] t=16808.792852474 dpid=s6 action=delete-strict src=00:00:00:00:00:01 dst=00:00:00:00:00:04 in_port=4 out_port=2
[FLOW_MOD] t=16808.793150497 dpid=s6 action=add src=00:00:00:00:00:01 dst=00:00:00:00:00:04 in_port=4 out_port=2
[FLOW_MOD] t=16808.793463745 dpid=s19 action=delete-strict src=00:00:00:00:00:01 dst=00:00:00:00:00:04 in_port=3 out_port=1
[FLOW_MOD] t=16808.793700477 dpid=s19 action=add src=00:00:00:00:00:01 dst=00:00:00:00:00:04 in_port=3 out_port=1
[FLOW_MOD] t=16808.794108535 dpid=s19 action=delete-strict src=00:00:00:00:00:04 dst=00:00:00:00:00:01 in_port=1 out_port=3
[FLOW_MOD] t=16808.794363735 dpid=s19 action=add src=00:00:00:00:00:04 dst=00:00:00:00:00:01 in_port=1 out_port=3
[FLOW_MOD] t=16808.794735195 dpid=s6 action=delete-strict src=00:00:00:00:00:04 dst=00:00:00:00:00:01 in_port=2 out_port=4
[FLOW_MOD] t=16808.795005784 dpid=s6 action=add src=00:00:00:00:00:04 dst=00:00:00:00:00:01 in_port=2 out_port=4
[FLOW_MOD] t=16808.795301000 dpid=s2 action=delete-strict src=00:00:00:00:00:04 dst=00:00:00:00:00:01 in_port=1 out_port=3
[FLOW_MOD] t=16808.795582658 dpid=s2 action=add src=00:00:00:00:00:04 dst=00:00:00:00:00:01 in_port=1 out_port=3
[FLOW_MOD] t=16808.795907607 dpid=s1 action=delete-strict src=00:00:00:00:00:04 dst=00:00:00:00:00:01 in_port=3 out_port=1
[FLOW_MOD] t=16808.796233122 dpid=s1 action=add src=00:00:00:00:00:04 dst=00:00:00:00:00:01 in_port=3 out_port=1
[FLOW_MOD] t=16808.796586166 dpid=s4 action=delete-strict src=00:00:00:00:00:04 dst=00:00:00:00:00:01 in_port=4 out_port=1
[FLOW_MOD] t=16808.796819756 dpid=s4 action=add src=00:00:00:00:00:04 dst=00:00:00:00:00:01 in_port=4 out_port=1
[FLOW_MOD] t=16808.797153547 dpid=s16 action=delete-strict src=00:00:00:00:00:04 dst=00:00:00:00:00:01 in_port=3 out_port=1
[FLOW_MOD] t=16808.797396292 dpid=s16 action=add src=00:00:00:00:00:04 dst=00:00:00:00:00:01 in_port=3 out_port=1
[SPF-DONE] BF s17->s16 reachable=11/11
[PATH-COMPUTED] s17->s16: 2 hop(s) path=s17 -> s4 -> s16
[FLOW-INSTALL] 00:00:00:00:00:02 → 00:00:00:00:00:01: s17 -> s4 -> s16
[FLOW_MOD] t=16808.800522352 dpid=s17 action=delete-strict src=00:00:00:00:00:02 dst=00:00:00:00:00:01 in_port=1 out_port=3
[FLOW_MOD] t=16808.800742829 dpid=s17 action=add src=00:00:00:00:00:02 dst=00:00:00:00:00:01 in_port=1 out_port=3
[FLOW_MOD] t=16808.801055409 dpid=s4 action=delete-strict src=00:00:00:00:00:02 dst=00:00:00:00:00:01 in_port=2 out_port=1
[FLOW_MOD] t=16808.801345439 dpid=s4 action=add src=00:00:00:00:00:02 dst=00:00:00:00:00:01 in_port=2 out_port=1
[FLOW_MOD] t=16808.801709682 dpid=s16 action=delete-strict src=00:00:00:00:00:02 dst=00:00:00:00:00:01 in_port=3 out_port=1
[FLOW_MOD] t=16808.801984960 dpid=s16 action=add src=00:00:00:00:00:02 dst=00:00:00:00:00:01 in_port=3 out_port=1
[FLOW_MOD] t=16808.802290491 dpid=s16 action=delete-strict src=00:00:00:00:00:01 dst=00:00:00:00:00:02 in_port=1 out_port=3
[FLOW_MOD] t=16808.802558256 dpid=s16 action=add src=00:00:00:00:00:01 dst=00:00:00:00:00:02 in_port=1 out_port=3
[FLOW_MOD] t=16808.804247845 dpid=s4 action=delete-strict src=00:00:00:00:00:01 dst=00:00:00:00:00:02 in_port=1 out_port=2
[FLOW_MOD] t=16808.804683384 dpid=s4 action=add src=00:00:00:00:00:01 dst=00:00:00:00:00:02 in_port=1 out_port=2
[FLOW_MOD] t=16808.805187290 dpid=s17 action=delete-strict src=00:00:00:00:00:01 dst=00:00:00:00:00:02 in_port=3 out_port=1
[FLOW_MOD] t=16808.805456203 dpid=s17 action=add src=00:00:00:00:00:01 dst=00:00:00:00:00:02 in_port=3 out_port=1
[SPF-DONE] BF s17->s18 reachable=11/11
[PATH-COMPUTED] s17->s18: 5 hop(s) path=s17 -> s4 -> s1 -> s2 -> s6 -> s18
[FLOW-INSTALL] 00:00:00:00:00:02 → 00:00:00:00:00:03: s17 -> s4 -> s1 -> s2 -> s6 -> s18
[FLOW_MOD] t=16808.808872277 dpid=s17 action=delete-strict src=00:00:00:00:00:02 dst=00:00:00:00:00:03 in_port=1 out_port=3
[FLOW_MOD] t=16808.809136874 dpid=s17 action=add src=00:00:00:00:00:02 dst=00:00:00:00:00:03 in_port=1 out_port=3
[FLOW_MOD] t=16808.809422257 dpid=s4 action=delete-strict src=00:00:00:00:00:02 dst=00:00:00:00:00:03 in_port=2 out_port=4
[FLOW_MOD] t=16808.809676393 dpid=s4 action=add src=00:00:00:00:00:02 dst=00:00:00:00:00:03 in_port=2 out_port=4
[FLOW_MOD] t=16808.809943707 dpid=s1 action=delete-strict src=00:00:00:00:00:02 dst=00:00:00:00:00:03 in_port=1 out_port=3
[FLOW_MOD] t=16808.810186287 dpid=s1 action=add src=00:00:00:00:00:02 dst=00:00:00:00:00:03 in_port=1 out_port=3
[FLOW_MOD] t=16808.810496540 dpid=s2 action=delete-strict src=00:00:00:00:00:02 dst=00:00:00:00:00:03 in_port=3 out_port=1
[FLOW_MOD] t=16808.810749529 dpid=s2 action=add src=00:00:00:00:00:02 dst=00:00:00:00:00:03 in_port=3 out_port=1
[FLOW_MOD] t=16808.811055548 dpid=s6 action=delete-strict src=00:00:00:00:00:02 dst=00:00:00:00:00:03 in_port=4 out_port=1
[FLOW_MOD] t=16808.811297963 dpid=s6 action=add src=00:00:00:00:00:02 dst=00:00:00:00:00:03 in_port=4 out_port=1
[FLOW_MOD] t=16808.811651597 dpid=s18 action=delete-strict src=00:00:00:00:00:02 dst=00:00:00:00:00:03 in_port=3 out_port=1
[FLOW_MOD] t=16808.811901482 dpid=s18 action=add src=00:00:00:00:00:02 dst=00:00:00:00:00:03 in_port=3 out_port=1
[FLOW_MOD] t=16808.812215127 dpid=s18 action=delete-strict src=00:00:00:00:00:03 dst=00:00:00:00:00:02 in_port=1 out_port=3
[FLOW_MOD] t=16808.812428007 dpid=s18 action=add src=00:00:00:00:00:03 dst=00:00:00:00:00:02 in_port=1 out_port=3
[FLOW_MOD] t=16808.812703271 dpid=s6 action=delete-strict src=00:00:00:00:00:03 dst=00:00:00:00:00:02 in_port=1 out_port=4
[FLOW_MOD] t=16808.812899575 dpid=s6 action=add src=00:00:00:00:00:03 dst=00:00:00:00:00:02 in_port=1 out_port=4
[FLOW_MOD] t=16808.813171371 dpid=s2 action=delete-strict src=00:00:00:00:00:03 dst=00:00:00:00:00:02 in_port=1 out_port=3
[FLOW_MOD] t=16808.813404494 dpid=s2 action=add src=00:00:00:00:00:03 dst=00:00:00:00:00:02 in_port=1 out_port=3
[FLOW_MOD] t=16808.813753081 dpid=s1 action=delete-strict src=00:00:00:00:00:03 dst=00:00:00:00:00:02 in_port=3 out_port=1
[FLOW_MOD] t=16808.814008690 dpid=s1 action=add src=00:00:00:00:00:03 dst=00:00:00:00:00:02 in_port=3 out_port=1
[FLOW_MOD] t=16808.814323306 dpid=s4 action=delete-strict src=00:00:00:00:00:03 dst=00:00:00:00:00:02 in_port=4 out_port=2
[FLOW_MOD] t=16808.814573371 dpid=s4 action=add src=00:00:00:00:00:03 dst=00:00:00:00:00:02 in_port=4 out_port=2
[FLOW_MOD] t=16808.814882358 dpid=s17 action=delete-strict src=00:00:00:00:00:03 dst=00:00:00:00:00:02 in_port=3 out_port=1
[FLOW_MOD] t=16808.815097716 dpid=s17 action=add src=00:00:00:00:00:03 dst=00:00:00:00:00:02 in_port=3 out_port=1
[SPF-DONE] BF s17->s19 reachable=11/11
[PATH-COMPUTED] s17->s19: 5 hop(s) path=s17 -> s4 -> s1 -> s2 -> s6 -> s19
[FLOW-INSTALL] 00:00:00:00:00:02 → 00:00:00:00:00:04: s17 -> s4 -> s1 -> s2 -> s6 -> s19
[FLOW_MOD] t=16808.819369272 dpid=s17 action=delete-strict src=00:00:00:00:00:02 dst=00:00:00:00:00:04 in_port=1 out_port=3
[FLOW_MOD] t=16808.819689259 dpid=s17 action=add src=00:00:00:00:00:02 dst=00:00:00:00:00:04 in_port=1 out_port=3
[FLOW_MOD] t=16808.820154546 dpid=s4 action=delete-strict src=00:00:00:00:00:02 dst=00:00:00:00:00:04 in_port=2 out_port=4
[FLOW_MOD] t=16808.820461786 dpid=s4 action=add src=00:00:00:00:00:02 dst=00:00:00:00:00:04 in_port=2 out_port=4
[FLOW_MOD] t=16808.820850559 dpid=s1 action=delete-strict src=00:00:00:00:00:02 dst=00:00:00:00:00:04 in_port=1 out_port=3
[FLOW_MOD] t=16808.821098221 dpid=s1 action=add src=00:00:00:00:00:02 dst=00:00:00:00:00:04 in_port=1 out_port=3
[FLOW_MOD] t=16808.821468933 dpid=s2 action=delete-strict src=00:00:00:00:00:02 dst=00:00:00:00:00:04 in_port=3 out_port=1
[FLOW_MOD] t=16808.821744097 dpid=s2 action=add src=00:00:00:00:00:02 dst=00:00:00:00:00:04 in_port=3 out_port=1
[FLOW_MOD] t=16808.822200928 dpid=s6 action=delete-strict src=00:00:00:00:00:02 dst=00:00:00:00:00:04 in_port=4 out_port=2
[FLOW_MOD] t=16808.822496461 dpid=s6 action=add src=00:00:00:00:00:02 dst=00:00:00:00:00:04 in_port=4 out_port=2
[FLOW_MOD] t=16808.822837501 dpid=s19 action=delete-strict src=00:00:00:00:00:02 dst=00:00:00:00:00:04 in_port=3 out_port=1
[FLOW_MOD] t=16808.823121143 dpid=s19 action=add src=00:00:00:00:00:02 dst=00:00:00:00:00:04 in_port=3 out_port=1
[FLOW_MOD] t=16808.823552505 dpid=s19 action=delete-strict src=00:00:00:00:00:04 dst=00:00:00:00:00:02 in_port=1 out_port=3
[FLOW_MOD] t=16808.823916024 dpid=s19 action=add src=00:00:00:00:00:04 dst=00:00:00:00:00:02 in_port=1 out_port=3
[FLOW_MOD] t=16808.824245443 dpid=s6 action=delete-strict src=00:00:00:00:00:04 dst=00:00:00:00:00:02 in_port=2 out_port=4
[FLOW_MOD] t=16808.824539230 dpid=s6 action=add src=00:00:00:00:00:04 dst=00:00:00:00:00:02 in_port=2 out_port=4
[FLOW_MOD] t=16808.824936070 dpid=s2 action=delete-strict src=00:00:00:00:00:04 dst=00:00:00:00:00:02 in_port=1 out_port=3
[FLOW_MOD] t=16808.825247644 dpid=s2 action=add src=00:00:00:00:00:04 dst=00:00:00:00:00:02 in_port=1 out_port=3
[FLOW_MOD] t=16808.827641991 dpid=s1 action=delete-strict src=00:00:00:00:00:04 dst=00:00:00:00:00:02 in_port=3 out_port=1
[FLOW_MOD] t=16808.828072285 dpid=s1 action=add src=00:00:00:00:00:04 dst=00:00:00:00:00:02 in_port=3 out_port=1
[FLOW_MOD] t=16808.828470451 dpid=s4 action=delete-strict src=00:00:00:00:00:04 dst=00:00:00:00:00:02 in_port=4 out_port=2
[FLOW_MOD] t=16808.828793706 dpid=s4 action=add src=00:00:00:00:00:04 dst=00:00:00:00:00:02 in_port=4 out_port=2
[FLOW_MOD] t=16808.829147358 dpid=s17 action=delete-strict src=00:00:00:00:00:04 dst=00:00:00:00:00:02 in_port=3 out_port=1
[FLOW_MOD] t=16808.829458672 dpid=s17 action=add src=00:00:00:00:00:04 dst=00:00:00:00:00:02 in_port=3 out_port=1
[SPF-DONE] BF s18->s16 reachable=11/11
[PATH-COMPUTED] s18->s16: 5 hop(s) path=s18 -> s6 -> s2 -> s1 -> s4 -> s16
[FLOW-INSTALL] 00:00:00:00:00:03 → 00:00:00:00:00:01: s18 -> s6 -> s2 -> s1 -> s4 -> s16
[FLOW_MOD] t=16808.833555877 dpid=s18 action=delete-strict src=00:00:00:00:00:03 dst=00:00:00:00:00:01 in_port=1 out_port=3
[FLOW_MOD] t=16808.833844857 dpid=s18 action=add src=00:00:00:00:00:03 dst=00:00:00:00:00:01 in_port=1 out_port=3
[FLOW_MOD] t=16808.834150616 dpid=s6 action=delete-strict src=00:00:00:00:00:03 dst=00:00:00:00:00:01 in_port=1 out_port=4
[FLOW_MOD] t=16808.834370650 dpid=s6 action=add src=00:00:00:00:00:03 dst=00:00:00:00:00:01 in_port=1 out_port=4
[FLOW_MOD] t=16808.834670658 dpid=s2 action=delete-strict src=00:00:00:00:00:03 dst=00:00:00:00:00:01 in_port=1 out_port=3
[FLOW_MOD] t=16808.834909331 dpid=s2 action=add src=00:00:00:00:00:03 dst=00:00:00:00:00:01 in_port=1 out_port=3
[FLOW_MOD] t=16808.835209648 dpid=s1 action=delete-strict src=00:00:00:00:00:03 dst=00:00:00:00:00:01 in_port=3 out_port=1
[FLOW_MOD] t=16808.835480211 dpid=s1 action=add src=00:00:00:00:00:03 dst=00:00:00:00:00:01 in_port=3 out_port=1
[FLOW_MOD] t=16808.835809102 dpid=s4 action=delete-strict src=00:00:00:00:00:03 dst=00:00:00:00:00:01 in_port=4 out_port=1
[FLOW_MOD] t=16808.836154647 dpid=s4 action=add src=00:00:00:00:00:03 dst=00:00:00:00:00:01 in_port=4 out_port=1
[FLOW_MOD] t=16808.836561598 dpid=s16 action=delete-strict src=00:00:00:00:00:03 dst=00:00:00:00:00:01 in_port=3 out_port=1
[FLOW_MOD] t=16808.836823261 dpid=s16 action=add src=00:00:00:00:00:03 dst=00:00:00:00:00:01 in_port=3 out_port=1
[FLOW_MOD] t=16808.837153230 dpid=s16 action=delete-strict src=00:00:00:00:00:01 dst=00:00:00:00:00:03 in_port=1 out_port=3
[FLOW_MOD] t=16808.837505878 dpid=s16 action=add src=00:00:00:00:00:01 dst=00:00:00:00:00:03 in_port=1 out_port=3
[FLOW_MOD] t=16808.837990492 dpid=s4 action=delete-strict src=00:00:00:00:00:01 dst=00:00:00:00:00:03 in_port=1 out_port=4
[FLOW_MOD] t=16808.838296649 dpid=s4 action=add src=00:00:00:00:00:01 dst=00:00:00:00:00:03 in_port=1 out_port=4
[FLOW_MOD] t=16808.838678738 dpid=s1 action=delete-strict src=00:00:00:00:00:01 dst=00:00:00:00:00:03 in_port=1 out_port=3
[FLOW_MOD] t=16808.838957660 dpid=s1 action=add src=00:00:00:00:00:01 dst=00:00:00:00:00:03 in_port=1 out_port=3
[FLOW_MOD] t=16808.839268493 dpid=s2 action=delete-strict src=00:00:00:00:00:01 dst=00:00:00:00:00:03 in_port=3 out_port=1
[FLOW_MOD] t=16808.839547266 dpid=s2 action=add src=00:00:00:00:00:01 dst=00:00:00:00:00:03 in_port=3 out_port=1
[FLOW_MOD] t=16808.840132488 dpid=s6 action=delete-strict src=00:00:00:00:00:01 dst=00:00:00:00:00:03 in_port=4 out_port=1
[FLOW_MOD] t=16808.840567223 dpid=s6 action=add src=00:00:00:00:00:01 dst=00:00:00:00:00:03 in_port=4 out_port=1
[FLOW_MOD] t=16808.841029220 dpid=s18 action=delete-strict src=00:00:00:00:00:01 dst=00:00:00:00:00:03 in_port=3 out_port=1
[FLOW_MOD] t=16808.841358095 dpid=s18 action=add src=00:00:00:00:00:01 dst=00:00:00:00:00:03 in_port=3 out_port=1
[SPF-DONE] BF s18->s17 reachable=11/11
[PATH-COMPUTED] s18->s17: 5 hop(s) path=s18 -> s6 -> s2 -> s1 -> s4 -> s17
[FLOW-INSTALL] 00:00:00:00:00:03 → 00:00:00:00:00:02: s18 -> s6 -> s2 -> s1 -> s4 -> s17
[FLOW_MOD] t=16808.845333389 dpid=s18 action=delete-strict src=00:00:00:00:00:03 dst=00:00:00:00:00:02 in_port=1 out_port=3
[FLOW_MOD] t=16808.845641350 dpid=s18 action=add src=00:00:00:00:00:03 dst=00:00:00:00:00:02 in_port=1 out_port=3
[FLOW_MOD] t=16808.846063738 dpid=s6 action=delete-strict src=00:00:00:00:00:03 dst=00:00:00:00:00:02 in_port=1 out_port=4
[FLOW_MOD] t=16808.846420651 dpid=s6 action=add src=00:00:00:00:00:03 dst=00:00:00:00:00:02 in_port=1 out_port=4
[FLOW_MOD] t=16808.846925036 dpid=s2 action=delete-strict src=00:00:00:00:00:03 dst=00:00:00:00:00:02 in_port=1 out_port=3
[FLOW_MOD] t=16808.847252456 dpid=s2 action=add src=00:00:00:00:00:03 dst=00:00:00:00:00:02 in_port=1 out_port=3
[FLOW_MOD] t=16808.847690318 dpid=s1 action=delete-strict src=00:00:00:00:00:03 dst=00:00:00:00:00:02 in_port=3 out_port=1
[FLOW_MOD] t=16808.848034243 dpid=s1 action=add src=00:00:00:00:00:03 dst=00:00:00:00:00:02 in_port=3 out_port=1
[FLOW_MOD] t=16808.848377771 dpid=s4 action=delete-strict src=00:00:00:00:00:03 dst=00:00:00:00:00:02 in_port=4 out_port=2
[FLOW_MOD] t=16808.848696007 dpid=s4 action=add src=00:00:00:00:00:03 dst=00:00:00:00:00:02 in_port=4 out_port=2
[FLOW_MOD] t=16808.849081512 dpid=s17 action=delete-strict src=00:00:00:00:00:03 dst=00:00:00:00:00:02 in_port=3 out_port=1
[FLOW_MOD] t=16808.849429127 dpid=s17 action=add src=00:00:00:00:00:03 dst=00:00:00:00:00:02 in_port=3 out_port=1
[FLOW_MOD] t=16808.849853258 dpid=s17 action=delete-strict src=00:00:00:00:00:02 dst=00:00:00:00:00:03 in_port=1 out_port=3
[FLOW_MOD] t=16808.850127094 dpid=s17 action=add src=00:00:00:00:00:02 dst=00:00:00:00:00:03 in_port=1 out_port=3
[FLOW_MOD] t=16808.850445330 dpid=s4 action=delete-strict src=00:00:00:00:00:02 dst=00:00:00:00:00:03 in_port=2 out_port=4
[FLOW_MOD] t=16808.852781549 dpid=s4 action=add src=00:00:00:00:00:02 dst=00:00:00:00:00:03 in_port=2 out_port=4
[FLOW_MOD] t=16808.853311174 dpid=s1 action=delete-strict src=00:00:00:00:00:02 dst=00:00:00:00:00:03 in_port=1 out_port=3
[FLOW_MOD] t=16808.853621346 dpid=s1 action=add src=00:00:00:00:00:02 dst=00:00:00:00:00:03 in_port=1 out_port=3
[FLOW_MOD] t=16808.853960295 dpid=s2 action=delete-strict src=00:00:00:00:00:02 dst=00:00:00:00:00:03 in_port=3 out_port=1
[FLOW_MOD] t=16808.854182736 dpid=s2 action=add src=00:00:00:00:00:02 dst=00:00:00:00:00:03 in_port=3 out_port=1
[FLOW_MOD] t=16808.854581147 dpid=s6 action=delete-strict src=00:00:00:00:00:02 dst=00:00:00:00:00:03 in_port=4 out_port=1
[FLOW_MOD] t=16808.854903657 dpid=s6 action=add src=00:00:00:00:00:02 dst=00:00:00:00:00:03 in_port=4 out_port=1
[FLOW_MOD] t=16808.855262193 dpid=s18 action=delete-strict src=00:00:00:00:00:02 dst=00:00:00:00:00:03 in_port=3 out_port=1
[FLOW_MOD] t=16808.855534482 dpid=s18 action=add src=00:00:00:00:00:02 dst=00:00:00:00:00:03 in_port=3 out_port=1
[SPF-DONE] BF s18->s19 reachable=11/11
[PATH-COMPUTED] s18->s19: 2 hop(s) path=s18 -> s6 -> s19
[FLOW-INSTALL] 00:00:00:00:00:03 → 00:00:00:00:00:04: s18 -> s6 -> s19
[FLOW_MOD] t=16808.859538603 dpid=s18 action=delete-strict src=00:00:00:00:00:03 dst=00:00:00:00:00:04 in_port=1 out_port=3
[FLOW_MOD] t=16808.859848190 dpid=s18 action=add src=00:00:00:00:00:03 dst=00:00:00:00:00:04 in_port=1 out_port=3
[FLOW_MOD] t=16808.860264349 dpid=s6 action=delete-strict src=00:00:00:00:00:03 dst=00:00:00:00:00:04 in_port=1 out_port=2
[FLOW_MOD] t=16808.860546083 dpid=s6 action=add src=00:00:00:00:00:03 dst=00:00:00:00:00:04 in_port=1 out_port=2
[FLOW_MOD] t=16808.860999082 dpid=s19 action=delete-strict src=00:00:00:00:00:03 dst=00:00:00:00:00:04 in_port=3 out_port=1
[FLOW_MOD] t=16808.861351140 dpid=s19 action=add src=00:00:00:00:00:03 dst=00:00:00:00:00:04 in_port=3 out_port=1
[FLOW_MOD] t=16808.861870842 dpid=s19 action=delete-strict src=00:00:00:00:00:04 dst=00:00:00:00:00:03 in_port=1 out_port=3
[FLOW_MOD] t=16808.862206528 dpid=s19 action=add src=00:00:00:00:00:04 dst=00:00:00:00:00:03 in_port=1 out_port=3
[FLOW_MOD] t=16808.862563571 dpid=s6 action=delete-strict src=00:00:00:00:00:04 dst=00:00:00:00:00:03 in_port=2 out_port=1
[FLOW_MOD] t=16808.862823429 dpid=s6 action=add src=00:00:00:00:00:04 dst=00:00:00:00:00:03 in_port=2 out_port=1
[FLOW_MOD] t=16808.863136193 dpid=s18 action=delete-strict src=00:00:00:00:00:04 dst=00:00:00:00:00:03 in_port=3 out_port=1
[FLOW_MOD] t=16808.863414226 dpid=s18 action=add src=00:00:00:00:00:04 dst=00:00:00:00:00:03 in_port=3 out_port=1
[SPF-DONE] BF s19->s16 reachable=11/11
[PATH-COMPUTED] s19->s16: 5 hop(s) path=s19 -> s6 -> s2 -> s1 -> s4 -> s16
[FLOW-INSTALL] 00:00:00:00:00:04 → 00:00:00:00:00:01: s19 -> s6 -> s2 -> s1 -> s4 -> s16
[FLOW_MOD] t=16808.867601080 dpid=s19 action=delete-strict src=00:00:00:00:00:04 dst=00:00:00:00:00:01 in_port=1 out_port=3
[FLOW_MOD] t=16808.867922729 dpid=s19 action=add src=00:00:00:00:00:04 dst=00:00:00:00:00:01 in_port=1 out_port=3
[FLOW_MOD] t=16808.868304154 dpid=s6 action=delete-strict src=00:00:00:00:00:04 dst=00:00:00:00:00:01 in_port=2 out_port=4
[FLOW_MOD] t=16808.868636927 dpid=s6 action=add src=00:00:00:00:00:04 dst=00:00:00:00:00:01 in_port=2 out_port=4
[FLOW_MOD] t=16808.869039883 dpid=s2 action=delete-strict src=00:00:00:00:00:04 dst=00:00:00:00:00:01 in_port=1 out_port=3
[FLOW_MOD] t=16808.869355548 dpid=s2 action=add src=00:00:00:00:00:04 dst=00:00:00:00:00:01 in_port=1 out_port=3
[FLOW_MOD] t=16808.869751593 dpid=s1 action=delete-strict src=00:00:00:00:00:04 dst=00:00:00:00:00:01 in_port=3 out_port=1
[FLOW_MOD] t=16808.870003492 dpid=s1 action=add src=00:00:00:00:00:04 dst=00:00:00:00:00:01 in_port=3 out_port=1
[FLOW_MOD] t=16808.870350260 dpid=s4 action=delete-strict src=00:00:00:00:00:04 dst=00:00:00:00:00:01 in_port=4 out_port=1
[FLOW_MOD] t=16808.870638531 dpid=s4 action=add src=00:00:00:00:00:04 dst=00:00:00:00:00:01 in_port=4 out_port=1
[FLOW_MOD] t=16808.870975167 dpid=s16 action=delete-strict src=00:00:00:00:00:04 dst=00:00:00:00:00:01 in_port=3 out_port=1
[FLOW_MOD] t=16808.871251081 dpid=s16 action=add src=00:00:00:00:00:04 dst=00:00:00:00:00:01 in_port=3 out_port=1
[FLOW_MOD] t=16808.871591408 dpid=s16 action=delete-strict src=00:00:00:00:00:01 dst=00:00:00:00:00:04 in_port=1 out_port=3
[FLOW_MOD] t=16808.871852646 dpid=s16 action=add src=00:00:00:00:00:01 dst=00:00:00:00:00:04 in_port=1 out_port=3
[FLOW_MOD] t=16808.872218013 dpid=s4 action=delete-strict src=00:00:00:00:00:01 dst=00:00:00:00:00:04 in_port=1 out_port=4
[FLOW_MOD] t=16808.872498222 dpid=s4 action=add src=00:00:00:00:00:01 dst=00:00:00:00:00:04 in_port=1 out_port=4
[FLOW_MOD] t=16808.872932476 dpid=s1 action=delete-strict src=00:00:00:00:00:01 dst=00:00:00:00:00:04 in_port=1 out_port=3
[FLOW_MOD] t=16808.873266721 dpid=s1 action=add src=00:00:00:00:00:01 dst=00:00:00:00:00:04 in_port=1 out_port=3
[FLOW_MOD] t=16808.874086195 dpid=s2 action=delete-strict src=00:00:00:00:00:01 dst=00:00:00:00:00:04 in_port=3 out_port=1
[FLOW_MOD] t=16808.874436680 dpid=s2 action=add src=00:00:00:00:00:01 dst=00:00:00:00:00:04 in_port=3 out_port=1
[FLOW_MOD] t=16808.874832453 dpid=s6 action=delete-strict src=00:00:00:00:00:01 dst=00:00:00:00:00:04 in_port=4 out_port=2
[FLOW_MOD] t=16808.875121424 dpid=s6 action=add src=00:00:00:00:00:01 dst=00:00:00:00:00:04 in_port=4 out_port=2
[FLOW_MOD] t=16808.875509345 dpid=s19 action=delete-strict src=00:00:00:00:00:01 dst=00:00:00:00:00:04 in_port=3 out_port=1
[FLOW_MOD] t=16808.875774900 dpid=s19 action=add src=00:00:00:00:00:01 dst=00:00:00:00:00:04 in_port=3 out_port=1
[SPF-DONE] BF s19->s17 reachable=11/11
[PATH-COMPUTED] s19->s17: 5 hop(s) path=s19 -> s6 -> s2 -> s1 -> s4 -> s17
[FLOW-INSTALL] 00:00:00:00:00:04 → 00:00:00:00:00:02: s19 -> s6 -> s2 -> s1 -> s4 -> s17
[FLOW_MOD] t=16808.880100623 dpid=s19 action=delete-strict src=00:00:00:00:00:04 dst=00:00:00:00:00:02 in_port=1 out_port=3
[FLOW_MOD] t=16808.880426616 dpid=s19 action=add src=00:00:00:00:00:04 dst=00:00:00:00:00:02 in_port=1 out_port=3
[FLOW_MOD] t=16808.880792419 dpid=s6 action=delete-strict src=00:00:00:00:00:04 dst=00:00:00:00:00:02 in_port=2 out_port=4
[FLOW_MOD] t=16808.881090189 dpid=s6 action=add src=00:00:00:00:00:04 dst=00:00:00:00:00:02 in_port=2 out_port=4
[FLOW_MOD] t=16808.881431201 dpid=s2 action=delete-strict src=00:00:00:00:00:04 dst=00:00:00:00:00:02 in_port=1 out_port=3
[FLOW_MOD] t=16808.881679619 dpid=s2 action=add src=00:00:00:00:00:04 dst=00:00:00:00:00:02 in_port=1 out_port=3
[FLOW_MOD] t=16808.881992315 dpid=s1 action=delete-strict src=00:00:00:00:00:04 dst=00:00:00:00:00:02 in_port=3 out_port=1
[FLOW_MOD] t=16808.882219028 dpid=s1 action=add src=00:00:00:00:00:04 dst=00:00:00:00:00:02 in_port=3 out_port=1
[FLOW_MOD] t=16808.882527310 dpid=s4 action=delete-strict src=00:00:00:00:00:04 dst=00:00:00:00:00:02 in_port=4 out_port=2
[FLOW_MOD] t=16808.882777733 dpid=s4 action=add src=00:00:00:00:00:04 dst=00:00:00:00:00:02 in_port=4 out_port=2
[FLOW_MOD] t=16808.883216960 dpid=s17 action=delete-strict src=00:00:00:00:00:04 dst=00:00:00:00:00:02 in_port=3 out_port=1
[FLOW_MOD] t=16808.883509440 dpid=s17 action=add src=00:00:00:00:00:04 dst=00:00:00:00:00:02 in_port=3 out_port=1
[FLOW_MOD] t=16808.883845754 dpid=s17 action=delete-strict src=00:00:00:00:00:02 dst=00:00:00:00:00:04 in_port=1 out_port=3
[FLOW_MOD] t=16808.884180355 dpid=s17 action=add src=00:00:00:00:00:02 dst=00:00:00:00:00:04 in_port=1 out_port=3
[FLOW_MOD] t=16808.884644113 dpid=s4 action=delete-strict src=00:00:00:00:00:02 dst=00:00:00:00:00:04 in_port=2 out_port=4
[FLOW_MOD] t=16808.884982937 dpid=s4 action=add src=00:00:00:00:00:02 dst=00:00:00:00:00:04 in_port=2 out_port=4
[FLOW_MOD] t=16808.885387806 dpid=s1 action=delete-strict src=00:00:00:00:00:02 dst=00:00:00:00:00:04 in_port=1 out_port=3
[FLOW_MOD] t=16808.885708286 dpid=s1 action=add src=00:00:00:00:00:02 dst=00:00:00:00:00:04 in_port=1 out_port=3
[FLOW_MOD] t=16808.886068066 dpid=s2 action=delete-strict src=00:00:00:00:00:02 dst=00:00:00:00:00:04 in_port=3 out_port=1
[FLOW_MOD] t=16808.886348897 dpid=s2 action=add src=00:00:00:00:00:02 dst=00:00:00:00:00:04 in_port=3 out_port=1
[FLOW_MOD] t=16808.886694643 dpid=s6 action=delete-strict src=00:00:00:00:00:02 dst=00:00:00:00:00:04 in_port=4 out_port=2
[FLOW_MOD] t=16808.886942418 dpid=s6 action=add src=00:00:00:00:00:02 dst=00:00:00:00:00:04 in_port=4 out_port=2
[FLOW_MOD] t=16808.887263042 dpid=s19 action=delete-strict src=00:00:00:00:00:02 dst=00:00:00:00:00:04 in_port=3 out_port=1
[FLOW_MOD] t=16808.887505888 dpid=s19 action=add src=00:00:00:00:00:02 dst=00:00:00:00:00:04 in_port=3 out_port=1
[SPF-DONE] BF s19->s18 reachable=11/11
[PATH-COMPUTED] s19->s18: 2 hop(s) path=s19 -> s6 -> s18
[FLOW-INSTALL] 00:00:00:00:00:04 → 00:00:00:00:00:03: s19 -> s6 -> s18
[FLOW_MOD] t=16808.891407891 dpid=s19 action=delete-strict src=00:00:00:00:00:04 dst=00:00:00:00:00:03 in_port=1 out_port=3
[FLOW_MOD] t=16808.891743754 dpid=s19 action=add src=00:00:00:00:00:04 dst=00:00:00:00:00:03 in_port=1 out_port=3
[FLOW_MOD] t=16808.892172639 dpid=s6 action=delete-strict src=00:00:00:00:00:04 dst=00:00:00:00:00:03 in_port=2 out_port=1
[FLOW_MOD] t=16808.892446196 dpid=s6 action=add src=00:00:00:00:00:04 dst=00:00:00:00:00:03 in_port=2 out_port=1
[FLOW_MOD] t=16808.892795878 dpid=s18 action=delete-strict src=00:00:00:00:00:04 dst=00:00:00:00:00:03 in_port=3 out_port=1
[FLOW_MOD] t=16808.893087459 dpid=s18 action=add src=00:00:00:00:00:04 dst=00:00:00:00:00:03 in_port=3 out_port=1
[FLOW_MOD] t=16808.893388850 dpid=s18 action=delete-strict src=00:00:00:00:00:03 dst=00:00:00:00:00:04 in_port=1 out_port=3
[FLOW_MOD] t=16808.893625115 dpid=s18 action=add src=00:00:00:00:00:03 dst=00:00:00:00:00:04 in_port=1 out_port=3
[FLOW_MOD] t=16808.893911880 dpid=s6 action=delete-strict src=00:00:00:00:00:03 dst=00:00:00:00:00:04 in_port=1 out_port=2
[FLOW_MOD] t=16808.895335221 dpid=s6 action=add src=00:00:00:00:00:03 dst=00:00:00:00:00:04 in_port=1 out_port=2
[FLOW_MOD] t=16808.895784504 dpid=s19 action=delete-strict src=00:00:00:00:00:03 dst=00:00:00:00:00:04 in_port=3 out_port=1
[FLOW_MOD] t=16808.896095426 dpid=s19 action=add src=00:00:00:00:00:03 dst=00:00:00:00:00:04 in_port=3 out_port=1
[TOPO] route refresh: installed=12 skipped=0 unreachable=0 hosts=4
[CONVERGENCE-END] id=5 convergence_ms=105.057 installed=12 skipped=0 unreachable=0 hosts=4
[TOPO-CHANGE] (LLDP topology event) switches=11 links=34  delta +1 -0
[TOPO-UP]   [(2, 1)]
[TOPO-REFRESH] flushing 12 flows, rebuilding routes
[TREE-DONE] root=s1 tree_edges=11 reachable=11/11
[SPF-DONE] BF s16->s17 reachable=11/11
[PATH-COMPUTED] s16->s17: 2 hop(s) path=s16 -> s4 -> s17
[FLOW-INSTALL] 00:00:00:00:00:01 → 00:00:00:00:00:02: s16 -> s4 -> s17
[FLOW_MOD] t=16809.010832817 dpid=s16 action=delete-strict src=00:00:00:00:00:01 dst=00:00:00:00:00:02 in_port=1 out_port=3
[FLOW_MOD] t=16809.011072312 dpid=s16 action=add src=00:00:00:00:00:01 dst=00:00:00:00:00:02 in_port=1 out_port=3
[FLOW_MOD] t=16809.011373285 dpid=s4 action=delete-strict src=00:00:00:00:00:01 dst=00:00:00:00:00:02 in_port=1 out_port=2
[FLOW_MOD] t=16809.011606105 dpid=s4 action=add src=00:00:00:00:00:01 dst=00:00:00:00:00:02 in_port=1 out_port=2
[FLOW_MOD] t=16809.011915719 dpid=s17 action=delete-strict src=00:00:00:00:00:01 dst=00:00:00:00:00:02 in_port=3 out_port=1
[FLOW_MOD] t=16809.012165726 dpid=s17 action=add src=00:00:00:00:00:01 dst=00:00:00:00:00:02 in_port=3 out_port=1
[FLOW_MOD] t=16809.012469252 dpid=s17 action=delete-strict src=00:00:00:00:00:02 dst=00:00:00:00:00:01 in_port=1 out_port=3
[FLOW_MOD] t=16809.012696832 dpid=s17 action=add src=00:00:00:00:00:02 dst=00:00:00:00:00:01 in_port=1 out_port=3
[FLOW_MOD] t=16809.012978215 dpid=s4 action=delete-strict src=00:00:00:00:00:02 dst=00:00:00:00:00:01 in_port=2 out_port=1
[FLOW_MOD] t=16809.013230033 dpid=s4 action=add src=00:00:00:00:00:02 dst=00:00:00:00:00:01 in_port=2 out_port=1
[FLOW_MOD] t=16809.013542752 dpid=s16 action=delete-strict src=00:00:00:00:00:02 dst=00:00:00:00:00:01 in_port=3 out_port=1
[FLOW_MOD] t=16809.013835512 dpid=s16 action=add src=00:00:00:00:00:02 dst=00:00:00:00:00:01 in_port=3 out_port=1
[SPF-DONE] BF s16->s18 reachable=11/11
[PATH-COMPUTED] s16->s18: 5 hop(s) path=s16 -> s4 -> s1 -> s2 -> s6 -> s18
[FLOW-INSTALL] 00:00:00:00:00:01 → 00:00:00:00:00:03: s16 -> s4 -> s1 -> s2 -> s6 -> s18
[FLOW_MOD] t=16809.017171079 dpid=s16 action=delete-strict src=00:00:00:00:00:01 dst=00:00:00:00:00:03 in_port=1 out_port=3
[FLOW_MOD] t=16809.017419076 dpid=s16 action=add src=00:00:00:00:00:01 dst=00:00:00:00:00:03 in_port=1 out_port=3
[FLOW_MOD] t=16809.017745109 dpid=s4 action=delete-strict src=00:00:00:00:00:01 dst=00:00:00:00:00:03 in_port=1 out_port=4
[FLOW_MOD] t=16809.017982673 dpid=s4 action=add src=00:00:00:00:00:01 dst=00:00:00:00:00:03 in_port=1 out_port=4
[FLOW_MOD] t=16809.018263180 dpid=s1 action=delete-strict src=00:00:00:00:00:01 dst=00:00:00:00:00:03 in_port=1 out_port=3
[FLOW_MOD] t=16809.018492203 dpid=s1 action=add src=00:00:00:00:00:01 dst=00:00:00:00:00:03 in_port=1 out_port=3
[FLOW_MOD] t=16809.018830475 dpid=s2 action=delete-strict src=00:00:00:00:00:01 dst=00:00:00:00:00:03 in_port=3 out_port=1
[FLOW_MOD] t=16809.019233893 dpid=s2 action=add src=00:00:00:00:00:01 dst=00:00:00:00:00:03 in_port=3 out_port=1
[FLOW_MOD] t=16809.019595216 dpid=s6 action=delete-strict src=00:00:00:00:00:01 dst=00:00:00:00:00:03 in_port=4 out_port=1
[FLOW_MOD] t=16809.019864142 dpid=s6 action=add src=00:00:00:00:00:01 dst=00:00:00:00:00:03 in_port=4 out_port=1
[FLOW_MOD] t=16809.020199209 dpid=s18 action=delete-strict src=00:00:00:00:00:01 dst=00:00:00:00:00:03 in_port=3 out_port=1
[FLOW_MOD] t=16809.020484802 dpid=s18 action=add src=00:00:00:00:00:01 dst=00:00:00:00:00:03 in_port=3 out_port=1
[FLOW_MOD] t=16809.020824161 dpid=s18 action=delete-strict src=00:00:00:00:00:03 dst=00:00:00:00:00:01 in_port=1 out_port=3
[FLOW_MOD] t=16809.021110903 dpid=s18 action=add src=00:00:00:00:00:03 dst=00:00:00:00:00:01 in_port=1 out_port=3
[FLOW_MOD] t=16809.021425934 dpid=s6 action=delete-strict src=00:00:00:00:00:03 dst=00:00:00:00:00:01 in_port=1 out_port=4
[FLOW_MOD] t=16809.021689046 dpid=s6 action=add src=00:00:00:00:00:03 dst=00:00:00:00:00:01 in_port=1 out_port=4
[FLOW_MOD] t=16809.022072857 dpid=s2 action=delete-strict src=00:00:00:00:00:03 dst=00:00:00:00:00:01 in_port=1 out_port=3
[FLOW_MOD] t=16809.022304851 dpid=s2 action=add src=00:00:00:00:00:03 dst=00:00:00:00:00:01 in_port=1 out_port=3
[FLOW_MOD] t=16809.022662797 dpid=s1 action=delete-strict src=00:00:00:00:00:03 dst=00:00:00:00:00:01 in_port=3 out_port=1
[FLOW_MOD] t=16809.022993465 dpid=s1 action=add src=00:00:00:00:00:03 dst=00:00:00:00:00:01 in_port=3 out_port=1
[FLOW_MOD] t=16809.023440680 dpid=s4 action=delete-strict src=00:00:00:00:00:03 dst=00:00:00:00:00:01 in_port=4 out_port=1
[FLOW_MOD] t=16809.023810665 dpid=s4 action=add src=00:00:00:00:00:03 dst=00:00:00:00:00:01 in_port=4 out_port=1
[FLOW_MOD] t=16809.024164674 dpid=s16 action=delete-strict src=00:00:00:00:00:03 dst=00:00:00:00:00:01 in_port=3 out_port=1
[FLOW_MOD] t=16809.024453022 dpid=s16 action=add src=00:00:00:00:00:03 dst=00:00:00:00:00:01 in_port=3 out_port=1
[SPF-DONE] BF s16->s19 reachable=11/11
[PATH-COMPUTED] s16->s19: 5 hop(s) path=s16 -> s4 -> s1 -> s2 -> s6 -> s19
[FLOW-INSTALL] 00:00:00:00:00:01 → 00:00:00:00:00:04: s16 -> s4 -> s1 -> s2 -> s6 -> s19
[FLOW_MOD] t=16809.027860166 dpid=s16 action=delete-strict src=00:00:00:00:00:01 dst=00:00:00:00:00:04 in_port=1 out_port=3
[FLOW_MOD] t=16809.028146083 dpid=s16 action=add src=00:00:00:00:00:01 dst=00:00:00:00:00:04 in_port=1 out_port=3
[FLOW_MOD] t=16809.028483891 dpid=s4 action=delete-strict src=00:00:00:00:00:01 dst=00:00:00:00:00:04 in_port=1 out_port=4
[FLOW_MOD] t=16809.028721018 dpid=s4 action=add src=00:00:00:00:00:01 dst=00:00:00:00:00:04 in_port=1 out_port=4
[FLOW_MOD] t=16809.029013345 dpid=s1 action=delete-strict src=00:00:00:00:00:01 dst=00:00:00:00:00:04 in_port=1 out_port=3
[FLOW_MOD] t=16809.029262740 dpid=s1 action=add src=00:00:00:00:00:01 dst=00:00:00:00:00:04 in_port=1 out_port=3
[FLOW_MOD] t=16809.029690821 dpid=s2 action=delete-strict src=00:00:00:00:00:01 dst=00:00:00:00:00:04 in_port=3 out_port=1
[FLOW_MOD] t=16809.029963662 dpid=s2 action=add src=00:00:00:00:00:01 dst=00:00:00:00:00:04 in_port=3 out_port=1
[FLOW_MOD] t=16809.030329541 dpid=s6 action=delete-strict src=00:00:00:00:00:01 dst=00:00:00:00:00:04 in_port=4 out_port=2
[FLOW_MOD] t=16809.030588682 dpid=s6 action=add src=00:00:00:00:00:01 dst=00:00:00:00:00:04 in_port=4 out_port=2
[FLOW_MOD] t=16809.030927369 dpid=s19 action=delete-strict src=00:00:00:00:00:01 dst=00:00:00:00:00:04 in_port=3 out_port=1
[FLOW_MOD] t=16809.031169798 dpid=s19 action=add src=00:00:00:00:00:01 dst=00:00:00:00:00:04 in_port=3 out_port=1
[FLOW_MOD] t=16809.031491645 dpid=s19 action=delete-strict src=00:00:00:00:00:04 dst=00:00:00:00:00:01 in_port=1 out_port=3
[FLOW_MOD] t=16809.031717400 dpid=s19 action=add src=00:00:00:00:00:04 dst=00:00:00:00:00:01 in_port=1 out_port=3
[FLOW_MOD] t=16809.032109084 dpid=s6 action=delete-strict src=00:00:00:00:00:04 dst=00:00:00:00:00:01 in_port=2 out_port=4
[FLOW_MOD] t=16809.032395473 dpid=s6 action=add src=00:00:00:00:00:04 dst=00:00:00:00:00:01 in_port=2 out_port=4
[FLOW_MOD] t=16809.032791564 dpid=s2 action=delete-strict src=00:00:00:00:00:04 dst=00:00:00:00:00:01 in_port=1 out_port=3
[FLOW_MOD] t=16809.033050710 dpid=s2 action=add src=00:00:00:00:00:04 dst=00:00:00:00:00:01 in_port=1 out_port=3
[FLOW_MOD] t=16809.033365623 dpid=s1 action=delete-strict src=00:00:00:00:00:04 dst=00:00:00:00:00:01 in_port=3 out_port=1
[FLOW_MOD] t=16809.033632802 dpid=s1 action=add src=00:00:00:00:00:04 dst=00:00:00:00:00:01 in_port=3 out_port=1
[FLOW_MOD] t=16809.034025890 dpid=s4 action=delete-strict src=00:00:00:00:00:04 dst=00:00:00:00:00:01 in_port=4 out_port=1
[FLOW_MOD] t=16809.034365899 dpid=s4 action=add src=00:00:00:00:00:04 dst=00:00:00:00:00:01 in_port=4 out_port=1
[FLOW_MOD] t=16809.034711058 dpid=s16 action=delete-strict src=00:00:00:00:00:04 dst=00:00:00:00:00:01 in_port=3 out_port=1
[FLOW_MOD] t=16809.034965513 dpid=s16 action=add src=00:00:00:00:00:04 dst=00:00:00:00:00:01 in_port=3 out_port=1
[SPF-DONE] BF s17->s16 reachable=11/11
[PATH-COMPUTED] s17->s16: 2 hop(s) path=s17 -> s4 -> s16
[FLOW-INSTALL] 00:00:00:00:00:02 → 00:00:00:00:00:01: s17 -> s4 -> s16
[FLOW_MOD] t=16809.038325579 dpid=s17 action=delete-strict src=00:00:00:00:00:02 dst=00:00:00:00:00:01 in_port=1 out_port=3
[FLOW_MOD] t=16809.038633491 dpid=s17 action=add src=00:00:00:00:00:02 dst=00:00:00:00:00:01 in_port=1 out_port=3
[FLOW_MOD] t=16809.039038209 dpid=s4 action=delete-strict src=00:00:00:00:00:02 dst=00:00:00:00:00:01 in_port=2 out_port=1
[FLOW_MOD] t=16809.039318276 dpid=s4 action=add src=00:00:00:00:00:02 dst=00:00:00:00:00:01 in_port=2 out_port=1
[FLOW_MOD] t=16809.039731997 dpid=s16 action=delete-strict src=00:00:00:00:00:02 dst=00:00:00:00:00:01 in_port=3 out_port=1
[FLOW_MOD] t=16809.040046716 dpid=s16 action=add src=00:00:00:00:00:02 dst=00:00:00:00:00:01 in_port=3 out_port=1
[FLOW_MOD] t=16809.040356987 dpid=s16 action=delete-strict src=00:00:00:00:00:01 dst=00:00:00:00:00:02 in_port=1 out_port=3
[FLOW_MOD] t=16809.040701961 dpid=s16 action=add src=00:00:00:00:00:01 dst=00:00:00:00:00:02 in_port=1 out_port=3
[FLOW_MOD] t=16809.042025070 dpid=s4 action=delete-strict src=00:00:00:00:00:01 dst=00:00:00:00:00:02 in_port=1 out_port=2
[FLOW_MOD] t=16809.042351073 dpid=s4 action=add src=00:00:00:00:00:01 dst=00:00:00:00:00:02 in_port=1 out_port=2
[FLOW_MOD] t=16809.042784728 dpid=s17 action=delete-strict src=00:00:00:00:00:01 dst=00:00:00:00:00:02 in_port=3 out_port=1
[FLOW_MOD] t=16809.043087476 dpid=s17 action=add src=00:00:00:00:00:01 dst=00:00:00:00:00:02 in_port=3 out_port=1
[SPF-DONE] BF s17->s18 reachable=11/11
[PATH-COMPUTED] s17->s18: 5 hop(s) path=s17 -> s4 -> s1 -> s2 -> s6 -> s18
[FLOW-INSTALL] 00:00:00:00:00:02 → 00:00:00:00:00:03: s17 -> s4 -> s1 -> s2 -> s6 -> s18
[FLOW_MOD] t=16809.046487700 dpid=s17 action=delete-strict src=00:00:00:00:00:02 dst=00:00:00:00:00:03 in_port=1 out_port=3
[FLOW_MOD] t=16809.046843989 dpid=s17 action=add src=00:00:00:00:00:02 dst=00:00:00:00:00:03 in_port=1 out_port=3
[FLOW_MOD] t=16809.047150057 dpid=s4 action=delete-strict src=00:00:00:00:00:02 dst=00:00:00:00:00:03 in_port=2 out_port=4
[FLOW_MOD] t=16809.047437731 dpid=s4 action=add src=00:00:00:00:00:02 dst=00:00:00:00:00:03 in_port=2 out_port=4
[FLOW_MOD] t=16809.047759257 dpid=s1 action=delete-strict src=00:00:00:00:00:02 dst=00:00:00:00:00:03 in_port=1 out_port=3
[FLOW_MOD] t=16809.048050490 dpid=s1 action=add src=00:00:00:00:00:02 dst=00:00:00:00:00:03 in_port=1 out_port=3
[FLOW_MOD] t=16809.048395689 dpid=s2 action=delete-strict src=00:00:00:00:00:02 dst=00:00:00:00:00:03 in_port=3 out_port=1
[FLOW_MOD] t=16809.048629527 dpid=s2 action=add src=00:00:00:00:00:02 dst=00:00:00:00:00:03 in_port=3 out_port=1
[FLOW_MOD] t=16809.048926278 dpid=s6 action=delete-strict src=00:00:00:00:00:02 dst=00:00:00:00:00:03 in_port=4 out_port=1
[FLOW_MOD] t=16809.049190133 dpid=s6 action=add src=00:00:00:00:00:02 dst=00:00:00:00:00:03 in_port=4 out_port=1
[FLOW_MOD] t=16809.049545438 dpid=s18 action=delete-strict src=00:00:00:00:00:02 dst=00:00:00:00:00:03 in_port=3 out_port=1
[FLOW_MOD] t=16809.049818503 dpid=s18 action=add src=00:00:00:00:00:02 dst=00:00:00:00:00:03 in_port=3 out_port=1
[FLOW_MOD] t=16809.050111298 dpid=s18 action=delete-strict src=00:00:00:00:00:03 dst=00:00:00:00:00:02 in_port=1 out_port=3
[FLOW_MOD] t=16809.050338837 dpid=s18 action=add src=00:00:00:00:00:03 dst=00:00:00:00:00:02 in_port=1 out_port=3
[FLOW_MOD] t=16809.050701881 dpid=s6 action=delete-strict src=00:00:00:00:00:03 dst=00:00:00:00:00:02 in_port=1 out_port=4
[FLOW_MOD] t=16809.050938799 dpid=s6 action=add src=00:00:00:00:00:03 dst=00:00:00:00:00:02 in_port=1 out_port=4
[FLOW_MOD] t=16809.051216869 dpid=s2 action=delete-strict src=00:00:00:00:00:03 dst=00:00:00:00:00:02 in_port=1 out_port=3
[FLOW_MOD] t=16809.051421690 dpid=s2 action=add src=00:00:00:00:00:03 dst=00:00:00:00:00:02 in_port=1 out_port=3
[FLOW_MOD] t=16809.051711903 dpid=s1 action=delete-strict src=00:00:00:00:00:03 dst=00:00:00:00:00:02 in_port=3 out_port=1
[FLOW_MOD] t=16809.051924629 dpid=s1 action=add src=00:00:00:00:00:03 dst=00:00:00:00:00:02 in_port=3 out_port=1
[FLOW_MOD] t=16809.052251770 dpid=s4 action=delete-strict src=00:00:00:00:00:03 dst=00:00:00:00:00:02 in_port=4 out_port=2
[FLOW_MOD] t=16809.052473585 dpid=s4 action=add src=00:00:00:00:00:03 dst=00:00:00:00:00:02 in_port=4 out_port=2
[FLOW_MOD] t=16809.052849380 dpid=s17 action=delete-strict src=00:00:00:00:00:03 dst=00:00:00:00:00:02 in_port=3 out_port=1
[FLOW_MOD] t=16809.053123938 dpid=s17 action=add src=00:00:00:00:00:03 dst=00:00:00:00:00:02 in_port=3 out_port=1
[SPF-DONE] BF s17->s19 reachable=11/11
[PATH-COMPUTED] s17->s19: 5 hop(s) path=s17 -> s4 -> s1 -> s2 -> s6 -> s19
[FLOW-INSTALL] 00:00:00:00:00:02 → 00:00:00:00:00:04: s17 -> s4 -> s1 -> s2 -> s6 -> s19
[FLOW_MOD] t=16809.056739627 dpid=s17 action=delete-strict src=00:00:00:00:00:02 dst=00:00:00:00:00:04 in_port=1 out_port=3
[FLOW_MOD] t=16809.057119441 dpid=s17 action=add src=00:00:00:00:00:02 dst=00:00:00:00:00:04 in_port=1 out_port=3
[FLOW_MOD] t=16809.057458669 dpid=s4 action=delete-strict src=00:00:00:00:00:02 dst=00:00:00:00:00:04 in_port=2 out_port=4
[FLOW_MOD] t=16809.057727288 dpid=s4 action=add src=00:00:00:00:00:02 dst=00:00:00:00:00:04 in_port=2 out_port=4
[FLOW_MOD] t=16809.058054401 dpid=s1 action=delete-strict src=00:00:00:00:00:02 dst=00:00:00:00:00:04 in_port=1 out_port=3
[FLOW_MOD] t=16809.058308858 dpid=s1 action=add src=00:00:00:00:00:02 dst=00:00:00:00:00:04 in_port=1 out_port=3
[FLOW_MOD] t=16809.058653114 dpid=s2 action=delete-strict src=00:00:00:00:00:02 dst=00:00:00:00:00:04 in_port=3 out_port=1
[FLOW_MOD] t=16809.058928388 dpid=s2 action=add src=00:00:00:00:00:02 dst=00:00:00:00:00:04 in_port=3 out_port=1
[FLOW_MOD] t=16809.059326240 dpid=s6 action=delete-strict src=00:00:00:00:00:02 dst=00:00:00:00:00:04 in_port=4 out_port=2
[FLOW_MOD] t=16809.059627480 dpid=s6 action=add src=00:00:00:00:00:02 dst=00:00:00:00:00:04 in_port=4 out_port=2
[FLOW_MOD] t=16809.059966114 dpid=s19 action=delete-strict src=00:00:00:00:00:02 dst=00:00:00:00:00:04 in_port=3 out_port=1
[FLOW_MOD] t=16809.060251795 dpid=s19 action=add src=00:00:00:00:00:02 dst=00:00:00:00:00:04 in_port=3 out_port=1
[FLOW_MOD] t=16809.060545021 dpid=s19 action=delete-strict src=00:00:00:00:00:04 dst=00:00:00:00:00:02 in_port=1 out_port=3
[FLOW_MOD] t=16809.060802250 dpid=s19 action=add src=00:00:00:00:00:04 dst=00:00:00:00:00:02 in_port=1 out_port=3
[FLOW_MOD] t=16809.061112553 dpid=s6 action=delete-strict src=00:00:00:00:00:04 dst=00:00:00:00:00:02 in_port=2 out_port=4
[FLOW_MOD] t=16809.061337447 dpid=s6 action=add src=00:00:00:00:00:04 dst=00:00:00:00:00:02 in_port=2 out_port=4
[FLOW_MOD] t=16809.061671571 dpid=s2 action=delete-strict src=00:00:00:00:00:04 dst=00:00:00:00:00:02 in_port=1 out_port=3
[FLOW_MOD] t=16809.061937066 dpid=s2 action=add src=00:00:00:00:00:04 dst=00:00:00:00:00:02 in_port=1 out_port=3
[FLOW_MOD] t=16809.062238920 dpid=s1 action=delete-strict src=00:00:00:00:00:04 dst=00:00:00:00:00:02 in_port=3 out_port=1
[FLOW_MOD] t=16809.062509075 dpid=s1 action=add src=00:00:00:00:00:04 dst=00:00:00:00:00:02 in_port=3 out_port=1
[FLOW_MOD] t=16809.062810610 dpid=s4 action=delete-strict src=00:00:00:00:00:04 dst=00:00:00:00:00:02 in_port=4 out_port=2
[FLOW_MOD] t=16809.063074398 dpid=s4 action=add src=00:00:00:00:00:04 dst=00:00:00:00:00:02 in_port=4 out_port=2
[FLOW_MOD] t=16809.063401270 dpid=s17 action=delete-strict src=00:00:00:00:00:04 dst=00:00:00:00:00:02 in_port=3 out_port=1
[FLOW_MOD] t=16809.063662601 dpid=s17 action=add src=00:00:00:00:00:04 dst=00:00:00:00:00:02 in_port=3 out_port=1
[SPF-DONE] BF s18->s16 reachable=11/11
[PATH-COMPUTED] s18->s16: 5 hop(s) path=s18 -> s6 -> s2 -> s1 -> s4 -> s16
[FLOW-INSTALL] 00:00:00:00:00:03 → 00:00:00:00:00:01: s18 -> s6 -> s2 -> s1 -> s4 -> s16
[FLOW_MOD] t=16809.067727215 dpid=s18 action=delete-strict src=00:00:00:00:00:03 dst=00:00:00:00:00:01 in_port=1 out_port=3
[FLOW_MOD] t=16809.068064692 dpid=s18 action=add src=00:00:00:00:00:03 dst=00:00:00:00:00:01 in_port=1 out_port=3
[FLOW_MOD] t=16809.068452711 dpid=s6 action=delete-strict src=00:00:00:00:00:03 dst=00:00:00:00:00:01 in_port=1 out_port=4
[FLOW_MOD] t=16809.068719192 dpid=s6 action=add src=00:00:00:00:00:03 dst=00:00:00:00:00:01 in_port=1 out_port=4
[FLOW_MOD] t=16809.069061577 dpid=s2 action=delete-strict src=00:00:00:00:00:03 dst=00:00:00:00:00:01 in_port=1 out_port=3
[FLOW_MOD] t=16809.069318110 dpid=s2 action=add src=00:00:00:00:00:03 dst=00:00:00:00:00:01 in_port=1 out_port=3
[FLOW_MOD] t=16809.069671449 dpid=s1 action=delete-strict src=00:00:00:00:00:03 dst=00:00:00:00:00:01 in_port=3 out_port=1
[FLOW_MOD] t=16809.069953822 dpid=s1 action=add src=00:00:00:00:00:03 dst=00:00:00:00:00:01 in_port=3 out_port=1
[FLOW_MOD] t=16809.070264604 dpid=s4 action=delete-strict src=00:00:00:00:00:03 dst=00:00:00:00:00:01 in_port=4 out_port=1
[FLOW_MOD] t=16809.070548730 dpid=s4 action=add src=00:00:00:00:00:03 dst=00:00:00:00:00:01 in_port=4 out_port=1
[FLOW_MOD] t=16809.070863314 dpid=s16 action=delete-strict src=00:00:00:00:00:03 dst=00:00:00:00:00:01 in_port=3 out_port=1
[FLOW_MOD] t=16809.071121929 dpid=s16 action=add src=00:00:00:00:00:03 dst=00:00:00:00:00:01 in_port=3 out_port=1
[FLOW_MOD] t=16809.071463251 dpid=s16 action=delete-strict src=00:00:00:00:00:01 dst=00:00:00:00:00:03 in_port=1 out_port=3
[FLOW_MOD] t=16809.071718549 dpid=s16 action=add src=00:00:00:00:00:01 dst=00:00:00:00:00:03 in_port=1 out_port=3
[FLOW_MOD] t=16809.072099574 dpid=s4 action=delete-strict src=00:00:00:00:00:01 dst=00:00:00:00:00:03 in_port=1 out_port=4
[FLOW_MOD] t=16809.072399582 dpid=s4 action=add src=00:00:00:00:00:01 dst=00:00:00:00:00:03 in_port=1 out_port=4
[FLOW_MOD] t=16809.072748542 dpid=s1 action=delete-strict src=00:00:00:00:00:01 dst=00:00:00:00:00:03 in_port=1 out_port=3
[FLOW_MOD] t=16809.073031683 dpid=s1 action=add src=00:00:00:00:00:01 dst=00:00:00:00:00:03 in_port=1 out_port=3
[FLOW_MOD] t=16809.073487853 dpid=s2 action=delete-strict src=00:00:00:00:00:01 dst=00:00:00:00:00:03 in_port=3 out_port=1
[FLOW_MOD] t=16809.073778712 dpid=s2 action=add src=00:00:00:00:00:01 dst=00:00:00:00:00:03 in_port=3 out_port=1
[FLOW_MOD] t=16809.074133886 dpid=s6 action=delete-strict src=00:00:00:00:00:01 dst=00:00:00:00:00:03 in_port=4 out_port=1
[FLOW_MOD] t=16809.074440819 dpid=s6 action=add src=00:00:00:00:00:01 dst=00:00:00:00:00:03 in_port=4 out_port=1
[FLOW_MOD] t=16809.074813723 dpid=s18 action=delete-strict src=00:00:00:00:00:01 dst=00:00:00:00:00:03 in_port=3 out_port=1
[FLOW_MOD] t=16809.075086988 dpid=s18 action=add src=00:00:00:00:00:01 dst=00:00:00:00:00:03 in_port=3 out_port=1
[SPF-DONE] BF s18->s17 reachable=11/11
[PATH-COMPUTED] s18->s17: 5 hop(s) path=s18 -> s6 -> s2 -> s1 -> s4 -> s17
[FLOW-INSTALL] 00:00:00:00:00:03 → 00:00:00:00:00:02: s18 -> s6 -> s2 -> s1 -> s4 -> s17
[FLOW_MOD] t=16809.078935293 dpid=s18 action=delete-strict src=00:00:00:00:00:03 dst=00:00:00:00:00:02 in_port=1 out_port=3
[FLOW_MOD] t=16809.079264692 dpid=s18 action=add src=00:00:00:00:00:03 dst=00:00:00:00:00:02 in_port=1 out_port=3
[FLOW_MOD] t=16809.079756942 dpid=s6 action=delete-strict src=00:00:00:00:00:03 dst=00:00:00:00:00:02 in_port=1 out_port=4
[FLOW_MOD] t=16809.080102051 dpid=s6 action=add src=00:00:00:00:00:03 dst=00:00:00:00:00:02 in_port=1 out_port=4
[FLOW_MOD] t=16809.080497061 dpid=s2 action=delete-strict src=00:00:00:00:00:03 dst=00:00:00:00:00:02 in_port=1 out_port=3
[FLOW_MOD] t=16809.080780641 dpid=s2 action=add src=00:00:00:00:00:03 dst=00:00:00:00:00:02 in_port=1 out_port=3
[FLOW_MOD] t=16809.081211786 dpid=s1 action=delete-strict src=00:00:00:00:00:03 dst=00:00:00:00:00:02 in_port=3 out_port=1
[FLOW_MOD] t=16809.081513831 dpid=s1 action=add src=00:00:00:00:00:03 dst=00:00:00:00:00:02 in_port=3 out_port=1
[FLOW_MOD] t=16809.081891389 dpid=s4 action=delete-strict src=00:00:00:00:00:03 dst=00:00:00:00:00:02 in_port=4 out_port=2
[FLOW_MOD] t=16809.082167394 dpid=s4 action=add src=00:00:00:00:00:03 dst=00:00:00:00:00:02 in_port=4 out_port=2
[FLOW_MOD] t=16809.082542790 dpid=s17 action=delete-strict src=00:00:00:00:00:03 dst=00:00:00:00:00:02 in_port=3 out_port=1
[FLOW_MOD] t=16809.082840689 dpid=s17 action=add src=00:00:00:00:00:03 dst=00:00:00:00:00:02 in_port=3 out_port=1
[FLOW_MOD] t=16809.083261022 dpid=s17 action=delete-strict src=00:00:00:00:00:02 dst=00:00:00:00:00:03 in_port=1 out_port=3
[FLOW_MOD] t=16809.083579494 dpid=s17 action=add src=00:00:00:00:00:02 dst=00:00:00:00:00:03 in_port=1 out_port=3
[FLOW_MOD] t=16809.083937277 dpid=s4 action=delete-strict src=00:00:00:00:00:02 dst=00:00:00:00:00:03 in_port=2 out_port=4
[FLOW_MOD] t=16809.085475902 dpid=s4 action=add src=00:00:00:00:00:02 dst=00:00:00:00:00:03 in_port=2 out_port=4
[FLOW_MOD] t=16809.086142766 dpid=s1 action=delete-strict src=00:00:00:00:00:02 dst=00:00:00:00:00:03 in_port=1 out_port=3
[FLOW_MOD] t=16809.086491796 dpid=s1 action=add src=00:00:00:00:00:02 dst=00:00:00:00:00:03 in_port=1 out_port=3
[FLOW_MOD] t=16809.086941721 dpid=s2 action=delete-strict src=00:00:00:00:00:02 dst=00:00:00:00:00:03 in_port=3 out_port=1
[FLOW_MOD] t=16809.087243152 dpid=s2 action=add src=00:00:00:00:00:02 dst=00:00:00:00:00:03 in_port=3 out_port=1
[FLOW_MOD] t=16809.087676084 dpid=s6 action=delete-strict src=00:00:00:00:00:02 dst=00:00:00:00:00:03 in_port=4 out_port=1
[FLOW_MOD] t=16809.088072535 dpid=s6 action=add src=00:00:00:00:00:02 dst=00:00:00:00:00:03 in_port=4 out_port=1
[FLOW_MOD] t=16809.088539619 dpid=s18 action=delete-strict src=00:00:00:00:00:02 dst=00:00:00:00:00:03 in_port=3 out_port=1
[FLOW_MOD] t=16809.088888221 dpid=s18 action=add src=00:00:00:00:00:02 dst=00:00:00:00:00:03 in_port=3 out_port=1
[SPF-DONE] BF s18->s19 reachable=11/11
[PATH-COMPUTED] s18->s19: 2 hop(s) path=s18 -> s6 -> s19
[FLOW-INSTALL] 00:00:00:00:00:03 → 00:00:00:00:00:04: s18 -> s6 -> s19
[FLOW_MOD] t=16809.092853494 dpid=s18 action=delete-strict src=00:00:00:00:00:03 dst=00:00:00:00:00:04 in_port=1 out_port=3
[FLOW_MOD] t=16809.093124064 dpid=s18 action=add src=00:00:00:00:00:03 dst=00:00:00:00:00:04 in_port=1 out_port=3
[FLOW_MOD] t=16809.093497264 dpid=s6 action=delete-strict src=00:00:00:00:00:03 dst=00:00:00:00:00:04 in_port=1 out_port=2
[FLOW_MOD] t=16809.093768732 dpid=s6 action=add src=00:00:00:00:00:03 dst=00:00:00:00:00:04 in_port=1 out_port=2
[FLOW_MOD] t=16809.094089862 dpid=s19 action=delete-strict src=00:00:00:00:00:03 dst=00:00:00:00:00:04 in_port=3 out_port=1
[FLOW_MOD] t=16809.094385176 dpid=s19 action=add src=00:00:00:00:00:03 dst=00:00:00:00:00:04 in_port=3 out_port=1
[FLOW_MOD] t=16809.094711476 dpid=s19 action=delete-strict src=00:00:00:00:00:04 dst=00:00:00:00:00:03 in_port=1 out_port=3
[FLOW_MOD] t=16809.095007876 dpid=s19 action=add src=00:00:00:00:00:04 dst=00:00:00:00:00:03 in_port=1 out_port=3
[FLOW_MOD] t=16809.095371303 dpid=s6 action=delete-strict src=00:00:00:00:00:04 dst=00:00:00:00:00:03 in_port=2 out_port=1
[FLOW_MOD] t=16809.095686779 dpid=s6 action=add src=00:00:00:00:00:04 dst=00:00:00:00:00:03 in_port=2 out_port=1
[FLOW_MOD] t=16809.096116365 dpid=s18 action=delete-strict src=00:00:00:00:00:04 dst=00:00:00:00:00:03 in_port=3 out_port=1
[FLOW_MOD] t=16809.096365377 dpid=s18 action=add src=00:00:00:00:00:04 dst=00:00:00:00:00:03 in_port=3 out_port=1
[SPF-DONE] BF s19->s16 reachable=11/11
[PATH-COMPUTED] s19->s16: 5 hop(s) path=s19 -> s6 -> s2 -> s1 -> s4 -> s16
[FLOW-INSTALL] 00:00:00:00:00:04 → 00:00:00:00:00:01: s19 -> s6 -> s2 -> s1 -> s4 -> s16
[FLOW_MOD] t=16809.099799806 dpid=s19 action=delete-strict src=00:00:00:00:00:04 dst=00:00:00:00:00:01 in_port=1 out_port=3
[FLOW_MOD] t=16809.100138215 dpid=s19 action=add src=00:00:00:00:00:04 dst=00:00:00:00:00:01 in_port=1 out_port=3
[FLOW_MOD] t=16809.100543511 dpid=s6 action=delete-strict src=00:00:00:00:00:04 dst=00:00:00:00:00:01 in_port=2 out_port=4
[FLOW_MOD] t=16809.100823322 dpid=s6 action=add src=00:00:00:00:00:04 dst=00:00:00:00:00:01 in_port=2 out_port=4
[FLOW_MOD] t=16809.101177739 dpid=s2 action=delete-strict src=00:00:00:00:00:04 dst=00:00:00:00:00:01 in_port=1 out_port=3
[FLOW_MOD] t=16809.101411314 dpid=s2 action=add src=00:00:00:00:00:04 dst=00:00:00:00:00:01 in_port=1 out_port=3
[FLOW_MOD] t=16809.101758888 dpid=s1 action=delete-strict src=00:00:00:00:00:04 dst=00:00:00:00:00:01 in_port=3 out_port=1
[FLOW_MOD] t=16809.101993530 dpid=s1 action=add src=00:00:00:00:00:04 dst=00:00:00:00:00:01 in_port=3 out_port=1
[FLOW_MOD] t=16809.102313964 dpid=s4 action=delete-strict src=00:00:00:00:00:04 dst=00:00:00:00:00:01 in_port=4 out_port=1
[FLOW_MOD] t=16809.102559577 dpid=s4 action=add src=00:00:00:00:00:04 dst=00:00:00:00:00:01 in_port=4 out_port=1
[FLOW_MOD] t=16809.102902693 dpid=s16 action=delete-strict src=00:00:00:00:00:04 dst=00:00:00:00:00:01 in_port=3 out_port=1
[FLOW_MOD] t=16809.103240076 dpid=s16 action=add src=00:00:00:00:00:04 dst=00:00:00:00:00:01 in_port=3 out_port=1
[FLOW_MOD] t=16809.103598297 dpid=s16 action=delete-strict src=00:00:00:00:00:01 dst=00:00:00:00:00:04 in_port=1 out_port=3
[FLOW_MOD] t=16809.103911757 dpid=s16 action=add src=00:00:00:00:00:01 dst=00:00:00:00:00:04 in_port=1 out_port=3
[FLOW_MOD] t=16809.104290496 dpid=s4 action=delete-strict src=00:00:00:00:00:01 dst=00:00:00:00:00:04 in_port=1 out_port=4
[FLOW_MOD] t=16809.104539397 dpid=s4 action=add src=00:00:00:00:00:01 dst=00:00:00:00:00:04 in_port=1 out_port=4
[FLOW_MOD] t=16809.104884304 dpid=s1 action=delete-strict src=00:00:00:00:00:01 dst=00:00:00:00:00:04 in_port=1 out_port=3
[FLOW_MOD] t=16809.105296663 dpid=s1 action=add src=00:00:00:00:00:01 dst=00:00:00:00:00:04 in_port=1 out_port=3
[FLOW_MOD] t=16809.105638041 dpid=s2 action=delete-strict src=00:00:00:00:00:01 dst=00:00:00:00:00:04 in_port=3 out_port=1
[FLOW_MOD] t=16809.105877114 dpid=s2 action=add src=00:00:00:00:00:01 dst=00:00:00:00:00:04 in_port=3 out_port=1
[FLOW_MOD] t=16809.106213382 dpid=s6 action=delete-strict src=00:00:00:00:00:01 dst=00:00:00:00:00:04 in_port=4 out_port=2
[FLOW_MOD] t=16809.106495600 dpid=s6 action=add src=00:00:00:00:00:01 dst=00:00:00:00:00:04 in_port=4 out_port=2
[FLOW_MOD] t=16809.106860291 dpid=s19 action=delete-strict src=00:00:00:00:00:01 dst=00:00:00:00:00:04 in_port=3 out_port=1
[FLOW_MOD] t=16809.107115775 dpid=s19 action=add src=00:00:00:00:00:01 dst=00:00:00:00:00:04 in_port=3 out_port=1
[SPF-DONE] BF s19->s17 reachable=11/11
[PATH-COMPUTED] s19->s17: 5 hop(s) path=s19 -> s6 -> s2 -> s1 -> s4 -> s17
[FLOW-INSTALL] 00:00:00:00:00:04 → 00:00:00:00:00:02: s19 -> s6 -> s2 -> s1 -> s4 -> s17
[FLOW_MOD] t=16809.110622471 dpid=s19 action=delete-strict src=00:00:00:00:00:04 dst=00:00:00:00:00:02 in_port=1 out_port=3
[FLOW_MOD] t=16809.110938756 dpid=s19 action=add src=00:00:00:00:00:04 dst=00:00:00:00:00:02 in_port=1 out_port=3
[FLOW_MOD] t=16809.111335343 dpid=s6 action=delete-strict src=00:00:00:00:00:04 dst=00:00:00:00:00:02 in_port=2 out_port=4
[FLOW_MOD] t=16809.111641255 dpid=s6 action=add src=00:00:00:00:00:04 dst=00:00:00:00:00:02 in_port=2 out_port=4
[FLOW_MOD] t=16809.111986746 dpid=s2 action=delete-strict src=00:00:00:00:00:04 dst=00:00:00:00:00:02 in_port=1 out_port=3
[FLOW_MOD] t=16809.112290624 dpid=s2 action=add src=00:00:00:00:00:04 dst=00:00:00:00:00:02 in_port=1 out_port=3
[FLOW_MOD] t=16809.112587121 dpid=s1 action=delete-strict src=00:00:00:00:00:04 dst=00:00:00:00:00:02 in_port=3 out_port=1
[FLOW_MOD] t=16809.112839637 dpid=s1 action=add src=00:00:00:00:00:04 dst=00:00:00:00:00:02 in_port=3 out_port=1
[FLOW_MOD] t=16809.113156360 dpid=s4 action=delete-strict src=00:00:00:00:00:04 dst=00:00:00:00:00:02 in_port=4 out_port=2
[FLOW_MOD] t=16809.113399643 dpid=s4 action=add src=00:00:00:00:00:04 dst=00:00:00:00:00:02 in_port=4 out_port=2
[FLOW_MOD] t=16809.113698603 dpid=s17 action=delete-strict src=00:00:00:00:00:04 dst=00:00:00:00:00:02 in_port=3 out_port=1
[FLOW_MOD] t=16809.113969567 dpid=s17 action=add src=00:00:00:00:00:04 dst=00:00:00:00:00:02 in_port=3 out_port=1
[FLOW_MOD] t=16809.114323347 dpid=s17 action=delete-strict src=00:00:00:00:00:02 dst=00:00:00:00:00:04 in_port=1 out_port=3
[FLOW_MOD] t=16809.114616365 dpid=s17 action=add src=00:00:00:00:00:02 dst=00:00:00:00:00:04 in_port=1 out_port=3
[FLOW_MOD] t=16809.114917141 dpid=s4 action=delete-strict src=00:00:00:00:00:02 dst=00:00:00:00:00:04 in_port=2 out_port=4
[FLOW_MOD] t=16809.115121285 dpid=s4 action=add src=00:00:00:00:00:02 dst=00:00:00:00:00:04 in_port=2 out_port=4
[FLOW_MOD] t=16809.115381764 dpid=s1 action=delete-strict src=00:00:00:00:00:02 dst=00:00:00:00:00:04 in_port=1 out_port=3
[FLOW_MOD] t=16809.115605796 dpid=s1 action=add src=00:00:00:00:00:02 dst=00:00:00:00:00:04 in_port=1 out_port=3
[FLOW_MOD] t=16809.115936031 dpid=s2 action=delete-strict src=00:00:00:00:00:02 dst=00:00:00:00:00:04 in_port=3 out_port=1
[FLOW_MOD] t=16809.116273792 dpid=s2 action=add src=00:00:00:00:00:02 dst=00:00:00:00:00:04 in_port=3 out_port=1
[FLOW_MOD] t=16809.116608648 dpid=s6 action=delete-strict src=00:00:00:00:00:02 dst=00:00:00:00:00:04 in_port=4 out_port=2
[FLOW_MOD] t=16809.116898406 dpid=s6 action=add src=00:00:00:00:00:02 dst=00:00:00:00:00:04 in_port=4 out_port=2
[FLOW_MOD] t=16809.117252283 dpid=s19 action=delete-strict src=00:00:00:00:00:02 dst=00:00:00:00:00:04 in_port=3 out_port=1
[FLOW_MOD] t=16809.117488864 dpid=s19 action=add src=00:00:00:00:00:02 dst=00:00:00:00:00:04 in_port=3 out_port=1
[SPF-DONE] BF s19->s18 reachable=11/11
[PATH-COMPUTED] s19->s18: 2 hop(s) path=s19 -> s6 -> s18
[FLOW-INSTALL] 00:00:00:00:00:04 → 00:00:00:00:00:03: s19 -> s6 -> s18
[FLOW_MOD] t=16809.120835034 dpid=s19 action=delete-strict src=00:00:00:00:00:04 dst=00:00:00:00:00:03 in_port=1 out_port=3
[FLOW_MOD] t=16809.121080367 dpid=s19 action=add src=00:00:00:00:00:04 dst=00:00:00:00:00:03 in_port=1 out_port=3
[FLOW_MOD] t=16809.121401180 dpid=s6 action=delete-strict src=00:00:00:00:00:04 dst=00:00:00:00:00:03 in_port=2 out_port=1
[FLOW_MOD] t=16809.121799333 dpid=s6 action=add src=00:00:00:00:00:04 dst=00:00:00:00:00:03 in_port=2 out_port=1
[FLOW_MOD] t=16809.122155728 dpid=s18 action=delete-strict src=00:00:00:00:00:04 dst=00:00:00:00:00:03 in_port=3 out_port=1
[FLOW_MOD] t=16809.122420595 dpid=s18 action=add src=00:00:00:00:00:04 dst=00:00:00:00:00:03 in_port=3 out_port=1
[FLOW_MOD] t=16809.122725797 dpid=s18 action=delete-strict src=00:00:00:00:00:03 dst=00:00:00:00:00:04 in_port=1 out_port=3
[FLOW_MOD] t=16809.122993546 dpid=s18 action=add src=00:00:00:00:00:03 dst=00:00:00:00:00:04 in_port=1 out_port=3
[FLOW_MOD] t=16809.123320688 dpid=s6 action=delete-strict src=00:00:00:00:00:03 dst=00:00:00:00:00:04 in_port=1 out_port=2
[FLOW_MOD] t=16809.124876557 dpid=s6 action=add src=00:00:00:00:00:03 dst=00:00:00:00:00:04 in_port=1 out_port=2
[FLOW_MOD] t=16809.125265545 dpid=s19 action=delete-strict src=00:00:00:00:00:03 dst=00:00:00:00:00:04 in_port=3 out_port=1
[FLOW_MOD] t=16809.125599021 dpid=s19 action=add src=00:00:00:00:00:03 dst=00:00:00:00:00:04 in_port=3 out_port=1
[TOPO] route refresh: installed=12 skipped=0 unreachable=0 hosts=4
[PORT_STATUS] t=16819.224866004 s1 port=3 reason=modify
[TOPO-CHANGE] (port-status:modify) switches=11 links=32  delta +0 -2
[TOPO-DOWN] [(1, 2), (2, 1)]
[TOPO-REFRESH] flushing 12 flows, rebuilding routes
[TREE-DONE] root=s1 tree_edges=11 reachable=11/11
[SPF-DONE] BF s16->s17 reachable=11/11
[PATH-COMPUTED] s16->s17: 2 hop(s) path=s16 -> s4 -> s17
[FLOW-INSTALL] 00:00:00:00:00:01 → 00:00:00:00:00:02: s16 -> s4 -> s17
[FLOW_MOD] t=16819.229866176 dpid=s16 action=delete-strict src=00:00:00:00:00:01 dst=00:00:00:00:00:02 in_port=1 out_port=3
[FLOW_MOD] t=16819.230105586 dpid=s16 action=add src=00:00:00:00:00:01 dst=00:00:00:00:00:02 in_port=1 out_port=3
[FLOW_MOD] t=16819.230441443 dpid=s4 action=delete-strict src=00:00:00:00:00:01 dst=00:00:00:00:00:02 in_port=1 out_port=2
[FLOW_MOD] t=16819.230676668 dpid=s4 action=add src=00:00:00:00:00:01 dst=00:00:00:00:00:02 in_port=1 out_port=2
[FLOW_MOD] t=16819.230986150 dpid=s17 action=delete-strict src=00:00:00:00:00:01 dst=00:00:00:00:00:02 in_port=3 out_port=1
[FLOW_MOD] t=16819.231245159 dpid=s17 action=add src=00:00:00:00:00:01 dst=00:00:00:00:00:02 in_port=3 out_port=1
[FLOW_MOD] t=16819.231559980 dpid=s17 action=delete-strict src=00:00:00:00:00:02 dst=00:00:00:00:00:01 in_port=1 out_port=3
[FLOW_MOD] t=16819.231814744 dpid=s17 action=add src=00:00:00:00:00:02 dst=00:00:00:00:00:01 in_port=1 out_port=3
[FLOW_MOD] t=16819.232199213 dpid=s4 action=delete-strict src=00:00:00:00:00:02 dst=00:00:00:00:00:01 in_port=2 out_port=1
[FLOW_MOD] t=16819.232461242 dpid=s4 action=add src=00:00:00:00:00:02 dst=00:00:00:00:00:01 in_port=2 out_port=1
[FLOW_MOD] t=16819.232805313 dpid=s16 action=delete-strict src=00:00:00:00:00:02 dst=00:00:00:00:00:01 in_port=3 out_port=1
[FLOW_MOD] t=16819.233088180 dpid=s16 action=add src=00:00:00:00:00:02 dst=00:00:00:00:00:01 in_port=3 out_port=1
[SPF-DONE] BF s16->s18 reachable=11/11
[PATH-COMPUTED] s16->s18: 6 hop(s) path=s16 -> s4 -> s1 -> s3 -> s2 -> s6 -> s18
[FLOW-INSTALL] 00:00:00:00:00:01 → 00:00:00:00:00:03: s16 -> s4 -> s1 -> s3 -> s2 -> s6 -> s18
[FLOW_MOD] t=16819.237708753 dpid=s16 action=delete-strict src=00:00:00:00:00:01 dst=00:00:00:00:00:03 in_port=1 out_port=3
[FLOW_MOD] t=16819.238018751 dpid=s16 action=add src=00:00:00:00:00:01 dst=00:00:00:00:00:03 in_port=1 out_port=3
[FLOW_MOD] t=16819.238383067 dpid=s4 action=delete-strict src=00:00:00:00:00:01 dst=00:00:00:00:00:03 in_port=1 out_port=4
[FLOW_MOD] t=16819.238652102 dpid=s4 action=add src=00:00:00:00:00:01 dst=00:00:00:00:00:03 in_port=1 out_port=4
[FLOW_MOD] t=16819.238972126 dpid=s1 action=delete-strict src=00:00:00:00:00:01 dst=00:00:00:00:00:03 in_port=1 out_port=4
[FLOW_MOD] t=16819.239221317 dpid=s1 action=add src=00:00:00:00:00:01 dst=00:00:00:00:00:03 in_port=1 out_port=4
[FLOW_MOD] t=16819.239604742 dpid=s3 action=delete-strict src=00:00:00:00:00:01 dst=00:00:00:00:00:03 in_port=4 out_port=3
[FLOW_MOD] t=16819.239883805 dpid=s3 action=add src=00:00:00:00:00:01 dst=00:00:00:00:00:03 in_port=4 out_port=3
[FLOW_MOD] t=16819.240210693 dpid=s2 action=delete-strict src=00:00:00:00:00:01 dst=00:00:00:00:00:03 in_port=4 out_port=1
[FLOW_MOD] t=16819.240463051 dpid=s2 action=add src=00:00:00:00:00:01 dst=00:00:00:00:00:03 in_port=4 out_port=1
[FLOW_MOD] t=16819.240772573 dpid=s6 action=delete-strict src=00:00:00:00:00:01 dst=00:00:00:00:00:03 in_port=4 out_port=1
[FLOW_MOD] t=16819.241021058 dpid=s6 action=add src=00:00:00:00:00:01 dst=00:00:00:00:00:03 in_port=4 out_port=1
[FLOW_MOD] t=16819.241328783 dpid=s18 action=delete-strict src=00:00:00:00:00:01 dst=00:00:00:00:00:03 in_port=3 out_port=1
[FLOW_MOD] t=16819.241578332 dpid=s18 action=add src=00:00:00:00:00:01 dst=00:00:00:00:00:03 in_port=3 out_port=1
[FLOW_MOD] t=16819.241976931 dpid=s18 action=delete-strict src=00:00:00:00:00:03 dst=00:00:00:00:00:01 in_port=1 out_port=3
[FLOW_MOD] t=16819.242264754 dpid=s18 action=add src=00:00:00:00:00:03 dst=00:00:00:00:00:01 in_port=1 out_port=3
[FLOW_MOD] t=16819.242566881 dpid=s6 action=delete-strict src=00:00:00:00:00:03 dst=00:00:00:00:00:01 in_port=1 out_port=4
[FLOW_MOD] t=16819.242810246 dpid=s6 action=add src=00:00:00:00:00:03 dst=00:00:00:00:00:01 in_port=1 out_port=4
[FLOW_MOD] t=16819.243135629 dpid=s2 action=delete-strict src=00:00:00:00:00:03 dst=00:00:00:00:00:01 in_port=1 out_port=4
[FLOW_MOD] t=16819.243391650 dpid=s2 action=add src=00:00:00:00:00:03 dst=00:00:00:00:00:01 in_port=1 out_port=4
[FLOW_MOD] t=16819.243757536 dpid=s3 action=delete-strict src=00:00:00:00:00:03 dst=00:00:00:00:00:01 in_port=3 out_port=4
[FLOW_MOD] t=16819.244068234 dpid=s3 action=add src=00:00:00:00:00:03 dst=00:00:00:00:00:01 in_port=3 out_port=4
[FLOW_MOD] t=16819.244403881 dpid=s1 action=delete-strict src=00:00:00:00:00:03 dst=00:00:00:00:00:01 in_port=4 out_port=1
[FLOW_MOD] t=16819.244649140 dpid=s1 action=add src=00:00:00:00:00:03 dst=00:00:00:00:00:01 in_port=4 out_port=1
[FLOW_MOD] t=16819.244951574 dpid=s4 action=delete-strict src=00:00:00:00:00:03 dst=00:00:00:00:00:01 in_port=4 out_port=1
[FLOW_MOD] t=16819.245210518 dpid=s4 action=add src=00:00:00:00:00:03 dst=00:00:00:00:00:01 in_port=4 out_port=1
[FLOW_MOD] t=16819.245565785 dpid=s16 action=delete-strict src=00:00:00:00:00:03 dst=00:00:00:00:00:01 in_port=3 out_port=1
[FLOW_MOD] t=16819.245826541 dpid=s16 action=add src=00:00:00:00:00:03 dst=00:00:00:00:00:01 in_port=3 out_port=1
[SPF-DONE] BF s16->s19 reachable=11/11
[PATH-COMPUTED] s16->s19: 6 hop(s) path=s16 -> s4 -> s1 -> s3 -> s2 -> s6 -> s19
[FLOW-INSTALL] 00:00:00:00:00:01 → 00:00:00:00:00:04: s16 -> s4 -> s1 -> s3 -> s2 -> s6 -> s19
[FLOW_MOD] t=16819.249125000 dpid=s16 action=delete-strict src=00:00:00:00:00:01 dst=00:00:00:00:00:04 in_port=1 out_port=3
[FLOW_MOD] t=16819.249419782 dpid=s16 action=add src=00:00:00:00:00:01 dst=00:00:00:00:00:04 in_port=1 out_port=3
[FLOW_MOD] t=16819.249776591 dpid=s4 action=delete-strict src=00:00:00:00:00:01 dst=00:00:00:00:00:04 in_port=1 out_port=4
[FLOW_MOD] t=16819.250028184 dpid=s4 action=add src=00:00:00:00:00:01 dst=00:00:00:00:00:04 in_port=1 out_port=4
[FLOW_MOD] t=16819.250368576 dpid=s1 action=delete-strict src=00:00:00:00:00:01 dst=00:00:00:00:00:04 in_port=1 out_port=4
[FLOW_MOD] t=16819.250611424 dpid=s1 action=add src=00:00:00:00:00:01 dst=00:00:00:00:00:04 in_port=1 out_port=4
[FLOW_MOD] t=16819.250927229 dpid=s3 action=delete-strict src=00:00:00:00:00:01 dst=00:00:00:00:00:04 in_port=4 out_port=3
[FLOW_MOD] t=16819.251177612 dpid=s3 action=add src=00:00:00:00:00:01 dst=00:00:00:00:00:04 in_port=4 out_port=3
[FLOW_MOD] t=16819.251538364 dpid=s2 action=delete-strict src=00:00:00:00:00:01 dst=00:00:00:00:00:04 in_port=4 out_port=1
[FLOW_MOD] t=16819.251767634 dpid=s2 action=add src=00:00:00:00:00:01 dst=00:00:00:00:00:04 in_port=4 out_port=1
[FLOW_MOD] t=16819.252185761 dpid=s6 action=delete-strict src=00:00:00:00:00:01 dst=00:00:00:00:00:04 in_port=4 out_port=2
[FLOW_MOD] t=16819.252470618 dpid=s6 action=add src=00:00:00:00:00:01 dst=00:00:00:00:00:04 in_port=4 out_port=2
[FLOW_MOD] t=16819.252801535 dpid=s19 action=delete-strict src=00:00:00:00:00:01 dst=00:00:00:00:00:04 in_port=3 out_port=1
[FLOW_MOD] t=16819.253087775 dpid=s19 action=add src=00:00:00:00:00:01 dst=00:00:00:00:00:04 in_port=3 out_port=1
[FLOW_MOD] t=16819.253386745 dpid=s19 action=delete-strict src=00:00:00:00:00:04 dst=00:00:00:00:00:01 in_port=1 out_port=3
[FLOW_MOD] t=16819.253617564 dpid=s19 action=add src=00:00:00:00:00:04 dst=00:00:00:00:00:01 in_port=1 out_port=3
[FLOW_MOD] t=16819.253961132 dpid=s6 action=delete-strict src=00:00:00:00:00:04 dst=00:00:00:00:00:01 in_port=2 out_port=4
[FLOW_MOD] t=16819.254215009 dpid=s6 action=add src=00:00:00:00:00:04 dst=00:00:00:00:00:01 in_port=2 out_port=4
[FLOW_MOD] t=16819.254526871 dpid=s2 action=delete-strict src=00:00:00:00:00:04 dst=00:00:00:00:00:01 in_port=1 out_port=4
[FLOW_MOD] t=16819.254761195 dpid=s2 action=add src=00:00:00:00:00:04 dst=00:00:00:00:00:01 in_port=1 out_port=4
[FLOW_MOD] t=16819.255123205 dpid=s3 action=delete-strict src=00:00:00:00:00:04 dst=00:00:00:00:00:01 in_port=3 out_port=4
[FLOW_MOD] t=16819.255433332 dpid=s3 action=add src=00:00:00:00:00:04 dst=00:00:00:00:00:01 in_port=3 out_port=4
[FLOW_MOD] t=16819.255810526 dpid=s1 action=delete-strict src=00:00:00:00:00:04 dst=00:00:00:00:00:01 in_port=4 out_port=1
[FLOW_MOD] t=16819.256155452 dpid=s1 action=add src=00:00:00:00:00:04 dst=00:00:00:00:00:01 in_port=4 out_port=1
[FLOW_MOD] t=16819.256512876 dpid=s4 action=delete-strict src=00:00:00:00:00:04 dst=00:00:00:00:00:01 in_port=4 out_port=1
[FLOW_MOD] t=16819.256749640 dpid=s4 action=add src=00:00:00:00:00:04 dst=00:00:00:00:00:01 in_port=4 out_port=1
[FLOW_MOD] t=16819.257134801 dpid=s16 action=delete-strict src=00:00:00:00:00:04 dst=00:00:00:00:00:01 in_port=3 out_port=1
[FLOW_MOD] t=16819.257401315 dpid=s16 action=add src=00:00:00:00:00:04 dst=00:00:00:00:00:01 in_port=3 out_port=1
[SPF-DONE] BF s17->s16 reachable=11/11
[PATH-COMPUTED] s17->s16: 2 hop(s) path=s17 -> s4 -> s16
[FLOW-INSTALL] 00:00:00:00:00:02 → 00:00:00:00:00:01: s17 -> s4 -> s16
[FLOW_MOD] t=16819.261152766 dpid=s17 action=delete-strict src=00:00:00:00:00:02 dst=00:00:00:00:00:01 in_port=1 out_port=3
[FLOW_MOD] t=16819.261443637 dpid=s17 action=add src=00:00:00:00:00:02 dst=00:00:00:00:00:01 in_port=1 out_port=3
[FLOW_MOD] t=16819.261782361 dpid=s4 action=delete-strict src=00:00:00:00:00:02 dst=00:00:00:00:00:01 in_port=2 out_port=1
[FLOW_MOD] t=16819.262078344 dpid=s4 action=add src=00:00:00:00:00:02 dst=00:00:00:00:00:01 in_port=2 out_port=1
[FLOW_MOD] t=16819.262477159 dpid=s16 action=delete-strict src=00:00:00:00:00:02 dst=00:00:00:00:00:01 in_port=3 out_port=1
[FLOW_MOD] t=16819.262782294 dpid=s16 action=add src=00:00:00:00:00:02 dst=00:00:00:00:00:01 in_port=3 out_port=1
[FLOW_MOD] t=16819.263186327 dpid=s16 action=delete-strict src=00:00:00:00:00:01 dst=00:00:00:00:00:02 in_port=1 out_port=3
[FLOW_MOD] t=16819.263512493 dpid=s16 action=add src=00:00:00:00:00:01 dst=00:00:00:00:00:02 in_port=1 out_port=3
[FLOW_MOD] t=16819.265521286 dpid=s4 action=delete-strict src=00:00:00:00:00:01 dst=00:00:00:00:00:02 in_port=1 out_port=2
[FLOW_MOD] t=16819.265963617 dpid=s4 action=add src=00:00:00:00:00:01 dst=00:00:00:00:00:02 in_port=1 out_port=2
[FLOW_MOD] t=16819.266326600 dpid=s17 action=delete-strict src=00:00:00:00:00:01 dst=00:00:00:00:00:02 in_port=3 out_port=1
[FLOW_MOD] t=16819.266629878 dpid=s17 action=add src=00:00:00:00:00:01 dst=00:00:00:00:00:02 in_port=3 out_port=1
[SPF-DONE] BF s17->s18 reachable=11/11
[PATH-COMPUTED] s17->s18: 6 hop(s) path=s17 -> s4 -> s1 -> s3 -> s2 -> s6 -> s18
[FLOW-INSTALL] 00:00:00:00:00:02 → 00:00:00:00:00:03: s17 -> s4 -> s1 -> s3 -> s2 -> s6 -> s18
[FLOW_MOD] t=16819.270955614 dpid=s17 action=delete-strict src=00:00:00:00:00:02 dst=00:00:00:00:00:03 in_port=1 out_port=3
[FLOW_MOD] t=16819.271262319 dpid=s17 action=add src=00:00:00:00:00:02 dst=00:00:00:00:00:03 in_port=1 out_port=3
[FLOW_MOD] t=16819.271597617 dpid=s4 action=delete-strict src=00:00:00:00:00:02 dst=00:00:00:00:00:03 in_port=2 out_port=4
[FLOW_MOD] t=16819.271847915 dpid=s4 action=add src=00:00:00:00:00:02 dst=00:00:00:00:00:03 in_port=2 out_port=4
[FLOW_MOD] t=16819.272230687 dpid=s1 action=delete-strict src=00:00:00:00:00:02 dst=00:00:00:00:00:03 in_port=1 out_port=4
[FLOW_MOD] t=16819.272514342 dpid=s1 action=add src=00:00:00:00:00:02 dst=00:00:00:00:00:03 in_port=1 out_port=4
[FLOW_MOD] t=16819.272856758 dpid=s3 action=delete-strict src=00:00:00:00:00:02 dst=00:00:00:00:00:03 in_port=4 out_port=3
[FLOW_MOD] t=16819.273149202 dpid=s3 action=add src=00:00:00:00:00:02 dst=00:00:00:00:00:03 in_port=4 out_port=3
[FLOW_MOD] t=16819.273510496 dpid=s2 action=delete-strict src=00:00:00:00:00:02 dst=00:00:00:00:00:03 in_port=4 out_port=1
[FLOW_MOD] t=16819.273760736 dpid=s2 action=add src=00:00:00:00:00:02 dst=00:00:00:00:00:03 in_port=4 out_port=1
[FLOW_MOD] t=16819.274086794 dpid=s6 action=delete-strict src=00:00:00:00:00:02 dst=00:00:00:00:00:03 in_port=4 out_port=1
[FLOW_MOD] t=16819.274379895 dpid=s6 action=add src=00:00:00:00:00:02 dst=00:00:00:00:00:03 in_port=4 out_port=1
[FLOW_MOD] t=16819.274681165 dpid=s18 action=delete-strict src=00:00:00:00:00:02 dst=00:00:00:00:00:03 in_port=3 out_port=1
[FLOW_MOD] t=16819.274909707 dpid=s18 action=add src=00:00:00:00:00:02 dst=00:00:00:00:00:03 in_port=3 out_port=1
[FLOW_MOD] t=16819.275231179 dpid=s18 action=delete-strict src=00:00:00:00:00:03 dst=00:00:00:00:00:02 in_port=1 out_port=3
[FLOW_MOD] t=16819.275497920 dpid=s18 action=add src=00:00:00:00:00:03 dst=00:00:00:00:00:02 in_port=1 out_port=3
[FLOW_MOD] t=16819.275850362 dpid=s6 action=delete-strict src=00:00:00:00:00:03 dst=00:00:00:00:00:02 in_port=1 out_port=4
[FLOW_MOD] t=16819.276153049 dpid=s6 action=add src=00:00:00:00:00:03 dst=00:00:00:00:00:02 in_port=1 out_port=4
[FLOW_MOD] t=16819.276610920 dpid=s2 action=delete-strict src=00:00:00:00:00:03 dst=00:00:00:00:00:02 in_port=1 out_port=4
[FLOW_MOD] t=16819.276955616 dpid=s2 action=add src=00:00:00:00:00:03 dst=00:00:00:00:00:02 in_port=1 out_port=4
[FLOW_MOD] t=16819.277301519 dpid=s3 action=delete-strict src=00:00:00:00:00:03 dst=00:00:00:00:00:02 in_port=3 out_port=4
[FLOW_MOD] t=16819.277569878 dpid=s3 action=add src=00:00:00:00:00:03 dst=00:00:00:00:00:02 in_port=3 out_port=4
[FLOW_MOD] t=16819.277917535 dpid=s1 action=delete-strict src=00:00:00:00:00:03 dst=00:00:00:00:00:02 in_port=4 out_port=1
[FLOW_MOD] t=16819.278180911 dpid=s1 action=add src=00:00:00:00:00:03 dst=00:00:00:00:00:02 in_port=4 out_port=1
[FLOW_MOD] t=16819.278554815 dpid=s4 action=delete-strict src=00:00:00:00:00:03 dst=00:00:00:00:00:02 in_port=4 out_port=2
[FLOW_MOD] t=16819.278826385 dpid=s4 action=add src=00:00:00:00:00:03 dst=00:00:00:00:00:02 in_port=4 out_port=2
[FLOW_MOD] t=16819.279158470 dpid=s17 action=delete-strict src=00:00:00:00:00:03 dst=00:00:00:00:00:02 in_port=3 out_port=1
[FLOW_MOD] t=16819.279404009 dpid=s17 action=add src=00:00:00:00:00:03 dst=00:00:00:00:00:02 in_port=3 out_port=1
[SPF-DONE] BF s17->s19 reachable=11/11
[PATH-COMPUTED] s17->s19: 6 hop(s) path=s17 -> s4 -> s1 -> s3 -> s2 -> s6 -> s19
[FLOW-INSTALL] 00:00:00:00:00:02 → 00:00:00:00:00:04: s17 -> s4 -> s1 -> s3 -> s2 -> s6 -> s19
[FLOW_MOD] t=16819.282678741 dpid=s17 action=delete-strict src=00:00:00:00:00:02 dst=00:00:00:00:00:04 in_port=1 out_port=3
[FLOW_MOD] t=16819.282955008 dpid=s17 action=add src=00:00:00:00:00:02 dst=00:00:00:00:00:04 in_port=1 out_port=3
[FLOW_MOD] t=16819.283346555 dpid=s4 action=delete-strict src=00:00:00:00:00:02 dst=00:00:00:00:00:04 in_port=2 out_port=4
[FLOW_MOD] t=16819.283654722 dpid=s4 action=add src=00:00:00:00:00:02 dst=00:00:00:00:00:04 in_port=2 out_port=4
[FLOW_MOD] t=16819.284109361 dpid=s1 action=delete-strict src=00:00:00:00:00:02 dst=00:00:00:00:00:04 in_port=1 out_port=4
[FLOW_MOD] t=16819.284477250 dpid=s1 action=add src=00:00:00:00:00:02 dst=00:00:00:00:00:04 in_port=1 out_port=4
[FLOW_MOD] t=16819.284822924 dpid=s3 action=delete-strict src=00:00:00:00:00:02 dst=00:00:00:00:00:04 in_port=4 out_port=3
[FLOW_MOD] t=16819.285057212 dpid=s3 action=add src=00:00:00:00:00:02 dst=00:00:00:00:00:04 in_port=4 out_port=3
[FLOW_MOD] t=16819.285373414 dpid=s2 action=delete-strict src=00:00:00:00:00:02 dst=00:00:00:00:00:04 in_port=4 out_port=1
[FLOW_MOD] t=16819.285643881 dpid=s2 action=add src=00:00:00:00:00:02 dst=00:00:00:00:00:04 in_port=4 out_port=1
[FLOW_MOD] t=16819.285968414 dpid=s6 action=delete-strict src=00:00:00:00:00:02 dst=00:00:00:00:00:04 in_port=4 out_port=2
[FLOW_MOD] t=16819.286211760 dpid=s6 action=add src=00:00:00:00:00:02 dst=00:00:00:00:00:04 in_port=4 out_port=2
[FLOW_MOD] t=16819.286499396 dpid=s19 action=delete-strict src=00:00:00:00:00:02 dst=00:00:00:00:00:04 in_port=3 out_port=1
[FLOW_MOD] t=16819.286786910 dpid=s19 action=add src=00:00:00:00:00:02 dst=00:00:00:00:00:04 in_port=3 out_port=1
[FLOW_MOD] t=16819.287128071 dpid=s19 action=delete-strict src=00:00:00:00:00:04 dst=00:00:00:00:00:02 in_port=1 out_port=3
[FLOW_MOD] t=16819.287366949 dpid=s19 action=add src=00:00:00:00:00:04 dst=00:00:00:00:00:02 in_port=1 out_port=3
[FLOW_MOD] t=16819.287705294 dpid=s6 action=delete-strict src=00:00:00:00:00:04 dst=00:00:00:00:00:02 in_port=2 out_port=4
[FLOW_MOD] t=16819.288038751 dpid=s6 action=add src=00:00:00:00:00:04 dst=00:00:00:00:00:02 in_port=2 out_port=4
[FLOW_MOD] t=16819.288357876 dpid=s2 action=delete-strict src=00:00:00:00:00:04 dst=00:00:00:00:00:02 in_port=1 out_port=4
[FLOW_MOD] t=16819.288610492 dpid=s2 action=add src=00:00:00:00:00:04 dst=00:00:00:00:00:02 in_port=1 out_port=4
[FLOW_MOD] t=16819.288965360 dpid=s3 action=delete-strict src=00:00:00:00:00:04 dst=00:00:00:00:00:02 in_port=3 out_port=4
[FLOW_MOD] t=16819.289268155 dpid=s3 action=add src=00:00:00:00:00:04 dst=00:00:00:00:00:02 in_port=3 out_port=4
[FLOW_MOD] t=16819.289648135 dpid=s1 action=delete-strict src=00:00:00:00:00:04 dst=00:00:00:00:00:02 in_port=4 out_port=1
[FLOW_MOD] t=16819.289936264 dpid=s1 action=add src=00:00:00:00:00:04 dst=00:00:00:00:00:02 in_port=4 out_port=1
[FLOW_MOD] t=16819.290248674 dpid=s4 action=delete-strict src=00:00:00:00:00:04 dst=00:00:00:00:00:02 in_port=4 out_port=2
[FLOW_MOD] t=16819.290488828 dpid=s4 action=add src=00:00:00:00:00:04 dst=00:00:00:00:00:02 in_port=4 out_port=2
[FLOW_MOD] t=16819.290794310 dpid=s17 action=delete-strict src=00:00:00:00:00:04 dst=00:00:00:00:00:02 in_port=3 out_port=1
[FLOW_MOD] t=16819.291012284 dpid=s17 action=add src=00:00:00:00:00:04 dst=00:00:00:00:00:02 in_port=3 out_port=1
[SPF-DONE] BF s18->s16 reachable=11/11
[PATH-COMPUTED] s18->s16: 6 hop(s) path=s18 -> s6 -> s2 -> s3 -> s1 -> s4 -> s16
[FLOW-INSTALL] 00:00:00:00:00:03 → 00:00:00:00:00:01: s18 -> s6 -> s2 -> s3 -> s1 -> s4 -> s16
[FLOW_MOD] t=16819.294166364 dpid=s18 action=delete-strict src=00:00:00:00:00:03 dst=00:00:00:00:00:01 in_port=1 out_port=3
[FLOW_MOD] t=16819.294436079 dpid=s18 action=add src=00:00:00:00:00:03 dst=00:00:00:00:00:01 in_port=1 out_port=3
[FLOW_MOD] t=16819.294769620 dpid=s6 action=delete-strict src=00:00:00:00:00:03 dst=00:00:00:00:00:01 in_port=1 out_port=4
[FLOW_MOD] t=16819.294999396 dpid=s6 action=add src=00:00:00:00:00:03 dst=00:00:00:00:00:01 in_port=1 out_port=4
[FLOW_MOD] t=16819.295288005 dpid=s2 action=delete-strict src=00:00:00:00:00:03 dst=00:00:00:00:00:01 in_port=1 out_port=4
[FLOW_MOD] t=16819.295518777 dpid=s2 action=add src=00:00:00:00:00:03 dst=00:00:00:00:00:01 in_port=1 out_port=4
[FLOW_MOD] t=16819.295897554 dpid=s3 action=delete-strict src=00:00:00:00:00:03 dst=00:00:00:00:00:01 in_port=3 out_port=4
[FLOW_MOD] t=16819.296190985 dpid=s3 action=add src=00:00:00:00:00:03 dst=00:00:00:00:00:01 in_port=3 out_port=4
[FLOW_MOD] t=16819.296484348 dpid=s1 action=delete-strict src=00:00:00:00:00:03 dst=00:00:00:00:00:01 in_port=4 out_port=1
[FLOW_MOD] t=16819.296725698 dpid=s1 action=add src=00:00:00:00:00:03 dst=00:00:00:00:00:01 in_port=4 out_port=1
[FLOW_MOD] t=16819.297061515 dpid=s4 action=delete-strict src=00:00:00:00:00:03 dst=00:00:00:00:00:01 in_port=4 out_port=1
[FLOW_MOD] t=16819.297362580 dpid=s4 action=add src=00:00:00:00:00:03 dst=00:00:00:00:00:01 in_port=4 out_port=1
[FLOW_MOD] t=16819.297753840 dpid=s16 action=delete-strict src=00:00:00:00:00:03 dst=00:00:00:00:00:01 in_port=3 out_port=1
[FLOW_MOD] t=16819.297995130 dpid=s16 action=add src=00:00:00:00:00:03 dst=00:00:00:00:00:01 in_port=3 out_port=1
[FLOW_MOD] t=16819.298359683 dpid=s16 action=delete-strict src=00:00:00:00:00:01 dst=00:00:00:00:00:03 in_port=1 out_port=3
[FLOW_MOD] t=16819.298613940 dpid=s16 action=add src=00:00:00:00:00:01 dst=00:00:00:00:00:03 in_port=1 out_port=3
[FLOW_MOD] t=16819.300040441 dpid=s4 action=delete-strict src=00:00:00:00:00:01 dst=00:00:00:00:00:03 in_port=1 out_port=4
[FLOW_MOD] t=16819.301175665 dpid=s4 action=add src=00:00:00:00:00:01 dst=00:00:00:00:00:03 in_port=1 out_port=4
[FLOW_MOD] t=16819.302625505 dpid=s1 action=delete-strict src=00:00:00:00:00:01 dst=00:00:00:00:00:03 in_port=1 out_port=4
[FLOW_MOD] t=16819.303726527 dpid=s1 action=add src=00:00:00:00:00:01 dst=00:00:00:00:00:03 in_port=1 out_port=4
[FLOW_MOD] t=16819.305079212 dpid=s3 action=delete-strict src=00:00:00:00:00:01 dst=00:00:00:00:00:03 in_port=4 out_port=3
[FLOW_MOD] t=16819.306073015 dpid=s3 action=add src=00:00:00:00:00:01 dst=00:00:00:00:00:03 in_port=4 out_port=3
[FLOW_MOD] t=16819.306475368 dpid=s2 action=delete-strict src=00:00:00:00:00:01 dst=00:00:00:00:00:03 in_port=4 out_port=1
[FLOW_MOD] t=16819.306720630 dpid=s2 action=add src=00:00:00:00:00:01 dst=00:00:00:00:00:03 in_port=4 out_port=1
[FLOW_MOD] t=16819.307051059 dpid=s6 action=delete-strict src=00:00:00:00:00:01 dst=00:00:00:00:00:03 in_port=4 out_port=1
[FLOW_MOD] t=16819.307289218 dpid=s6 action=add src=00:00:00:00:00:01 dst=00:00:00:00:00:03 in_port=4 out_port=1
[FLOW_MOD] t=16819.307591112 dpid=s18 action=delete-strict src=00:00:00:00:00:01 dst=00:00:00:00:00:03 in_port=3 out_port=1
[FLOW_MOD] t=16819.307874019 dpid=s18 action=add src=00:00:00:00:00:01 dst=00:00:00:00:00:03 in_port=3 out_port=1
[SPF-DONE] BF s18->s17 reachable=11/11
[PATH-COMPUTED] s18->s17: 6 hop(s) path=s18 -> s6 -> s2 -> s3 -> s1 -> s4 -> s17
[FLOW-INSTALL] 00:00:00:00:00:03 → 00:00:00:00:00:02: s18 -> s6 -> s2 -> s3 -> s1 -> s4 -> s17
[FLOW_MOD] t=16819.311474809 dpid=s18 action=delete-strict src=00:00:00:00:00:03 dst=00:00:00:00:00:02 in_port=1 out_port=3
[FLOW_MOD] t=16819.311746954 dpid=s18 action=add src=00:00:00:00:00:03 dst=00:00:00:00:00:02 in_port=1 out_port=3
[FLOW_MOD] t=16819.312156940 dpid=s6 action=delete-strict src=00:00:00:00:00:03 dst=00:00:00:00:00:02 in_port=1 out_port=4
[FLOW_MOD] t=16819.312424283 dpid=s6 action=add src=00:00:00:00:00:03 dst=00:00:00:00:00:02 in_port=1 out_port=4
[FLOW_MOD] t=16819.312743194 dpid=s2 action=delete-strict src=00:00:00:00:00:03 dst=00:00:00:00:00:02 in_port=1 out_port=4
[FLOW_MOD] t=16819.312994473 dpid=s2 action=add src=00:00:00:00:00:03 dst=00:00:00:00:00:02 in_port=1 out_port=4
[FLOW_MOD] t=16819.313357948 dpid=s3 action=delete-strict src=00:00:00:00:00:03 dst=00:00:00:00:00:02 in_port=3 out_port=4
[FLOW_MOD] t=16819.313612772 dpid=s3 action=add src=00:00:00:00:00:03 dst=00:00:00:00:00:02 in_port=3 out_port=4
[FLOW_MOD] t=16819.313924419 dpid=s1 action=delete-strict src=00:00:00:00:00:03 dst=00:00:00:00:00:02 in_port=4 out_port=1
[FLOW_MOD] t=16819.314164959 dpid=s1 action=add src=00:00:00:00:00:03 dst=00:00:00:00:00:02 in_port=4 out_port=1
[FLOW_MOD] t=16819.314508538 dpid=s4 action=delete-strict src=00:00:00:00:00:03 dst=00:00:00:00:00:02 in_port=4 out_port=2
[FLOW_MOD] t=16819.314753034 dpid=s4 action=add src=00:00:00:00:00:03 dst=00:00:00:00:00:02 in_port=4 out_port=2
[FLOW_MOD] t=16819.315051687 dpid=s17 action=delete-strict src=00:00:00:00:00:03 dst=00:00:00:00:00:02 in_port=3 out_port=1
[FLOW_MOD] t=16819.315264341 dpid=s17 action=add src=00:00:00:00:00:03 dst=00:00:00:00:00:02 in_port=3 out_port=1
[FLOW_MOD] t=16819.315563708 dpid=s17 action=delete-strict src=00:00:00:00:00:02 dst=00:00:00:00:00:03 in_port=1 out_port=3
[FLOW_MOD] t=16819.315844956 dpid=s17 action=add src=00:00:00:00:00:02 dst=00:00:00:00:00:03 in_port=1 out_port=3
[FLOW_MOD] t=16819.316232819 dpid=s4 action=delete-strict src=00:00:00:00:00:02 dst=00:00:00:00:00:03 in_port=2 out_port=4
[FLOW_MOD] t=16819.318661712 dpid=s4 action=add src=00:00:00:00:00:02 dst=00:00:00:00:00:03 in_port=2 out_port=4
[FLOW_MOD] t=16819.319108733 dpid=s1 action=delete-strict src=00:00:00:00:00:02 dst=00:00:00:00:00:03 in_port=1 out_port=4
[FLOW_MOD] t=16819.319373049 dpid=s1 action=add src=00:00:00:00:00:02 dst=00:00:00:00:00:03 in_port=1 out_port=4
[FLOW_MOD] t=16819.319689495 dpid=s3 action=delete-strict src=00:00:00:00:00:02 dst=00:00:00:00:00:03 in_port=4 out_port=3
[FLOW_MOD] t=16819.319920664 dpid=s3 action=add src=00:00:00:00:00:02 dst=00:00:00:00:00:03 in_port=4 out_port=3
[FLOW_MOD] t=16819.320240306 dpid=s2 action=delete-strict src=00:00:00:00:00:02 dst=00:00:00:00:00:03 in_port=4 out_port=1
[FLOW_MOD] t=16819.320506719 dpid=s2 action=add src=00:00:00:00:00:02 dst=00:00:00:00:00:03 in_port=4 out_port=1
[FLOW_MOD] t=16819.320818116 dpid=s6 action=delete-strict src=00:00:00:00:00:02 dst=00:00:00:00:00:03 in_port=4 out_port=1
[FLOW_MOD] t=16819.321070931 dpid=s6 action=add src=00:00:00:00:00:02 dst=00:00:00:00:00:03 in_port=4 out_port=1
[FLOW_MOD] t=16819.321363854 dpid=s18 action=delete-strict src=00:00:00:00:00:02 dst=00:00:00:00:00:03 in_port=3 out_port=1
[FLOW_MOD] t=16819.321613989 dpid=s18 action=add src=00:00:00:00:00:02 dst=00:00:00:00:00:03 in_port=3 out_port=1
[SPF-DONE] BF s18->s19 reachable=11/11
[PATH-COMPUTED] s18->s19: 2 hop(s) path=s18 -> s6 -> s19
[FLOW-INSTALL] 00:00:00:00:00:03 → 00:00:00:00:00:04: s18 -> s6 -> s19
[FLOW_MOD] t=16819.325237410 dpid=s18 action=delete-strict src=00:00:00:00:00:03 dst=00:00:00:00:00:04 in_port=1 out_port=3
[FLOW_MOD] t=16819.325540720 dpid=s18 action=add src=00:00:00:00:00:03 dst=00:00:00:00:00:04 in_port=1 out_port=3
[FLOW_MOD] t=16819.325886797 dpid=s6 action=delete-strict src=00:00:00:00:00:03 dst=00:00:00:00:00:04 in_port=1 out_port=2
[FLOW_MOD] t=16819.326143713 dpid=s6 action=add src=00:00:00:00:00:03 dst=00:00:00:00:00:04 in_port=1 out_port=2
[FLOW_MOD] t=16819.326483810 dpid=s19 action=delete-strict src=00:00:00:00:00:03 dst=00:00:00:00:00:04 in_port=3 out_port=1
[FLOW_MOD] t=16819.326753618 dpid=s19 action=add src=00:00:00:00:00:03 dst=00:00:00:00:00:04 in_port=3 out_port=1
[FLOW_MOD] t=16819.327092963 dpid=s19 action=delete-strict src=00:00:00:00:00:04 dst=00:00:00:00:00:03 in_port=1 out_port=3
[FLOW_MOD] t=16819.327366780 dpid=s19 action=add src=00:00:00:00:00:04 dst=00:00:00:00:00:03 in_port=1 out_port=3
[FLOW_MOD] t=16819.327679562 dpid=s6 action=delete-strict src=00:00:00:00:00:04 dst=00:00:00:00:00:03 in_port=2 out_port=1
[FLOW_MOD] t=16819.327946260 dpid=s6 action=add src=00:00:00:00:00:04 dst=00:00:00:00:00:03 in_port=2 out_port=1
[FLOW_MOD] t=16819.328278879 dpid=s18 action=delete-strict src=00:00:00:00:00:04 dst=00:00:00:00:00:03 in_port=3 out_port=1
[FLOW_MOD] t=16819.328518521 dpid=s18 action=add src=00:00:00:00:00:04 dst=00:00:00:00:00:03 in_port=3 out_port=1
[SPF-DONE] BF s19->s16 reachable=11/11
[PATH-COMPUTED] s19->s16: 6 hop(s) path=s19 -> s6 -> s2 -> s3 -> s1 -> s4 -> s16
[FLOW-INSTALL] 00:00:00:00:00:04 → 00:00:00:00:00:01: s19 -> s6 -> s2 -> s3 -> s1 -> s4 -> s16
[FLOW_MOD] t=16819.332091690 dpid=s19 action=delete-strict src=00:00:00:00:00:04 dst=00:00:00:00:00:01 in_port=1 out_port=3
[FLOW_MOD] t=16819.332363168 dpid=s19 action=add src=00:00:00:00:00:04 dst=00:00:00:00:00:01 in_port=1 out_port=3
[FLOW_MOD] t=16819.332680591 dpid=s6 action=delete-strict src=00:00:00:00:00:04 dst=00:00:00:00:00:01 in_port=2 out_port=4
[FLOW_MOD] t=16819.332943235 dpid=s6 action=add src=00:00:00:00:00:04 dst=00:00:00:00:00:01 in_port=2 out_port=4
[FLOW_MOD] t=16819.333312842 dpid=s2 action=delete-strict src=00:00:00:00:00:04 dst=00:00:00:00:00:01 in_port=1 out_port=4
[FLOW_MOD] t=16819.333576006 dpid=s2 action=add src=00:00:00:00:00:04 dst=00:00:00:00:00:01 in_port=1 out_port=4
[FLOW_MOD] t=16819.333927953 dpid=s3 action=delete-strict src=00:00:00:00:00:04 dst=00:00:00:00:00:01 in_port=3 out_port=4
[FLOW_MOD] t=16819.334188430 dpid=s3 action=add src=00:00:00:00:00:04 dst=00:00:00:00:00:01 in_port=3 out_port=4
[FLOW_MOD] t=16819.334507004 dpid=s1 action=delete-strict src=00:00:00:00:00:04 dst=00:00:00:00:00:01 in_port=4 out_port=1
[FLOW_MOD] t=16819.334779487 dpid=s1 action=add src=00:00:00:00:00:04 dst=00:00:00:00:00:01 in_port=4 out_port=1
[FLOW_MOD] t=16819.335095897 dpid=s4 action=delete-strict src=00:00:00:00:00:04 dst=00:00:00:00:00:01 in_port=4 out_port=1
[FLOW_MOD] t=16819.335325345 dpid=s4 action=add src=00:00:00:00:00:04 dst=00:00:00:00:00:01 in_port=4 out_port=1
[FLOW_MOD] t=16819.335644431 dpid=s16 action=delete-strict src=00:00:00:00:00:04 dst=00:00:00:00:00:01 in_port=3 out_port=1
[FLOW_MOD] t=16819.335894137 dpid=s16 action=add src=00:00:00:00:00:04 dst=00:00:00:00:00:01 in_port=3 out_port=1
[FLOW_MOD] t=16819.336208444 dpid=s16 action=delete-strict src=00:00:00:00:00:01 dst=00:00:00:00:00:04 in_port=1 out_port=3
[FLOW_MOD] t=16819.336440240 dpid=s16 action=add src=00:00:00:00:00:01 dst=00:00:00:00:00:04 in_port=1 out_port=3
[FLOW_MOD] t=16819.336770711 dpid=s4 action=delete-strict src=00:00:00:00:00:01 dst=00:00:00:00:00:04 in_port=1 out_port=4
[FLOW_MOD] t=16819.337028474 dpid=s4 action=add src=00:00:00:00:00:01 dst=00:00:00:00:00:04 in_port=1 out_port=4
[FLOW_MOD] t=16819.337378035 dpid=s1 action=delete-strict src=00:00:00:00:00:01 dst=00:00:00:00:00:04 in_port=1 out_port=4
[FLOW_MOD] t=16819.337642082 dpid=s1 action=add src=00:00:00:00:00:01 dst=00:00:00:00:00:04 in_port=1 out_port=4
[FLOW_MOD] t=16819.337971300 dpid=s3 action=delete-strict src=00:00:00:00:00:01 dst=00:00:00:00:00:04 in_port=4 out_port=3
[FLOW_MOD] t=16819.338220616 dpid=s3 action=add src=00:00:00:00:00:01 dst=00:00:00:00:00:04 in_port=4 out_port=3
[FLOW_MOD] t=16819.338564696 dpid=s2 action=delete-strict src=00:00:00:00:00:01 dst=00:00:00:00:00:04 in_port=4 out_port=1
[FLOW_MOD] t=16819.339795140 dpid=s2 action=add src=00:00:00:00:00:01 dst=00:00:00:00:00:04 in_port=4 out_port=1
[FLOW_MOD] t=16819.340421895 dpid=s6 action=delete-strict src=00:00:00:00:00:01 dst=00:00:00:00:00:04 in_port=4 out_port=2
[FLOW_MOD] t=16819.340689517 dpid=s6 action=add src=00:00:00:00:00:01 dst=00:00:00:00:00:04 in_port=4 out_port=2
[FLOW_MOD] t=16819.341130683 dpid=s19 action=delete-strict src=00:00:00:00:00:01 dst=00:00:00:00:00:04 in_port=3 out_port=1
[FLOW_MOD] t=16819.341409430 dpid=s19 action=add src=00:00:00:00:00:01 dst=00:00:00:00:00:04 in_port=3 out_port=1
[SPF-DONE] BF s19->s17 reachable=11/11
[PATH-COMPUTED] s19->s17: 6 hop(s) path=s19 -> s6 -> s2 -> s3 -> s1 -> s4 -> s17
[FLOW-INSTALL] 00:00:00:00:00:04 → 00:00:00:00:00:02: s19 -> s6 -> s2 -> s3 -> s1 -> s4 -> s17
[FLOW_MOD] t=16819.345652138 dpid=s19 action=delete-strict src=00:00:00:00:00:04 dst=00:00:00:00:00:02 in_port=1 out_port=3
[FLOW_MOD] t=16819.345978097 dpid=s19 action=add src=00:00:00:00:00:04 dst=00:00:00:00:00:02 in_port=1 out_port=3
[FLOW_MOD] t=16819.346401633 dpid=s6 action=delete-strict src=00:00:00:00:00:04 dst=00:00:00:00:00:02 in_port=2 out_port=4
[FLOW_MOD] t=16819.346815348 dpid=s6 action=add src=00:00:00:00:00:04 dst=00:00:00:00:00:02 in_port=2 out_port=4
[FLOW_MOD] t=16819.347352834 dpid=s2 action=delete-strict src=00:00:00:00:00:04 dst=00:00:00:00:00:02 in_port=1 out_port=4
[FLOW_MOD] t=16819.347691647 dpid=s2 action=add src=00:00:00:00:00:04 dst=00:00:00:00:00:02 in_port=1 out_port=4
[FLOW_MOD] t=16819.348098027 dpid=s3 action=delete-strict src=00:00:00:00:00:04 dst=00:00:00:00:00:02 in_port=3 out_port=4
[FLOW_MOD] t=16819.348371760 dpid=s3 action=add src=00:00:00:00:00:04 dst=00:00:00:00:00:02 in_port=3 out_port=4
[FLOW_MOD] t=16819.348669559 dpid=s1 action=delete-strict src=00:00:00:00:00:04 dst=00:00:00:00:00:02 in_port=4 out_port=1
[FLOW_MOD] t=16819.348961576 dpid=s1 action=add src=00:00:00:00:00:04 dst=00:00:00:00:00:02 in_port=4 out_port=1
[FLOW_MOD] t=16819.349347935 dpid=s4 action=delete-strict src=00:00:00:00:00:04 dst=00:00:00:00:00:02 in_port=4 out_port=2
[FLOW_MOD] t=16819.349685435 dpid=s4 action=add src=00:00:00:00:00:04 dst=00:00:00:00:00:02 in_port=4 out_port=2
[FLOW_MOD] t=16819.350213162 dpid=s17 action=delete-strict src=00:00:00:00:00:04 dst=00:00:00:00:00:02 in_port=3 out_port=1
[FLOW_MOD] t=16819.350512619 dpid=s17 action=add src=00:00:00:00:00:04 dst=00:00:00:00:00:02 in_port=3 out_port=1
[FLOW_MOD] t=16819.350859052 dpid=s17 action=delete-strict src=00:00:00:00:00:02 dst=00:00:00:00:00:04 in_port=1 out_port=3
[FLOW_MOD] t=16819.351258233 dpid=s17 action=add src=00:00:00:00:00:02 dst=00:00:00:00:00:04 in_port=1 out_port=3
[FLOW_MOD] t=16819.351703673 dpid=s4 action=delete-strict src=00:00:00:00:00:02 dst=00:00:00:00:00:04 in_port=2 out_port=4
[FLOW_MOD] t=16819.352114685 dpid=s4 action=add src=00:00:00:00:00:02 dst=00:00:00:00:00:04 in_port=2 out_port=4
[FLOW_MOD] t=16819.352531949 dpid=s1 action=delete-strict src=00:00:00:00:00:02 dst=00:00:00:00:00:04 in_port=1 out_port=4
[FLOW_MOD] t=16819.352824603 dpid=s1 action=add src=00:00:00:00:00:02 dst=00:00:00:00:00:04 in_port=1 out_port=4
[FLOW_MOD] t=16819.353201346 dpid=s3 action=delete-strict src=00:00:00:00:00:02 dst=00:00:00:00:00:04 in_port=4 out_port=3
[FLOW_MOD] t=16819.353462866 dpid=s3 action=add src=00:00:00:00:00:02 dst=00:00:00:00:00:04 in_port=4 out_port=3
[FLOW_MOD] t=16819.353803411 dpid=s2 action=delete-strict src=00:00:00:00:00:02 dst=00:00:00:00:00:04 in_port=4 out_port=1
[FLOW_MOD] t=16819.354106421 dpid=s2 action=add src=00:00:00:00:00:02 dst=00:00:00:00:00:04 in_port=4 out_port=1
[FLOW_MOD] t=16819.354527295 dpid=s6 action=delete-strict src=00:00:00:00:00:02 dst=00:00:00:00:00:04 in_port=4 out_port=2
[FLOW_MOD] t=16819.354788732 dpid=s6 action=add src=00:00:00:00:00:02 dst=00:00:00:00:00:04 in_port=4 out_port=2
[FLOW_MOD] t=16819.355254533 dpid=s19 action=delete-strict src=00:00:00:00:00:02 dst=00:00:00:00:00:04 in_port=3 out_port=1
[FLOW_MOD] t=16819.355600275 dpid=s19 action=add src=00:00:00:00:00:02 dst=00:00:00:00:00:04 in_port=3 out_port=1
[SPF-DONE] BF s19->s18 reachable=11/11
[PATH-COMPUTED] s19->s18: 2 hop(s) path=s19 -> s6 -> s18
[FLOW-INSTALL] 00:00:00:00:00:04 → 00:00:00:00:00:03: s19 -> s6 -> s18
[FLOW_MOD] t=16819.359756044 dpid=s19 action=delete-strict src=00:00:00:00:00:04 dst=00:00:00:00:00:03 in_port=1 out_port=3
[FLOW_MOD] t=16819.360282281 dpid=s19 action=add src=00:00:00:00:00:04 dst=00:00:00:00:00:03 in_port=1 out_port=3
[FLOW_MOD] t=16819.360746345 dpid=s6 action=delete-strict src=00:00:00:00:00:04 dst=00:00:00:00:00:03 in_port=2 out_port=1
[FLOW_MOD] t=16819.361031618 dpid=s6 action=add src=00:00:00:00:00:04 dst=00:00:00:00:00:03 in_port=2 out_port=1
[FLOW_MOD] t=16819.361371928 dpid=s18 action=delete-strict src=00:00:00:00:00:04 dst=00:00:00:00:00:03 in_port=3 out_port=1
[FLOW_MOD] t=16819.361642110 dpid=s18 action=add src=00:00:00:00:00:04 dst=00:00:00:00:00:03 in_port=3 out_port=1
[FLOW_MOD] t=16819.361966674 dpid=s18 action=delete-strict src=00:00:00:00:00:03 dst=00:00:00:00:00:04 in_port=1 out_port=3
[FLOW_MOD] t=16819.362211677 dpid=s18 action=add src=00:00:00:00:00:03 dst=00:00:00:00:00:04 in_port=1 out_port=3
[FLOW_MOD] t=16819.362546652 dpid=s6 action=delete-strict src=00:00:00:00:00:03 dst=00:00:00:00:00:04 in_port=1 out_port=2
[FLOW_MOD] t=16819.364843903 dpid=s6 action=add src=00:00:00:00:00:03 dst=00:00:00:00:00:04 in_port=1 out_port=2
[FLOW_MOD] t=16819.365312387 dpid=s19 action=delete-strict src=00:00:00:00:00:03 dst=00:00:00:00:00:04 in_port=3 out_port=1
[FLOW_MOD] t=16819.365654247 dpid=s19 action=add src=00:00:00:00:00:03 dst=00:00:00:00:00:04 in_port=3 out_port=1
[TOPO] route refresh: installed=12 skipped=0 unreachable=0 hosts=4
[PORT_STATUS] t=16819.366135702 s1 port=3 reason=delete
[CONVERGENCE-START] id=6 t1=16819.366379334
[TOPO-CHANGE] (port-status:delete) switches=11 links=30  delta +0 -2
[TOPO-DOWN] [(2, 3), (3, 2)]
[TOPO-REFRESH] flushing 12 flows, rebuilding routes
[TREE-DONE] root=s1 tree_edges=6 reachable=6/11
[SPF-DONE] BF s16->s17 reachable=6/11
[PATH-COMPUTED] s16->s17: 2 hop(s) path=s16 -> s4 -> s17
[FLOW-INSTALL] 00:00:00:00:00:01 → 00:00:00:00:00:02: s16 -> s4 -> s17
[FLOW_MOD] t=16819.372182435 dpid=s16 action=delete-strict src=00:00:00:00:00:01 dst=00:00:00:00:00:02 in_port=1 out_port=3
[FLOW_MOD] t=16819.372474422 dpid=s16 action=add src=00:00:00:00:00:01 dst=00:00:00:00:00:02 in_port=1 out_port=3
[CONVERGENCE-FLOWMOD] id=6 t2=16819.372730875
[FLOW_MOD] t=16819.373037329 dpid=s4 action=delete-strict src=00:00:00:00:00:01 dst=00:00:00:00:00:02 in_port=1 out_port=2
[FLOW_MOD] t=16819.373274103 dpid=s4 action=add src=00:00:00:00:00:01 dst=00:00:00:00:00:02 in_port=1 out_port=2
[FLOW_MOD] t=16819.373587688 dpid=s17 action=delete-strict src=00:00:00:00:00:01 dst=00:00:00:00:00:02 in_port=3 out_port=1
[FLOW_MOD] t=16819.373811260 dpid=s17 action=add src=00:00:00:00:00:01 dst=00:00:00:00:00:02 in_port=3 out_port=1
[FLOW_MOD] t=16819.374166402 dpid=s17 action=delete-strict src=00:00:00:00:00:02 dst=00:00:00:00:00:01 in_port=1 out_port=3
[FLOW_MOD] t=16819.374416225 dpid=s17 action=add src=00:00:00:00:00:02 dst=00:00:00:00:00:01 in_port=1 out_port=3
[FLOW_MOD] t=16819.374721309 dpid=s4 action=delete-strict src=00:00:00:00:00:02 dst=00:00:00:00:00:01 in_port=2 out_port=1
[FLOW_MOD] t=16819.374937259 dpid=s4 action=add src=00:00:00:00:00:02 dst=00:00:00:00:00:01 in_port=2 out_port=1
[FLOW_MOD] t=16819.375211315 dpid=s16 action=delete-strict src=00:00:00:00:00:02 dst=00:00:00:00:00:01 in_port=3 out_port=1
[FLOW_MOD] t=16819.375430917 dpid=s16 action=add src=00:00:00:00:00:02 dst=00:00:00:00:00:01 in_port=3 out_port=1
[SPF-DONE] BF s16->s18 reachable=6/11
[PATH-UNREACHABLE] s16->s18: no path in current topology
[ROUTE-INSTALL] 00:00:00:00:00:01→00:00:00:00:00:03 no path (s16→s18)
[SPF-DONE] BF s16->s19 reachable=6/11
[PATH-UNREACHABLE] s16->s19: no path in current topology
[ROUTE-INSTALL] 00:00:00:00:00:01→00:00:00:00:00:04 no path (s16→s19)
[SPF-DONE] BF s17->s16 reachable=6/11
[PATH-COMPUTED] s17->s16: 2 hop(s) path=s17 -> s4 -> s16
[FLOW-INSTALL] 00:00:00:00:00:02 → 00:00:00:00:00:01: s17 -> s4 -> s16
[FLOW_MOD] t=16819.384241438 dpid=s17 action=delete-strict src=00:00:00:00:00:02 dst=00:00:00:00:00:01 in_port=1 out_port=3
[FLOW_MOD] t=16819.384557273 dpid=s17 action=add src=00:00:00:00:00:02 dst=00:00:00:00:00:01 in_port=1 out_port=3
[FLOW_MOD] t=16819.384952902 dpid=s4 action=delete-strict src=00:00:00:00:00:02 dst=00:00:00:00:00:01 in_port=2 out_port=1
[FLOW_MOD] t=16819.385243846 dpid=s4 action=add src=00:00:00:00:00:02 dst=00:00:00:00:00:01 in_port=2 out_port=1
[FLOW_MOD] t=16819.385617396 dpid=s16 action=delete-strict src=00:00:00:00:00:02 dst=00:00:00:00:00:01 in_port=3 out_port=1
[FLOW_MOD] t=16819.385915897 dpid=s16 action=add src=00:00:00:00:00:02 dst=00:00:00:00:00:01 in_port=3 out_port=1
[FLOW_MOD] t=16819.386242951 dpid=s16 action=delete-strict src=00:00:00:00:00:01 dst=00:00:00:00:00:02 in_port=1 out_port=3
[FLOW_MOD] t=16819.386487143 dpid=s16 action=add src=00:00:00:00:00:01 dst=00:00:00:00:00:02 in_port=1 out_port=3
[FLOW_MOD] t=16819.386805439 dpid=s4 action=delete-strict src=00:00:00:00:00:01 dst=00:00:00:00:00:02 in_port=1 out_port=2
[FLOW_MOD] t=16819.387064159 dpid=s4 action=add src=00:00:00:00:00:01 dst=00:00:00:00:00:02 in_port=1 out_port=2
[FLOW_MOD] t=16819.387396078 dpid=s17 action=delete-strict src=00:00:00:00:00:01 dst=00:00:00:00:00:02 in_port=3 out_port=1
[FLOW_MOD] t=16819.387636667 dpid=s17 action=add src=00:00:00:00:00:01 dst=00:00:00:00:00:02 in_port=3 out_port=1
[SPF-DONE] BF s17->s18 reachable=6/11
[PATH-UNREACHABLE] s17->s18: no path in current topology
[ROUTE-INSTALL] 00:00:00:00:00:02→00:00:00:00:00:03 no path (s17→s18)
[SPF-DONE] BF s17->s19 reachable=6/11
[PATH-UNREACHABLE] s17->s19: no path in current topology
[ROUTE-INSTALL] 00:00:00:00:00:02→00:00:00:00:00:04 no path (s17→s19)
[SPF-DONE] BF s18->s16 reachable=5/11
[PATH-UNREACHABLE] s18->s16: no path in current topology
[ROUTE-INSTALL] 00:00:00:00:00:03→00:00:00:00:00:01 no path (s18→s16)
[SPF-DONE] BF s18->s17 reachable=5/11
[PATH-UNREACHABLE] s18->s17: no path in current topology
[ROUTE-INSTALL] 00:00:00:00:00:03→00:00:00:00:00:02 no path (s18→s17)
[SPF-DONE] BF s18->s19 reachable=5/11
[PATH-COMPUTED] s18->s19: 2 hop(s) path=s18 -> s6 -> s19
[FLOW-INSTALL] 00:00:00:00:00:03 → 00:00:00:00:00:04: s18 -> s6 -> s19
[FLOW_MOD] t=16819.407549209 dpid=s18 action=delete-strict src=00:00:00:00:00:03 dst=00:00:00:00:00:04 in_port=1 out_port=3
[FLOW_MOD] t=16819.407827422 dpid=s18 action=add src=00:00:00:00:00:03 dst=00:00:00:00:00:04 in_port=1 out_port=3
[FLOW_MOD] t=16819.408200084 dpid=s6 action=delete-strict src=00:00:00:00:00:03 dst=00:00:00:00:00:04 in_port=1 out_port=2
[FLOW_MOD] t=16819.408423061 dpid=s6 action=add src=00:00:00:00:00:03 dst=00:00:00:00:00:04 in_port=1 out_port=2
[FLOW_MOD] t=16819.408713733 dpid=s19 action=delete-strict src=00:00:00:00:00:03 dst=00:00:00:00:00:04 in_port=3 out_port=1
[FLOW_MOD] t=16819.408921385 dpid=s19 action=add src=00:00:00:00:00:03 dst=00:00:00:00:00:04 in_port=3 out_port=1
[FLOW_MOD] t=16819.409230167 dpid=s19 action=delete-strict src=00:00:00:00:00:04 dst=00:00:00:00:00:03 in_port=1 out_port=3
[FLOW_MOD] t=16819.409477934 dpid=s19 action=add src=00:00:00:00:00:04 dst=00:00:00:00:00:03 in_port=1 out_port=3
[FLOW_MOD] t=16819.409755434 dpid=s6 action=delete-strict src=00:00:00:00:00:04 dst=00:00:00:00:00:03 in_port=2 out_port=1
[FLOW_MOD] t=16819.409957150 dpid=s6 action=add src=00:00:00:00:00:04 dst=00:00:00:00:00:03 in_port=2 out_port=1
[FLOW_MOD] t=16819.410243845 dpid=s18 action=delete-strict src=00:00:00:00:00:04 dst=00:00:00:00:00:03 in_port=3 out_port=1
[FLOW_MOD] t=16819.410479197 dpid=s18 action=add src=00:00:00:00:00:04 dst=00:00:00:00:00:03 in_port=3 out_port=1
[SPF-DONE] BF s19->s16 reachable=5/11
[PATH-UNREACHABLE] s19->s16: no path in current topology
[ROUTE-INSTALL] 00:00:00:00:00:04→00:00:00:00:00:01 no path (s19→s16)
[SPF-DONE] BF s19->s17 reachable=5/11
[PATH-UNREACHABLE] s19->s17: no path in current topology
[ROUTE-INSTALL] 00:00:00:00:00:04→00:00:00:00:00:02 no path (s19→s17)
[SPF-DONE] BF s19->s18 reachable=5/11
[PATH-COMPUTED] s19->s18: 2 hop(s) path=s19 -> s6 -> s18
[FLOW-INSTALL] 00:00:00:00:00:04 → 00:00:00:00:00:03: s19 -> s6 -> s18
[FLOW_MOD] t=16819.419169251 dpid=s19 action=delete-strict src=00:00:00:00:00:04 dst=00:00:00:00:00:03 in_port=1 out_port=3
[FLOW_MOD] t=16819.419529013 dpid=s19 action=add src=00:00:00:00:00:04 dst=00:00:00:00:00:03 in_port=1 out_port=3
[FLOW_MOD] t=16819.419911677 dpid=s6 action=delete-strict src=00:00:00:00:00:04 dst=00:00:00:00:00:03 in_port=2 out_port=1
[FLOW_MOD] t=16819.420233126 dpid=s6 action=add src=00:00:00:00:00:04 dst=00:00:00:00:00:03 in_port=2 out_port=1
[FLOW_MOD] t=16819.420559307 dpid=s18 action=delete-strict src=00:00:00:00:00:04 dst=00:00:00:00:00:03 in_port=3 out_port=1
[FLOW_MOD] t=16819.420779804 dpid=s18 action=add src=00:00:00:00:00:04 dst=00:00:00:00:00:03 in_port=3 out_port=1
[FLOW_MOD] t=16819.421068585 dpid=s18 action=delete-strict src=00:00:00:00:00:03 dst=00:00:00:00:00:04 in_port=1 out_port=3
[FLOW_MOD] t=16819.421305313 dpid=s18 action=add src=00:00:00:00:00:03 dst=00:00:00:00:00:04 in_port=1 out_port=3
[FLOW_MOD] t=16819.421586010 dpid=s6 action=delete-strict src=00:00:00:00:00:03 dst=00:00:00:00:00:04 in_port=1 out_port=2
[FLOW_MOD] t=16819.421792589 dpid=s6 action=add src=00:00:00:00:00:03 dst=00:00:00:00:00:04 in_port=1 out_port=2
[FLOW_MOD] t=16819.422057444 dpid=s19 action=delete-strict src=00:00:00:00:00:03 dst=00:00:00:00:00:04 in_port=3 out_port=1
[FLOW_MOD] t=16819.422264509 dpid=s19 action=add src=00:00:00:00:00:03 dst=00:00:00:00:00:04 in_port=3 out_port=1
[TOPO] route refresh: installed=4 skipped=0 unreachable=8 hosts=4
[CONVERGENCE-END] id=6 convergence_ms=6.352 installed=4 skipped=0 unreachable=8 hosts=4
[TOPO-CHANGE] (LLDP topology event) switches=11 links=28  delta +0 -2
[TOPO-DOWN] [(1, 3), (3, 1)]
[TOPO-REFRESH] flushing 4 flows, rebuilding routes
[TREE-DONE] root=s1 tree_edges=5 reachable=5/11
[SPF-DONE] BF s16->s17 reachable=5/10
[PATH-COMPUTED] s16->s17: 2 hop(s) path=s16 -> s4 -> s17
[FLOW-INSTALL] 00:00:00:00:00:01 → 00:00:00:00:00:02: s16 -> s4 -> s17
[FLOW_MOD] t=16819.428723778 dpid=s16 action=delete-strict src=00:00:00:00:00:01 dst=00:00:00:00:00:02 in_port=1 out_port=3
[FLOW_MOD] t=16819.429028530 dpid=s16 action=add src=00:00:00:00:00:01 dst=00:00:00:00:00:02 in_port=1 out_port=3
[FLOW_MOD] t=16819.429411919 dpid=s4 action=delete-strict src=00:00:00:00:00:01 dst=00:00:00:00:00:02 in_port=1 out_port=2
[FLOW_MOD] t=16819.429715134 dpid=s4 action=add src=00:00:00:00:00:01 dst=00:00:00:00:00:02 in_port=1 out_port=2
[FLOW_MOD] t=16819.430048994 dpid=s17 action=delete-strict src=00:00:00:00:00:01 dst=00:00:00:00:00:02 in_port=3 out_port=1
[FLOW_MOD] t=16819.430308886 dpid=s17 action=add src=00:00:00:00:00:01 dst=00:00:00:00:00:02 in_port=3 out_port=1
[FLOW_MOD] t=16819.430617455 dpid=s17 action=delete-strict src=00:00:00:00:00:02 dst=00:00:00:00:00:01 in_port=1 out_port=3
[FLOW_MOD] t=16819.430869426 dpid=s17 action=add src=00:00:00:00:00:02 dst=00:00:00:00:00:01 in_port=1 out_port=3
[FLOW_MOD] t=16819.431192256 dpid=s4 action=delete-strict src=00:00:00:00:00:02 dst=00:00:00:00:00:01 in_port=2 out_port=1
[FLOW_MOD] t=16819.431426847 dpid=s4 action=add src=00:00:00:00:00:02 dst=00:00:00:00:00:01 in_port=2 out_port=1
[FLOW_MOD] t=16819.431766059 dpid=s16 action=delete-strict src=00:00:00:00:00:02 dst=00:00:00:00:00:01 in_port=3 out_port=1
[FLOW_MOD] t=16819.432072620 dpid=s16 action=add src=00:00:00:00:00:02 dst=00:00:00:00:00:01 in_port=3 out_port=1
[SPF-DONE] BF s16->s18 reachable=5/10
[PATH-UNREACHABLE] s16->s18: no path in current topology
[ROUTE-INSTALL] 00:00:00:00:00:01→00:00:00:00:00:03 no path (s16→s18)
[SPF-DONE] BF s16->s19 reachable=5/10
[PATH-UNREACHABLE] s16->s19: no path in current topology
[ROUTE-INSTALL] 00:00:00:00:00:01→00:00:00:00:00:04 no path (s16→s19)
[SPF-DONE] BF s17->s16 reachable=5/10
[PATH-COMPUTED] s17->s16: 2 hop(s) path=s17 -> s4 -> s16
[FLOW-INSTALL] 00:00:00:00:00:02 → 00:00:00:00:00:01: s17 -> s4 -> s16
[FLOW_MOD] t=16819.441491559 dpid=s17 action=delete-strict src=00:00:00:00:00:02 dst=00:00:00:00:00:01 in_port=1 out_port=3
[FLOW_MOD] t=16819.441807706 dpid=s17 action=add src=00:00:00:00:00:02 dst=00:00:00:00:00:01 in_port=1 out_port=3
[FLOW_MOD] t=16819.442182820 dpid=s4 action=delete-strict src=00:00:00:00:00:02 dst=00:00:00:00:00:01 in_port=2 out_port=1
[FLOW_MOD] t=16819.442459551 dpid=s4 action=add src=00:00:00:00:00:02 dst=00:00:00:00:00:01 in_port=2 out_port=1
[FLOW_MOD] t=16819.442789709 dpid=s16 action=delete-strict src=00:00:00:00:00:02 dst=00:00:00:00:00:01 in_port=3 out_port=1
[FLOW_MOD] t=16819.443017861 dpid=s16 action=add src=00:00:00:00:00:02 dst=00:00:00:00:00:01 in_port=3 out_port=1
[FLOW_MOD] t=16819.443370638 dpid=s16 action=delete-strict src=00:00:00:00:00:01 dst=00:00:00:00:00:02 in_port=1 out_port=3
[FLOW_MOD] t=16819.443630599 dpid=s16 action=add src=00:00:00:00:00:01 dst=00:00:00:00:00:02 in_port=1 out_port=3
[FLOW_MOD] t=16819.443955784 dpid=s4 action=delete-strict src=00:00:00:00:00:01 dst=00:00:00:00:00:02 in_port=1 out_port=2
[FLOW_MOD] t=16819.444330850 dpid=s4 action=add src=00:00:00:00:00:01 dst=00:00:00:00:00:02 in_port=1 out_port=2
[FLOW_MOD] t=16819.444704881 dpid=s17 action=delete-strict src=00:00:00:00:00:01 dst=00:00:00:00:00:02 in_port=3 out_port=1
[FLOW_MOD] t=16819.445000774 dpid=s17 action=add src=00:00:00:00:00:01 dst=00:00:00:00:00:02 in_port=3 out_port=1
[SPF-DONE] BF s17->s18 reachable=5/10
[PATH-UNREACHABLE] s17->s18: no path in current topology
[ROUTE-INSTALL] 00:00:00:00:00:02→00:00:00:00:00:03 no path (s17→s18)
[SPF-DONE] BF s17->s19 reachable=5/10
[PATH-UNREACHABLE] s17->s19: no path in current topology
[ROUTE-INSTALL] 00:00:00:00:00:02→00:00:00:00:00:04 no path (s17→s19)
[SPF-DONE] BF s18->s16 reachable=5/10
[PATH-UNREACHABLE] s18->s16: no path in current topology
[ROUTE-INSTALL] 00:00:00:00:00:03→00:00:00:00:00:01 no path (s18→s16)
[SPF-DONE] BF s18->s17 reachable=5/10
[PATH-UNREACHABLE] s18->s17: no path in current topology
[ROUTE-INSTALL] 00:00:00:00:00:03→00:00:00:00:00:02 no path (s18→s17)
[SPF-DONE] BF s18->s19 reachable=5/10
[PATH-COMPUTED] s18->s19: 2 hop(s) path=s18 -> s6 -> s19
[FLOW-INSTALL] 00:00:00:00:00:03 → 00:00:00:00:00:04: s18 -> s6 -> s19
[FLOW_MOD] t=16819.459574094 dpid=s18 action=delete-strict src=00:00:00:00:00:03 dst=00:00:00:00:00:04 in_port=1 out_port=3
[FLOW_MOD] t=16819.459851276 dpid=s18 action=add src=00:00:00:00:00:03 dst=00:00:00:00:00:04 in_port=1 out_port=3
[FLOW_MOD] t=16819.460192889 dpid=s6 action=delete-strict src=00:00:00:00:00:03 dst=00:00:00:00:00:04 in_port=1 out_port=2
[FLOW_MOD] t=16819.460453517 dpid=s6 action=add src=00:00:00:00:00:03 dst=00:00:00:00:00:04 in_port=1 out_port=2
[FLOW_MOD] t=16819.460809328 dpid=s19 action=delete-strict src=00:00:00:00:00:03 dst=00:00:00:00:00:04 in_port=3 out_port=1
[FLOW_MOD] t=16819.461071845 dpid=s19 action=add src=00:00:00:00:00:03 dst=00:00:00:00:00:04 in_port=3 out_port=1
[FLOW_MOD] t=16819.461409540 dpid=s19 action=delete-strict src=00:00:00:00:00:04 dst=00:00:00:00:00:03 in_port=1 out_port=3
[FLOW_MOD] t=16819.461649257 dpid=s19 action=add src=00:00:00:00:00:04 dst=00:00:00:00:00:03 in_port=1 out_port=3
[FLOW_MOD] t=16819.461979456 dpid=s6 action=delete-strict src=00:00:00:00:00:04 dst=00:00:00:00:00:03 in_port=2 out_port=1
[FLOW_MOD] t=16819.462217707 dpid=s6 action=add src=00:00:00:00:00:04 dst=00:00:00:00:00:03 in_port=2 out_port=1
[FLOW_MOD] t=16819.462549713 dpid=s18 action=delete-strict src=00:00:00:00:00:04 dst=00:00:00:00:00:03 in_port=3 out_port=1
[FLOW_MOD] t=16819.462793548 dpid=s18 action=add src=00:00:00:00:00:04 dst=00:00:00:00:00:03 in_port=3 out_port=1
[SPF-DONE] BF s19->s16 reachable=5/10
[PATH-UNREACHABLE] s19->s16: no path in current topology
[ROUTE-INSTALL] 00:00:00:00:00:04→00:00:00:00:00:01 no path (s19→s16)
[SPF-DONE] BF s19->s17 reachable=5/10
[PATH-UNREACHABLE] s19->s17: no path in current topology
[ROUTE-INSTALL] 00:00:00:00:00:04→00:00:00:00:00:02 no path (s19→s17)
[SPF-DONE] BF s19->s18 reachable=5/10
[PATH-COMPUTED] s19->s18: 2 hop(s) path=s19 -> s6 -> s18
[FLOW-INSTALL] 00:00:00:00:00:04 → 00:00:00:00:00:03: s19 -> s6 -> s18
[FLOW_MOD] t=16819.473028343 dpid=s19 action=delete-strict src=00:00:00:00:00:04 dst=00:00:00:00:00:03 in_port=1 out_port=3
[FLOW_MOD] t=16819.473327760 dpid=s19 action=add src=00:00:00:00:00:04 dst=00:00:00:00:00:03 in_port=1 out_port=3
[FLOW_MOD] t=16819.473684775 dpid=s6 action=delete-strict src=00:00:00:00:00:04 dst=00:00:00:00:00:03 in_port=2 out_port=1
[FLOW_MOD] t=16819.473957070 dpid=s6 action=add src=00:00:00:00:00:04 dst=00:00:00:00:00:03 in_port=2 out_port=1
[FLOW_MOD] t=16819.474340090 dpid=s18 action=delete-strict src=00:00:00:00:00:04 dst=00:00:00:00:00:03 in_port=3 out_port=1
[FLOW_MOD] t=16819.474717423 dpid=s18 action=add src=00:00:00:00:00:04 dst=00:00:00:00:00:03 in_port=3 out_port=1
[FLOW_MOD] t=16819.475106385 dpid=s18 action=delete-strict src=00:00:00:00:00:03 dst=00:00:00:00:00:04 in_port=1 out_port=3
[FLOW_MOD] t=16819.475377364 dpid=s18 action=add src=00:00:00:00:00:03 dst=00:00:00:00:00:04 in_port=1 out_port=3
[FLOW_MOD] t=16819.475727305 dpid=s6 action=delete-strict src=00:00:00:00:00:03 dst=00:00:00:00:00:04 in_port=1 out_port=2
[FLOW_MOD] t=16819.476066101 dpid=s6 action=add src=00:00:00:00:00:03 dst=00:00:00:00:00:04 in_port=1 out_port=2
[FLOW_MOD] t=16819.476396345 dpid=s19 action=delete-strict src=00:00:00:00:00:03 dst=00:00:00:00:00:04 in_port=3 out_port=1
[FLOW_MOD] t=16819.476664396 dpid=s19 action=add src=00:00:00:00:00:03 dst=00:00:00:00:00:04 in_port=3 out_port=1
[TOPO] route refresh: installed=4 skipped=0 unreachable=8 hosts=4
[PORT_STATUS] t=16819.481002565 s2 port=3 reason=modify
[PORT_STATUS] t=16819.482102019 s2 port=3 reason=delete
[CONVERGENCE-START] id=7 t1=16819.482514919
[PORT_STATUS] t=16819.483922290 s2 port=4 reason=delete
[CONVERGENCE-START-SKIP] id=7 duplicate port-status s2 port=4 reason=delete
[PORT_STATUS] t=16819.486429312 s3 port=3 reason=delete
[CONVERGENCE-START-SKIP] id=7 duplicate port-status s3 port=3 reason=delete
[PORT_STATUS] t=16819.488507857 s1 port=4 reason=delete
[CONVERGENCE-START-SKIP] id=7 duplicate port-status s1 port=4 reason=delete
[PORT_STATUS] t=16819.490019100 s3 port=4 reason=delete
[CONVERGENCE-START-SKIP] id=7 duplicate port-status s3 port=4 reason=delete
[PORT_STATUS] t=16819.509514664 s4 port=1 reason=delete
[CONVERGENCE-START-SKIP] id=7 duplicate port-status s4 port=1 reason=delete
[TOPO-CHANGE] (port-status:delete) switches=11 links=26  delta +0 -2
[TOPO-DOWN] [(4, 16), (16, 4)]
[TOPO-REFRESH] flushing 4 flows, rebuilding routes
[TREE-DONE] root=s1 tree_edges=5 reachable=5/11
[SPF-DONE] BF s16->s17 reachable=5/10
[PATH-COMPUTED] s16->s17: 2 hop(s) path=s16 -> s5 -> s17
[FLOW-INSTALL] 00:00:00:00:00:01 → 00:00:00:00:00:02: s16 -> s5 -> s17
[FLOW_MOD] t=16819.516211741 dpid=s16 action=delete-strict src=00:00:00:00:00:01 dst=00:00:00:00:00:02 in_port=1 out_port=4
[FLOW_MOD] t=16819.516660600 dpid=s16 action=add src=00:00:00:00:00:01 dst=00:00:00:00:00:02 in_port=1 out_port=4
[CONVERGENCE-FLOWMOD] id=7 t2=16819.517019457
[FLOW_MOD] t=16819.517418458 dpid=s5 action=delete-strict src=00:00:00:00:00:01 dst=00:00:00:00:00:02 in_port=1 out_port=2
[FLOW_MOD] t=16819.517743646 dpid=s5 action=add src=00:00:00:00:00:01 dst=00:00:00:00:00:02 in_port=1 out_port=2
[FLOW_MOD] t=16819.518187949 dpid=s17 action=delete-strict src=00:00:00:00:00:01 dst=00:00:00:00:00:02 in_port=4 out_port=1
[FLOW_MOD] t=16819.518482619 dpid=s17 action=add src=00:00:00:00:00:01 dst=00:00:00:00:00:02 in_port=4 out_port=1
[FLOW_MOD] t=16819.518851121 dpid=s17 action=delete-strict src=00:00:00:00:00:02 dst=00:00:00:00:00:01 in_port=1 out_port=4
[FLOW_MOD] t=16819.519103380 dpid=s17 action=add src=00:00:00:00:00:02 dst=00:00:00:00:00:01 in_port=1 out_port=4
[FLOW_MOD] t=16819.519444394 dpid=s5 action=delete-strict src=00:00:00:00:00:02 dst=00:00:00:00:00:01 in_port=2 out_port=1
[FLOW_MOD] t=16819.519714815 dpid=s5 action=add src=00:00:00:00:00:02 dst=00:00:00:00:00:01 in_port=2 out_port=1
[FLOW_MOD] t=16819.520159081 dpid=s16 action=delete-strict src=00:00:00:00:00:02 dst=00:00:00:00:00:01 in_port=4 out_port=1
[FLOW_MOD] t=16819.520462985 dpid=s16 action=add src=00:00:00:00:00:02 dst=00:00:00:00:00:01 in_port=4 out_port=1
[SPF-DONE] BF s16->s18 reachable=5/10
[PATH-UNREACHABLE] s16->s18: no path in current topology
[ROUTE-INSTALL] 00:00:00:00:00:01→00:00:00:00:00:03 no path (s16→s18)
[SPF-DONE] BF s16->s19 reachable=5/10
[PATH-UNREACHABLE] s16->s19: no path in current topology
[ROUTE-INSTALL] 00:00:00:00:00:01→00:00:00:00:00:04 no path (s16→s19)
[SPF-DONE] BF s17->s16 reachable=5/10
[PATH-COMPUTED] s17->s16: 2 hop(s) path=s17 -> s5 -> s16
[FLOW-INSTALL] 00:00:00:00:00:02 → 00:00:00:00:00:01: s17 -> s5 -> s16
[FLOW_MOD] t=16819.532337673 dpid=s17 action=delete-strict src=00:00:00:00:00:02 dst=00:00:00:00:00:01 in_port=1 out_port=4
[FLOW_MOD] t=16819.532737283 dpid=s17 action=add src=00:00:00:00:00:02 dst=00:00:00:00:00:01 in_port=1 out_port=4
[FLOW_MOD] t=16819.533283159 dpid=s5 action=delete-strict src=00:00:00:00:00:02 dst=00:00:00:00:00:01 in_port=2 out_port=1
[FLOW_MOD] t=16819.533609007 dpid=s5 action=add src=00:00:00:00:00:02 dst=00:00:00:00:00:01 in_port=2 out_port=1
[FLOW_MOD] t=16819.533976039 dpid=s16 action=delete-strict src=00:00:00:00:00:02 dst=00:00:00:00:00:01 in_port=4 out_port=1
[FLOW_MOD] t=16819.534295740 dpid=s16 action=add src=00:00:00:00:00:02 dst=00:00:00:00:00:01 in_port=4 out_port=1
[FLOW_MOD] t=16819.535922101 dpid=s16 action=delete-strict src=00:00:00:00:00:01 dst=00:00:00:00:00:02 in_port=1 out_port=4
[FLOW_MOD] t=16819.536338505 dpid=s16 action=add src=00:00:00:00:00:01 dst=00:00:00:00:00:02 in_port=1 out_port=4
[FLOW_MOD] t=16819.536799626 dpid=s5 action=delete-strict src=00:00:00:00:00:01 dst=00:00:00:00:00:02 in_port=1 out_port=2
[FLOW_MOD] t=16819.537104080 dpid=s5 action=add src=00:00:00:00:00:01 dst=00:00:00:00:00:02 in_port=1 out_port=2
[FLOW_MOD] t=16819.537538704 dpid=s17 action=delete-strict src=00:00:00:00:00:01 dst=00:00:00:00:00:02 in_port=4 out_port=1
[FLOW_MOD] t=16819.537828433 dpid=s17 action=add src=00:00:00:00:00:01 dst=00:00:00:00:00:02 in_port=4 out_port=1
[SPF-DONE] BF s17->s18 reachable=5/10
[PATH-UNREACHABLE] s17->s18: no path in current topology
[ROUTE-INSTALL] 00:00:00:00:00:02→00:00:00:00:00:03 no path (s17→s18)
[SPF-DONE] BF s17->s19 reachable=5/10
[PATH-UNREACHABLE] s17->s19: no path in current topology
[ROUTE-INSTALL] 00:00:00:00:00:02→00:00:00:00:00:04 no path (s17→s19)
[SPF-DONE] BF s18->s16 reachable=5/10
[PATH-UNREACHABLE] s18->s16: no path in current topology
[ROUTE-INSTALL] 00:00:00:00:00:03→00:00:00:00:00:01 no path (s18→s16)
[SPF-DONE] BF s18->s17 reachable=5/10
[PATH-UNREACHABLE] s18->s17: no path in current topology
[ROUTE-INSTALL] 00:00:00:00:00:03→00:00:00:00:00:02 no path (s18→s17)
[SPF-DONE] BF s18->s19 reachable=5/10
[PATH-COMPUTED] s18->s19: 2 hop(s) path=s18 -> s6 -> s19
[FLOW-INSTALL] 00:00:00:00:00:03 → 00:00:00:00:00:04: s18 -> s6 -> s19
[FLOW_MOD] t=16819.560951246 dpid=s18 action=delete-strict src=00:00:00:00:00:03 dst=00:00:00:00:00:04 in_port=1 out_port=3
[FLOW_MOD] t=16819.562541555 dpid=s18 action=add src=00:00:00:00:00:03 dst=00:00:00:00:00:04 in_port=1 out_port=3
[FLOW_MOD] t=16819.563737785 dpid=s6 action=delete-strict src=00:00:00:00:00:03 dst=00:00:00:00:00:04 in_port=1 out_port=2
[FLOW_MOD] t=16819.564374012 dpid=s6 action=add src=00:00:00:00:00:03 dst=00:00:00:00:00:04 in_port=1 out_port=2
[FLOW_MOD] t=16819.565031313 dpid=s19 action=delete-strict src=00:00:00:00:00:03 dst=00:00:00:00:00:04 in_port=3 out_port=1
[FLOW_MOD] t=16819.565417950 dpid=s19 action=add src=00:00:00:00:00:03 dst=00:00:00:00:00:04 in_port=3 out_port=1
[FLOW_MOD] t=16819.566380687 dpid=s19 action=delete-strict src=00:00:00:00:00:04 dst=00:00:00:00:00:03 in_port=1 out_port=3
[FLOW_MOD] t=16819.568600411 dpid=s19 action=add src=00:00:00:00:00:04 dst=00:00:00:00:00:03 in_port=1 out_port=3
[FLOW_MOD] t=16819.569328056 dpid=s6 action=delete-strict src=00:00:00:00:00:04 dst=00:00:00:00:00:03 in_port=2 out_port=1
[FLOW_MOD] t=16819.569751272 dpid=s6 action=add src=00:00:00:00:00:04 dst=00:00:00:00:00:03 in_port=2 out_port=1
[FLOW_MOD] t=16819.570245526 dpid=s18 action=delete-strict src=00:00:00:00:00:04 dst=00:00:00:00:00:03 in_port=3 out_port=1
[FLOW_MOD] t=16819.570636837 dpid=s18 action=add src=00:00:00:00:00:04 dst=00:00:00:00:00:03 in_port=3 out_port=1
[SPF-DONE] BF s19->s16 reachable=5/10
[PATH-UNREACHABLE] s19->s16: no path in current topology
[ROUTE-INSTALL] 00:00:00:00:00:04→00:00:00:00:00:01 no path (s19→s16)
[SPF-DONE] BF s19->s17 reachable=5/10
[PATH-UNREACHABLE] s19->s17: no path in current topology
[ROUTE-INSTALL] 00:00:00:00:00:04→00:00:00:00:00:02 no path (s19→s17)
[SPF-DONE] BF s19->s18 reachable=5/10
[PATH-COMPUTED] s19->s18: 2 hop(s) path=s19 -> s6 -> s18
[FLOW-INSTALL] 00:00:00:00:00:04 → 00:00:00:00:00:03: s19 -> s6 -> s18
[FLOW_MOD] t=16819.588299069 dpid=s19 action=delete-strict src=00:00:00:00:00:04 dst=00:00:00:00:00:03 in_port=1 out_port=3
[FLOW_MOD] t=16819.588711024 dpid=s19 action=add src=00:00:00:00:00:04 dst=00:00:00:00:00:03 in_port=1 out_port=3
[FLOW_MOD] t=16819.589174085 dpid=s6 action=delete-strict src=00:00:00:00:00:04 dst=00:00:00:00:00:03 in_port=2 out_port=1
[FLOW_MOD] t=16819.589485126 dpid=s6 action=add src=00:00:00:00:00:04 dst=00:00:00:00:00:03 in_port=2 out_port=1
[FLOW_MOD] t=16819.589927348 dpid=s18 action=delete-strict src=00:00:00:00:00:04 dst=00:00:00:00:00:03 in_port=3 out_port=1
[FLOW_MOD] t=16819.590260801 dpid=s18 action=add src=00:00:00:00:00:04 dst=00:00:00:00:00:03 in_port=3 out_port=1
[FLOW_MOD] t=16819.590660207 dpid=s18 action=delete-strict src=00:00:00:00:00:03 dst=00:00:00:00:00:04 in_port=1 out_port=3
[FLOW_MOD] t=16819.590949207 dpid=s18 action=add src=00:00:00:00:00:03 dst=00:00:00:00:00:04 in_port=1 out_port=3
[FLOW_MOD] t=16819.591312869 dpid=s6 action=delete-strict src=00:00:00:00:00:03 dst=00:00:00:00:00:04 in_port=1 out_port=2
[FLOW_MOD] t=16819.591585217 dpid=s6 action=add src=00:00:00:00:00:03 dst=00:00:00:00:00:04 in_port=1 out_port=2
[FLOW_MOD] t=16819.592138675 dpid=s19 action=delete-strict src=00:00:00:00:00:03 dst=00:00:00:00:00:04 in_port=3 out_port=1
[FLOW_MOD] t=16819.592797988 dpid=s19 action=add src=00:00:00:00:00:03 dst=00:00:00:00:00:04 in_port=3 out_port=1
[TOPO] route refresh: installed=4 skipped=0 unreachable=8 hosts=4
[CONVERGENCE-END] id=7 convergence_ms=34.505 installed=4 skipped=0 unreachable=8 hosts=4
[TOPO-CHANGE] (LLDP topology event) switches=11 links=24  delta +0 -2
[TOPO-DOWN] [(4, 17), (17, 4)]
[TOPO-REFRESH] flushing 4 flows, rebuilding routes
[TREE-DONE] root=s1 tree_edges=5 reachable=5/11
[SPF-DONE] BF s16->s17 reachable=5/10
[PATH-COMPUTED] s16->s17: 2 hop(s) path=s16 -> s5 -> s17
[FLOW-INSTALL] 00:00:00:00:00:01 → 00:00:00:00:00:02: s16 -> s5 -> s17
[FLOW_MOD] t=16819.601550383 dpid=s16 action=delete-strict src=00:00:00:00:00:01 dst=00:00:00:00:00:02 in_port=1 out_port=4
[FLOW_MOD] t=16819.601888677 dpid=s16 action=add src=00:00:00:00:00:01 dst=00:00:00:00:00:02 in_port=1 out_port=4
[FLOW_MOD] t=16819.602321052 dpid=s5 action=delete-strict src=00:00:00:00:00:01 dst=00:00:00:00:00:02 in_port=1 out_port=2
[FLOW_MOD] t=16819.602621293 dpid=s5 action=add src=00:00:00:00:00:01 dst=00:00:00:00:00:02 in_port=1 out_port=2
[FLOW_MOD] t=16819.603095822 dpid=s17 action=delete-strict src=00:00:00:00:00:01 dst=00:00:00:00:00:02 in_port=4 out_port=1
[FLOW_MOD] t=16819.603550455 dpid=s17 action=add src=00:00:00:00:00:01 dst=00:00:00:00:00:02 in_port=4 out_port=1
[FLOW_MOD] t=16819.604041097 dpid=s17 action=delete-strict src=00:00:00:00:00:02 dst=00:00:00:00:00:01 in_port=1 out_port=4
[FLOW_MOD] t=16819.605493988 dpid=s17 action=add src=00:00:00:00:00:02 dst=00:00:00:00:00:01 in_port=1 out_port=4
[FLOW_MOD] t=16819.606050749 dpid=s5 action=delete-strict src=00:00:00:00:00:02 dst=00:00:00:00:00:01 in_port=2 out_port=1
[FLOW_MOD] t=16819.606343823 dpid=s5 action=add src=00:00:00:00:00:02 dst=00:00:00:00:00:01 in_port=2 out_port=1
[FLOW_MOD] t=16819.606678468 dpid=s16 action=delete-strict src=00:00:00:00:00:02 dst=00:00:00:00:00:01 in_port=4 out_port=1
[FLOW_MOD] t=16819.607028679 dpid=s16 action=add src=00:00:00:00:00:02 dst=00:00:00:00:00:01 in_port=4 out_port=1
[SPF-DONE] BF s16->s18 reachable=5/10
[PATH-UNREACHABLE] s16->s18: no path in current topology
[ROUTE-INSTALL] 00:00:00:00:00:01→00:00:00:00:00:03 no path (s16→s18)
[SPF-DONE] BF s16->s19 reachable=5/10
[PATH-UNREACHABLE] s16->s19: no path in current topology
[ROUTE-INSTALL] 00:00:00:00:00:01→00:00:00:00:00:04 no path (s16→s19)
[SPF-DONE] BF s17->s16 reachable=5/10
[PATH-COMPUTED] s17->s16: 2 hop(s) path=s17 -> s5 -> s16
[FLOW-INSTALL] 00:00:00:00:00:02 → 00:00:00:00:00:01: s17 -> s5 -> s16
[FLOW_MOD] t=16819.619094863 dpid=s17 action=delete-strict src=00:00:00:00:00:02 dst=00:00:00:00:00:01 in_port=1 out_port=4
[FLOW_MOD] t=16819.619467795 dpid=s17 action=add src=00:00:00:00:00:02 dst=00:00:00:00:00:01 in_port=1 out_port=4
[FLOW_MOD] t=16819.619870898 dpid=s5 action=delete-strict src=00:00:00:00:00:02 dst=00:00:00:00:00:01 in_port=2 out_port=1
[FLOW_MOD] t=16819.620191984 dpid=s5 action=add src=00:00:00:00:00:02 dst=00:00:00:00:00:01 in_port=2 out_port=1
[FLOW_MOD] t=16819.620635595 dpid=s16 action=delete-strict src=00:00:00:00:00:02 dst=00:00:00:00:00:01 in_port=4 out_port=1
[FLOW_MOD] t=16819.620951856 dpid=s16 action=add src=00:00:00:00:00:02 dst=00:00:00:00:00:01 in_port=4 out_port=1
[FLOW_MOD] t=16819.621386420 dpid=s16 action=delete-strict src=00:00:00:00:00:01 dst=00:00:00:00:00:02 in_port=1 out_port=4
[FLOW_MOD] t=16819.621679127 dpid=s16 action=add src=00:00:00:00:00:01 dst=00:00:00:00:00:02 in_port=1 out_port=4
[FLOW_MOD] t=16819.622095078 dpid=s5 action=delete-strict src=00:00:00:00:00:01 dst=00:00:00:00:00:02 in_port=1 out_port=2
[FLOW_MOD] t=16819.622410041 dpid=s5 action=add src=00:00:00:00:00:01 dst=00:00:00:00:00:02 in_port=1 out_port=2
[FLOW_MOD] t=16819.622857012 dpid=s17 action=delete-strict src=00:00:00:00:00:01 dst=00:00:00:00:00:02 in_port=4 out_port=1
[FLOW_MOD] t=16819.623174122 dpid=s17 action=add src=00:00:00:00:00:01 dst=00:00:00:00:00:02 in_port=4 out_port=1
[SPF-DONE] BF s17->s18 reachable=5/10
[PATH-UNREACHABLE] s17->s18: no path in current topology
[ROUTE-INSTALL] 00:00:00:00:00:02→00:00:00:00:00:03 no path (s17→s18)
[SPF-DONE] BF s17->s19 reachable=5/10
[PATH-UNREACHABLE] s17->s19: no path in current topology
[ROUTE-INSTALL] 00:00:00:00:00:02→00:00:00:00:00:04 no path (s17→s19)
[SPF-DONE] BF s18->s16 reachable=5/10
[PATH-UNREACHABLE] s18->s16: no path in current topology
[ROUTE-INSTALL] 00:00:00:00:00:03→00:00:00:00:00:01 no path (s18→s16)
[SPF-DONE] BF s18->s17 reachable=5/10
[PATH-UNREACHABLE] s18->s17: no path in current topology
[ROUTE-INSTALL] 00:00:00:00:00:03→00:00:00:00:00:02 no path (s18→s17)
[SPF-DONE] BF s18->s19 reachable=5/10
[PATH-COMPUTED] s18->s19: 2 hop(s) path=s18 -> s6 -> s19
[FLOW-INSTALL] 00:00:00:00:00:03 → 00:00:00:00:00:04: s18 -> s6 -> s19
[FLOW_MOD] t=16819.643435746 dpid=s18 action=delete-strict src=00:00:00:00:00:03 dst=00:00:00:00:00:04 in_port=1 out_port=3
[FLOW_MOD] t=16819.643763650 dpid=s18 action=add src=00:00:00:00:00:03 dst=00:00:00:00:00:04 in_port=1 out_port=3
[FLOW_MOD] t=16819.644219137 dpid=s6 action=delete-strict src=00:00:00:00:00:03 dst=00:00:00:00:00:04 in_port=1 out_port=2
[FLOW_MOD] t=16819.644518426 dpid=s6 action=add src=00:00:00:00:00:03 dst=00:00:00:00:00:04 in_port=1 out_port=2
[FLOW_MOD] t=16819.644888384 dpid=s19 action=delete-strict src=00:00:00:00:00:03 dst=00:00:00:00:00:04 in_port=3 out_port=1
[FLOW_MOD] t=16819.645256874 dpid=s19 action=add src=00:00:00:00:00:03 dst=00:00:00:00:00:04 in_port=3 out_port=1
[FLOW_MOD] t=16819.645612894 dpid=s19 action=delete-strict src=00:00:00:00:00:04 dst=00:00:00:00:00:03 in_port=1 out_port=3
[FLOW_MOD] t=16819.645906797 dpid=s19 action=add src=00:00:00:00:00:04 dst=00:00:00:00:00:03 in_port=1 out_port=3
[FLOW_MOD] t=16819.646330819 dpid=s6 action=delete-strict src=00:00:00:00:00:04 dst=00:00:00:00:00:03 in_port=2 out_port=1
[FLOW_MOD] t=16819.646765961 dpid=s6 action=add src=00:00:00:00:00:04 dst=00:00:00:00:00:03 in_port=2 out_port=1
[FLOW_MOD] t=16819.647136466 dpid=s18 action=delete-strict src=00:00:00:00:00:04 dst=00:00:00:00:00:03 in_port=3 out_port=1
[FLOW_MOD] t=16819.647418064 dpid=s18 action=add src=00:00:00:00:00:04 dst=00:00:00:00:00:03 in_port=3 out_port=1
[SPF-DONE] BF s19->s16 reachable=5/10
[PATH-UNREACHABLE] s19->s16: no path in current topology
[ROUTE-INSTALL] 00:00:00:00:00:04→00:00:00:00:00:01 no path (s19→s16)
[SPF-DONE] BF s19->s17 reachable=5/10
[PATH-UNREACHABLE] s19->s17: no path in current topology
[ROUTE-INSTALL] 00:00:00:00:00:04→00:00:00:00:00:02 no path (s19→s17)
[SPF-DONE] BF s19->s18 reachable=5/10
[PATH-COMPUTED] s19->s18: 2 hop(s) path=s19 -> s6 -> s18
[FLOW-INSTALL] 00:00:00:00:00:04 → 00:00:00:00:00:03: s19 -> s6 -> s18
[FLOW_MOD] t=16819.661212447 dpid=s19 action=delete-strict src=00:00:00:00:00:04 dst=00:00:00:00:00:03 in_port=1 out_port=3
[FLOW_MOD] t=16819.661597321 dpid=s19 action=add src=00:00:00:00:00:04 dst=00:00:00:00:00:03 in_port=1 out_port=3
[FLOW_MOD] t=16819.662005681 dpid=s6 action=delete-strict src=00:00:00:00:00:04 dst=00:00:00:00:00:03 in_port=2 out_port=1
[FLOW_MOD] t=16819.662329044 dpid=s6 action=add src=00:00:00:00:00:04 dst=00:00:00:00:00:03 in_port=2 out_port=1
[FLOW_MOD] t=16819.662792061 dpid=s18 action=delete-strict src=00:00:00:00:00:04 dst=00:00:00:00:00:03 in_port=3 out_port=1
[FLOW_MOD] t=16819.663527327 dpid=s18 action=add src=00:00:00:00:00:04 dst=00:00:00:00:00:03 in_port=3 out_port=1
[FLOW_MOD] t=16819.664161069 dpid=s18 action=delete-strict src=00:00:00:00:00:03 dst=00:00:00:00:00:04 in_port=1 out_port=3
[FLOW_MOD] t=16819.664515735 dpid=s18 action=add src=00:00:00:00:00:03 dst=00:00:00:00:00:04 in_port=1 out_port=3
[FLOW_MOD] t=16819.664970503 dpid=s6 action=delete-strict src=00:00:00:00:00:03 dst=00:00:00:00:00:04 in_port=1 out_port=2
[FLOW_MOD] t=16819.665317206 dpid=s6 action=add src=00:00:00:00:00:03 dst=00:00:00:00:00:04 in_port=1 out_port=2
[FLOW_MOD] t=16819.665793769 dpid=s19 action=delete-strict src=00:00:00:00:00:03 dst=00:00:00:00:00:04 in_port=3 out_port=1
[FLOW_MOD] t=16819.666146243 dpid=s19 action=add src=00:00:00:00:00:03 dst=00:00:00:00:00:04 in_port=3 out_port=1
[TOPO] route refresh: installed=4 skipped=0 unreachable=8 hosts=4
[TOPO-CHANGE] (LLDP topology event) switches=11 links=22  delta +0 -2
[TOPO-DOWN] [(1, 4), (4, 1)]
[TOPO-REFRESH] flushing 4 flows, rebuilding routes
[TREE-DONE] root=s1 tree_edges=5 reachable=5/11
[SPF-DONE] BF s16->s17 reachable=5/10
[PATH-COMPUTED] s16->s17: 2 hop(s) path=s16 -> s5 -> s17
[FLOW-INSTALL] 00:00:00:00:00:01 → 00:00:00:00:00:02: s16 -> s5 -> s17
[FLOW_MOD] t=16819.677943074 dpid=s16 action=delete-strict src=00:00:00:00:00:01 dst=00:00:00:00:00:02 in_port=1 out_port=4
[FLOW_MOD] t=16819.678464462 dpid=s16 action=add src=00:00:00:00:00:01 dst=00:00:00:00:00:02 in_port=1 out_port=4
[FLOW_MOD] t=16819.678947662 dpid=s5 action=delete-strict src=00:00:00:00:00:01 dst=00:00:00:00:00:02 in_port=1 out_port=2
[FLOW_MOD] t=16819.679348820 dpid=s5 action=add src=00:00:00:00:00:01 dst=00:00:00:00:00:02 in_port=1 out_port=2
[FLOW_MOD] t=16819.679741874 dpid=s17 action=delete-strict src=00:00:00:00:00:01 dst=00:00:00:00:00:02 in_port=4 out_port=1
[FLOW_MOD] t=16819.680177677 dpid=s17 action=add src=00:00:00:00:00:01 dst=00:00:00:00:00:02 in_port=4 out_port=1
[FLOW_MOD] t=16819.680546445 dpid=s17 action=delete-strict src=00:00:00:00:00:02 dst=00:00:00:00:00:01 in_port=1 out_port=4
[FLOW_MOD] t=16819.680828654 dpid=s17 action=add src=00:00:00:00:00:02 dst=00:00:00:00:00:01 in_port=1 out_port=4
[FLOW_MOD] t=16819.681178722 dpid=s5 action=delete-strict src=00:00:00:00:00:02 dst=00:00:00:00:00:01 in_port=2 out_port=1
[FLOW_MOD] t=16819.681602954 dpid=s5 action=add src=00:00:00:00:00:02 dst=00:00:00:00:00:01 in_port=2 out_port=1
[FLOW_MOD] t=16819.682996420 dpid=s16 action=delete-strict src=00:00:00:00:00:02 dst=00:00:00:00:00:01 in_port=4 out_port=1
[FLOW_MOD] t=16819.683407209 dpid=s16 action=add src=00:00:00:00:00:02 dst=00:00:00:00:00:01 in_port=4 out_port=1
[SPF-DONE] BF s16->s18 reachable=5/10
[PATH-UNREACHABLE] s16->s18: no path in current topology
[ROUTE-INSTALL] 00:00:00:00:00:01→00:00:00:00:00:03 no path (s16→s18)
[SPF-DONE] BF s16->s19 reachable=5/10
[PATH-UNREACHABLE] s16->s19: no path in current topology
[ROUTE-INSTALL] 00:00:00:00:00:01→00:00:00:00:00:04 no path (s16→s19)
[SPF-DONE] BF s17->s16 reachable=5/10
[PATH-COMPUTED] s17->s16: 2 hop(s) path=s17 -> s5 -> s16
[FLOW-INSTALL] 00:00:00:00:00:02 → 00:00:00:00:00:01: s17 -> s5 -> s16
[FLOW_MOD] t=16819.699511778 dpid=s17 action=delete-strict src=00:00:00:00:00:02 dst=00:00:00:00:00:01 in_port=1 out_port=4
[FLOW_MOD] t=16819.699957371 dpid=s17 action=add src=00:00:00:00:00:02 dst=00:00:00:00:00:01 in_port=1 out_port=4
[FLOW_MOD] t=16819.700470388 dpid=s5 action=delete-strict src=00:00:00:00:00:02 dst=00:00:00:00:00:01 in_port=2 out_port=1
[FLOW_MOD] t=16819.700760365 dpid=s5 action=add src=00:00:00:00:00:02 dst=00:00:00:00:00:01 in_port=2 out_port=1
[FLOW_MOD] t=16819.701141821 dpid=s16 action=delete-strict src=00:00:00:00:00:02 dst=00:00:00:00:00:01 in_port=4 out_port=1
[FLOW_MOD] t=16819.701420518 dpid=s16 action=add src=00:00:00:00:00:02 dst=00:00:00:00:00:01 in_port=4 out_port=1
[FLOW_MOD] t=16819.701782216 dpid=s16 action=delete-strict src=00:00:00:00:00:01 dst=00:00:00:00:00:02 in_port=1 out_port=4
[FLOW_MOD] t=16819.702065064 dpid=s16 action=add src=00:00:00:00:00:01 dst=00:00:00:00:00:02 in_port=1 out_port=4
[FLOW_MOD] t=16819.702409296 dpid=s5 action=delete-strict src=00:00:00:00:00:01 dst=00:00:00:00:00:02 in_port=1 out_port=2
[FLOW_MOD] t=16819.702692640 dpid=s5 action=add src=00:00:00:00:00:01 dst=00:00:00:00:00:02 in_port=1 out_port=2
[FLOW_MOD] t=16819.703024735 dpid=s17 action=delete-strict src=00:00:00:00:00:01 dst=00:00:00:00:00:02 in_port=4 out_port=1
[FLOW_MOD] t=16819.703272452 dpid=s17 action=add src=00:00:00:00:00:01 dst=00:00:00:00:00:02 in_port=4 out_port=1
[SPF-DONE] BF s17->s18 reachable=5/10
[PATH-UNREACHABLE] s17->s18: no path in current topology
[ROUTE-INSTALL] 00:00:00:00:00:02→00:00:00:00:00:03 no path (s17→s18)
[SPF-DONE] BF s17->s19 reachable=5/10
[PATH-UNREACHABLE] s17->s19: no path in current topology
[ROUTE-INSTALL] 00:00:00:00:00:02→00:00:00:00:00:04 no path (s17→s19)
[SPF-DONE] BF s18->s16 reachable=5/10
[PATH-UNREACHABLE] s18->s16: no path in current topology
[ROUTE-INSTALL] 00:00:00:00:00:03→00:00:00:00:00:01 no path (s18→s16)
[SPF-DONE] BF s18->s17 reachable=5/10
[PATH-UNREACHABLE] s18->s17: no path in current topology
[ROUTE-INSTALL] 00:00:00:00:00:03→00:00:00:00:00:02 no path (s18→s17)
[SPF-DONE] BF s18->s19 reachable=5/10
[PATH-COMPUTED] s18->s19: 2 hop(s) path=s18 -> s6 -> s19
[FLOW-INSTALL] 00:00:00:00:00:03 → 00:00:00:00:00:04: s18 -> s6 -> s19
[FLOW_MOD] t=16819.722312538 dpid=s18 action=delete-strict src=00:00:00:00:00:03 dst=00:00:00:00:00:04 in_port=1 out_port=3
[FLOW_MOD] t=16819.722634381 dpid=s18 action=add src=00:00:00:00:00:03 dst=00:00:00:00:00:04 in_port=1 out_port=3
[FLOW_MOD] t=16819.723025248 dpid=s6 action=delete-strict src=00:00:00:00:00:03 dst=00:00:00:00:00:04 in_port=1 out_port=2
[FLOW_MOD] t=16819.723324723 dpid=s6 action=add src=00:00:00:00:00:03 dst=00:00:00:00:00:04 in_port=1 out_port=2
[FLOW_MOD] t=16819.723743206 dpid=s19 action=delete-strict src=00:00:00:00:00:03 dst=00:00:00:00:00:04 in_port=3 out_port=1
[FLOW_MOD] t=16819.724088448 dpid=s19 action=add src=00:00:00:00:00:03 dst=00:00:00:00:00:04 in_port=3 out_port=1
[FLOW_MOD] t=16819.724596734 dpid=s19 action=delete-strict src=00:00:00:00:00:04 dst=00:00:00:00:00:03 in_port=1 out_port=3
[FLOW_MOD] t=16819.724925862 dpid=s19 action=add src=00:00:00:00:00:04 dst=00:00:00:00:00:03 in_port=1 out_port=3
[FLOW_MOD] t=16819.725302170 dpid=s6 action=delete-strict src=00:00:00:00:00:04 dst=00:00:00:00:00:03 in_port=2 out_port=1
[FLOW_MOD] t=16819.725646880 dpid=s6 action=add src=00:00:00:00:00:04 dst=00:00:00:00:00:03 in_port=2 out_port=1
[FLOW_MOD] t=16819.726043643 dpid=s18 action=delete-strict src=00:00:00:00:00:04 dst=00:00:00:00:00:03 in_port=3 out_port=1
[FLOW_MOD] t=16819.726328783 dpid=s18 action=add src=00:00:00:00:00:04 dst=00:00:00:00:00:03 in_port=3 out_port=1
[SPF-DONE] BF s19->s16 reachable=5/10
[PATH-UNREACHABLE] s19->s16: no path in current topology
[ROUTE-INSTALL] 00:00:00:00:00:04→00:00:00:00:00:01 no path (s19→s16)
[SPF-DONE] BF s19->s17 reachable=5/10
[PATH-UNREACHABLE] s19->s17: no path in current topology
[ROUTE-INSTALL] 00:00:00:00:00:04→00:00:00:00:00:02 no path (s19→s17)
[SPF-DONE] BF s19->s18 reachable=5/10
[PATH-COMPUTED] s19->s18: 2 hop(s) path=s19 -> s6 -> s18
[FLOW-INSTALL] 00:00:00:00:00:04 → 00:00:00:00:00:03: s19 -> s6 -> s18
[FLOW_MOD] t=16819.739372787 dpid=s19 action=delete-strict src=00:00:00:00:00:04 dst=00:00:00:00:00:03 in_port=1 out_port=3
[FLOW_MOD] t=16819.739699070 dpid=s19 action=add src=00:00:00:00:00:04 dst=00:00:00:00:00:03 in_port=1 out_port=3
[FLOW_MOD] t=16819.740167547 dpid=s6 action=delete-strict src=00:00:00:00:00:04 dst=00:00:00:00:00:03 in_port=2 out_port=1
[FLOW_MOD] t=16819.740492063 dpid=s6 action=add src=00:00:00:00:00:04 dst=00:00:00:00:00:03 in_port=2 out_port=1
[FLOW_MOD] t=16819.740899155 dpid=s18 action=delete-strict src=00:00:00:00:00:04 dst=00:00:00:00:00:03 in_port=3 out_port=1
[FLOW_MOD] t=16819.741227400 dpid=s18 action=add src=00:00:00:00:00:04 dst=00:00:00:00:00:03 in_port=3 out_port=1
[FLOW_MOD] t=16819.741634574 dpid=s18 action=delete-strict src=00:00:00:00:00:03 dst=00:00:00:00:00:04 in_port=1 out_port=3
[FLOW_MOD] t=16819.741905396 dpid=s18 action=add src=00:00:00:00:00:03 dst=00:00:00:00:00:04 in_port=1 out_port=3
[FLOW_MOD] t=16819.742246541 dpid=s6 action=delete-strict src=00:00:00:00:00:03 dst=00:00:00:00:00:04 in_port=1 out_port=2
[FLOW_MOD] t=16819.742520628 dpid=s6 action=add src=00:00:00:00:00:03 dst=00:00:00:00:00:04 in_port=1 out_port=2
[FLOW_MOD] t=16819.742865469 dpid=s19 action=delete-strict src=00:00:00:00:00:03 dst=00:00:00:00:00:04 in_port=3 out_port=1
[FLOW_MOD] t=16819.743130119 dpid=s19 action=add src=00:00:00:00:00:03 dst=00:00:00:00:00:04 in_port=3 out_port=1
[TOPO] route refresh: installed=4 skipped=0 unreachable=8 hosts=4
[PORT_STATUS] t=16819.745502035 s16 port=3 reason=delete
[CONVERGENCE-START] id=8 t1=16819.745848121
[PORT_STATUS] t=16819.746398633 s4 port=2 reason=delete
[CONVERGENCE-START-SKIP] id=8 duplicate port-status s4 port=2 reason=delete
[PORT_STATUS] t=16819.747063619 s17 port=3 reason=delete
[CONVERGENCE-START-SKIP] id=8 duplicate port-status s17 port=3 reason=delete
[PORT_STATUS] t=16819.748406132 s4 port=4 reason=modify
[PORT_STATUS] t=16819.748958708 s4 port=4 reason=delete
[CONVERGENCE-START-SKIP] id=8 duplicate port-status s4 port=4 reason=delete
[PORT_STATUS] t=16819.749581043 s1 port=1 reason=modify
[PORT_STATUS] t=16819.751207384 s1 port=1 reason=delete
[CONVERGENCE-START-SKIP] id=8 duplicate port-status s1 port=1 reason=delete
[PORT_STATUS] t=16819.755656395 s5 port=3 reason=delete
[CONVERGENCE-START-SKIP] id=8 duplicate port-status s5 port=3 reason=delete
[TOPO-CHANGE] (port-status:delete) switches=11 links=20  delta +0 -2
[TOPO-DOWN] [(4, 5), (5, 4)]
[TOPO-REFRESH] flushing 4 flows, rebuilding routes
[TREE-DONE] root=s1 tree_edges=4 reachable=4/11
[SPF-DONE] BF s16->s17 reachable=4/9
[PATH-COMPUTED] s16->s17: 2 hop(s) path=s16 -> s5 -> s17
[FLOW-INSTALL] 00:00:00:00:00:01 → 00:00:00:00:00:02: s16 -> s5 -> s17
[FLOW_MOD] t=16819.762951729 dpid=s16 action=delete-strict src=00:00:00:00:00:01 dst=00:00:00:00:00:02 in_port=1 out_port=4
[FLOW_MOD] t=16819.763279416 dpid=s16 action=add src=00:00:00:00:00:01 dst=00:00:00:00:00:02 in_port=1 out_port=4
[CONVERGENCE-FLOWMOD] id=8 t2=16819.763549831
[FLOW_MOD] t=16819.763887524 dpid=s5 action=delete-strict src=00:00:00:00:00:01 dst=00:00:00:00:00:02 in_port=1 out_port=2
[FLOW_MOD] t=16819.764263941 dpid=s5 action=add src=00:00:00:00:00:01 dst=00:00:00:00:00:02 in_port=1 out_port=2
[FLOW_MOD] t=16819.764631931 dpid=s17 action=delete-strict src=00:00:00:00:00:01 dst=00:00:00:00:00:02 in_port=4 out_port=1
[FLOW_MOD] t=16819.764899971 dpid=s17 action=add src=00:00:00:00:00:01 dst=00:00:00:00:00:02 in_port=4 out_port=1
[FLOW_MOD] t=16819.765231132 dpid=s17 action=delete-strict src=00:00:00:00:00:02 dst=00:00:00:00:00:01 in_port=1 out_port=4
[FLOW_MOD] t=16819.765482461 dpid=s17 action=add src=00:00:00:00:00:02 dst=00:00:00:00:00:01 in_port=1 out_port=4
[FLOW_MOD] t=16819.765908241 dpid=s5 action=delete-strict src=00:00:00:00:00:02 dst=00:00:00:00:00:01 in_port=2 out_port=1
[FLOW_MOD] t=16819.766197479 dpid=s5 action=add src=00:00:00:00:00:02 dst=00:00:00:00:00:01 in_port=2 out_port=1
[FLOW_MOD] t=16819.766533275 dpid=s16 action=delete-strict src=00:00:00:00:00:02 dst=00:00:00:00:00:01 in_port=4 out_port=1
[FLOW_MOD] t=16819.766797806 dpid=s16 action=add src=00:00:00:00:00:02 dst=00:00:00:00:00:01 in_port=4 out_port=1
[SPF-DONE] BF s16->s18 reachable=4/9
[PATH-UNREACHABLE] s16->s18: no path in current topology
[ROUTE-INSTALL] 00:00:00:00:00:01→00:00:00:00:00:03 no path (s16→s18)
[SPF-DONE] BF s16->s19 reachable=4/9
[PATH-UNREACHABLE] s16->s19: no path in current topology
[ROUTE-INSTALL] 00:00:00:00:00:01→00:00:00:00:00:04 no path (s16→s19)
[SPF-DONE] BF s17->s16 reachable=4/9
[PATH-COMPUTED] s17->s16: 2 hop(s) path=s17 -> s5 -> s16
[FLOW-INSTALL] 00:00:00:00:00:02 → 00:00:00:00:00:01: s17 -> s5 -> s16
[FLOW_MOD] t=16819.778061619 dpid=s17 action=delete-strict src=00:00:00:00:00:02 dst=00:00:00:00:00:01 in_port=1 out_port=4
[FLOW_MOD] t=16819.778428171 dpid=s17 action=add src=00:00:00:00:00:02 dst=00:00:00:00:00:01 in_port=1 out_port=4
[FLOW_MOD] t=16819.778809884 dpid=s5 action=delete-strict src=00:00:00:00:00:02 dst=00:00:00:00:00:01 in_port=2 out_port=1
[FLOW_MOD] t=16819.779102167 dpid=s5 action=add src=00:00:00:00:00:02 dst=00:00:00:00:00:01 in_port=2 out_port=1
[FLOW_MOD] t=16819.779451069 dpid=s16 action=delete-strict src=00:00:00:00:00:02 dst=00:00:00:00:00:01 in_port=4 out_port=1
[FLOW_MOD] t=16819.779726031 dpid=s16 action=add src=00:00:00:00:00:02 dst=00:00:00:00:00:01 in_port=4 out_port=1
[FLOW_MOD] t=16819.780148050 dpid=s16 action=delete-strict src=00:00:00:00:00:01 dst=00:00:00:00:00:02 in_port=1 out_port=4
[FLOW_MOD] t=16819.780430588 dpid=s16 action=add src=00:00:00:00:00:01 dst=00:00:00:00:00:02 in_port=1 out_port=4
[FLOW_MOD] t=16819.780779773 dpid=s5 action=delete-strict src=00:00:00:00:00:01 dst=00:00:00:00:00:02 in_port=1 out_port=2
[FLOW_MOD] t=16819.781119424 dpid=s5 action=add src=00:00:00:00:00:01 dst=00:00:00:00:00:02 in_port=1 out_port=2
[FLOW_MOD] t=16819.781465279 dpid=s17 action=delete-strict src=00:00:00:00:00:01 dst=00:00:00:00:00:02 in_port=4 out_port=1
[FLOW_MOD] t=16819.781755792 dpid=s17 action=add src=00:00:00:00:00:01 dst=00:00:00:00:00:02 in_port=4 out_port=1
[SPF-DONE] BF s17->s18 reachable=4/9
[PATH-UNREACHABLE] s17->s18: no path in current topology
[ROUTE-INSTALL] 00:00:00:00:00:02→00:00:00:00:00:03 no path (s17→s18)
[SPF-DONE] BF s17->s19 reachable=4/9
[PATH-UNREACHABLE] s17->s19: no path in current topology
[ROUTE-INSTALL] 00:00:00:00:00:02→00:00:00:00:00:04 no path (s17→s19)
[SPF-DONE] BF s18->s16 reachable=5/9
[PATH-UNREACHABLE] s18->s16: no path in current topology
[ROUTE-INSTALL] 00:00:00:00:00:03→00:00:00:00:00:01 no path (s18→s16)
[SPF-DONE] BF s18->s17 reachable=5/9
[PATH-UNREACHABLE] s18->s17: no path in current topology
[ROUTE-INSTALL] 00:00:00:00:00:03→00:00:00:00:00:02 no path (s18→s17)
[SPF-DONE] BF s18->s19 reachable=5/9
[PATH-COMPUTED] s18->s19: 2 hop(s) path=s18 -> s6 -> s19
[FLOW-INSTALL] 00:00:00:00:00:03 → 00:00:00:00:00:04: s18 -> s6 -> s19
[FLOW_MOD] t=16819.802209601 dpid=s18 action=delete-strict src=00:00:00:00:00:03 dst=00:00:00:00:00:04 in_port=1 out_port=3
[FLOW_MOD] t=16819.802553340 dpid=s18 action=add src=00:00:00:00:00:03 dst=00:00:00:00:00:04 in_port=1 out_port=3
[FLOW_MOD] t=16819.803789631 dpid=s6 action=delete-strict src=00:00:00:00:00:03 dst=00:00:00:00:00:04 in_port=1 out_port=2
[FLOW_MOD] t=16819.804145310 dpid=s6 action=add src=00:00:00:00:00:03 dst=00:00:00:00:00:04 in_port=1 out_port=2
[FLOW_MOD] t=16819.804629939 dpid=s19 action=delete-strict src=00:00:00:00:00:03 dst=00:00:00:00:00:04 in_port=3 out_port=1
[FLOW_MOD] t=16819.805016845 dpid=s19 action=add src=00:00:00:00:00:03 dst=00:00:00:00:00:04 in_port=3 out_port=1
[FLOW_MOD] t=16819.805452819 dpid=s19 action=delete-strict src=00:00:00:00:00:04 dst=00:00:00:00:00:03 in_port=1 out_port=3
[FLOW_MOD] t=16819.805743591 dpid=s19 action=add src=00:00:00:00:00:04 dst=00:00:00:00:00:03 in_port=1 out_port=3
[FLOW_MOD] t=16819.806135729 dpid=s6 action=delete-strict src=00:00:00:00:00:04 dst=00:00:00:00:00:03 in_port=2 out_port=1
[FLOW_MOD] t=16819.806454569 dpid=s6 action=add src=00:00:00:00:00:04 dst=00:00:00:00:00:03 in_port=2 out_port=1
[FLOW_MOD] t=16819.806835296 dpid=s18 action=delete-strict src=00:00:00:00:00:04 dst=00:00:00:00:00:03 in_port=3 out_port=1
[FLOW_MOD] t=16819.807143852 dpid=s18 action=add src=00:00:00:00:00:04 dst=00:00:00:00:00:03 in_port=3 out_port=1
[SPF-DONE] BF s19->s16 reachable=5/9
[PATH-UNREACHABLE] s19->s16: no path in current topology
[ROUTE-INSTALL] 00:00:00:00:00:04→00:00:00:00:00:01 no path (s19→s16)
[SPF-DONE] BF s19->s17 reachable=5/9
[PATH-UNREACHABLE] s19->s17: no path in current topology
[ROUTE-INSTALL] 00:00:00:00:00:04→00:00:00:00:00:02 no path (s19→s17)
[SPF-DONE] BF s19->s18 reachable=5/9
[PATH-COMPUTED] s19->s18: 2 hop(s) path=s19 -> s6 -> s18
[FLOW-INSTALL] 00:00:00:00:00:04 → 00:00:00:00:00:03: s19 -> s6 -> s18
[FLOW_MOD] t=16819.820952747 dpid=s19 action=delete-strict src=00:00:00:00:00:04 dst=00:00:00:00:00:03 in_port=1 out_port=3
[FLOW_MOD] t=16819.821237919 dpid=s19 action=add src=00:00:00:00:00:04 dst=00:00:00:00:00:03 in_port=1 out_port=3
[FLOW_MOD] t=16819.821634444 dpid=s6 action=delete-strict src=00:00:00:00:00:04 dst=00:00:00:00:00:03 in_port=2 out_port=1
[FLOW_MOD] t=16819.821912535 dpid=s6 action=add src=00:00:00:00:00:04 dst=00:00:00:00:00:03 in_port=2 out_port=1
[FLOW_MOD] t=16819.822337792 dpid=s18 action=delete-strict src=00:00:00:00:00:04 dst=00:00:00:00:00:03 in_port=3 out_port=1
[FLOW_MOD] t=16819.822656079 dpid=s18 action=add src=00:00:00:00:00:04 dst=00:00:00:00:00:03 in_port=3 out_port=1
[FLOW_MOD] t=16819.823050052 dpid=s18 action=delete-strict src=00:00:00:00:00:03 dst=00:00:00:00:00:04 in_port=1 out_port=3
[FLOW_MOD] t=16819.823377884 dpid=s18 action=add src=00:00:00:00:00:03 dst=00:00:00:00:00:04 in_port=1 out_port=3
[FLOW_MOD] t=16819.823841233 dpid=s6 action=delete-strict src=00:00:00:00:00:03 dst=00:00:00:00:00:04 in_port=1 out_port=2
[FLOW_MOD] t=16819.824180112 dpid=s6 action=add src=00:00:00:00:00:03 dst=00:00:00:00:00:04 in_port=1 out_port=2
[FLOW_MOD] t=16819.824520033 dpid=s19 action=delete-strict src=00:00:00:00:00:03 dst=00:00:00:00:00:04 in_port=3 out_port=1
[FLOW_MOD] t=16819.824744757 dpid=s19 action=add src=00:00:00:00:00:03 dst=00:00:00:00:00:04 in_port=3 out_port=1
[TOPO] route refresh: installed=4 skipped=0 unreachable=8 hosts=4
[CONVERGENCE-END] id=8 convergence_ms=17.702 installed=4 skipped=0 unreachable=8 hosts=4
[TOPO-CHANGE] (LLDP topology event) switches=11 links=18  delta +0 -2
[TOPO-DOWN] [(5, 16), (16, 5)]
[TOPO-REFRESH] flushing 4 flows, rebuilding routes
[TREE-DONE] root=s1 tree_edges=3 reachable=3/11
[SPF-DONE] BF s16->s17 reachable=0/0
[PATH-UNREACHABLE] s16->s17: no path in current topology
[ROUTE-INSTALL] 00:00:00:00:00:01→00:00:00:00:00:02 no path (s16→s17)
[SPF-DONE] BF s16->s18 reachable=0/0
[PATH-UNREACHABLE] s16->s18: no path in current topology
[ROUTE-INSTALL] 00:00:00:00:00:01→00:00:00:00:00:03 no path (s16→s18)
[SPF-DONE] BF s16->s19 reachable=0/0
[PATH-UNREACHABLE] s16->s19: no path in current topology
[ROUTE-INSTALL] 00:00:00:00:00:01→00:00:00:00:00:04 no path (s16→s19)
[SPF-DONE] BF s17->s16 reachable=3/8
[PATH-UNREACHABLE] s17->s16: no path in current topology
[ROUTE-INSTALL] 00:00:00:00:00:02→00:00:00:00:00:01 no path (s17→s16)
[SPF-DONE] BF s17->s18 reachable=3/8
[PATH-UNREACHABLE] s17->s18: no path in current topology
[ROUTE-INSTALL] 00:00:00:00:00:02→00:00:00:00:00:03 no path (s17→s18)
[SPF-DONE] BF s17->s19 reachable=3/8
[PATH-UNREACHABLE] s17->s19: no path in current topology
[ROUTE-INSTALL] 00:00:00:00:00:02→00:00:00:00:00:04 no path (s17→s19)
[SPF-DONE] BF s18->s16 reachable=5/8
[PATH-UNREACHABLE] s18->s16: no path in current topology
[ROUTE-INSTALL] 00:00:00:00:00:03→00:00:00:00:00:01 no path (s18→s16)
[SPF-DONE] BF s18->s17 reachable=5/8
[PATH-UNREACHABLE] s18->s17: no path in current topology
[ROUTE-INSTALL] 00:00:00:00:00:03→00:00:00:00:00:02 no path (s18→s17)
[SPF-DONE] BF s18->s19 reachable=5/8
[PATH-COMPUTED] s18->s19: 2 hop(s) path=s18 -> s6 -> s19
[FLOW-INSTALL] 00:00:00:00:00:03 → 00:00:00:00:00:04: s18 -> s6 -> s19
[FLOW_MOD] t=16819.865278140 dpid=s18 action=delete-strict src=00:00:00:00:00:03 dst=00:00:00:00:00:04 in_port=1 out_port=3
[FLOW_MOD] t=16819.865588476 dpid=s18 action=add src=00:00:00:00:00:03 dst=00:00:00:00:00:04 in_port=1 out_port=3
[FLOW_MOD] t=16819.865984373 dpid=s6 action=delete-strict src=00:00:00:00:00:03 dst=00:00:00:00:00:04 in_port=1 out_port=2
[FLOW_MOD] t=16819.866278848 dpid=s6 action=add src=00:00:00:00:00:03 dst=00:00:00:00:00:04 in_port=1 out_port=2
[FLOW_MOD] t=16819.866669595 dpid=s19 action=delete-strict src=00:00:00:00:00:03 dst=00:00:00:00:00:04 in_port=3 out_port=1
[FLOW_MOD] t=16819.867545494 dpid=s19 action=add src=00:00:00:00:00:03 dst=00:00:00:00:00:04 in_port=3 out_port=1
[FLOW_MOD] t=16819.868857053 dpid=s19 action=delete-strict src=00:00:00:00:00:04 dst=00:00:00:00:00:03 in_port=1 out_port=3
[FLOW_MOD] t=16819.869149485 dpid=s19 action=add src=00:00:00:00:00:04 dst=00:00:00:00:00:03 in_port=1 out_port=3
[FLOW_MOD] t=16819.869496742 dpid=s6 action=delete-strict src=00:00:00:00:00:04 dst=00:00:00:00:00:03 in_port=2 out_port=1
[FLOW_MOD] t=16819.869759381 dpid=s6 action=add src=00:00:00:00:00:04 dst=00:00:00:00:00:03 in_port=2 out_port=1
[FLOW_MOD] t=16819.870147595 dpid=s18 action=delete-strict src=00:00:00:00:00:04 dst=00:00:00:00:00:03 in_port=3 out_port=1
[FLOW_MOD] t=16819.870379214 dpid=s18 action=add src=00:00:00:00:00:04 dst=00:00:00:00:00:03 in_port=3 out_port=1
[SPF-DONE] BF s19->s16 reachable=5/8
[PATH-UNREACHABLE] s19->s16: no path in current topology
[ROUTE-INSTALL] 00:00:00:00:00:04→00:00:00:00:00:01 no path (s19→s16)
[SPF-DONE] BF s19->s17 reachable=5/8
[PATH-UNREACHABLE] s19->s17: no path in current topology
[ROUTE-INSTALL] 00:00:00:00:00:04→00:00:00:00:00:02 no path (s19→s17)
[SPF-DONE] BF s19->s18 reachable=5/8
[PATH-COMPUTED] s19->s18: 2 hop(s) path=s19 -> s6 -> s18
[FLOW-INSTALL] 00:00:00:00:00:04 → 00:00:00:00:00:03: s19 -> s6 -> s18
[FLOW_MOD] t=16819.886641043 dpid=s19 action=delete-strict src=00:00:00:00:00:04 dst=00:00:00:00:00:03 in_port=1 out_port=3
[FLOW_MOD] t=16819.887046018 dpid=s19 action=add src=00:00:00:00:00:04 dst=00:00:00:00:00:03 in_port=1 out_port=3
[FLOW_MOD] t=16819.887545978 dpid=s6 action=delete-strict src=00:00:00:00:00:04 dst=00:00:00:00:00:03 in_port=2 out_port=1
[FLOW_MOD] t=16819.887930966 dpid=s6 action=add src=00:00:00:00:00:04 dst=00:00:00:00:00:03 in_port=2 out_port=1
[FLOW_MOD] t=16819.888513368 dpid=s18 action=delete-strict src=00:00:00:00:00:04 dst=00:00:00:00:00:03 in_port=3 out_port=1
[FLOW_MOD] t=16819.888898661 dpid=s18 action=add src=00:00:00:00:00:04 dst=00:00:00:00:00:03 in_port=3 out_port=1
[FLOW_MOD] t=16819.889359129 dpid=s18 action=delete-strict src=00:00:00:00:00:03 dst=00:00:00:00:00:04 in_port=1 out_port=3
[FLOW_MOD] t=16819.889698144 dpid=s18 action=add src=00:00:00:00:00:03 dst=00:00:00:00:00:04 in_port=1 out_port=3
[FLOW_MOD] t=16819.890407618 dpid=s6 action=delete-strict src=00:00:00:00:00:03 dst=00:00:00:00:00:04 in_port=1 out_port=2
[FLOW_MOD] t=16819.890848516 dpid=s6 action=add src=00:00:00:00:00:03 dst=00:00:00:00:00:04 in_port=1 out_port=2
[FLOW_MOD] t=16819.891378555 dpid=s19 action=delete-strict src=00:00:00:00:00:03 dst=00:00:00:00:00:04 in_port=3 out_port=1
[FLOW_MOD] t=16819.891774262 dpid=s19 action=add src=00:00:00:00:00:03 dst=00:00:00:00:00:04 in_port=3 out_port=1
[TOPO] route refresh: installed=2 skipped=0 unreachable=10 hosts=4
[PORT_STATUS] t=16819.894101328 s4 port=3 reason=delete
[CONVERGENCE-START] id=9 t1=16819.894491764
[PORT_STATUS] t=16819.895160089 s16 port=4 reason=delete
[CONVERGENCE-START-SKIP] id=9 duplicate port-status s16 port=4 reason=delete
[PORT_STATUS] t=16819.896363101 s5 port=1 reason=delete
[CONVERGENCE-START-SKIP] id=9 duplicate port-status s5 port=1 reason=delete
[PORT_STATUS] t=16819.953141592 s17 port=4 reason=delete
[CONVERGENCE-START-SKIP] id=9 duplicate port-status s17 port=4 reason=delete
[TOPO-CHANGE] (port-status:delete) switches=11 links=16  delta +0 -2
[TOPO-DOWN] [(5, 17), (17, 5)]
[TOPO-REFRESH] flushing 2 flows, rebuilding routes
[TREE-DONE] root=s1 tree_edges=2 reachable=2/11
[SPF-DONE] BF s16->s17 reachable=0/0
[PATH-UNREACHABLE] s16->s17: no path in current topology
[ROUTE-INSTALL] 00:00:00:00:00:01→00:00:00:00:00:02 no path (s16→s17)
[SPF-DONE] BF s16->s18 reachable=0/0
[PATH-UNREACHABLE] s16->s18: no path in current topology
[ROUTE-INSTALL] 00:00:00:00:00:01→00:00:00:00:00:03 no path (s16→s18)
[SPF-DONE] BF s16->s19 reachable=0/0
[PATH-UNREACHABLE] s16->s19: no path in current topology
[ROUTE-INSTALL] 00:00:00:00:00:01→00:00:00:00:00:04 no path (s16→s19)
[SPF-DONE] BF s17->s16 reachable=0/0
[PATH-UNREACHABLE] s17->s16: no path in current topology
[ROUTE-INSTALL] 00:00:00:00:00:02→00:00:00:00:00:01 no path (s17→s16)
[SPF-DONE] BF s17->s18 reachable=0/0
[PATH-UNREACHABLE] s17->s18: no path in current topology
[ROUTE-INSTALL] 00:00:00:00:00:02→00:00:00:00:00:03 no path (s17→s18)
[SPF-DONE] BF s17->s19 reachable=0/0
[PATH-UNREACHABLE] s17->s19: no path in current topology
[ROUTE-INSTALL] 00:00:00:00:00:02→00:00:00:00:00:04 no path (s17→s19)
[SPF-DONE] BF s18->s16 reachable=5/7
[PATH-UNREACHABLE] s18->s16: no path in current topology
[ROUTE-INSTALL] 00:00:00:00:00:03→00:00:00:00:00:01 no path (s18→s16)
[SPF-DONE] BF s18->s17 reachable=5/7
[PATH-UNREACHABLE] s18->s17: no path in current topology
[ROUTE-INSTALL] 00:00:00:00:00:03→00:00:00:00:00:02 no path (s18→s17)
[SPF-DONE] BF s18->s19 reachable=5/7
[PATH-COMPUTED] s18->s19: 2 hop(s) path=s18 -> s6 -> s19
[FLOW-INSTALL] 00:00:00:00:00:03 → 00:00:00:00:00:04: s18 -> s6 -> s19
[FLOW_MOD] t=16819.999617930 dpid=s18 action=delete-strict src=00:00:00:00:00:03 dst=00:00:00:00:00:04 in_port=1 out_port=3
[FLOW_MOD] t=16820.000016930 dpid=s18 action=add src=00:00:00:00:00:03 dst=00:00:00:00:00:04 in_port=1 out_port=3
[CONVERGENCE-FLOWMOD] id=9 t2=16820.000329408
[FLOW_MOD] t=16820.000643037 dpid=s6 action=delete-strict src=00:00:00:00:00:03 dst=00:00:00:00:00:04 in_port=1 out_port=2
[FLOW_MOD] t=16820.000935897 dpid=s6 action=add src=00:00:00:00:00:03 dst=00:00:00:00:00:04 in_port=1 out_port=2
[FLOW_MOD] t=16820.001297235 dpid=s19 action=delete-strict src=00:00:00:00:00:03 dst=00:00:00:00:00:04 in_port=3 out_port=1
[FLOW_MOD] t=16820.001552038 dpid=s19 action=add src=00:00:00:00:00:03 dst=00:00:00:00:00:04 in_port=3 out_port=1
[FLOW_MOD] t=16820.001885576 dpid=s19 action=delete-strict src=00:00:00:00:00:04 dst=00:00:00:00:00:03 in_port=1 out_port=3
[FLOW_MOD] t=16820.002150353 dpid=s19 action=add src=00:00:00:00:00:04 dst=00:00:00:00:00:03 in_port=1 out_port=3
[FLOW_MOD] t=16820.002487276 dpid=s6 action=delete-strict src=00:00:00:00:00:04 dst=00:00:00:00:00:03 in_port=2 out_port=1
[FLOW_MOD] t=16820.002791063 dpid=s6 action=add src=00:00:00:00:00:04 dst=00:00:00:00:00:03 in_port=2 out_port=1
[FLOW_MOD] t=16820.003187904 dpid=s18 action=delete-strict src=00:00:00:00:00:04 dst=00:00:00:00:00:03 in_port=3 out_port=1
[FLOW_MOD] t=16820.003537755 dpid=s18 action=add src=00:00:00:00:00:04 dst=00:00:00:00:00:03 in_port=3 out_port=1
[SPF-DONE] BF s19->s16 reachable=5/7
[PATH-UNREACHABLE] s19->s16: no path in current topology
[ROUTE-INSTALL] 00:00:00:00:00:04→00:00:00:00:00:01 no path (s19→s16)
[SPF-DONE] BF s19->s17 reachable=5/7
[PATH-UNREACHABLE] s19->s17: no path in current topology
[ROUTE-INSTALL] 00:00:00:00:00:04→00:00:00:00:00:02 no path (s19→s17)
[SPF-DONE] BF s19->s18 reachable=5/7
[PATH-COMPUTED] s19->s18: 2 hop(s) path=s19 -> s6 -> s18
[FLOW-INSTALL] 00:00:00:00:00:04 → 00:00:00:00:00:03: s19 -> s6 -> s18
[FLOW_MOD] t=16820.016500589 dpid=s19 action=delete-strict src=00:00:00:00:00:04 dst=00:00:00:00:00:03 in_port=1 out_port=3
[FLOW_MOD] t=16820.016858778 dpid=s19 action=add src=00:00:00:00:00:04 dst=00:00:00:00:00:03 in_port=1 out_port=3
[FLOW_MOD] t=16820.017299122 dpid=s6 action=delete-strict src=00:00:00:00:00:04 dst=00:00:00:00:00:03 in_port=2 out_port=1
[FLOW_MOD] t=16820.017613042 dpid=s6 action=add src=00:00:00:00:00:04 dst=00:00:00:00:00:03 in_port=2 out_port=1
[FLOW_MOD] t=16820.018005399 dpid=s18 action=delete-strict src=00:00:00:00:00:04 dst=00:00:00:00:00:03 in_port=3 out_port=1
[FLOW_MOD] t=16820.018289305 dpid=s18 action=add src=00:00:00:00:00:04 dst=00:00:00:00:00:03 in_port=3 out_port=1
[FLOW_MOD] t=16820.018695403 dpid=s18 action=delete-strict src=00:00:00:00:00:03 dst=00:00:00:00:00:04 in_port=1 out_port=3
[FLOW_MOD] t=16820.019759149 dpid=s18 action=add src=00:00:00:00:00:03 dst=00:00:00:00:00:04 in_port=1 out_port=3
[FLOW_MOD] t=16820.020269169 dpid=s6 action=delete-strict src=00:00:00:00:00:03 dst=00:00:00:00:00:04 in_port=1 out_port=2
[FLOW_MOD] t=16820.020591674 dpid=s6 action=add src=00:00:00:00:00:03 dst=00:00:00:00:00:04 in_port=1 out_port=2
[FLOW_MOD] t=16820.020970291 dpid=s19 action=delete-strict src=00:00:00:00:00:03 dst=00:00:00:00:00:04 in_port=3 out_port=1
[FLOW_MOD] t=16820.021255878 dpid=s19 action=add src=00:00:00:00:00:03 dst=00:00:00:00:00:04 in_port=3 out_port=1
[TOPO] route refresh: installed=2 skipped=0 unreachable=10 hosts=4
[CONVERGENCE-END] id=9 convergence_ms=105.838 installed=2 skipped=0 unreachable=10 hosts=4
[PORT_STATUS] t=16820.023251899 s5 port=2 reason=delete
[CONVERGENCE-START] id=10 t1=16820.023577309
[PORT_STATUS] t=16820.048131947 s1 port=2 reason=modify
[TOPO-CHANGE] (port-status:modify) switches=11 links=14  delta +0 -2
[TOPO-DOWN] [(1, 5), (5, 1)]
[TOPO-REFRESH] flushing 2 flows, rebuilding routes
[TREE-DONE] root=s1 tree_edges=0 reachable=1/11
[SPF-DONE] BF s16->s17 reachable=0/0
[PATH-UNREACHABLE] s16->s17: no path in current topology
[ROUTE-INSTALL] 00:00:00:00:00:01→00:00:00:00:00:02 no path (s16→s17)
[SPF-DONE] BF s16->s18 reachable=0/0
[PATH-UNREACHABLE] s16->s18: no path in current topology
[ROUTE-INSTALL] 00:00:00:00:00:01→00:00:00:00:00:03 no path (s16→s18)
[SPF-DONE] BF s16->s19 reachable=0/0
[PATH-UNREACHABLE] s16->s19: no path in current topology
[ROUTE-INSTALL] 00:00:00:00:00:01→00:00:00:00:00:04 no path (s16→s19)
[SPF-DONE] BF s17->s16 reachable=0/0
[PATH-UNREACHABLE] s17->s16: no path in current topology
[ROUTE-INSTALL] 00:00:00:00:00:02→00:00:00:00:00:01 no path (s17→s16)
[SPF-DONE] BF s17->s18 reachable=0/0
[PATH-UNREACHABLE] s17->s18: no path in current topology
[ROUTE-INSTALL] 00:00:00:00:00:02→00:00:00:00:00:03 no path (s17→s18)
[SPF-DONE] BF s17->s19 reachable=0/0
[PATH-UNREACHABLE] s17->s19: no path in current topology
[ROUTE-INSTALL] 00:00:00:00:00:02→00:00:00:00:00:04 no path (s17→s19)
[SPF-DONE] BF s18->s16 reachable=5/5
[PATH-UNREACHABLE] s18->s16: no path in current topology
[ROUTE-INSTALL] 00:00:00:00:00:03→00:00:00:00:00:01 no path (s18→s16)
[SPF-DONE] BF s18->s17 reachable=5/5
[PATH-UNREACHABLE] s18->s17: no path in current topology
[ROUTE-INSTALL] 00:00:00:00:00:03→00:00:00:00:00:02 no path (s18→s17)
[SPF-DONE] BF s18->s19 reachable=5/5
[PATH-COMPUTED] s18->s19: 2 hop(s) path=s18 -> s6 -> s19
[FLOW-INSTALL] 00:00:00:00:00:03 → 00:00:00:00:00:04: s18 -> s6 -> s19
[FLOW_MOD] t=16820.097012541 dpid=s18 action=delete-strict src=00:00:00:00:00:03 dst=00:00:00:00:00:04 in_port=1 out_port=3
[FLOW_MOD] t=16820.097866324 dpid=s18 action=add src=00:00:00:00:00:03 dst=00:00:00:00:00:04 in_port=1 out_port=3
[CONVERGENCE-FLOWMOD] id=10 t2=16820.098235592
[FLOW_MOD] t=16820.098576534 dpid=s6 action=delete-strict src=00:00:00:00:00:03 dst=00:00:00:00:00:04 in_port=1 out_port=2
[FLOW_MOD] t=16820.098876906 dpid=s6 action=add src=00:00:00:00:00:03 dst=00:00:00:00:00:04 in_port=1 out_port=2
[FLOW_MOD] t=16820.099273836 dpid=s19 action=delete-strict src=00:00:00:00:00:03 dst=00:00:00:00:00:04 in_port=3 out_port=1
[FLOW_MOD] t=16820.099659872 dpid=s19 action=add src=00:00:00:00:00:03 dst=00:00:00:00:00:04 in_port=3 out_port=1
[FLOW_MOD] t=16820.100103706 dpid=s19 action=delete-strict src=00:00:00:00:00:04 dst=00:00:00:00:00:03 in_port=1 out_port=3
[FLOW_MOD] t=16820.100642546 dpid=s19 action=add src=00:00:00:00:00:04 dst=00:00:00:00:00:03 in_port=1 out_port=3
[FLOW_MOD] t=16820.101034904 dpid=s6 action=delete-strict src=00:00:00:00:00:04 dst=00:00:00:00:00:03 in_port=2 out_port=1
[FLOW_MOD] t=16820.101348918 dpid=s6 action=add src=00:00:00:00:00:04 dst=00:00:00:00:00:03 in_port=2 out_port=1
[FLOW_MOD] t=16820.101790401 dpid=s18 action=delete-strict src=00:00:00:00:00:04 dst=00:00:00:00:00:03 in_port=3 out_port=1
[FLOW_MOD] t=16820.102131353 dpid=s18 action=add src=00:00:00:00:00:04 dst=00:00:00:00:00:03 in_port=3 out_port=1
[SPF-DONE] BF s19->s16 reachable=5/5
[PATH-UNREACHABLE] s19->s16: no path in current topology
[ROUTE-INSTALL] 00:00:00:00:00:04→00:00:00:00:00:01 no path (s19→s16)
[SPF-DONE] BF s19->s17 reachable=5/5
[PATH-UNREACHABLE] s19->s17: no path in current topology
[ROUTE-INSTALL] 00:00:00:00:00:04→00:00:00:00:00:02 no path (s19→s17)
[SPF-DONE] BF s19->s18 reachable=5/5
[PATH-COMPUTED] s19->s18: 2 hop(s) path=s19 -> s6 -> s18
[FLOW-INSTALL] 00:00:00:00:00:04 → 00:00:00:00:00:03: s19 -> s6 -> s18
[FLOW_MOD] t=16820.115332039 dpid=s19 action=delete-strict src=00:00:00:00:00:04 dst=00:00:00:00:00:03 in_port=1 out_port=3
[FLOW_MOD] t=16820.116406043 dpid=s19 action=add src=00:00:00:00:00:04 dst=00:00:00:00:00:03 in_port=1 out_port=3
[FLOW_MOD] t=16820.116804266 dpid=s6 action=delete-strict src=00:00:00:00:00:04 dst=00:00:00:00:00:03 in_port=2 out_port=1
[FLOW_MOD] t=16820.117150294 dpid=s6 action=add src=00:00:00:00:00:04 dst=00:00:00:00:00:03 in_port=2 out_port=1
[FLOW_MOD] t=16820.117558662 dpid=s18 action=delete-strict src=00:00:00:00:00:04 dst=00:00:00:00:00:03 in_port=3 out_port=1
[FLOW_MOD] t=16820.117847333 dpid=s18 action=add src=00:00:00:00:00:04 dst=00:00:00:00:00:03 in_port=3 out_port=1
[FLOW_MOD] t=16820.118190146 dpid=s18 action=delete-strict src=00:00:00:00:00:03 dst=00:00:00:00:00:04 in_port=1 out_port=3
[FLOW_MOD] t=16820.118450883 dpid=s18 action=add src=00:00:00:00:00:03 dst=00:00:00:00:00:04 in_port=1 out_port=3
[FLOW_MOD] t=16820.118807438 dpid=s6 action=delete-strict src=00:00:00:00:00:03 dst=00:00:00:00:00:04 in_port=1 out_port=2
[FLOW_MOD] t=16820.119068157 dpid=s6 action=add src=00:00:00:00:00:03 dst=00:00:00:00:00:04 in_port=1 out_port=2
[FLOW_MOD] t=16820.119411887 dpid=s19 action=delete-strict src=00:00:00:00:00:03 dst=00:00:00:00:00:04 in_port=3 out_port=1
[FLOW_MOD] t=16820.119691959 dpid=s19 action=add src=00:00:00:00:00:03 dst=00:00:00:00:00:04 in_port=3 out_port=1
[TOPO] route refresh: installed=2 skipped=0 unreachable=10 hosts=4
[CONVERGENCE-END] id=10 convergence_ms=74.658 installed=2 skipped=0 unreachable=10 hosts=4
[PORT_STATUS] t=16820.120507279 s1 port=2 reason=delete
[CONVERGENCE-START] id=11 t1=16820.120768052
[TOPO-CHANGE] (port-status:delete) switches=11 links=12  delta +0 -2
[TOPO-DOWN] [(6, 18), (18, 6)]
[TOPO-REFRESH] flushing 2 flows, rebuilding routes
[TREE-DONE] root=s1 tree_edges=0 reachable=1/11
[SPF-DONE] BF s16->s17 reachable=0/0
[PATH-UNREACHABLE] s16->s17: no path in current topology
[ROUTE-INSTALL] 00:00:00:00:00:01→00:00:00:00:00:02 no path (s16→s17)
[SPF-DONE] BF s16->s18 reachable=0/0
[PATH-UNREACHABLE] s16->s18: no path in current topology
[ROUTE-INSTALL] 00:00:00:00:00:01→00:00:00:00:00:03 no path (s16→s18)
[SPF-DONE] BF s16->s19 reachable=0/0
[PATH-UNREACHABLE] s16->s19: no path in current topology
[ROUTE-INSTALL] 00:00:00:00:00:01→00:00:00:00:00:04 no path (s16→s19)
[SPF-DONE] BF s17->s16 reachable=0/0
[PATH-UNREACHABLE] s17->s16: no path in current topology
[ROUTE-INSTALL] 00:00:00:00:00:02→00:00:00:00:00:01 no path (s17→s16)
[SPF-DONE] BF s17->s18 reachable=0/0
[PATH-UNREACHABLE] s17->s18: no path in current topology
[ROUTE-INSTALL] 00:00:00:00:00:02→00:00:00:00:00:03 no path (s17→s18)
[SPF-DONE] BF s17->s19 reachable=0/0
[PATH-UNREACHABLE] s17->s19: no path in current topology
[ROUTE-INSTALL] 00:00:00:00:00:02→00:00:00:00:00:04 no path (s17→s19)
[SPF-DONE] BF s18->s16 reachable=5/5
[PATH-UNREACHABLE] s18->s16: no path in current topology
[ROUTE-INSTALL] 00:00:00:00:00:03→00:00:00:00:00:01 no path (s18→s16)
[SPF-DONE] BF s18->s17 reachable=5/5
[PATH-UNREACHABLE] s18->s17: no path in current topology
[ROUTE-INSTALL] 00:00:00:00:00:03→00:00:00:00:00:02 no path (s18→s17)
[SPF-DONE] BF s18->s19 reachable=5/5
[PATH-COMPUTED] s18->s19: 2 hop(s) path=s18 -> s7 -> s19
[FLOW-INSTALL] 00:00:00:00:00:03 → 00:00:00:00:00:04: s18 -> s7 -> s19
[FLOW_MOD] t=16820.161761052 dpid=s18 action=delete-strict src=00:00:00:00:00:03 dst=00:00:00:00:00:04 in_port=1 out_port=4
[FLOW_MOD] t=16820.162239760 dpid=s18 action=add src=00:00:00:00:00:03 dst=00:00:00:00:00:04 in_port=1 out_port=4
[CONVERGENCE-FLOWMOD] id=11 t2=16820.162658244
[FLOW_MOD] t=16820.163174898 dpid=s7 action=delete-strict src=00:00:00:00:00:03 dst=00:00:00:00:00:04 in_port=1 out_port=2
[FLOW_MOD] t=16820.163618222 dpid=s7 action=add src=00:00:00:00:00:03 dst=00:00:00:00:00:04 in_port=1 out_port=2
[FLOW_MOD] t=16820.164289221 dpid=s19 action=delete-strict src=00:00:00:00:00:03 dst=00:00:00:00:00:04 in_port=4 out_port=1
[FLOW_MOD] t=16820.164645239 dpid=s19 action=add src=00:00:00:00:00:03 dst=00:00:00:00:00:04 in_port=4 out_port=1
[FLOW_MOD] t=16820.165029867 dpid=s19 action=delete-strict src=00:00:00:00:00:04 dst=00:00:00:00:00:03 in_port=1 out_port=4
[FLOW_MOD] t=16820.165341732 dpid=s19 action=add src=00:00:00:00:00:04 dst=00:00:00:00:00:03 in_port=1 out_port=4
[FLOW_MOD] t=16820.165675856 dpid=s7 action=delete-strict src=00:00:00:00:00:04 dst=00:00:00:00:00:03 in_port=2 out_port=1
[FLOW_MOD] t=16820.165940630 dpid=s7 action=add src=00:00:00:00:00:04 dst=00:00:00:00:00:03 in_port=2 out_port=1
[FLOW_MOD] t=16820.166387775 dpid=s18 action=delete-strict src=00:00:00:00:00:04 dst=00:00:00:00:00:03 in_port=4 out_port=1
[FLOW_MOD] t=16820.166750886 dpid=s18 action=add src=00:00:00:00:00:04 dst=00:00:00:00:00:03 in_port=4 out_port=1
[SPF-DONE] BF s19->s16 reachable=5/5
[PATH-UNREACHABLE] s19->s16: no path in current topology
[ROUTE-INSTALL] 00:00:00:00:00:04→00:00:00:00:00:01 no path (s19→s16)
[SPF-DONE] BF s19->s17 reachable=5/5
[PATH-UNREACHABLE] s19->s17: no path in current topology
[ROUTE-INSTALL] 00:00:00:00:00:04→00:00:00:00:00:02 no path (s19→s17)
[SPF-DONE] BF s19->s18 reachable=5/5
[PATH-COMPUTED] s19->s18: 2 hop(s) path=s19 -> s7 -> s18
[FLOW-INSTALL] 00:00:00:00:00:04 → 00:00:00:00:00:03: s19 -> s7 -> s18
[FLOW_MOD] t=16820.180450924 dpid=s19 action=delete-strict src=00:00:00:00:00:04 dst=00:00:00:00:00:03 in_port=1 out_port=4
[FLOW_MOD] t=16820.180827287 dpid=s19 action=add src=00:00:00:00:00:04 dst=00:00:00:00:00:03 in_port=1 out_port=4
[FLOW_MOD] t=16820.181803982 dpid=s7 action=delete-strict src=00:00:00:00:00:04 dst=00:00:00:00:00:03 in_port=2 out_port=1
[FLOW_MOD] t=16820.182254044 dpid=s7 action=add src=00:00:00:00:00:04 dst=00:00:00:00:00:03 in_port=2 out_port=1
[FLOW_MOD] t=16820.182741731 dpid=s18 action=delete-strict src=00:00:00:00:00:04 dst=00:00:00:00:00:03 in_port=4 out_port=1
[FLOW_MOD] t=16820.183091822 dpid=s18 action=add src=00:00:00:00:00:04 dst=00:00:00:00:00:03 in_port=4 out_port=1
[FLOW_MOD] t=16820.183510855 dpid=s18 action=delete-strict src=00:00:00:00:00:03 dst=00:00:00:00:00:04 in_port=1 out_port=4
[FLOW_MOD] t=16820.183768715 dpid=s18 action=add src=00:00:00:00:00:03 dst=00:00:00:00:00:04 in_port=1 out_port=4
[FLOW_MOD] t=16820.184211460 dpid=s7 action=delete-strict src=00:00:00:00:00:03 dst=00:00:00:00:00:04 in_port=1 out_port=2
[FLOW_MOD] t=16820.184497370 dpid=s7 action=add src=00:00:00:00:00:03 dst=00:00:00:00:00:04 in_port=1 out_port=2
[FLOW_MOD] t=16820.184911574 dpid=s19 action=delete-strict src=00:00:00:00:00:03 dst=00:00:00:00:00:04 in_port=4 out_port=1
[FLOW_MOD] t=16820.185211817 dpid=s19 action=add src=00:00:00:00:00:03 dst=00:00:00:00:00:04 in_port=4 out_port=1
[TOPO] route refresh: installed=2 skipped=0 unreachable=10 hosts=4
[CONVERGENCE-END] id=11 convergence_ms=41.890 installed=2 skipped=0 unreachable=10 hosts=4
[PORT_STATUS] t=16820.188342238 s5 port=4 reason=modify
[PORT_STATUS] t=16820.188975663 s5 port=4 reason=delete
[CONVERGENCE-START] id=12 t1=16820.189375002
[PORT_STATUS] t=16820.190340687 s18 port=3 reason=delete
[CONVERGENCE-START-SKIP] id=12 duplicate port-status s18 port=3 reason=delete
[PORT_STATUS] t=16820.191262399 s6 port=1 reason=delete
[CONVERGENCE-START-SKIP] id=12 duplicate port-status s6 port=1 reason=delete
[PORT_STATUS] t=16820.201804825 s6 port=2 reason=delete
[CONVERGENCE-START-SKIP] id=12 duplicate port-status s6 port=2 reason=delete
[TOPO-CHANGE] (port-status:delete) switches=11 links=10  delta +0 -2
[TOPO-DOWN] [(6, 19), (19, 6)]
[TOPO-REFRESH] flushing 2 flows, rebuilding routes
[TREE-DONE] root=s1 tree_edges=0 reachable=1/11
[SPF-DONE] BF s16->s17 reachable=0/0
[PATH-UNREACHABLE] s16->s17: no path in current topology
[ROUTE-INSTALL] 00:00:00:00:00:01→00:00:00:00:00:02 no path (s16→s17)
[SPF-DONE] BF s16->s18 reachable=0/0
[PATH-UNREACHABLE] s16->s18: no path in current topology
[ROUTE-INSTALL] 00:00:00:00:00:01→00:00:00:00:00:03 no path (s16→s18)
[SPF-DONE] BF s16->s19 reachable=0/0
[PATH-UNREACHABLE] s16->s19: no path in current topology
[ROUTE-INSTALL] 00:00:00:00:00:01→00:00:00:00:00:04 no path (s16→s19)
[SPF-DONE] BF s17->s16 reachable=0/0
[PATH-UNREACHABLE] s17->s16: no path in current topology
[ROUTE-INSTALL] 00:00:00:00:00:02→00:00:00:00:00:01 no path (s17→s16)
[SPF-DONE] BF s17->s18 reachable=0/0
[PATH-UNREACHABLE] s17->s18: no path in current topology
[ROUTE-INSTALL] 00:00:00:00:00:02→00:00:00:00:00:03 no path (s17→s18)
[SPF-DONE] BF s17->s19 reachable=0/0
[PATH-UNREACHABLE] s17->s19: no path in current topology
[ROUTE-INSTALL] 00:00:00:00:00:02→00:00:00:00:00:04 no path (s17→s19)
[SPF-DONE] BF s18->s16 reachable=5/5
[PATH-UNREACHABLE] s18->s16: no path in current topology
[ROUTE-INSTALL] 00:00:00:00:00:03→00:00:00:00:00:01 no path (s18→s16)
[SPF-DONE] BF s18->s17 reachable=5/5
[PATH-UNREACHABLE] s18->s17: no path in current topology
[ROUTE-INSTALL] 00:00:00:00:00:03→00:00:00:00:00:02 no path (s18→s17)
[SPF-DONE] BF s18->s19 reachable=5/5
[PATH-COMPUTED] s18->s19: 2 hop(s) path=s18 -> s7 -> s19
[FLOW-INSTALL] 00:00:00:00:00:03 → 00:00:00:00:00:04: s18 -> s7 -> s19
[FLOW_MOD] t=16820.251357820 dpid=s18 action=delete-strict src=00:00:00:00:00:03 dst=00:00:00:00:00:04 in_port=1 out_port=4
[FLOW_MOD] t=16820.251672441 dpid=s18 action=add src=00:00:00:00:00:03 dst=00:00:00:00:00:04 in_port=1 out_port=4
[CONVERGENCE-FLOWMOD] id=12 t2=16820.252076744
[FLOW_MOD] t=16820.252861618 dpid=s7 action=delete-strict src=00:00:00:00:00:03 dst=00:00:00:00:00:04 in_port=1 out_port=2
[FLOW_MOD] t=16820.253149238 dpid=s7 action=add src=00:00:00:00:00:03 dst=00:00:00:00:00:04 in_port=1 out_port=2
[FLOW_MOD] t=16820.253569105 dpid=s19 action=delete-strict src=00:00:00:00:00:03 dst=00:00:00:00:00:04 in_port=4 out_port=1
[FLOW_MOD] t=16820.254149271 dpid=s19 action=add src=00:00:00:00:00:03 dst=00:00:00:00:00:04 in_port=4 out_port=1
[FLOW_MOD] t=16820.254587070 dpid=s19 action=delete-strict src=00:00:00:00:00:04 dst=00:00:00:00:00:03 in_port=1 out_port=4
[FLOW_MOD] t=16820.254885915 dpid=s19 action=add src=00:00:00:00:00:04 dst=00:00:00:00:00:03 in_port=1 out_port=4
[FLOW_MOD] t=16820.255238368 dpid=s7 action=delete-strict src=00:00:00:00:00:04 dst=00:00:00:00:00:03 in_port=2 out_port=1
[FLOW_MOD] t=16820.255521253 dpid=s7 action=add src=00:00:00:00:00:04 dst=00:00:00:00:00:03 in_port=2 out_port=1
[FLOW_MOD] t=16820.255860474 dpid=s18 action=delete-strict src=00:00:00:00:00:04 dst=00:00:00:00:00:03 in_port=4 out_port=1
[FLOW_MOD] t=16820.256259523 dpid=s18 action=add src=00:00:00:00:00:04 dst=00:00:00:00:00:03 in_port=4 out_port=1
[SPF-DONE] BF s19->s16 reachable=5/5
[PATH-UNREACHABLE] s19->s16: no path in current topology
[ROUTE-INSTALL] 00:00:00:00:00:04→00:00:00:00:00:01 no path (s19→s16)
[SPF-DONE] BF s19->s17 reachable=5/5
[PATH-UNREACHABLE] s19->s17: no path in current topology
[ROUTE-INSTALL] 00:00:00:00:00:04→00:00:00:00:00:02 no path (s19→s17)
[SPF-DONE] BF s19->s18 reachable=5/5
[PATH-COMPUTED] s19->s18: 2 hop(s) path=s19 -> s7 -> s18
[FLOW-INSTALL] 00:00:00:00:00:04 → 00:00:00:00:00:03: s19 -> s7 -> s18
[FLOW_MOD] t=16820.267313699 dpid=s19 action=delete-strict src=00:00:00:00:00:04 dst=00:00:00:00:00:03 in_port=1 out_port=4
[FLOW_MOD] t=16820.267621038 dpid=s19 action=add src=00:00:00:00:00:04 dst=00:00:00:00:00:03 in_port=1 out_port=4
[FLOW_MOD] t=16820.268197944 dpid=s7 action=delete-strict src=00:00:00:00:00:04 dst=00:00:00:00:00:03 in_port=2 out_port=1
[FLOW_MOD] t=16820.268548223 dpid=s7 action=add src=00:00:00:00:00:04 dst=00:00:00:00:00:03 in_port=2 out_port=1
[FLOW_MOD] t=16820.268924471 dpid=s18 action=delete-strict src=00:00:00:00:00:04 dst=00:00:00:00:00:03 in_port=4 out_port=1
[FLOW_MOD] t=16820.269198360 dpid=s18 action=add src=00:00:00:00:00:04 dst=00:00:00:00:00:03 in_port=4 out_port=1
[FLOW_MOD] t=16820.269563300 dpid=s18 action=delete-strict src=00:00:00:00:00:03 dst=00:00:00:00:00:04 in_port=1 out_port=4
[FLOW_MOD] t=16820.269903505 dpid=s18 action=add src=00:00:00:00:00:03 dst=00:00:00:00:00:04 in_port=1 out_port=4
[FLOW_MOD] t=16820.270347868 dpid=s7 action=delete-strict src=00:00:00:00:00:03 dst=00:00:00:00:00:04 in_port=1 out_port=2
[FLOW_MOD] t=16820.271415623 dpid=s7 action=add src=00:00:00:00:00:03 dst=00:00:00:00:00:04 in_port=1 out_port=2
[FLOW_MOD] t=16820.271826749 dpid=s19 action=delete-strict src=00:00:00:00:00:03 dst=00:00:00:00:00:04 in_port=4 out_port=1
[FLOW_MOD] t=16820.272170376 dpid=s19 action=add src=00:00:00:00:00:03 dst=00:00:00:00:00:04 in_port=4 out_port=1
[TOPO] route refresh: installed=2 skipped=0 unreachable=10 hosts=4
[CONVERGENCE-END] id=12 convergence_ms=62.702 installed=2 skipped=0 unreachable=10 hosts=4
[PORT_STATUS] t=16820.274209501 s19 port=3 reason=delete
[CONVERGENCE-START] id=13 t1=16820.275035966
[PORT_STATUS] t=16820.286915125 s6 port=4 reason=delete
[CONVERGENCE-START-SKIP] id=13 duplicate port-status s6 port=4 reason=delete
[TOPO-CHANGE] (port-status:delete) switches=11 links=8  delta +0 -2
[TOPO-DOWN] [(2, 6), (6, 2)]
[TOPO-REFRESH] flushing 2 flows, rebuilding routes
[TREE-DONE] root=s1 tree_edges=0 reachable=1/11
[SPF-DONE] BF s16->s17 reachable=0/0
[PATH-UNREACHABLE] s16->s17: no path in current topology
[ROUTE-INSTALL] 00:00:00:00:00:01→00:00:00:00:00:02 no path (s16→s17)
[SPF-DONE] BF s16->s18 reachable=0/0
[PATH-UNREACHABLE] s16->s18: no path in current topology
[ROUTE-INSTALL] 00:00:00:00:00:01→00:00:00:00:00:03 no path (s16→s18)
[SPF-DONE] BF s16->s19 reachable=0/0
[PATH-UNREACHABLE] s16->s19: no path in current topology
[ROUTE-INSTALL] 00:00:00:00:00:01→00:00:00:00:00:04 no path (s16→s19)
[SPF-DONE] BF s17->s16 reachable=0/0
[PATH-UNREACHABLE] s17->s16: no path in current topology
[ROUTE-INSTALL] 00:00:00:00:00:02→00:00:00:00:00:01 no path (s17→s16)
[SPF-DONE] BF s17->s18 reachable=0/0
[PATH-UNREACHABLE] s17->s18: no path in current topology
[ROUTE-INSTALL] 00:00:00:00:00:02→00:00:00:00:00:03 no path (s17→s18)
[SPF-DONE] BF s17->s19 reachable=0/0
[PATH-UNREACHABLE] s17->s19: no path in current topology
[ROUTE-INSTALL] 00:00:00:00:00:02→00:00:00:00:00:04 no path (s17→s19)
[SPF-DONE] BF s18->s16 reachable=5/5
[PATH-UNREACHABLE] s18->s16: no path in current topology
[ROUTE-INSTALL] 00:00:00:00:00:03→00:00:00:00:00:01 no path (s18→s16)
[SPF-DONE] BF s18->s17 reachable=5/5
[PATH-UNREACHABLE] s18->s17: no path in current topology
[ROUTE-INSTALL] 00:00:00:00:00:03→00:00:00:00:00:02 no path (s18→s17)
[SPF-DONE] BF s18->s19 reachable=5/5
[PATH-COMPUTED] s18->s19: 2 hop(s) path=s18 -> s7 -> s19
[FLOW-INSTALL] 00:00:00:00:00:03 → 00:00:00:00:00:04: s18 -> s7 -> s19
[FLOW_MOD] t=16820.319558566 dpid=s18 action=delete-strict src=00:00:00:00:00:03 dst=00:00:00:00:00:04 in_port=1 out_port=4
[FLOW_MOD] t=16820.319878007 dpid=s18 action=add src=00:00:00:00:00:03 dst=00:00:00:00:00:04 in_port=1 out_port=4
[CONVERGENCE-FLOWMOD] id=13 t2=16820.320217248
[FLOW_MOD] t=16820.320555361 dpid=s7 action=delete-strict src=00:00:00:00:00:03 dst=00:00:00:00:00:04 in_port=1 out_port=2
[FLOW_MOD] t=16820.320808150 dpid=s7 action=add src=00:00:00:00:00:03 dst=00:00:00:00:00:04 in_port=1 out_port=2
[FLOW_MOD] t=16820.321150749 dpid=s19 action=delete-strict src=00:00:00:00:00:03 dst=00:00:00:00:00:04 in_port=4 out_port=1
[FLOW_MOD] t=16820.321394496 dpid=s19 action=add src=00:00:00:00:00:03 dst=00:00:00:00:00:04 in_port=4 out_port=1
[FLOW_MOD] t=16820.321712458 dpid=s19 action=delete-strict src=00:00:00:00:00:04 dst=00:00:00:00:00:03 in_port=1 out_port=4
[FLOW_MOD] t=16820.321978769 dpid=s19 action=add src=00:00:00:00:00:04 dst=00:00:00:00:00:03 in_port=1 out_port=4
[FLOW_MOD] t=16820.322351416 dpid=s7 action=delete-strict src=00:00:00:00:00:04 dst=00:00:00:00:00:03 in_port=2 out_port=1
[FLOW_MOD] t=16820.322640778 dpid=s7 action=add src=00:00:00:00:00:04 dst=00:00:00:00:00:03 in_port=2 out_port=1
[FLOW_MOD] t=16820.322986265 dpid=s18 action=delete-strict src=00:00:00:00:00:04 dst=00:00:00:00:00:03 in_port=4 out_port=1
[FLOW_MOD] t=16820.323258903 dpid=s18 action=add src=00:00:00:00:00:04 dst=00:00:00:00:00:03 in_port=4 out_port=1
[SPF-DONE] BF s19->s16 reachable=5/5
[PATH-UNREACHABLE] s19->s16: no path in current topology
[ROUTE-INSTALL] 00:00:00:00:00:04→00:00:00:00:00:01 no path (s19→s16)
[SPF-DONE] BF s19->s17 reachable=5/5
[PATH-UNREACHABLE] s19->s17: no path in current topology
[ROUTE-INSTALL] 00:00:00:00:00:04→00:00:00:00:00:02 no path (s19→s17)
[SPF-DONE] BF s19->s18 reachable=5/5
[PATH-COMPUTED] s19->s18: 2 hop(s) path=s19 -> s7 -> s18
[FLOW-INSTALL] 00:00:00:00:00:04 → 00:00:00:00:00:03: s19 -> s7 -> s18
[FLOW_MOD] t=16820.337459414 dpid=s19 action=delete-strict src=00:00:00:00:00:04 dst=00:00:00:00:00:03 in_port=1 out_port=4
[FLOW_MOD] t=16820.337811645 dpid=s19 action=add src=00:00:00:00:00:04 dst=00:00:00:00:00:03 in_port=1 out_port=4
[FLOW_MOD] t=16820.338290441 dpid=s7 action=delete-strict src=00:00:00:00:00:04 dst=00:00:00:00:00:03 in_port=2 out_port=1
[FLOW_MOD] t=16820.338617015 dpid=s7 action=add src=00:00:00:00:00:04 dst=00:00:00:00:00:03 in_port=2 out_port=1
[FLOW_MOD] t=16820.339004713 dpid=s18 action=delete-strict src=00:00:00:00:00:04 dst=00:00:00:00:00:03 in_port=4 out_port=1
[FLOW_MOD] t=16820.339420339 dpid=s18 action=add src=00:00:00:00:00:04 dst=00:00:00:00:00:03 in_port=4 out_port=1
[FLOW_MOD] t=16820.339914728 dpid=s18 action=delete-strict src=00:00:00:00:00:03 dst=00:00:00:00:00:04 in_port=1 out_port=4
[FLOW_MOD] t=16820.340349941 dpid=s18 action=add src=00:00:00:00:00:03 dst=00:00:00:00:00:04 in_port=1 out_port=4
[FLOW_MOD] t=16820.340836842 dpid=s7 action=delete-strict src=00:00:00:00:00:03 dst=00:00:00:00:00:04 in_port=1 out_port=2
[FLOW_MOD] t=16820.341113457 dpid=s7 action=add src=00:00:00:00:00:03 dst=00:00:00:00:00:04 in_port=1 out_port=2
[FLOW_MOD] t=16820.341452238 dpid=s19 action=delete-strict src=00:00:00:00:00:03 dst=00:00:00:00:00:04 in_port=4 out_port=1
[FLOW_MOD] t=16820.341691548 dpid=s19 action=add src=00:00:00:00:00:03 dst=00:00:00:00:00:04 in_port=4 out_port=1
[TOPO] route refresh: installed=2 skipped=0 unreachable=10 hosts=4
[CONVERGENCE-END] id=13 convergence_ms=45.181 installed=2 skipped=0 unreachable=10 hosts=4
[PORT_STATUS] t=16820.343872771 s2 port=1 reason=delete
[CONVERGENCE-START] id=14 t1=16820.344469285
[PORT_STATUS] t=16820.369520115 s7 port=3 reason=delete
[CONVERGENCE-START-SKIP] id=14 duplicate port-status s7 port=3 reason=delete
[TOPO-CHANGE] (port-status:delete) switches=11 links=6  delta +0 -2
[TOPO-DOWN] [(6, 7), (7, 6)]
[TOPO-REFRESH] flushing 2 flows, rebuilding routes
[TREE-DONE] root=s1 tree_edges=0 reachable=1/11
[SPF-DONE] BF s16->s17 reachable=0/0
[PATH-UNREACHABLE] s16->s17: no path in current topology
[ROUTE-INSTALL] 00:00:00:00:00:01→00:00:00:00:00:02 no path (s16→s17)
[SPF-DONE] BF s16->s18 reachable=0/0
[PATH-UNREACHABLE] s16->s18: no path in current topology
[ROUTE-INSTALL] 00:00:00:00:00:01→00:00:00:00:00:03 no path (s16→s18)
[SPF-DONE] BF s16->s19 reachable=0/0
[PATH-UNREACHABLE] s16->s19: no path in current topology
[ROUTE-INSTALL] 00:00:00:00:00:01→00:00:00:00:00:04 no path (s16→s19)
[SPF-DONE] BF s17->s16 reachable=0/0
[PATH-UNREACHABLE] s17->s16: no path in current topology
[ROUTE-INSTALL] 00:00:00:00:00:02→00:00:00:00:00:01 no path (s17→s16)
[SPF-DONE] BF s17->s18 reachable=0/0
[PATH-UNREACHABLE] s17->s18: no path in current topology
[ROUTE-INSTALL] 00:00:00:00:00:02→00:00:00:00:00:03 no path (s17→s18)
[SPF-DONE] BF s17->s19 reachable=0/0
[PATH-UNREACHABLE] s17->s19: no path in current topology
[ROUTE-INSTALL] 00:00:00:00:00:02→00:00:00:00:00:04 no path (s17→s19)
[SPF-DONE] BF s18->s16 reachable=4/4
[PATH-UNREACHABLE] s18->s16: no path in current topology
[ROUTE-INSTALL] 00:00:00:00:00:03→00:00:00:00:00:01 no path (s18→s16)
[SPF-DONE] BF s18->s17 reachable=4/4
[PATH-UNREACHABLE] s18->s17: no path in current topology
[ROUTE-INSTALL] 00:00:00:00:00:03→00:00:00:00:00:02 no path (s18→s17)
[SPF-DONE] BF s18->s19 reachable=4/4
[PATH-COMPUTED] s18->s19: 2 hop(s) path=s18 -> s7 -> s19
[FLOW-INSTALL] 00:00:00:00:00:03 → 00:00:00:00:00:04: s18 -> s7 -> s19
[FLOW_MOD] t=16820.403347014 dpid=s18 action=delete-strict src=00:00:00:00:00:03 dst=00:00:00:00:00:04 in_port=1 out_port=4
[FLOW_MOD] t=16820.403630505 dpid=s18 action=add src=00:00:00:00:00:03 dst=00:00:00:00:00:04 in_port=1 out_port=4
[CONVERGENCE-FLOWMOD] id=14 t2=16820.403938198
[FLOW_MOD] t=16820.404328765 dpid=s7 action=delete-strict src=00:00:00:00:00:03 dst=00:00:00:00:00:04 in_port=1 out_port=2
[FLOW_MOD] t=16820.404597728 dpid=s7 action=add src=00:00:00:00:00:03 dst=00:00:00:00:00:04 in_port=1 out_port=2
[FLOW_MOD] t=16820.404948752 dpid=s19 action=delete-strict src=00:00:00:00:00:03 dst=00:00:00:00:00:04 in_port=4 out_port=1
[FLOW_MOD] t=16820.405235093 dpid=s19 action=add src=00:00:00:00:00:03 dst=00:00:00:00:00:04 in_port=4 out_port=1
[FLOW_MOD] t=16820.405575854 dpid=s19 action=delete-strict src=00:00:00:00:00:04 dst=00:00:00:00:00:03 in_port=1 out_port=4
[FLOW_MOD] t=16820.405853784 dpid=s19 action=add src=00:00:00:00:00:04 dst=00:00:00:00:00:03 in_port=1 out_port=4
[FLOW_MOD] t=16820.406369959 dpid=s7 action=delete-strict src=00:00:00:00:00:04 dst=00:00:00:00:00:03 in_port=2 out_port=1
[FLOW_MOD] t=16820.406730624 dpid=s7 action=add src=00:00:00:00:00:04 dst=00:00:00:00:00:03 in_port=2 out_port=1
[FLOW_MOD] t=16820.407165593 dpid=s18 action=delete-strict src=00:00:00:00:00:04 dst=00:00:00:00:00:03 in_port=4 out_port=1
[FLOW_MOD] t=16820.407426251 dpid=s18 action=add src=00:00:00:00:00:04 dst=00:00:00:00:00:03 in_port=4 out_port=1
[SPF-DONE] BF s19->s16 reachable=4/4
[PATH-UNREACHABLE] s19->s16: no path in current topology
[ROUTE-INSTALL] 00:00:00:00:00:04→00:00:00:00:00:01 no path (s19→s16)
[SPF-DONE] BF s19->s17 reachable=4/4
[PATH-UNREACHABLE] s19->s17: no path in current topology
[ROUTE-INSTALL] 00:00:00:00:00:04→00:00:00:00:00:02 no path (s19→s17)
[SPF-DONE] BF s19->s18 reachable=4/4
[PATH-COMPUTED] s19->s18: 2 hop(s) path=s19 -> s7 -> s18
[FLOW-INSTALL] 00:00:00:00:00:04 → 00:00:00:00:00:03: s19 -> s7 -> s18
[FLOW_MOD] t=16820.417683867 dpid=s19 action=delete-strict src=00:00:00:00:00:04 dst=00:00:00:00:00:03 in_port=1 out_port=4
[FLOW_MOD] t=16820.418023786 dpid=s19 action=add src=00:00:00:00:00:04 dst=00:00:00:00:00:03 in_port=1 out_port=4
[FLOW_MOD] t=16820.418377480 dpid=s7 action=delete-strict src=00:00:00:00:00:04 dst=00:00:00:00:00:03 in_port=2 out_port=1
[FLOW_MOD] t=16820.418644719 dpid=s7 action=add src=00:00:00:00:00:04 dst=00:00:00:00:00:03 in_port=2 out_port=1
[FLOW_MOD] t=16820.418956174 dpid=s18 action=delete-strict src=00:00:00:00:00:04 dst=00:00:00:00:00:03 in_port=4 out_port=1
[FLOW_MOD] t=16820.419252036 dpid=s18 action=add src=00:00:00:00:00:04 dst=00:00:00:00:00:03 in_port=4 out_port=1
[FLOW_MOD] t=16820.419654991 dpid=s18 action=delete-strict src=00:00:00:00:00:03 dst=00:00:00:00:00:04 in_port=1 out_port=4
[FLOW_MOD] t=16820.419910807 dpid=s18 action=add src=00:00:00:00:00:03 dst=00:00:00:00:00:04 in_port=1 out_port=4
[FLOW_MOD] t=16820.420306081 dpid=s7 action=delete-strict src=00:00:00:00:00:03 dst=00:00:00:00:00:04 in_port=1 out_port=2
[FLOW_MOD] t=16820.420542701 dpid=s7 action=add src=00:00:00:00:00:03 dst=00:00:00:00:00:04 in_port=1 out_port=2
[FLOW_MOD] t=16820.420857263 dpid=s19 action=delete-strict src=00:00:00:00:00:03 dst=00:00:00:00:00:04 in_port=4 out_port=1
[FLOW_MOD] t=16820.421157359 dpid=s19 action=add src=00:00:00:00:00:03 dst=00:00:00:00:00:04 in_port=4 out_port=1
[TOPO] route refresh: installed=2 skipped=0 unreachable=10 hosts=4
[CONVERGENCE-END] id=14 convergence_ms=59.469 installed=2 skipped=0 unreachable=10 hosts=4
[PORT_STATUS] t=16820.423052895 s6 port=3 reason=delete
[CONVERGENCE-START] id=15 t1=16820.423441308
[PORT_STATUS] t=16820.454871492 s7 port=1 reason=delete
[CONVERGENCE-START-SKIP] id=15 duplicate port-status s7 port=1 reason=delete
[TOPO-CHANGE] (port-status:delete) switches=11 links=4  delta +0 -2
[TOPO-DOWN] [(7, 18), (18, 7)]
[TOPO-REFRESH] flushing 2 flows, rebuilding routes
[TREE-DONE] root=s1 tree_edges=0 reachable=1/11
[SPF-DONE] BF s16->s17 reachable=0/0
[PATH-UNREACHABLE] s16->s17: no path in current topology
[ROUTE-INSTALL] 00:00:00:00:00:01→00:00:00:00:00:02 no path (s16→s17)
[SPF-DONE] BF s16->s18 reachable=0/0
[PATH-UNREACHABLE] s16->s18: no path in current topology
[ROUTE-INSTALL] 00:00:00:00:00:01→00:00:00:00:00:03 no path (s16→s18)
[SPF-DONE] BF s16->s19 reachable=0/0
[PATH-UNREACHABLE] s16->s19: no path in current topology
[ROUTE-INSTALL] 00:00:00:00:00:01→00:00:00:00:00:04 no path (s16→s19)
[SPF-DONE] BF s17->s16 reachable=0/0
[PATH-UNREACHABLE] s17->s16: no path in current topology
[ROUTE-INSTALL] 00:00:00:00:00:02→00:00:00:00:00:01 no path (s17→s16)
[SPF-DONE] BF s17->s18 reachable=0/0
[PATH-UNREACHABLE] s17->s18: no path in current topology
[ROUTE-INSTALL] 00:00:00:00:00:02→00:00:00:00:00:03 no path (s17→s18)
[SPF-DONE] BF s17->s19 reachable=0/0
[PATH-UNREACHABLE] s17->s19: no path in current topology
[ROUTE-INSTALL] 00:00:00:00:00:02→00:00:00:00:00:04 no path (s17→s19)
[SPF-DONE] BF s18->s16 reachable=0/0
[PATH-UNREACHABLE] s18->s16: no path in current topology
[ROUTE-INSTALL] 00:00:00:00:00:03→00:00:00:00:00:01 no path (s18→s16)
[SPF-DONE] BF s18->s17 reachable=0/0
[PATH-UNREACHABLE] s18->s17: no path in current topology
[ROUTE-INSTALL] 00:00:00:00:00:03→00:00:00:00:00:02 no path (s18→s17)
[SPF-DONE] BF s18->s19 reachable=0/0
[PATH-UNREACHABLE] s18->s19: no path in current topology
[ROUTE-INSTALL] 00:00:00:00:00:03→00:00:00:00:00:04 no path (s18→s19)
[SPF-DONE] BF s19->s16 reachable=3/3
[PATH-UNREACHABLE] s19->s16: no path in current topology
[ROUTE-INSTALL] 00:00:00:00:00:04→00:00:00:00:00:01 no path (s19→s16)
[SPF-DONE] BF s19->s17 reachable=3/3
[PATH-UNREACHABLE] s19->s17: no path in current topology
[ROUTE-INSTALL] 00:00:00:00:00:04→00:00:00:00:00:02 no path (s19→s17)
[SPF-DONE] BF s19->s18 reachable=3/3
[PATH-UNREACHABLE] s19->s18: no path in current topology
[ROUTE-INSTALL] 00:00:00:00:00:04→00:00:00:00:00:03 no path (s19→s18)
[TOPO] route refresh: installed=0 skipped=0 unreachable=12 hosts=4
[PORT_STATUS] t=16820.497100714 s18 port=4 reason=delete
[CONVERGENCE-START-SKIP] id=15 duplicate port-status s18 port=4 reason=delete
[PORT_STATUS] t=16820.545466452 s7 port=2 reason=delete
[CONVERGENCE-START-SKIP] id=15 duplicate port-status s7 port=2 reason=delete
[TOPO-CHANGE] (port-status:delete) switches=11 links=2  delta +0 -2
[TOPO-DOWN] [(7, 19), (19, 7)]
[TOPO-REFRESH] flushing 0 flows, rebuilding routes
[TREE-DONE] root=s1 tree_edges=0 reachable=1/11
[SPF-DONE] BF s16->s17 reachable=0/0
[PATH-UNREACHABLE] s16->s17: no path in current topology
[ROUTE-INSTALL] 00:00:00:00:00:01→00:00:00:00:00:02 no path (s16→s17)
[SPF-DONE] BF s16->s18 reachable=0/0
[PATH-UNREACHABLE] s16->s18: no path in current topology
[ROUTE-INSTALL] 00:00:00:00:00:01→00:00:00:00:00:03 no path (s16→s18)
[SPF-DONE] BF s16->s19 reachable=0/0
[PATH-UNREACHABLE] s16->s19: no path in current topology
[ROUTE-INSTALL] 00:00:00:00:00:01→00:00:00:00:00:04 no path (s16→s19)
[SPF-DONE] BF s17->s16 reachable=0/0
[PATH-UNREACHABLE] s17->s16: no path in current topology
[ROUTE-INSTALL] 00:00:00:00:00:02→00:00:00:00:00:01 no path (s17→s16)
[SPF-DONE] BF s17->s18 reachable=0/0
[PATH-UNREACHABLE] s17->s18: no path in current topology
[ROUTE-INSTALL] 00:00:00:00:00:02→00:00:00:00:00:03 no path (s17→s18)
[SPF-DONE] BF s17->s19 reachable=0/0
[PATH-UNREACHABLE] s17->s19: no path in current topology
[ROUTE-INSTALL] 00:00:00:00:00:02→00:00:00:00:00:04 no path (s17→s19)
[SPF-DONE] BF s18->s16 reachable=0/0
[PATH-UNREACHABLE] s18->s16: no path in current topology
[ROUTE-INSTALL] 00:00:00:00:00:03→00:00:00:00:00:01 no path (s18→s16)
[SPF-DONE] BF s18->s17 reachable=0/0
[PATH-UNREACHABLE] s18->s17: no path in current topology
[ROUTE-INSTALL] 00:00:00:00:00:03→00:00:00:00:00:02 no path (s18→s17)
[SPF-DONE] BF s18->s19 reachable=0/0
[PATH-UNREACHABLE] s18->s19: no path in current topology
[ROUTE-INSTALL] 00:00:00:00:00:03→00:00:00:00:00:04 no path (s18→s19)
[SPF-DONE] BF s19->s16 reachable=0/0
[PATH-UNREACHABLE] s19->s16: no path in current topology
[ROUTE-INSTALL] 00:00:00:00:00:04→00:00:00:00:00:01 no path (s19→s16)
[SPF-DONE] BF s19->s17 reachable=0/0
[PATH-UNREACHABLE] s19->s17: no path in current topology
[ROUTE-INSTALL] 00:00:00:00:00:04→00:00:00:00:00:02 no path (s19→s17)
[SPF-DONE] BF s19->s18 reachable=0/0
[PATH-UNREACHABLE] s19->s18: no path in current topology
[ROUTE-INSTALL] 00:00:00:00:00:04→00:00:00:00:00:03 no path (s19→s18)
[TOPO] route refresh: installed=0 skipped=0 unreachable=12 hosts=4
[PORT_STATUS] t=16820.597376993 s19 port=4 reason=delete
[CONVERGENCE-START-SKIP] id=15 duplicate port-status s19 port=4 reason=delete
[PORT_STATUS] t=16820.644972936 s7 port=4 reason=delete
[CONVERGENCE-START-SKIP] id=15 duplicate port-status s7 port=4 reason=delete
[PORT_STATUS] t=16820.646353943 s2 port=2 reason=delete
[CONVERGENCE-START-SKIP] id=15 duplicate port-status s2 port=2 reason=delete
[PORT_STATUS] t=16820.751890789 s16 port=1 reason=delete
[CONVERGENCE-START-SKIP] id=15 duplicate port-status s16 port=1 reason=delete
[PORT_STATUS] t=16820.779811624 s17 port=1 reason=modify
[PORT_STATUS] t=16820.780553728 s17 port=1 reason=delete
[CONVERGENCE-START-SKIP] id=15 duplicate port-status s17 port=1 reason=delete
[PORT_STATUS] t=16820.877938359 s18 port=1 reason=delete
[CONVERGENCE-START-SKIP] id=15 duplicate port-status s18 port=1 reason=delete
[PORT_STATUS] t=16820.926068514 s19 port=1 reason=modify
[PORT_STATUS] t=16820.926679394 s19 port=1 reason=delete
[CONVERGENCE-START-SKIP] id=15 duplicate port-status s19 port=1 reason=delete

[SIGNAL] SIGINT received, initiating graceful shutdown...
[CONTROLLER-STOP] clearing 4 hosts, 0 paths
[CONTROLLER-EXIT] graceful exit complete
