loading app /workspaces/learn_sdn/SPF/astar_osken_controller.py
loading app os_ken.controller.ofp_handler
loading app os_ken.topology.switches
loading app os_ken.controller.ofp_handler
instantiating app /workspaces/learn_sdn/SPF/astar_osken_controller.py of AStarSwitch
[ASTAR-WEIGHTS] no weight file; using hop-count metric
instantiating app os_ken.controller.ofp_handler of OFPHandler
instantiating app os_ken.topology.switches of Switches
[TOPO-INITIAL] 3 switch(es) 2 link(s)
[TREE-DONE] root=s2 tree_edges=2 reachable=2/3
[TOPO] route refresh: installed=0 skipped=0 unreachable=0 hosts=0
[TOPO-CHANGE] (LLDP topology event) switches=7 links=2  delta +0 -0
[TOPO-REFRESH] flushing 0 flows, rebuilding routes
[TREE-DONE] root=s1 tree_edges=0 reachable=1/7
[TOPO] route refresh: installed=0 skipped=0 unreachable=0 hosts=0
[TOPO-CHANGE] (LLDP topology event) switches=7 links=10  delta +8 -0
[TOPO-UP]   [(1, 2), (1, 4), (1, 5), (3, 2), (4, 1), (4, 5), (5, 1), (5, 4)]
[TOPO-REFRESH] flushing 0 flows, rebuilding routes
[TREE-DONE] root=s1 tree_edges=6 reachable=6/7
[TOPO] route refresh: installed=0 skipped=0 unreachable=0 hosts=0
[TOPO-CHANGE] (LLDP topology event) switches=7 links=12  delta +2 -0
[TOPO-UP]   [(4, 17), (5, 17)]
[TOPO-REFRESH] flushing 0 flows, rebuilding routes
[TREE-DONE] root=s1 tree_edges=7 reachable=7/7
[TOPO] route refresh: installed=0 skipped=0 unreachable=0 hosts=0
[TOPO-CHANGE] (LLDP topology event) switches=7 links=14  delta +2 -0
[TOPO-UP]   [(1, 3), (3, 1)]
[TOPO-REFRESH] flushing 0 flows, rebuilding routes
[TREE-DONE] root=s1 tree_edges=7 reachable=7/7
[TOPO] route refresh: installed=0 skipped=0 unreachable=0 hosts=0
[TOPO-CHANGE] (LLDP topology event) switches=7 links=18  delta +4 -0
[TOPO-UP]   [(2, 1), (2, 3), (17, 4), (17, 5)]
[TOPO-REFRESH] flushing 0 flows, rebuilding routes
[TREE-DONE] root=s1 tree_edges=7 reachable=7/7
[TOPO] route refresh: installed=0 skipped=0 unreachable=0 hosts=0
[TOPO-CHANGE] (LLDP topology event) switches=8 links=18  delta +0 -0
[TOPO-REFRESH] flushing 0 flows, rebuilding routes
[TREE-DONE] root=s1 tree_edges=7 reachable=7/8
[TOPO] route refresh: installed=0 skipped=0 unreachable=0 hosts=0
[TOPO-CHANGE] (LLDP topology event) switches=8 links=19  delta +1 -0
[TOPO-UP]   [(18, 7)]
[TOPO-REFRESH] flushing 0 flows, rebuilding routes
[TREE-DONE] root=s1 tree_edges=8 reachable=8/8
[TOPO] route refresh: installed=0 skipped=0 unreachable=0 hosts=0
[TOPO-CHANGE] (LLDP topology event) switches=8 links=20  delta +1 -0
[TOPO-UP]   [(7, 18)]
[TOPO-REFRESH] flushing 0 flows, rebuilding routes
[TREE-DONE] root=s1 tree_edges=8 reachable=8/8
[TOPO] route refresh: installed=0 skipped=0 unreachable=0 hosts=0
[TOPO-CHANGE] (LLDP topology event) switches=9 links=20  delta +0 -0
[TOPO-REFRESH] flushing 0 flows, rebuilding routes
[TREE-DONE] root=s1 tree_edges=8 reachable=8/9
[TOPO] route refresh: installed=0 skipped=0 unreachable=0 hosts=0
[TOPO-CHANGE] (LLDP topology event) switches=9 links=21  delta +1 -0
[TOPO-UP]   [(19, 7)]
[TOPO-REFRESH] flushing 0 flows, rebuilding routes
[TREE-DONE] root=s1 tree_edges=9 reachable=9/9
[TOPO] route refresh: installed=0 skipped=0 unreachable=0 hosts=0
[TOPO-CHANGE] (LLDP topology event) switches=9 links=22  delta +1 -0
[TOPO-UP]   [(7, 19)]
[TOPO-REFRESH] flushing 0 flows, rebuilding routes
[TREE-DONE] root=s1 tree_edges=9 reachable=9/9
[TOPO] route refresh: installed=0 skipped=0 unreachable=0 hosts=0
[TOPO-CHANGE] (LLDP topology event) switches=11 links=22  delta +0 -0
[TOPO-REFRESH] flushing 0 flows, rebuilding routes
[TREE-DONE] root=s1 tree_edges=9 reachable=9/11
[TOPO] route refresh: installed=0 skipped=0 unreachable=0 hosts=0
[TOPO-CHANGE] (LLDP topology event) switches=11 links=28  delta +6 -0
[TOPO-UP]   [(6, 2), (6, 7), (6, 18), (6, 19), (16, 4), (16, 5)]
[TOPO-REFRESH] flushing 0 flows, rebuilding routes
[TREE-DONE] root=s1 tree_edges=11 reachable=11/11
[TOPO] route refresh: installed=0 skipped=0 unreachable=0 hosts=0
[TOPO-CHANGE] (LLDP topology event) switches=11 links=29  delta +1 -0
[TOPO-UP]   [(7, 6)]
[TOPO-REFRESH] flushing 0 flows, rebuilding routes
[TREE-DONE] root=s1 tree_edges=11 reachable=11/11
[TOPO] route refresh: installed=0 skipped=0 unreachable=0 hosts=0
[TOPO-CHANGE] (LLDP topology event) switches=11 links=30  delta +1 -0
[TOPO-UP]   [(5, 16)]
[TOPO-REFRESH] flushing 0 flows, rebuilding routes
[TREE-DONE] root=s1 tree_edges=11 reachable=11/11
[TOPO] route refresh: installed=0 skipped=0 unreachable=0 hosts=0
[TOPO-CHANGE] (LLDP topology event) switches=11 links=31  delta +1 -0
[TOPO-UP]   [(4, 16)]
[TOPO-REFRESH] flushing 0 flows, rebuilding routes
[TREE-DONE] root=s1 tree_edges=11 reachable=11/11
[TOPO] route refresh: installed=0 skipped=0 unreachable=0 hosts=0
[TOPO-CHANGE] (LLDP topology event) switches=11 links=32  delta +1 -0
[TOPO-UP]   [(18, 6)]
[TOPO-REFRESH] flushing 0 flows, rebuilding routes
[TREE-DONE] root=s1 tree_edges=11 reachable=11/11
[TOPO] route refresh: installed=0 skipped=0 unreachable=0 hosts=0
[TOPO-CHANGE] (LLDP topology event) switches=11 links=34  delta +2 -0
[TOPO-UP]   [(2, 6), (19, 6)]
[TOPO-REFRESH] flushing 0 flows, rebuilding routes
[TREE-DONE] root=s1 tree_edges=11 reachable=11/11
[TOPO] route refresh: installed=0 skipped=0 unreachable=0 hosts=0
[HOST-LEARN] MAC 00:00:00:00:00:01 discovered at s16 port 1
[HOST-LEARN] MAC 00:00:00:00:00:02 discovered at s17 port 1
[SPF-DONE] A* s17->s16 reachable=5/11
[PATH-COMPUTED] s17->s16: 2 hop(s) path=s17 -> s4 -> s16
[FLOW-INSTALL] 00:00:00:00:00:02 → 00:00:00:00:00:01: s17 -> s4 -> s16
[FLOW_MOD] t=15914.569749619 dpid=s17 action=delete-strict src=00:00:00:00:00:02 dst=00:00:00:00:00:01 in_port=1 out_port=3
[FLOW_MOD] t=15914.570033404 dpid=s17 action=add src=00:00:00:00:00:02 dst=00:00:00:00:00:01 in_port=1 out_port=3
[FLOW_MOD] t=15914.570406639 dpid=s4 action=delete-strict src=00:00:00:00:00:02 dst=00:00:00:00:00:01 in_port=2 out_port=1
[FLOW_MOD] t=15914.570638797 dpid=s4 action=add src=00:00:00:00:00:02 dst=00:00:00:00:00:01 in_port=2 out_port=1
[FLOW_MOD] t=15914.570931367 dpid=s16 action=delete-strict src=00:00:00:00:00:02 dst=00:00:00:00:00:01 in_port=3 out_port=1
[FLOW_MOD] t=15914.571249702 dpid=s16 action=add src=00:00:00:00:00:02 dst=00:00:00:00:00:01 in_port=3 out_port=1
[FLOW_MOD] t=15914.571585993 dpid=s16 action=delete-strict src=00:00:00:00:00:01 dst=00:00:00:00:00:02 in_port=1 out_port=3
[FLOW_MOD] t=15914.571858323 dpid=s16 action=add src=00:00:00:00:00:01 dst=00:00:00:00:00:02 in_port=1 out_port=3
[FLOW_MOD] t=15914.572204189 dpid=s4 action=delete-strict src=00:00:00:00:00:01 dst=00:00:00:00:00:02 in_port=1 out_port=2
[FLOW_MOD] t=15914.572477947 dpid=s4 action=add src=00:00:00:00:00:01 dst=00:00:00:00:00:02 in_port=1 out_port=2
[FLOW_MOD] t=15914.572825950 dpid=s17 action=delete-strict src=00:00:00:00:00:01 dst=00:00:00:00:00:02 in_port=3 out_port=1
[FLOW_MOD] t=15914.573118482 dpid=s17 action=add src=00:00:00:00:00:01 dst=00:00:00:00:00:02 in_port=3 out_port=1
[HOST-LEARN] MAC 00:00:00:00:00:03 discovered at s18 port 1
[SPF-DONE] A* s18->s16 reachable=11/11
[PATH-COMPUTED] s18->s16: 5 hop(s) path=s18 -> s6 -> s2 -> s1 -> s4 -> s16
[FLOW-INSTALL] 00:00:00:00:00:03 → 00:00:00:00:00:01: s18 -> s6 -> s2 -> s1 -> s4 -> s16
[FLOW_MOD] t=15914.601685641 dpid=s18 action=delete-strict src=00:00:00:00:00:03 dst=00:00:00:00:00:01 in_port=1 out_port=3
[FLOW_MOD] t=15914.601934261 dpid=s18 action=add src=00:00:00:00:00:03 dst=00:00:00:00:00:01 in_port=1 out_port=3
[FLOW_MOD] t=15914.602228362 dpid=s6 action=delete-strict src=00:00:00:00:00:03 dst=00:00:00:00:00:01 in_port=1 out_port=4
[FLOW_MOD] t=15914.602465228 dpid=s6 action=add src=00:00:00:00:00:03 dst=00:00:00:00:00:01 in_port=1 out_port=4
[FLOW_MOD] t=15914.602764677 dpid=s2 action=delete-strict src=00:00:00:00:00:03 dst=00:00:00:00:00:01 in_port=1 out_port=3
[FLOW_MOD] t=15914.602989789 dpid=s2 action=add src=00:00:00:00:00:03 dst=00:00:00:00:00:01 in_port=1 out_port=3
[FLOW_MOD] t=15914.603321544 dpid=s1 action=delete-strict src=00:00:00:00:00:03 dst=00:00:00:00:00:01 in_port=3 out_port=1
[FLOW_MOD] t=15914.603531207 dpid=s1 action=add src=00:00:00:00:00:03 dst=00:00:00:00:00:01 in_port=3 out_port=1
[FLOW_MOD] t=15914.603850313 dpid=s4 action=delete-strict src=00:00:00:00:00:03 dst=00:00:00:00:00:01 in_port=4 out_port=1
[FLOW_MOD] t=15914.604150319 dpid=s4 action=add src=00:00:00:00:00:03 dst=00:00:00:00:00:01 in_port=4 out_port=1
[FLOW_MOD] t=15914.604512889 dpid=s16 action=delete-strict src=00:00:00:00:00:03 dst=00:00:00:00:00:01 in_port=3 out_port=1
[FLOW_MOD] t=15914.604783954 dpid=s16 action=add src=00:00:00:00:00:03 dst=00:00:00:00:00:01 in_port=3 out_port=1
[FLOW_MOD] t=15914.605160433 dpid=s16 action=delete-strict src=00:00:00:00:00:01 dst=00:00:00:00:00:03 in_port=1 out_port=3
[FLOW_MOD] t=15914.605433626 dpid=s16 action=add src=00:00:00:00:00:01 dst=00:00:00:00:00:03 in_port=1 out_port=3
[FLOW_MOD] t=15914.605769951 dpid=s4 action=delete-strict src=00:00:00:00:00:01 dst=00:00:00:00:00:03 in_port=1 out_port=4
[FLOW_MOD] t=15914.605995342 dpid=s4 action=add src=00:00:00:00:00:01 dst=00:00:00:00:00:03 in_port=1 out_port=4
[FLOW_MOD] t=15914.606307180 dpid=s1 action=delete-strict src=00:00:00:00:00:01 dst=00:00:00:00:00:03 in_port=1 out_port=3
[FLOW_MOD] t=15914.606556978 dpid=s1 action=add src=00:00:00:00:00:01 dst=00:00:00:00:00:03 in_port=1 out_port=3
[FLOW_MOD] t=15914.606913495 dpid=s2 action=delete-strict src=00:00:00:00:00:01 dst=00:00:00:00:00:03 in_port=3 out_port=1
[FLOW_MOD] t=15914.607176559 dpid=s2 action=add src=00:00:00:00:00:01 dst=00:00:00:00:00:03 in_port=3 out_port=1
[FLOW_MOD] t=15914.607478325 dpid=s6 action=delete-strict src=00:00:00:00:00:01 dst=00:00:00:00:00:03 in_port=4 out_port=1
[FLOW_MOD] t=15914.607771823 dpid=s6 action=add src=00:00:00:00:00:01 dst=00:00:00:00:00:03 in_port=4 out_port=1
[FLOW_MOD] t=15914.608143262 dpid=s18 action=delete-strict src=00:00:00:00:00:01 dst=00:00:00:00:00:03 in_port=3 out_port=1
[FLOW_MOD] t=15914.608393115 dpid=s18 action=add src=00:00:00:00:00:01 dst=00:00:00:00:00:03 in_port=3 out_port=1
[SPF-DONE] A* s16->s17 reachable=5/11
[PATH-COMPUTED] s16->s17: 2 hop(s) path=s16 -> s4 -> s17
[FLOW-INSTALL] 00:00:00:00:00:01 → 00:00:00:00:00:02: s16 -> s4 -> s17
[FLOW_MOD] t=15914.614719096 dpid=s16 action=delete-strict src=00:00:00:00:00:01 dst=00:00:00:00:00:02 in_port=1 out_port=3
[FLOW_MOD] t=15914.615048185 dpid=s16 action=add src=00:00:00:00:00:01 dst=00:00:00:00:00:02 in_port=1 out_port=3
[FLOW_MOD] t=15914.615392686 dpid=s4 action=delete-strict src=00:00:00:00:00:01 dst=00:00:00:00:00:02 in_port=1 out_port=2
[FLOW_MOD] t=15914.615685170 dpid=s4 action=add src=00:00:00:00:00:01 dst=00:00:00:00:00:02 in_port=1 out_port=2
[FLOW_MOD] t=15914.616050095 dpid=s17 action=delete-strict src=00:00:00:00:00:01 dst=00:00:00:00:00:02 in_port=3 out_port=1
[FLOW_MOD] t=15914.616306835 dpid=s17 action=add src=00:00:00:00:00:01 dst=00:00:00:00:00:02 in_port=3 out_port=1
[FLOW_MOD] t=15914.616625723 dpid=s17 action=delete-strict src=00:00:00:00:00:02 dst=00:00:00:00:00:01 in_port=1 out_port=3
[FLOW_MOD] t=15914.616927574 dpid=s17 action=add src=00:00:00:00:00:02 dst=00:00:00:00:00:01 in_port=1 out_port=3
[FLOW_MOD] t=15914.617214582 dpid=s4 action=delete-strict src=00:00:00:00:00:02 dst=00:00:00:00:00:01 in_port=2 out_port=1
[FLOW_MOD] t=15914.617437854 dpid=s4 action=add src=00:00:00:00:00:02 dst=00:00:00:00:00:01 in_port=2 out_port=1
[FLOW_MOD] t=15914.617734798 dpid=s16 action=delete-strict src=00:00:00:00:00:02 dst=00:00:00:00:00:01 in_port=3 out_port=1
[FLOW_MOD] t=15914.617988076 dpid=s16 action=add src=00:00:00:00:00:02 dst=00:00:00:00:00:01 in_port=3 out_port=1
[PKT-DROP] 00:00:00:00:00:01→00:00:00:00:00:02: s3 not in path
[HOST-LEARN] MAC 00:00:00:00:00:04 discovered at s19 port 1
[SPF-DONE] A* s19->s16 reachable=11/11
[PATH-COMPUTED] s19->s16: 5 hop(s) path=s19 -> s6 -> s2 -> s1 -> s4 -> s16
[FLOW-INSTALL] 00:00:00:00:00:04 → 00:00:00:00:00:01: s19 -> s6 -> s2 -> s1 -> s4 -> s16
[FLOW_MOD] t=15914.640173350 dpid=s19 action=delete-strict src=00:00:00:00:00:04 dst=00:00:00:00:00:01 in_port=1 out_port=3
[FLOW_MOD] t=15914.640450063 dpid=s19 action=add src=00:00:00:00:00:04 dst=00:00:00:00:00:01 in_port=1 out_port=3
[FLOW_MOD] t=15914.640737260 dpid=s6 action=delete-strict src=00:00:00:00:00:04 dst=00:00:00:00:00:01 in_port=2 out_port=4
[FLOW_MOD] t=15914.641054353 dpid=s6 action=add src=00:00:00:00:00:04 dst=00:00:00:00:00:01 in_port=2 out_port=4
[FLOW_MOD] t=15914.641457119 dpid=s2 action=delete-strict src=00:00:00:00:00:04 dst=00:00:00:00:00:01 in_port=1 out_port=3
[FLOW_MOD] t=15914.641685598 dpid=s2 action=add src=00:00:00:00:00:04 dst=00:00:00:00:00:01 in_port=1 out_port=3
[FLOW_MOD] t=15914.641980448 dpid=s1 action=delete-strict src=00:00:00:00:00:04 dst=00:00:00:00:00:01 in_port=3 out_port=1
[FLOW_MOD] t=15914.642241450 dpid=s1 action=add src=00:00:00:00:00:04 dst=00:00:00:00:00:01 in_port=3 out_port=1
[FLOW_MOD] t=15914.642574968 dpid=s4 action=delete-strict src=00:00:00:00:00:04 dst=00:00:00:00:00:01 in_port=4 out_port=1
[FLOW_MOD] t=15914.642878914 dpid=s4 action=add src=00:00:00:00:00:04 dst=00:00:00:00:00:01 in_port=4 out_port=1
[FLOW_MOD] t=15914.643180710 dpid=s16 action=delete-strict src=00:00:00:00:00:04 dst=00:00:00:00:00:01 in_port=3 out_port=1
[FLOW_MOD] t=15914.643457545 dpid=s16 action=add src=00:00:00:00:00:04 dst=00:00:00:00:00:01 in_port=3 out_port=1
[FLOW_MOD] t=15914.643835342 dpid=s16 action=delete-strict src=00:00:00:00:00:01 dst=00:00:00:00:00:04 in_port=1 out_port=3
[FLOW_MOD] t=15914.644113195 dpid=s16 action=add src=00:00:00:00:00:01 dst=00:00:00:00:00:04 in_port=1 out_port=3
[FLOW_MOD] t=15914.644439037 dpid=s4 action=delete-strict src=00:00:00:00:00:01 dst=00:00:00:00:00:04 in_port=1 out_port=4
[FLOW_MOD] t=15914.644685581 dpid=s4 action=add src=00:00:00:00:00:01 dst=00:00:00:00:00:04 in_port=1 out_port=4
[FLOW_MOD] t=15914.645026883 dpid=s1 action=delete-strict src=00:00:00:00:00:01 dst=00:00:00:00:00:04 in_port=1 out_port=3
[FLOW_MOD] t=15914.645302610 dpid=s1 action=add src=00:00:00:00:00:01 dst=00:00:00:00:00:04 in_port=1 out_port=3
[FLOW_MOD] t=15914.645615707 dpid=s2 action=delete-strict src=00:00:00:00:00:01 dst=00:00:00:00:00:04 in_port=3 out_port=1
[FLOW_MOD] t=15914.645833876 dpid=s2 action=add src=00:00:00:00:00:01 dst=00:00:00:00:00:04 in_port=3 out_port=1
[FLOW_MOD] t=15914.646128017 dpid=s6 action=delete-strict src=00:00:00:00:00:01 dst=00:00:00:00:00:04 in_port=4 out_port=2
[FLOW_MOD] t=15914.646387548 dpid=s6 action=add src=00:00:00:00:00:01 dst=00:00:00:00:00:04 in_port=4 out_port=2
[FLOW_MOD] t=15914.646753076 dpid=s19 action=delete-strict src=00:00:00:00:00:01 dst=00:00:00:00:00:04 in_port=3 out_port=1
[FLOW_MOD] t=15914.647007425 dpid=s19 action=add src=00:00:00:00:00:01 dst=00:00:00:00:00:04 in_port=3 out_port=1
[SPF-DONE] A* s16->s18 reachable=11/11
[PATH-COMPUTED] s16->s18: 5 hop(s) path=s16 -> s4 -> s1 -> s2 -> s6 -> s18
[FLOW-INSTALL] 00:00:00:00:00:01 → 00:00:00:00:00:03: s16 -> s4 -> s1 -> s2 -> s6 -> s18
[FLOW_MOD] t=15914.651890055 dpid=s16 action=delete-strict src=00:00:00:00:00:01 dst=00:00:00:00:00:03 in_port=1 out_port=3
[FLOW_MOD] t=15914.652232285 dpid=s16 action=add src=00:00:00:00:00:01 dst=00:00:00:00:00:03 in_port=1 out_port=3
[FLOW_MOD] t=15914.652571158 dpid=s4 action=delete-strict src=00:00:00:00:00:01 dst=00:00:00:00:00:03 in_port=1 out_port=4
[FLOW_MOD] t=15914.652832641 dpid=s4 action=add src=00:00:00:00:00:01 dst=00:00:00:00:00:03 in_port=1 out_port=4
[FLOW_MOD] t=15914.653154067 dpid=s1 action=delete-strict src=00:00:00:00:00:01 dst=00:00:00:00:00:03 in_port=1 out_port=3
[FLOW_MOD] t=15914.653419809 dpid=s1 action=add src=00:00:00:00:00:01 dst=00:00:00:00:00:03 in_port=1 out_port=3
[FLOW_MOD] t=15914.653761263 dpid=s2 action=delete-strict src=00:00:00:00:00:01 dst=00:00:00:00:00:03 in_port=3 out_port=1
[FLOW_MOD] t=15914.654044133 dpid=s2 action=add src=00:00:00:00:00:01 dst=00:00:00:00:00:03 in_port=3 out_port=1
[FLOW_MOD] t=15914.654378935 dpid=s6 action=delete-strict src=00:00:00:00:00:01 dst=00:00:00:00:00:03 in_port=4 out_port=1
[FLOW_MOD] t=15914.654638388 dpid=s6 action=add src=00:00:00:00:00:01 dst=00:00:00:00:00:03 in_port=4 out_port=1
[FLOW_MOD] t=15914.654945541 dpid=s18 action=delete-strict src=00:00:00:00:00:01 dst=00:00:00:00:00:03 in_port=3 out_port=1
[FLOW_MOD] t=15914.655188467 dpid=s18 action=add src=00:00:00:00:00:01 dst=00:00:00:00:00:03 in_port=3 out_port=1
[FLOW_MOD] t=15914.655506007 dpid=s18 action=delete-strict src=00:00:00:00:00:03 dst=00:00:00:00:00:01 in_port=1 out_port=3
[FLOW_MOD] t=15914.655775716 dpid=s18 action=add src=00:00:00:00:00:03 dst=00:00:00:00:00:01 in_port=1 out_port=3
[FLOW_MOD] t=15914.656172828 dpid=s6 action=delete-strict src=00:00:00:00:00:03 dst=00:00:00:00:00:01 in_port=1 out_port=4
[FLOW_MOD] t=15914.656420412 dpid=s6 action=add src=00:00:00:00:00:03 dst=00:00:00:00:00:01 in_port=1 out_port=4
[FLOW_MOD] t=15914.656727028 dpid=s2 action=delete-strict src=00:00:00:00:00:03 dst=00:00:00:00:00:01 in_port=1 out_port=3
[FLOW_MOD] t=15914.656946211 dpid=s2 action=add src=00:00:00:00:00:03 dst=00:00:00:00:00:01 in_port=1 out_port=3
[FLOW_MOD] t=15914.657245301 dpid=s1 action=delete-strict src=00:00:00:00:00:03 dst=00:00:00:00:00:01 in_port=3 out_port=1
[FLOW_MOD] t=15914.657465009 dpid=s1 action=add src=00:00:00:00:00:03 dst=00:00:00:00:00:01 in_port=3 out_port=1
[FLOW_MOD] t=15914.657751052 dpid=s4 action=delete-strict src=00:00:00:00:00:03 dst=00:00:00:00:00:01 in_port=4 out_port=1
[FLOW_MOD] t=15914.658001347 dpid=s4 action=add src=00:00:00:00:00:03 dst=00:00:00:00:00:01 in_port=4 out_port=1
[FLOW_MOD] t=15914.658338221 dpid=s16 action=delete-strict src=00:00:00:00:00:03 dst=00:00:00:00:00:01 in_port=3 out_port=1
[FLOW_MOD] t=15914.658594500 dpid=s16 action=add src=00:00:00:00:00:03 dst=00:00:00:00:00:01 in_port=3 out_port=1
[PKT-DROP] 00:00:00:00:00:01→00:00:00:00:00:03: s3 not in path
[SPF-DONE] A* s17->s18 reachable=11/11
[PATH-COMPUTED] s17->s18: 5 hop(s) path=s17 -> s4 -> s1 -> s2 -> s6 -> s18
[FLOW-INSTALL] 00:00:00:00:00:02 → 00:00:00:00:00:03: s17 -> s4 -> s1 -> s2 -> s6 -> s18
[FLOW_MOD] t=15914.678132236 dpid=s17 action=delete-strict src=00:00:00:00:00:02 dst=00:00:00:00:00:03 in_port=1 out_port=3
[FLOW_MOD] t=15914.678425623 dpid=s17 action=add src=00:00:00:00:00:02 dst=00:00:00:00:00:03 in_port=1 out_port=3
[FLOW_MOD] t=15914.678770711 dpid=s4 action=delete-strict src=00:00:00:00:00:02 dst=00:00:00:00:00:03 in_port=2 out_port=4
[FLOW_MOD] t=15914.679042775 dpid=s4 action=add src=00:00:00:00:00:02 dst=00:00:00:00:00:03 in_port=2 out_port=4
[FLOW_MOD] t=15914.679384461 dpid=s1 action=delete-strict src=00:00:00:00:00:02 dst=00:00:00:00:00:03 in_port=1 out_port=3
[FLOW_MOD] t=15914.679675882 dpid=s1 action=add src=00:00:00:00:00:02 dst=00:00:00:00:00:03 in_port=1 out_port=3
[FLOW_MOD] t=15914.680088065 dpid=s2 action=delete-strict src=00:00:00:00:00:02 dst=00:00:00:00:00:03 in_port=3 out_port=1
[FLOW_MOD] t=15914.680335135 dpid=s2 action=add src=00:00:00:00:00:02 dst=00:00:00:00:00:03 in_port=3 out_port=1
[FLOW_MOD] t=15914.680659418 dpid=s6 action=delete-strict src=00:00:00:00:00:02 dst=00:00:00:00:00:03 in_port=4 out_port=1
[FLOW_MOD] t=15914.680960205 dpid=s6 action=add src=00:00:00:00:00:02 dst=00:00:00:00:00:03 in_port=4 out_port=1
[FLOW_MOD] t=15914.681328059 dpid=s18 action=delete-strict src=00:00:00:00:00:02 dst=00:00:00:00:00:03 in_port=3 out_port=1
[FLOW_MOD] t=15914.681597312 dpid=s18 action=add src=00:00:00:00:00:02 dst=00:00:00:00:00:03 in_port=3 out_port=1
[FLOW_MOD] t=15914.682000924 dpid=s18 action=delete-strict src=00:00:00:00:00:03 dst=00:00:00:00:00:02 in_port=1 out_port=3
[FLOW_MOD] t=15914.682251379 dpid=s18 action=add src=00:00:00:00:00:03 dst=00:00:00:00:00:02 in_port=1 out_port=3
[FLOW_MOD] t=15914.682576473 dpid=s6 action=delete-strict src=00:00:00:00:00:03 dst=00:00:00:00:00:02 in_port=1 out_port=4
[FLOW_MOD] t=15914.682810753 dpid=s6 action=add src=00:00:00:00:00:03 dst=00:00:00:00:00:02 in_port=1 out_port=4
[FLOW_MOD] t=15914.683135347 dpid=s2 action=delete-strict src=00:00:00:00:00:03 dst=00:00:00:00:00:02 in_port=1 out_port=3
[FLOW_MOD] t=15914.683369923 dpid=s2 action=add src=00:00:00:00:00:03 dst=00:00:00:00:00:02 in_port=1 out_port=3
[FLOW_MOD] t=15914.683691342 dpid=s1 action=delete-strict src=00:00:00:00:00:03 dst=00:00:00:00:00:02 in_port=3 out_port=1
[FLOW_MOD] t=15914.683916753 dpid=s1 action=add src=00:00:00:00:00:03 dst=00:00:00:00:00:02 in_port=3 out_port=1
[FLOW_MOD] t=15914.684287185 dpid=s4 action=delete-strict src=00:00:00:00:00:03 dst=00:00:00:00:00:02 in_port=4 out_port=2
[FLOW_MOD] t=15914.684638365 dpid=s4 action=add src=00:00:00:00:00:03 dst=00:00:00:00:00:02 in_port=4 out_port=2
[FLOW_MOD] t=15914.684980997 dpid=s17 action=delete-strict src=00:00:00:00:00:03 dst=00:00:00:00:00:02 in_port=3 out_port=1
[FLOW_MOD] t=15914.685245951 dpid=s17 action=add src=00:00:00:00:00:03 dst=00:00:00:00:00:02 in_port=3 out_port=1
[SPF-DONE] A* s16->s19 reachable=11/11
[PATH-COMPUTED] s16->s19: 5 hop(s) path=s16 -> s4 -> s1 -> s2 -> s6 -> s19
[FLOW-INSTALL] 00:00:00:00:00:01 → 00:00:00:00:00:04: s16 -> s4 -> s1 -> s2 -> s6 -> s19
[FLOW_MOD] t=15914.689625798 dpid=s16 action=delete-strict src=00:00:00:00:00:01 dst=00:00:00:00:00:04 in_port=1 out_port=3
[FLOW_MOD] t=15914.689915304 dpid=s16 action=add src=00:00:00:00:00:01 dst=00:00:00:00:00:04 in_port=1 out_port=3
[FLOW_MOD] t=15914.690233178 dpid=s4 action=delete-strict src=00:00:00:00:00:01 dst=00:00:00:00:00:04 in_port=1 out_port=4
[FLOW_MOD] t=15914.690471435 dpid=s4 action=add src=00:00:00:00:00:01 dst=00:00:00:00:00:04 in_port=1 out_port=4
[FLOW_MOD] t=15914.690791003 dpid=s1 action=delete-strict src=00:00:00:00:00:01 dst=00:00:00:00:00:04 in_port=1 out_port=3
[FLOW_MOD] t=15914.691058360 dpid=s1 action=add src=00:00:00:00:00:01 dst=00:00:00:00:00:04 in_port=1 out_port=3
[FLOW_MOD] t=15914.691381768 dpid=s2 action=delete-strict src=00:00:00:00:00:01 dst=00:00:00:00:00:04 in_port=3 out_port=1
[FLOW_MOD] t=15914.691664338 dpid=s2 action=add src=00:00:00:00:00:01 dst=00:00:00:00:00:04 in_port=3 out_port=1
[FLOW_MOD] t=15914.691969434 dpid=s6 action=delete-strict src=00:00:00:00:00:01 dst=00:00:00:00:00:04 in_port=4 out_port=2
[FLOW_MOD] t=15914.692233691 dpid=s6 action=add src=00:00:00:00:00:01 dst=00:00:00:00:00:04 in_port=4 out_port=2
[FLOW_MOD] t=15914.692656869 dpid=s19 action=delete-strict src=00:00:00:00:00:01 dst=00:00:00:00:00:04 in_port=3 out_port=1
[FLOW_MOD] t=15914.692913883 dpid=s19 action=add src=00:00:00:00:00:01 dst=00:00:00:00:00:04 in_port=3 out_port=1
[FLOW_MOD] t=15914.693216870 dpid=s19 action=delete-strict src=00:00:00:00:00:04 dst=00:00:00:00:00:01 in_port=1 out_port=3
[FLOW_MOD] t=15914.693444702 dpid=s19 action=add src=00:00:00:00:00:04 dst=00:00:00:00:00:01 in_port=1 out_port=3
[FLOW_MOD] t=15914.693747892 dpid=s6 action=delete-strict src=00:00:00:00:00:04 dst=00:00:00:00:00:01 in_port=2 out_port=4
[FLOW_MOD] t=15914.693963683 dpid=s6 action=add src=00:00:00:00:00:04 dst=00:00:00:00:00:01 in_port=2 out_port=4
[FLOW_MOD] t=15914.694230498 dpid=s2 action=delete-strict src=00:00:00:00:00:04 dst=00:00:00:00:00:01 in_port=1 out_port=3
[FLOW_MOD] t=15914.694447105 dpid=s2 action=add src=00:00:00:00:00:04 dst=00:00:00:00:00:01 in_port=1 out_port=3
[FLOW_MOD] t=15914.694760777 dpid=s1 action=delete-strict src=00:00:00:00:00:04 dst=00:00:00:00:00:01 in_port=3 out_port=1
[FLOW_MOD] t=15914.695010050 dpid=s1 action=add src=00:00:00:00:00:04 dst=00:00:00:00:00:01 in_port=3 out_port=1
[FLOW_MOD] t=15914.695297148 dpid=s4 action=delete-strict src=00:00:00:00:00:04 dst=00:00:00:00:00:01 in_port=4 out_port=1
[FLOW_MOD] t=15914.695652778 dpid=s4 action=add src=00:00:00:00:00:04 dst=00:00:00:00:00:01 in_port=4 out_port=1
[FLOW_MOD] t=15914.696088804 dpid=s16 action=delete-strict src=00:00:00:00:00:04 dst=00:00:00:00:00:01 in_port=3 out_port=1
[FLOW_MOD] t=15914.696429913 dpid=s16 action=add src=00:00:00:00:00:04 dst=00:00:00:00:00:01 in_port=3 out_port=1
[PKT-DROP] 00:00:00:00:00:01→00:00:00:00:00:04: s3 not in path
[SPF-DONE] A* s17->s19 reachable=11/11
[PATH-COMPUTED] s17->s19: 5 hop(s) path=s17 -> s4 -> s1 -> s2 -> s6 -> s19
[FLOW-INSTALL] 00:00:00:00:00:02 → 00:00:00:00:00:04: s17 -> s4 -> s1 -> s2 -> s6 -> s19
[FLOW_MOD] t=15914.709229306 dpid=s17 action=delete-strict src=00:00:00:00:00:02 dst=00:00:00:00:00:04 in_port=1 out_port=3
[FLOW_MOD] t=15914.709531342 dpid=s17 action=add src=00:00:00:00:00:02 dst=00:00:00:00:00:04 in_port=1 out_port=3
[FLOW_MOD] t=15914.709884889 dpid=s4 action=delete-strict src=00:00:00:00:00:02 dst=00:00:00:00:00:04 in_port=2 out_port=4
[FLOW_MOD] t=15914.710145198 dpid=s4 action=add src=00:00:00:00:00:02 dst=00:00:00:00:00:04 in_port=2 out_port=4
[FLOW_MOD] t=15914.710463483 dpid=s1 action=delete-strict src=00:00:00:00:00:02 dst=00:00:00:00:00:04 in_port=1 out_port=3
[FLOW_MOD] t=15914.710727591 dpid=s1 action=add src=00:00:00:00:00:02 dst=00:00:00:00:00:04 in_port=1 out_port=3
[FLOW_MOD] t=15914.711039320 dpid=s2 action=delete-strict src=00:00:00:00:00:02 dst=00:00:00:00:00:04 in_port=3 out_port=1
[FLOW_MOD] t=15914.711266403 dpid=s2 action=add src=00:00:00:00:00:02 dst=00:00:00:00:00:04 in_port=3 out_port=1
[FLOW_MOD] t=15914.711573138 dpid=s6 action=delete-strict src=00:00:00:00:00:02 dst=00:00:00:00:00:04 in_port=4 out_port=2
[FLOW_MOD] t=15914.711780175 dpid=s6 action=add src=00:00:00:00:00:02 dst=00:00:00:00:00:04 in_port=4 out_port=2
[FLOW_MOD] t=15914.712124154 dpid=s19 action=delete-strict src=00:00:00:00:00:02 dst=00:00:00:00:00:04 in_port=3 out_port=1
[FLOW_MOD] t=15914.712399376 dpid=s19 action=add src=00:00:00:00:00:02 dst=00:00:00:00:00:04 in_port=3 out_port=1
[FLOW_MOD] t=15914.712717003 dpid=s19 action=delete-strict src=00:00:00:00:00:04 dst=00:00:00:00:00:02 in_port=1 out_port=3
[FLOW_MOD] t=15914.712954361 dpid=s19 action=add src=00:00:00:00:00:04 dst=00:00:00:00:00:02 in_port=1 out_port=3
[FLOW_MOD] t=15914.713264141 dpid=s6 action=delete-strict src=00:00:00:00:00:04 dst=00:00:00:00:00:02 in_port=2 out_port=4
[FLOW_MOD] t=15914.713526809 dpid=s6 action=add src=00:00:00:00:00:04 dst=00:00:00:00:00:02 in_port=2 out_port=4
[FLOW_MOD] t=15914.713976606 dpid=s2 action=delete-strict src=00:00:00:00:00:04 dst=00:00:00:00:00:02 in_port=1 out_port=3
[FLOW_MOD] t=15914.714202783 dpid=s2 action=add src=00:00:00:00:00:04 dst=00:00:00:00:00:02 in_port=1 out_port=3
[FLOW_MOD] t=15914.714475635 dpid=s1 action=delete-strict src=00:00:00:00:00:04 dst=00:00:00:00:00:02 in_port=3 out_port=1
[FLOW_MOD] t=15914.714723343 dpid=s1 action=add src=00:00:00:00:00:04 dst=00:00:00:00:00:02 in_port=3 out_port=1
[FLOW_MOD] t=15914.715041545 dpid=s4 action=delete-strict src=00:00:00:00:00:04 dst=00:00:00:00:00:02 in_port=4 out_port=2
[FLOW_MOD] t=15914.715277899 dpid=s4 action=add src=00:00:00:00:00:04 dst=00:00:00:00:00:02 in_port=4 out_port=2
[FLOW_MOD] t=15914.715637826 dpid=s17 action=delete-strict src=00:00:00:00:00:04 dst=00:00:00:00:00:02 in_port=3 out_port=1
[FLOW_MOD] t=15914.715884071 dpid=s17 action=add src=00:00:00:00:00:04 dst=00:00:00:00:00:02 in_port=3 out_port=1
[SPF-DONE] A* s18->s19 reachable=5/11
[PATH-COMPUTED] s18->s19: 2 hop(s) path=s18 -> s6 -> s19
[FLOW-INSTALL] 00:00:00:00:00:03 → 00:00:00:00:00:04: s18 -> s6 -> s19
[FLOW_MOD] t=15914.776674934 dpid=s18 action=delete-strict src=00:00:00:00:00:03 dst=00:00:00:00:00:04 in_port=1 out_port=3
[FLOW_MOD] t=15914.776990748 dpid=s18 action=add src=00:00:00:00:00:03 dst=00:00:00:00:00:04 in_port=1 out_port=3
[FLOW_MOD] t=15914.777348109 dpid=s6 action=delete-strict src=00:00:00:00:00:03 dst=00:00:00:00:00:04 in_port=1 out_port=2
[FLOW_MOD] t=15914.777609780 dpid=s6 action=add src=00:00:00:00:00:03 dst=00:00:00:00:00:04 in_port=1 out_port=2
[FLOW_MOD] t=15914.777943328 dpid=s19 action=delete-strict src=00:00:00:00:00:03 dst=00:00:00:00:00:04 in_port=3 out_port=1
[FLOW_MOD] t=15914.778207948 dpid=s19 action=add src=00:00:00:00:00:03 dst=00:00:00:00:00:04 in_port=3 out_port=1
[FLOW_MOD] t=15914.778536519 dpid=s19 action=delete-strict src=00:00:00:00:00:04 dst=00:00:00:00:00:03 in_port=1 out_port=3
[FLOW_MOD] t=15914.778784394 dpid=s19 action=add src=00:00:00:00:00:04 dst=00:00:00:00:00:03 in_port=1 out_port=3
[FLOW_MOD] t=15914.779095127 dpid=s6 action=delete-strict src=00:00:00:00:00:04 dst=00:00:00:00:00:03 in_port=2 out_port=1
[FLOW_MOD] t=15914.779359143 dpid=s6 action=add src=00:00:00:00:00:04 dst=00:00:00:00:00:03 in_port=2 out_port=1
[FLOW_MOD] t=15914.779689544 dpid=s18 action=delete-strict src=00:00:00:00:00:04 dst=00:00:00:00:00:03 in_port=3 out_port=1
[FLOW_MOD] t=15914.779965892 dpid=s18 action=add src=00:00:00:00:00:04 dst=00:00:00:00:00:03 in_port=3 out_port=1
[PORT_STATUS] t=16122.601807685 s1 port=3 reason=modify
[TOPO-CHANGE] (port-status:modify) switches=11 links=32  delta +0 -2
[TOPO-DOWN] [(1, 2), (2, 1)]
[TOPO-REFRESH] flushing 9 flows, rebuilding routes
[TREE-DONE] root=s1 tree_edges=11 reachable=11/11
[SPF-DONE] A* s16->s17 reachable=5/11
[PATH-COMPUTED] s16->s17: 2 hop(s) path=s16 -> s4 -> s17
[FLOW-INSTALL] 00:00:00:00:00:01 → 00:00:00:00:00:02: s16 -> s4 -> s17
[FLOW_MOD] t=16122.608032923 dpid=s16 action=delete-strict src=00:00:00:00:00:01 dst=00:00:00:00:00:02 in_port=1 out_port=3
[FLOW_MOD] t=16122.608361789 dpid=s16 action=add src=00:00:00:00:00:01 dst=00:00:00:00:00:02 in_port=1 out_port=3
[FLOW_MOD] t=16122.608701907 dpid=s4 action=delete-strict src=00:00:00:00:00:01 dst=00:00:00:00:00:02 in_port=1 out_port=2
[FLOW_MOD] t=16122.608981545 dpid=s4 action=add src=00:00:00:00:00:01 dst=00:00:00:00:00:02 in_port=1 out_port=2
[FLOW_MOD] t=16122.609380979 dpid=s17 action=delete-strict src=00:00:00:00:00:01 dst=00:00:00:00:00:02 in_port=3 out_port=1
[FLOW_MOD] t=16122.609683512 dpid=s17 action=add src=00:00:00:00:00:01 dst=00:00:00:00:00:02 in_port=3 out_port=1
[FLOW_MOD] t=16122.610056714 dpid=s17 action=delete-strict src=00:00:00:00:00:02 dst=00:00:00:00:00:01 in_port=1 out_port=3
[FLOW_MOD] t=16122.610374210 dpid=s17 action=add src=00:00:00:00:00:02 dst=00:00:00:00:00:01 in_port=1 out_port=3
[FLOW_MOD] t=16122.610718305 dpid=s4 action=delete-strict src=00:00:00:00:00:02 dst=00:00:00:00:00:01 in_port=2 out_port=1
[FLOW_MOD] t=16122.610976879 dpid=s4 action=add src=00:00:00:00:00:02 dst=00:00:00:00:00:01 in_port=2 out_port=1
[FLOW_MOD] t=16122.611320204 dpid=s16 action=delete-strict src=00:00:00:00:00:02 dst=00:00:00:00:00:01 in_port=3 out_port=1
[FLOW_MOD] t=16122.611575622 dpid=s16 action=add src=00:00:00:00:00:02 dst=00:00:00:00:00:01 in_port=3 out_port=1
[SPF-DONE] A* s16->s18 reachable=11/11
[PATH-COMPUTED] s16->s18: 6 hop(s) path=s16 -> s4 -> s1 -> s3 -> s2 -> s6 -> s18
[FLOW-INSTALL] 00:00:00:00:00:01 → 00:00:00:00:00:03: s16 -> s4 -> s1 -> s3 -> s2 -> s6 -> s18
[FLOW_MOD] t=16122.616042627 dpid=s16 action=delete-strict src=00:00:00:00:00:01 dst=00:00:00:00:00:03 in_port=1 out_port=3
[FLOW_MOD] t=16122.616352295 dpid=s16 action=add src=00:00:00:00:00:01 dst=00:00:00:00:00:03 in_port=1 out_port=3
[FLOW_MOD] t=16122.616703299 dpid=s4 action=delete-strict src=00:00:00:00:00:01 dst=00:00:00:00:00:03 in_port=1 out_port=4
[FLOW_MOD] t=16122.616993276 dpid=s4 action=add src=00:00:00:00:00:01 dst=00:00:00:00:00:03 in_port=1 out_port=4
[FLOW_MOD] t=16122.617361934 dpid=s1 action=delete-strict src=00:00:00:00:00:01 dst=00:00:00:00:00:03 in_port=1 out_port=4
[FLOW_MOD] t=16122.617632983 dpid=s1 action=add src=00:00:00:00:00:01 dst=00:00:00:00:00:03 in_port=1 out_port=4
[FLOW_MOD] t=16122.617961703 dpid=s3 action=delete-strict src=00:00:00:00:00:01 dst=00:00:00:00:00:03 in_port=4 out_port=3
[FLOW_MOD] t=16122.618222525 dpid=s3 action=add src=00:00:00:00:00:01 dst=00:00:00:00:00:03 in_port=4 out_port=3
[FLOW_MOD] t=16122.618589628 dpid=s2 action=delete-strict src=00:00:00:00:00:01 dst=00:00:00:00:00:03 in_port=4 out_port=1
[FLOW_MOD] t=16122.618865217 dpid=s2 action=add src=00:00:00:00:00:01 dst=00:00:00:00:00:03 in_port=4 out_port=1
[FLOW_MOD] t=16122.619201326 dpid=s6 action=delete-strict src=00:00:00:00:00:01 dst=00:00:00:00:00:03 in_port=4 out_port=1
[FLOW_MOD] t=16122.619466049 dpid=s6 action=add src=00:00:00:00:00:01 dst=00:00:00:00:00:03 in_port=4 out_port=1
[FLOW_MOD] t=16122.619815570 dpid=s18 action=delete-strict src=00:00:00:00:00:01 dst=00:00:00:00:00:03 in_port=3 out_port=1
[FLOW_MOD] t=16122.620129736 dpid=s18 action=add src=00:00:00:00:00:01 dst=00:00:00:00:00:03 in_port=3 out_port=1
[FLOW_MOD] t=16122.620466066 dpid=s18 action=delete-strict src=00:00:00:00:00:03 dst=00:00:00:00:00:01 in_port=1 out_port=3
[FLOW_MOD] t=16122.620734758 dpid=s18 action=add src=00:00:00:00:00:03 dst=00:00:00:00:00:01 in_port=1 out_port=3
[FLOW_MOD] t=16122.621061485 dpid=s6 action=delete-strict src=00:00:00:00:00:03 dst=00:00:00:00:00:01 in_port=1 out_port=4
[FLOW_MOD] t=16122.621391892 dpid=s6 action=add src=00:00:00:00:00:03 dst=00:00:00:00:00:01 in_port=1 out_port=4
[FLOW_MOD] t=16122.621692791 dpid=s2 action=delete-strict src=00:00:00:00:00:03 dst=00:00:00:00:00:01 in_port=1 out_port=4
[FLOW_MOD] t=16122.622007476 dpid=s2 action=add src=00:00:00:00:00:03 dst=00:00:00:00:00:01 in_port=1 out_port=4
[FLOW_MOD] t=16122.622405542 dpid=s3 action=delete-strict src=00:00:00:00:00:03 dst=00:00:00:00:00:01 in_port=3 out_port=4
[FLOW_MOD] t=16122.622702813 dpid=s3 action=add src=00:00:00:00:00:03 dst=00:00:00:00:00:01 in_port=3 out_port=4
[FLOW_MOD] t=16122.623078582 dpid=s1 action=delete-strict src=00:00:00:00:00:03 dst=00:00:00:00:00:01 in_port=4 out_port=1
[FLOW_MOD] t=16122.623346622 dpid=s1 action=add src=00:00:00:00:00:03 dst=00:00:00:00:00:01 in_port=4 out_port=1
[FLOW_MOD] t=16122.623810848 dpid=s4 action=delete-strict src=00:00:00:00:00:03 dst=00:00:00:00:00:01 in_port=4 out_port=1
[FLOW_MOD] t=16122.624142203 dpid=s4 action=add src=00:00:00:00:00:03 dst=00:00:00:00:00:01 in_port=4 out_port=1
[FLOW_MOD] t=16122.624518390 dpid=s16 action=delete-strict src=00:00:00:00:00:03 dst=00:00:00:00:00:01 in_port=3 out_port=1
[FLOW_MOD] t=16122.624798620 dpid=s16 action=add src=00:00:00:00:00:03 dst=00:00:00:00:00:01 in_port=3 out_port=1
[SPF-DONE] A* s16->s19 reachable=11/11
[PATH-COMPUTED] s16->s19: 6 hop(s) path=s16 -> s4 -> s1 -> s3 -> s2 -> s6 -> s19
[FLOW-INSTALL] 00:00:00:00:00:01 → 00:00:00:00:00:04: s16 -> s4 -> s1 -> s3 -> s2 -> s6 -> s19
[FLOW_MOD] t=16122.629389426 dpid=s16 action=delete-strict src=00:00:00:00:00:01 dst=00:00:00:00:00:04 in_port=1 out_port=3
[FLOW_MOD] t=16122.629706513 dpid=s16 action=add src=00:00:00:00:00:01 dst=00:00:00:00:00:04 in_port=1 out_port=3
[FLOW_MOD] t=16122.630078330 dpid=s4 action=delete-strict src=00:00:00:00:00:01 dst=00:00:00:00:00:04 in_port=1 out_port=4
[FLOW_MOD] t=16122.630342489 dpid=s4 action=add src=00:00:00:00:00:01 dst=00:00:00:00:00:04 in_port=1 out_port=4
[FLOW_MOD] t=16122.630711650 dpid=s1 action=delete-strict src=00:00:00:00:00:01 dst=00:00:00:00:00:04 in_port=1 out_port=4
[FLOW_MOD] t=16122.630973272 dpid=s1 action=add src=00:00:00:00:00:01 dst=00:00:00:00:00:04 in_port=1 out_port=4
[FLOW_MOD] t=16122.631349398 dpid=s3 action=delete-strict src=00:00:00:00:00:01 dst=00:00:00:00:00:04 in_port=4 out_port=3
[FLOW_MOD] t=16122.631634883 dpid=s3 action=add src=00:00:00:00:00:01 dst=00:00:00:00:00:04 in_port=4 out_port=3
[FLOW_MOD] t=16122.632095519 dpid=s2 action=delete-strict src=00:00:00:00:00:01 dst=00:00:00:00:00:04 in_port=4 out_port=1
[FLOW_MOD] t=16122.632363564 dpid=s2 action=add src=00:00:00:00:00:01 dst=00:00:00:00:00:04 in_port=4 out_port=1
[FLOW_MOD] t=16122.632721207 dpid=s6 action=delete-strict src=00:00:00:00:00:01 dst=00:00:00:00:00:04 in_port=4 out_port=2
[FLOW_MOD] t=16122.632982675 dpid=s6 action=add src=00:00:00:00:00:01 dst=00:00:00:00:00:04 in_port=4 out_port=2
[FLOW_MOD] t=16122.633326128 dpid=s19 action=delete-strict src=00:00:00:00:00:01 dst=00:00:00:00:00:04 in_port=3 out_port=1
[FLOW_MOD] t=16122.633600892 dpid=s19 action=add src=00:00:00:00:00:01 dst=00:00:00:00:00:04 in_port=3 out_port=1
[FLOW_MOD] t=16122.633940765 dpid=s19 action=delete-strict src=00:00:00:00:00:04 dst=00:00:00:00:00:01 in_port=1 out_port=3
[FLOW_MOD] t=16122.634203170 dpid=s19 action=add src=00:00:00:00:00:04 dst=00:00:00:00:00:01 in_port=1 out_port=3
[FLOW_MOD] t=16122.634535584 dpid=s6 action=delete-strict src=00:00:00:00:00:04 dst=00:00:00:00:00:01 in_port=2 out_port=4
[FLOW_MOD] t=16122.634805867 dpid=s6 action=add src=00:00:00:00:00:04 dst=00:00:00:00:00:01 in_port=2 out_port=4
[FLOW_MOD] t=16122.635212758 dpid=s2 action=delete-strict src=00:00:00:00:00:04 dst=00:00:00:00:00:01 in_port=1 out_port=4
[FLOW_MOD] t=16122.635517065 dpid=s2 action=add src=00:00:00:00:00:04 dst=00:00:00:00:00:01 in_port=1 out_port=4
[FLOW_MOD] t=16122.635883123 dpid=s3 action=delete-strict src=00:00:00:00:00:04 dst=00:00:00:00:00:01 in_port=3 out_port=4
[FLOW_MOD] t=16122.636170267 dpid=s3 action=add src=00:00:00:00:00:04 dst=00:00:00:00:00:01 in_port=3 out_port=4
[FLOW_MOD] t=16122.636542186 dpid=s1 action=delete-strict src=00:00:00:00:00:04 dst=00:00:00:00:00:01 in_port=4 out_port=1
[FLOW_MOD] t=16122.636822008 dpid=s1 action=add src=00:00:00:00:00:04 dst=00:00:00:00:00:01 in_port=4 out_port=1
[FLOW_MOD] t=16122.637183362 dpid=s4 action=delete-strict src=00:00:00:00:00:04 dst=00:00:00:00:00:01 in_port=4 out_port=1
[FLOW_MOD] t=16122.637445492 dpid=s4 action=add src=00:00:00:00:00:04 dst=00:00:00:00:00:01 in_port=4 out_port=1
[FLOW_MOD] t=16122.637764734 dpid=s16 action=delete-strict src=00:00:00:00:00:04 dst=00:00:00:00:00:01 in_port=3 out_port=1
[FLOW_MOD] t=16122.638025789 dpid=s16 action=add src=00:00:00:00:00:04 dst=00:00:00:00:00:01 in_port=3 out_port=1
[SPF-DONE] A* s17->s16 reachable=5/11
[PATH-COMPUTED] s17->s16: 2 hop(s) path=s17 -> s4 -> s16
[FLOW-INSTALL] 00:00:00:00:00:02 → 00:00:00:00:00:01: s17 -> s4 -> s16
[FLOW_MOD] t=16122.641997959 dpid=s17 action=delete-strict src=00:00:00:00:00:02 dst=00:00:00:00:00:01 in_port=1 out_port=3
[FLOW_MOD] t=16122.642391818 dpid=s17 action=add src=00:00:00:00:00:02 dst=00:00:00:00:00:01 in_port=1 out_port=3
[FLOW_MOD] t=16122.642778499 dpid=s4 action=delete-strict src=00:00:00:00:00:02 dst=00:00:00:00:00:01 in_port=2 out_port=1
[FLOW_MOD] t=16122.643039142 dpid=s4 action=add src=00:00:00:00:00:02 dst=00:00:00:00:00:01 in_port=2 out_port=1
[FLOW_MOD] t=16122.643377945 dpid=s16 action=delete-strict src=00:00:00:00:00:02 dst=00:00:00:00:00:01 in_port=3 out_port=1
[FLOW_MOD] t=16122.643644726 dpid=s16 action=add src=00:00:00:00:00:02 dst=00:00:00:00:00:01 in_port=3 out_port=1
[FLOW_MOD] t=16122.644096069 dpid=s16 action=delete-strict src=00:00:00:00:00:01 dst=00:00:00:00:00:02 in_port=1 out_port=3
[FLOW_MOD] t=16122.644403043 dpid=s16 action=add src=00:00:00:00:00:01 dst=00:00:00:00:00:02 in_port=1 out_port=3
[FLOW_MOD] t=16122.646337044 dpid=s4 action=delete-strict src=00:00:00:00:00:01 dst=00:00:00:00:00:02 in_port=1 out_port=2
[FLOW_MOD] t=16122.646804986 dpid=s4 action=add src=00:00:00:00:00:01 dst=00:00:00:00:00:02 in_port=1 out_port=2
[FLOW_MOD] t=16122.647290673 dpid=s17 action=delete-strict src=00:00:00:00:00:01 dst=00:00:00:00:00:02 in_port=3 out_port=1
[FLOW_MOD] t=16122.647628357 dpid=s17 action=add src=00:00:00:00:00:01 dst=00:00:00:00:00:02 in_port=3 out_port=1
[SPF-DONE] A* s17->s18 reachable=11/11
[PATH-COMPUTED] s17->s18: 6 hop(s) path=s17 -> s4 -> s1 -> s3 -> s2 -> s6 -> s18
[FLOW-INSTALL] 00:00:00:00:00:02 → 00:00:00:00:00:03: s17 -> s4 -> s1 -> s3 -> s2 -> s6 -> s18
[FLOW_MOD] t=16122.651722034 dpid=s17 action=delete-strict src=00:00:00:00:00:02 dst=00:00:00:00:00:03 in_port=1 out_port=3
[FLOW_MOD] t=16122.652081611 dpid=s17 action=add src=00:00:00:00:00:02 dst=00:00:00:00:00:03 in_port=1 out_port=3
[FLOW_MOD] t=16122.652424105 dpid=s4 action=delete-strict src=00:00:00:00:00:02 dst=00:00:00:00:00:03 in_port=2 out_port=4
[FLOW_MOD] t=16122.652693480 dpid=s4 action=add src=00:00:00:00:00:02 dst=00:00:00:00:00:03 in_port=2 out_port=4
[FLOW_MOD] t=16122.653074458 dpid=s1 action=delete-strict src=00:00:00:00:00:02 dst=00:00:00:00:00:03 in_port=1 out_port=4
[FLOW_MOD] t=16122.653364115 dpid=s1 action=add src=00:00:00:00:00:02 dst=00:00:00:00:00:03 in_port=1 out_port=4
[FLOW_MOD] t=16122.653752477 dpid=s3 action=delete-strict src=00:00:00:00:00:02 dst=00:00:00:00:00:03 in_port=4 out_port=3
[FLOW_MOD] t=16122.654023273 dpid=s3 action=add src=00:00:00:00:00:02 dst=00:00:00:00:00:03 in_port=4 out_port=3
[FLOW_MOD] t=16122.654359807 dpid=s2 action=delete-strict src=00:00:00:00:00:02 dst=00:00:00:00:00:03 in_port=4 out_port=1
[FLOW_MOD] t=16122.654620797 dpid=s2 action=add src=00:00:00:00:00:02 dst=00:00:00:00:00:03 in_port=4 out_port=1
[FLOW_MOD] t=16122.654949207 dpid=s6 action=delete-strict src=00:00:00:00:00:02 dst=00:00:00:00:00:03 in_port=4 out_port=1
[FLOW_MOD] t=16122.655231471 dpid=s6 action=add src=00:00:00:00:00:02 dst=00:00:00:00:00:03 in_port=4 out_port=1
[FLOW_MOD] t=16122.655565260 dpid=s18 action=delete-strict src=00:00:00:00:00:02 dst=00:00:00:00:00:03 in_port=3 out_port=1
[FLOW_MOD] t=16122.655845359 dpid=s18 action=add src=00:00:00:00:00:02 dst=00:00:00:00:00:03 in_port=3 out_port=1
[FLOW_MOD] t=16122.656187411 dpid=s18 action=delete-strict src=00:00:00:00:00:03 dst=00:00:00:00:00:02 in_port=1 out_port=3
[FLOW_MOD] t=16122.656439457 dpid=s18 action=add src=00:00:00:00:00:03 dst=00:00:00:00:00:02 in_port=1 out_port=3
[FLOW_MOD] t=16122.656775743 dpid=s6 action=delete-strict src=00:00:00:00:00:03 dst=00:00:00:00:00:02 in_port=1 out_port=4
[FLOW_MOD] t=16122.657059553 dpid=s6 action=add src=00:00:00:00:00:03 dst=00:00:00:00:00:02 in_port=1 out_port=4
[FLOW_MOD] t=16122.657385829 dpid=s2 action=delete-strict src=00:00:00:00:00:03 dst=00:00:00:00:00:02 in_port=1 out_port=4
[FLOW_MOD] t=16122.657669321 dpid=s2 action=add src=00:00:00:00:00:03 dst=00:00:00:00:00:02 in_port=1 out_port=4
[FLOW_MOD] t=16122.658206823 dpid=s3 action=delete-strict src=00:00:00:00:00:03 dst=00:00:00:00:00:02 in_port=3 out_port=4
[FLOW_MOD] t=16122.658539920 dpid=s3 action=add src=00:00:00:00:00:03 dst=00:00:00:00:00:02 in_port=3 out_port=4
[FLOW_MOD] t=16122.658935355 dpid=s1 action=delete-strict src=00:00:00:00:00:03 dst=00:00:00:00:00:02 in_port=4 out_port=1
[FLOW_MOD] t=16122.659210541 dpid=s1 action=add src=00:00:00:00:00:03 dst=00:00:00:00:00:02 in_port=4 out_port=1
[FLOW_MOD] t=16122.659612988 dpid=s4 action=delete-strict src=00:00:00:00:00:03 dst=00:00:00:00:00:02 in_port=4 out_port=2
[FLOW_MOD] t=16122.659890104 dpid=s4 action=add src=00:00:00:00:00:03 dst=00:00:00:00:00:02 in_port=4 out_port=2
[FLOW_MOD] t=16122.660249231 dpid=s17 action=delete-strict src=00:00:00:00:00:03 dst=00:00:00:00:00:02 in_port=3 out_port=1
[FLOW_MOD] t=16122.660520470 dpid=s17 action=add src=00:00:00:00:00:03 dst=00:00:00:00:00:02 in_port=3 out_port=1
[SPF-DONE] A* s17->s19 reachable=11/11
[PATH-COMPUTED] s17->s19: 6 hop(s) path=s17 -> s4 -> s1 -> s3 -> s2 -> s6 -> s19
[FLOW-INSTALL] 00:00:00:00:00:02 → 00:00:00:00:00:04: s17 -> s4 -> s1 -> s3 -> s2 -> s6 -> s19
[FLOW_MOD] t=16122.664411014 dpid=s17 action=delete-strict src=00:00:00:00:00:02 dst=00:00:00:00:00:04 in_port=1 out_port=3
[FLOW_MOD] t=16122.664715704 dpid=s17 action=add src=00:00:00:00:00:02 dst=00:00:00:00:00:04 in_port=1 out_port=3
[FLOW_MOD] t=16122.665068486 dpid=s4 action=delete-strict src=00:00:00:00:00:02 dst=00:00:00:00:00:04 in_port=2 out_port=4
[FLOW_MOD] t=16122.665310503 dpid=s4 action=add src=00:00:00:00:00:02 dst=00:00:00:00:00:04 in_port=2 out_port=4
[FLOW_MOD] t=16122.665659595 dpid=s1 action=delete-strict src=00:00:00:00:00:02 dst=00:00:00:00:00:04 in_port=1 out_port=4
[FLOW_MOD] t=16122.665914718 dpid=s1 action=add src=00:00:00:00:00:02 dst=00:00:00:00:00:04 in_port=1 out_port=4
[FLOW_MOD] t=16122.666242242 dpid=s3 action=delete-strict src=00:00:00:00:00:02 dst=00:00:00:00:00:04 in_port=4 out_port=3
[FLOW_MOD] t=16122.666495504 dpid=s3 action=add src=00:00:00:00:00:02 dst=00:00:00:00:00:04 in_port=4 out_port=3
[FLOW_MOD] t=16122.666828173 dpid=s2 action=delete-strict src=00:00:00:00:00:02 dst=00:00:00:00:00:04 in_port=4 out_port=1
[FLOW_MOD] t=16122.667093638 dpid=s2 action=add src=00:00:00:00:00:02 dst=00:00:00:00:00:04 in_port=4 out_port=1
[FLOW_MOD] t=16122.667425106 dpid=s6 action=delete-strict src=00:00:00:00:00:02 dst=00:00:00:00:00:04 in_port=4 out_port=2
[FLOW_MOD] t=16122.667690141 dpid=s6 action=add src=00:00:00:00:00:02 dst=00:00:00:00:00:04 in_port=4 out_port=2
[FLOW_MOD] t=16122.668118062 dpid=s19 action=delete-strict src=00:00:00:00:00:02 dst=00:00:00:00:00:04 in_port=3 out_port=1
[FLOW_MOD] t=16122.668382965 dpid=s19 action=add src=00:00:00:00:00:02 dst=00:00:00:00:00:04 in_port=3 out_port=1
[FLOW_MOD] t=16122.668714016 dpid=s19 action=delete-strict src=00:00:00:00:00:04 dst=00:00:00:00:00:02 in_port=1 out_port=3
[FLOW_MOD] t=16122.669007281 dpid=s19 action=add src=00:00:00:00:00:04 dst=00:00:00:00:00:02 in_port=1 out_port=3
[FLOW_MOD] t=16122.669434656 dpid=s6 action=delete-strict src=00:00:00:00:00:04 dst=00:00:00:00:00:02 in_port=2 out_port=4
[FLOW_MOD] t=16122.669793484 dpid=s6 action=add src=00:00:00:00:00:04 dst=00:00:00:00:00:02 in_port=2 out_port=4
[FLOW_MOD] t=16122.670308163 dpid=s2 action=delete-strict src=00:00:00:00:00:04 dst=00:00:00:00:00:02 in_port=1 out_port=4
[FLOW_MOD] t=16122.670700341 dpid=s2 action=add src=00:00:00:00:00:04 dst=00:00:00:00:00:02 in_port=1 out_port=4
[FLOW_MOD] t=16122.671233097 dpid=s3 action=delete-strict src=00:00:00:00:00:04 dst=00:00:00:00:00:02 in_port=3 out_port=4
[FLOW_MOD] t=16122.671677960 dpid=s3 action=add src=00:00:00:00:00:04 dst=00:00:00:00:00:02 in_port=3 out_port=4
[FLOW_MOD] t=16122.672274654 dpid=s1 action=delete-strict src=00:00:00:00:00:04 dst=00:00:00:00:00:02 in_port=4 out_port=1
[FLOW_MOD] t=16122.672636254 dpid=s1 action=add src=00:00:00:00:00:04 dst=00:00:00:00:00:02 in_port=4 out_port=1
[FLOW_MOD] t=16122.673081505 dpid=s4 action=delete-strict src=00:00:00:00:00:04 dst=00:00:00:00:00:02 in_port=4 out_port=2
[FLOW_MOD] t=16122.673391098 dpid=s4 action=add src=00:00:00:00:00:04 dst=00:00:00:00:00:02 in_port=4 out_port=2
[FLOW_MOD] t=16122.673741274 dpid=s17 action=delete-strict src=00:00:00:00:00:04 dst=00:00:00:00:00:02 in_port=3 out_port=1
[FLOW_MOD] t=16122.674025715 dpid=s17 action=add src=00:00:00:00:00:04 dst=00:00:00:00:00:02 in_port=3 out_port=1
[SPF-DONE] A* s18->s16 reachable=11/11
[PATH-COMPUTED] s18->s16: 6 hop(s) path=s18 -> s6 -> s2 -> s3 -> s1 -> s4 -> s16
[FLOW-INSTALL] 00:00:00:00:00:03 → 00:00:00:00:00:01: s18 -> s6 -> s2 -> s3 -> s1 -> s4 -> s16
[FLOW_MOD] t=16122.678182009 dpid=s18 action=delete-strict src=00:00:00:00:00:03 dst=00:00:00:00:00:01 in_port=1 out_port=3
[FLOW_MOD] t=16122.678467287 dpid=s18 action=add src=00:00:00:00:00:03 dst=00:00:00:00:00:01 in_port=1 out_port=3
[FLOW_MOD] t=16122.678805060 dpid=s6 action=delete-strict src=00:00:00:00:00:03 dst=00:00:00:00:00:01 in_port=1 out_port=4
[FLOW_MOD] t=16122.679052300 dpid=s6 action=add src=00:00:00:00:00:03 dst=00:00:00:00:00:01 in_port=1 out_port=4
[FLOW_MOD] t=16122.679376901 dpid=s2 action=delete-strict src=00:00:00:00:00:03 dst=00:00:00:00:00:01 in_port=1 out_port=4
[FLOW_MOD] t=16122.679598432 dpid=s2 action=add src=00:00:00:00:00:03 dst=00:00:00:00:00:01 in_port=1 out_port=4
[FLOW_MOD] t=16122.679901938 dpid=s3 action=delete-strict src=00:00:00:00:00:03 dst=00:00:00:00:00:01 in_port=3 out_port=4
[FLOW_MOD] t=16122.680171295 dpid=s3 action=add src=00:00:00:00:00:03 dst=00:00:00:00:00:01 in_port=3 out_port=4
[FLOW_MOD] t=16122.680539396 dpid=s1 action=delete-strict src=00:00:00:00:00:03 dst=00:00:00:00:00:01 in_port=4 out_port=1
[FLOW_MOD] t=16122.680887409 dpid=s1 action=add src=00:00:00:00:00:03 dst=00:00:00:00:00:01 in_port=4 out_port=1
[FLOW_MOD] t=16122.681286475 dpid=s4 action=delete-strict src=00:00:00:00:00:03 dst=00:00:00:00:00:01 in_port=4 out_port=1
[FLOW_MOD] t=16122.681558739 dpid=s4 action=add src=00:00:00:00:00:03 dst=00:00:00:00:00:01 in_port=4 out_port=1
[FLOW_MOD] t=16122.681916385 dpid=s16 action=delete-strict src=00:00:00:00:00:03 dst=00:00:00:00:00:01 in_port=3 out_port=1
[FLOW_MOD] t=16122.682183507 dpid=s16 action=add src=00:00:00:00:00:03 dst=00:00:00:00:00:01 in_port=3 out_port=1
[FLOW_MOD] t=16122.682527885 dpid=s16 action=delete-strict src=00:00:00:00:00:01 dst=00:00:00:00:00:03 in_port=1 out_port=3
[FLOW_MOD] t=16122.682755934 dpid=s16 action=add src=00:00:00:00:00:01 dst=00:00:00:00:00:03 in_port=1 out_port=3
[FLOW_MOD] t=16122.683051679 dpid=s4 action=delete-strict src=00:00:00:00:00:01 dst=00:00:00:00:00:03 in_port=1 out_port=4
[FLOW_MOD] t=16122.683294467 dpid=s4 action=add src=00:00:00:00:00:01 dst=00:00:00:00:00:03 in_port=1 out_port=4
[FLOW_MOD] t=16122.683679505 dpid=s1 action=delete-strict src=00:00:00:00:00:01 dst=00:00:00:00:00:03 in_port=1 out_port=4
[FLOW_MOD] t=16122.683949162 dpid=s1 action=add src=00:00:00:00:00:01 dst=00:00:00:00:00:03 in_port=1 out_port=4
[FLOW_MOD] t=16122.684332047 dpid=s3 action=delete-strict src=00:00:00:00:00:01 dst=00:00:00:00:00:03 in_port=4 out_port=3
[FLOW_MOD] t=16122.684587139 dpid=s3 action=add src=00:00:00:00:00:01 dst=00:00:00:00:00:03 in_port=4 out_port=3
[FLOW_MOD] t=16122.684911707 dpid=s2 action=delete-strict src=00:00:00:00:00:01 dst=00:00:00:00:00:03 in_port=4 out_port=1
[FLOW_MOD] t=16122.685223498 dpid=s2 action=add src=00:00:00:00:00:01 dst=00:00:00:00:00:03 in_port=4 out_port=1
[FLOW_MOD] t=16122.685587204 dpid=s6 action=delete-strict src=00:00:00:00:00:01 dst=00:00:00:00:00:03 in_port=4 out_port=1
[FLOW_MOD] t=16122.685862142 dpid=s6 action=add src=00:00:00:00:00:01 dst=00:00:00:00:00:03 in_port=4 out_port=1
[FLOW_MOD] t=16122.686209699 dpid=s18 action=delete-strict src=00:00:00:00:00:01 dst=00:00:00:00:00:03 in_port=3 out_port=1
[FLOW_MOD] t=16122.686434259 dpid=s18 action=add src=00:00:00:00:00:01 dst=00:00:00:00:00:03 in_port=3 out_port=1
[SPF-DONE] A* s18->s17 reachable=11/11
[PATH-COMPUTED] s18->s17: 6 hop(s) path=s18 -> s6 -> s2 -> s3 -> s1 -> s4 -> s17
[FLOW-INSTALL] 00:00:00:00:00:03 → 00:00:00:00:00:02: s18 -> s6 -> s2 -> s3 -> s1 -> s4 -> s17
[FLOW_MOD] t=16122.689457942 dpid=s18 action=delete-strict src=00:00:00:00:00:03 dst=00:00:00:00:00:02 in_port=1 out_port=3
[FLOW_MOD] t=16122.689693112 dpid=s18 action=add src=00:00:00:00:00:03 dst=00:00:00:00:00:02 in_port=1 out_port=3
[FLOW_MOD] t=16122.690038417 dpid=s6 action=delete-strict src=00:00:00:00:00:03 dst=00:00:00:00:00:02 in_port=1 out_port=4
[FLOW_MOD] t=16122.690289644 dpid=s6 action=add src=00:00:00:00:00:03 dst=00:00:00:00:00:02 in_port=1 out_port=4
[FLOW_MOD] t=16122.690630690 dpid=s2 action=delete-strict src=00:00:00:00:00:03 dst=00:00:00:00:00:02 in_port=1 out_port=4
[FLOW_MOD] t=16122.690883158 dpid=s2 action=add src=00:00:00:00:00:03 dst=00:00:00:00:00:02 in_port=1 out_port=4
[FLOW_MOD] t=16122.691222748 dpid=s3 action=delete-strict src=00:00:00:00:00:03 dst=00:00:00:00:00:02 in_port=3 out_port=4
[FLOW_MOD] t=16122.691489196 dpid=s3 action=add src=00:00:00:00:00:03 dst=00:00:00:00:00:02 in_port=3 out_port=4
[FLOW_MOD] t=16122.691824889 dpid=s1 action=delete-strict src=00:00:00:00:00:03 dst=00:00:00:00:00:02 in_port=4 out_port=1
[FLOW_MOD] t=16122.692079937 dpid=s1 action=add src=00:00:00:00:00:03 dst=00:00:00:00:00:02 in_port=4 out_port=1
[FLOW_MOD] t=16122.692456536 dpid=s4 action=delete-strict src=00:00:00:00:00:03 dst=00:00:00:00:00:02 in_port=4 out_port=2
[FLOW_MOD] t=16122.692699769 dpid=s4 action=add src=00:00:00:00:00:03 dst=00:00:00:00:00:02 in_port=4 out_port=2
[FLOW_MOD] t=16122.692981247 dpid=s17 action=delete-strict src=00:00:00:00:00:03 dst=00:00:00:00:00:02 in_port=3 out_port=1
[FLOW_MOD] t=16122.693191464 dpid=s17 action=add src=00:00:00:00:00:03 dst=00:00:00:00:00:02 in_port=3 out_port=1
[FLOW_MOD] t=16122.693490165 dpid=s17 action=delete-strict src=00:00:00:00:00:02 dst=00:00:00:00:00:03 in_port=1 out_port=3
[FLOW_MOD] t=16122.693735140 dpid=s17 action=add src=00:00:00:00:00:02 dst=00:00:00:00:00:03 in_port=1 out_port=3
[FLOW_MOD] t=16122.694086589 dpid=s4 action=delete-strict src=00:00:00:00:00:02 dst=00:00:00:00:00:03 in_port=2 out_port=4
[FLOW_MOD] t=16122.696341723 dpid=s4 action=add src=00:00:00:00:00:02 dst=00:00:00:00:00:03 in_port=2 out_port=4
[FLOW_MOD] t=16122.696870819 dpid=s1 action=delete-strict src=00:00:00:00:00:02 dst=00:00:00:00:00:03 in_port=1 out_port=4
[FLOW_MOD] t=16122.697116517 dpid=s1 action=add src=00:00:00:00:00:02 dst=00:00:00:00:00:03 in_port=1 out_port=4
[FLOW_MOD] t=16122.697478336 dpid=s3 action=delete-strict src=00:00:00:00:00:02 dst=00:00:00:00:00:03 in_port=4 out_port=3
[FLOW_MOD] t=16122.697743427 dpid=s3 action=add src=00:00:00:00:00:02 dst=00:00:00:00:00:03 in_port=4 out_port=3
[FLOW_MOD] t=16122.698058704 dpid=s2 action=delete-strict src=00:00:00:00:00:02 dst=00:00:00:00:00:03 in_port=4 out_port=1
[FLOW_MOD] t=16122.698286473 dpid=s2 action=add src=00:00:00:00:00:02 dst=00:00:00:00:00:03 in_port=4 out_port=1
[FLOW_MOD] t=16122.698598242 dpid=s6 action=delete-strict src=00:00:00:00:00:02 dst=00:00:00:00:00:03 in_port=4 out_port=1
[FLOW_MOD] t=16122.698817951 dpid=s6 action=add src=00:00:00:00:00:02 dst=00:00:00:00:00:03 in_port=4 out_port=1
[FLOW_MOD] t=16122.699153988 dpid=s18 action=delete-strict src=00:00:00:00:00:02 dst=00:00:00:00:00:03 in_port=3 out_port=1
[FLOW_MOD] t=16122.699415581 dpid=s18 action=add src=00:00:00:00:00:02 dst=00:00:00:00:00:03 in_port=3 out_port=1
[SPF-DONE] A* s18->s19 reachable=5/11
[PATH-COMPUTED] s18->s19: 2 hop(s) path=s18 -> s6 -> s19
[FLOW-INSTALL] 00:00:00:00:00:03 → 00:00:00:00:00:04: s18 -> s6 -> s19
[FLOW_MOD] t=16122.702752986 dpid=s18 action=delete-strict src=00:00:00:00:00:03 dst=00:00:00:00:00:04 in_port=1 out_port=3
[FLOW_MOD] t=16122.702991878 dpid=s18 action=add src=00:00:00:00:00:03 dst=00:00:00:00:00:04 in_port=1 out_port=3
[FLOW_MOD] t=16122.703266610 dpid=s6 action=delete-strict src=00:00:00:00:00:03 dst=00:00:00:00:00:04 in_port=1 out_port=2
[FLOW_MOD] t=16122.703542320 dpid=s6 action=add src=00:00:00:00:00:03 dst=00:00:00:00:00:04 in_port=1 out_port=2
[FLOW_MOD] t=16122.703852001 dpid=s19 action=delete-strict src=00:00:00:00:00:03 dst=00:00:00:00:00:04 in_port=3 out_port=1
[FLOW_MOD] t=16122.704110915 dpid=s19 action=add src=00:00:00:00:00:03 dst=00:00:00:00:00:04 in_port=3 out_port=1
[FLOW_MOD] t=16122.704481540 dpid=s19 action=delete-strict src=00:00:00:00:00:04 dst=00:00:00:00:00:03 in_port=1 out_port=3
[FLOW_MOD] t=16122.704753295 dpid=s19 action=add src=00:00:00:00:00:04 dst=00:00:00:00:00:03 in_port=1 out_port=3
[FLOW_MOD] t=16122.705111926 dpid=s6 action=delete-strict src=00:00:00:00:00:04 dst=00:00:00:00:00:03 in_port=2 out_port=1
[FLOW_MOD] t=16122.705391909 dpid=s6 action=add src=00:00:00:00:00:04 dst=00:00:00:00:00:03 in_port=2 out_port=1
[FLOW_MOD] t=16122.705710608 dpid=s18 action=delete-strict src=00:00:00:00:00:04 dst=00:00:00:00:00:03 in_port=3 out_port=1
[FLOW_MOD] t=16122.706005649 dpid=s18 action=add src=00:00:00:00:00:04 dst=00:00:00:00:00:03 in_port=3 out_port=1
[SPF-DONE] A* s19->s16 reachable=11/11
[PATH-COMPUTED] s19->s16: 6 hop(s) path=s19 -> s6 -> s2 -> s3 -> s1 -> s4 -> s16
[FLOW-INSTALL] 00:00:00:00:00:04 → 00:00:00:00:00:01: s19 -> s6 -> s2 -> s3 -> s1 -> s4 -> s16
[FLOW_MOD] t=16122.709472738 dpid=s19 action=delete-strict src=00:00:00:00:00:04 dst=00:00:00:00:00:01 in_port=1 out_port=3
[FLOW_MOD] t=16122.709819102 dpid=s19 action=add src=00:00:00:00:00:04 dst=00:00:00:00:00:01 in_port=1 out_port=3
[FLOW_MOD] t=16122.710258840 dpid=s6 action=delete-strict src=00:00:00:00:00:04 dst=00:00:00:00:00:01 in_port=2 out_port=4
[FLOW_MOD] t=16122.710569699 dpid=s6 action=add src=00:00:00:00:00:04 dst=00:00:00:00:00:01 in_port=2 out_port=4
[FLOW_MOD] t=16122.710944190 dpid=s2 action=delete-strict src=00:00:00:00:00:04 dst=00:00:00:00:00:01 in_port=1 out_port=4
[FLOW_MOD] t=16122.711216933 dpid=s2 action=add src=00:00:00:00:00:04 dst=00:00:00:00:00:01 in_port=1 out_port=4
[FLOW_MOD] t=16122.711534921 dpid=s3 action=delete-strict src=00:00:00:00:00:04 dst=00:00:00:00:00:01 in_port=3 out_port=4
[FLOW_MOD] t=16122.711814151 dpid=s3 action=add src=00:00:00:00:00:04 dst=00:00:00:00:00:01 in_port=3 out_port=4
[FLOW_MOD] t=16122.712231823 dpid=s1 action=delete-strict src=00:00:00:00:00:04 dst=00:00:00:00:00:01 in_port=4 out_port=1
[FLOW_MOD] t=16122.712508565 dpid=s1 action=add src=00:00:00:00:00:04 dst=00:00:00:00:00:01 in_port=4 out_port=1
[FLOW_MOD] t=16122.712852306 dpid=s4 action=delete-strict src=00:00:00:00:00:04 dst=00:00:00:00:00:01 in_port=4 out_port=1
[FLOW_MOD] t=16122.713118988 dpid=s4 action=add src=00:00:00:00:00:04 dst=00:00:00:00:00:01 in_port=4 out_port=1
[FLOW_MOD] t=16122.713451438 dpid=s16 action=delete-strict src=00:00:00:00:00:04 dst=00:00:00:00:00:01 in_port=3 out_port=1
[FLOW_MOD] t=16122.713713604 dpid=s16 action=add src=00:00:00:00:00:04 dst=00:00:00:00:00:01 in_port=3 out_port=1
[FLOW_MOD] t=16122.714059573 dpid=s16 action=delete-strict src=00:00:00:00:00:01 dst=00:00:00:00:00:04 in_port=1 out_port=3
[FLOW_MOD] t=16122.714342483 dpid=s16 action=add src=00:00:00:00:00:01 dst=00:00:00:00:00:04 in_port=1 out_port=3
[FLOW_MOD] t=16122.714663421 dpid=s4 action=delete-strict src=00:00:00:00:00:01 dst=00:00:00:00:00:04 in_port=1 out_port=4
[FLOW_MOD] t=16122.714916014 dpid=s4 action=add src=00:00:00:00:00:01 dst=00:00:00:00:00:04 in_port=1 out_port=4
[FLOW_MOD] t=16122.715319774 dpid=s1 action=delete-strict src=00:00:00:00:00:01 dst=00:00:00:00:00:04 in_port=1 out_port=4
[FLOW_MOD] t=16122.715608105 dpid=s1 action=add src=00:00:00:00:00:01 dst=00:00:00:00:00:04 in_port=1 out_port=4
[FLOW_MOD] t=16122.715932525 dpid=s3 action=delete-strict src=00:00:00:00:00:01 dst=00:00:00:00:00:04 in_port=4 out_port=3
[FLOW_MOD] t=16122.716185367 dpid=s3 action=add src=00:00:00:00:00:01 dst=00:00:00:00:00:04 in_port=4 out_port=3
[FLOW_MOD] t=16122.716488591 dpid=s2 action=delete-strict src=00:00:00:00:00:01 dst=00:00:00:00:00:04 in_port=4 out_port=1
[FLOW_MOD] t=16122.716706490 dpid=s2 action=add src=00:00:00:00:00:01 dst=00:00:00:00:00:04 in_port=4 out_port=1
[FLOW_MOD] t=16122.716979590 dpid=s6 action=delete-strict src=00:00:00:00:00:01 dst=00:00:00:00:00:04 in_port=4 out_port=2
[FLOW_MOD] t=16122.717178355 dpid=s6 action=add src=00:00:00:00:00:01 dst=00:00:00:00:00:04 in_port=4 out_port=2
[FLOW_MOD] t=16122.717492771 dpid=s19 action=delete-strict src=00:00:00:00:00:01 dst=00:00:00:00:00:04 in_port=3 out_port=1
[FLOW_MOD] t=16122.717813860 dpid=s19 action=add src=00:00:00:00:00:01 dst=00:00:00:00:00:04 in_port=3 out_port=1
[SPF-DONE] A* s19->s17 reachable=11/11
[PATH-COMPUTED] s19->s17: 6 hop(s) path=s19 -> s6 -> s2 -> s3 -> s1 -> s4 -> s17
[FLOW-INSTALL] 00:00:00:00:00:04 → 00:00:00:00:00:02: s19 -> s6 -> s2 -> s3 -> s1 -> s4 -> s17
[FLOW_MOD] t=16122.721020933 dpid=s19 action=delete-strict src=00:00:00:00:00:04 dst=00:00:00:00:00:02 in_port=1 out_port=3
[FLOW_MOD] t=16122.721291118 dpid=s19 action=add src=00:00:00:00:00:04 dst=00:00:00:00:00:02 in_port=1 out_port=3
[FLOW_MOD] t=16122.721605678 dpid=s6 action=delete-strict src=00:00:00:00:00:04 dst=00:00:00:00:00:02 in_port=2 out_port=4
[FLOW_MOD] t=16122.721859785 dpid=s6 action=add src=00:00:00:00:00:04 dst=00:00:00:00:00:02 in_port=2 out_port=4
[FLOW_MOD] t=16122.722142337 dpid=s2 action=delete-strict src=00:00:00:00:00:04 dst=00:00:00:00:00:02 in_port=1 out_port=4
[FLOW_MOD] t=16122.722353868 dpid=s2 action=add src=00:00:00:00:00:04 dst=00:00:00:00:00:02 in_port=1 out_port=4
[FLOW_MOD] t=16122.722623655 dpid=s3 action=delete-strict src=00:00:00:00:00:04 dst=00:00:00:00:00:02 in_port=3 out_port=4
[FLOW_MOD] t=16122.722885152 dpid=s3 action=add src=00:00:00:00:00:04 dst=00:00:00:00:00:02 in_port=3 out_port=4
[FLOW_MOD] t=16122.723221218 dpid=s1 action=delete-strict src=00:00:00:00:00:04 dst=00:00:00:00:00:02 in_port=4 out_port=1
[FLOW_MOD] t=16122.723484025 dpid=s1 action=add src=00:00:00:00:00:04 dst=00:00:00:00:00:02 in_port=4 out_port=1
[FLOW_MOD] t=16122.723765592 dpid=s4 action=delete-strict src=00:00:00:00:00:04 dst=00:00:00:00:00:02 in_port=4 out_port=2
[FLOW_MOD] t=16122.724077713 dpid=s4 action=add src=00:00:00:00:00:04 dst=00:00:00:00:00:02 in_port=4 out_port=2
[FLOW_MOD] t=16122.724413010 dpid=s17 action=delete-strict src=00:00:00:00:00:04 dst=00:00:00:00:00:02 in_port=3 out_port=1
[FLOW_MOD] t=16122.724639694 dpid=s17 action=add src=00:00:00:00:00:04 dst=00:00:00:00:00:02 in_port=3 out_port=1
[FLOW_MOD] t=16122.724933554 dpid=s17 action=delete-strict src=00:00:00:00:00:02 dst=00:00:00:00:00:04 in_port=1 out_port=3
[FLOW_MOD] t=16122.725151662 dpid=s17 action=add src=00:00:00:00:00:02 dst=00:00:00:00:00:04 in_port=1 out_port=3
[FLOW_MOD] t=16122.725469137 dpid=s4 action=delete-strict src=00:00:00:00:00:02 dst=00:00:00:00:00:04 in_port=2 out_port=4
[FLOW_MOD] t=16122.725682310 dpid=s4 action=add src=00:00:00:00:00:02 dst=00:00:00:00:00:04 in_port=2 out_port=4
[FLOW_MOD] t=16122.725957250 dpid=s1 action=delete-strict src=00:00:00:00:00:02 dst=00:00:00:00:00:04 in_port=1 out_port=4
[FLOW_MOD] t=16122.726190477 dpid=s1 action=add src=00:00:00:00:00:02 dst=00:00:00:00:00:04 in_port=1 out_port=4
[FLOW_MOD] t=16122.726521165 dpid=s3 action=delete-strict src=00:00:00:00:00:02 dst=00:00:00:00:00:04 in_port=4 out_port=3
[FLOW_MOD] t=16122.726804134 dpid=s3 action=add src=00:00:00:00:00:02 dst=00:00:00:00:00:04 in_port=4 out_port=3
[FLOW_MOD] t=16122.727166723 dpid=s2 action=delete-strict src=00:00:00:00:00:02 dst=00:00:00:00:00:04 in_port=4 out_port=1
[FLOW_MOD] t=16122.727451305 dpid=s2 action=add src=00:00:00:00:00:02 dst=00:00:00:00:00:04 in_port=4 out_port=1
[FLOW_MOD] t=16122.727772840 dpid=s6 action=delete-strict src=00:00:00:00:00:02 dst=00:00:00:00:00:04 in_port=4 out_port=2
[FLOW_MOD] t=16122.728054929 dpid=s6 action=add src=00:00:00:00:00:02 dst=00:00:00:00:00:04 in_port=4 out_port=2
[FLOW_MOD] t=16122.728353286 dpid=s19 action=delete-strict src=00:00:00:00:00:02 dst=00:00:00:00:00:04 in_port=3 out_port=1
[FLOW_MOD] t=16122.728622975 dpid=s19 action=add src=00:00:00:00:00:02 dst=00:00:00:00:00:04 in_port=3 out_port=1
[SPF-DONE] A* s19->s18 reachable=5/11
[PATH-COMPUTED] s19->s18: 2 hop(s) path=s19 -> s6 -> s18
[FLOW-INSTALL] 00:00:00:00:00:04 → 00:00:00:00:00:03: s19 -> s6 -> s18
[FLOW_MOD] t=16122.732122337 dpid=s19 action=delete-strict src=00:00:00:00:00:04 dst=00:00:00:00:00:03 in_port=1 out_port=3
[FLOW_MOD] t=16122.732412938 dpid=s19 action=add src=00:00:00:00:00:04 dst=00:00:00:00:00:03 in_port=1 out_port=3
[FLOW_MOD] t=16122.732798315 dpid=s6 action=delete-strict src=00:00:00:00:00:04 dst=00:00:00:00:00:03 in_port=2 out_port=1
[FLOW_MOD] t=16122.733044356 dpid=s6 action=add src=00:00:00:00:00:04 dst=00:00:00:00:00:03 in_port=2 out_port=1
[FLOW_MOD] t=16122.733380757 dpid=s18 action=delete-strict src=00:00:00:00:00:04 dst=00:00:00:00:00:03 in_port=3 out_port=1
[FLOW_MOD] t=16122.733617172 dpid=s18 action=add src=00:00:00:00:00:04 dst=00:00:00:00:00:03 in_port=3 out_port=1
[FLOW_MOD] t=16122.733895217 dpid=s18 action=delete-strict src=00:00:00:00:00:03 dst=00:00:00:00:00:04 in_port=1 out_port=3
[FLOW_MOD] t=16122.734100340 dpid=s18 action=add src=00:00:00:00:00:03 dst=00:00:00:00:00:04 in_port=1 out_port=3
[FLOW_MOD] t=16122.734384285 dpid=s6 action=delete-strict src=00:00:00:00:00:03 dst=00:00:00:00:00:04 in_port=1 out_port=2
[FLOW_MOD] t=16122.735982657 dpid=s6 action=add src=00:00:00:00:00:03 dst=00:00:00:00:00:04 in_port=1 out_port=2
[FLOW_MOD] t=16122.736523602 dpid=s19 action=delete-strict src=00:00:00:00:00:03 dst=00:00:00:00:00:04 in_port=3 out_port=1
[FLOW_MOD] t=16122.736813348 dpid=s19 action=add src=00:00:00:00:00:03 dst=00:00:00:00:00:04 in_port=3 out_port=1
[TOPO] route refresh: installed=12 skipped=0 unreachable=0 hosts=4
[PORT_STATUS] t=16122.737317381 s1 port=3 reason=modify
[CONVERGENCE-START] id=1 t1=16122.737519472
[PORT_STATUS] t=16122.738527625 s2 port=3 reason=modify
[PORT_STATUS] t=16122.738930083 s2 port=3 reason=modify
[CONVERGENCE-START-SKIP] id=1 duplicate port-status s2 port=3 reason=modify
[PORT_STATUS] t=16124.554542383 s1 port=3 reason=modify
[PORT_STATUS] t=16124.555666905 s2 port=3 reason=modify
[TOPO-CHANGE] (LLDP topology event) switches=11 links=33  delta +1 -0
[TOPO-UP]   [(1, 2)]
[TOPO-REFRESH] flushing 12 flows, rebuilding routes
[TREE-DONE] root=s1 tree_edges=11 reachable=11/11
[SPF-DONE] A* s16->s17 reachable=5/11
[PATH-COMPUTED] s16->s17: 2 hop(s) path=s16 -> s4 -> s17
[FLOW-INSTALL] 00:00:00:00:00:01 → 00:00:00:00:00:02: s16 -> s4 -> s17
[FLOW_MOD] t=16125.078707793 dpid=s16 action=delete-strict src=00:00:00:00:00:01 dst=00:00:00:00:00:02 in_port=1 out_port=3
[FLOW_MOD] t=16125.079187480 dpid=s16 action=add src=00:00:00:00:00:01 dst=00:00:00:00:00:02 in_port=1 out_port=3
[CONVERGENCE-FLOWMOD] id=1 t2=16125.079620155
[FLOW_MOD] t=16125.080120532 dpid=s4 action=delete-strict src=00:00:00:00:00:01 dst=00:00:00:00:00:02 in_port=1 out_port=2
[FLOW_MOD] t=16125.080479417 dpid=s4 action=add src=00:00:00:00:00:01 dst=00:00:00:00:00:02 in_port=1 out_port=2
[FLOW_MOD] t=16125.081005153 dpid=s17 action=delete-strict src=00:00:00:00:00:01 dst=00:00:00:00:00:02 in_port=3 out_port=1
[FLOW_MOD] t=16125.081398133 dpid=s17 action=add src=00:00:00:00:00:01 dst=00:00:00:00:00:02 in_port=3 out_port=1
[FLOW_MOD] t=16125.081922712 dpid=s17 action=delete-strict src=00:00:00:00:00:02 dst=00:00:00:00:00:01 in_port=1 out_port=3
[FLOW_MOD] t=16125.082275531 dpid=s17 action=add src=00:00:00:00:00:02 dst=00:00:00:00:00:01 in_port=1 out_port=3
[FLOW_MOD] t=16125.082759616 dpid=s4 action=delete-strict src=00:00:00:00:00:02 dst=00:00:00:00:00:01 in_port=2 out_port=1
[FLOW_MOD] t=16125.083185143 dpid=s4 action=add src=00:00:00:00:00:02 dst=00:00:00:00:00:01 in_port=2 out_port=1
[FLOW_MOD] t=16125.083655231 dpid=s16 action=delete-strict src=00:00:00:00:00:02 dst=00:00:00:00:00:01 in_port=3 out_port=1
[FLOW_MOD] t=16125.084099063 dpid=s16 action=add src=00:00:00:00:00:02 dst=00:00:00:00:00:01 in_port=3 out_port=1
[SPF-DONE] A* s16->s18 reachable=11/11
[PATH-COMPUTED] s16->s18: 5 hop(s) path=s16 -> s4 -> s1 -> s2 -> s6 -> s18
[FLOW-INSTALL] 00:00:00:00:00:01 → 00:00:00:00:00:03: s16 -> s4 -> s1 -> s2 -> s6 -> s18
[FLOW_MOD] t=16125.088328718 dpid=s16 action=delete-strict src=00:00:00:00:00:01 dst=00:00:00:00:00:03 in_port=1 out_port=3
[FLOW_MOD] t=16125.088561753 dpid=s16 action=add src=00:00:00:00:00:01 dst=00:00:00:00:00:03 in_port=1 out_port=3
[FLOW_MOD] t=16125.088865198 dpid=s4 action=delete-strict src=00:00:00:00:00:01 dst=00:00:00:00:00:03 in_port=1 out_port=4
[FLOW_MOD] t=16125.089147472 dpid=s4 action=add src=00:00:00:00:00:01 dst=00:00:00:00:00:03 in_port=1 out_port=4
[FLOW_MOD] t=16125.089520713 dpid=s1 action=delete-strict src=00:00:00:00:00:01 dst=00:00:00:00:00:03 in_port=1 out_port=3
[FLOW_MOD] t=16125.089785537 dpid=s1 action=add src=00:00:00:00:00:01 dst=00:00:00:00:00:03 in_port=1 out_port=3
[FLOW_MOD] t=16125.090091607 dpid=s2 action=delete-strict src=00:00:00:00:00:01 dst=00:00:00:00:00:03 in_port=3 out_port=1
[FLOW_MOD] t=16125.090321091 dpid=s2 action=add src=00:00:00:00:00:01 dst=00:00:00:00:00:03 in_port=3 out_port=1
[FLOW_MOD] t=16125.090618455 dpid=s6 action=delete-strict src=00:00:00:00:00:01 dst=00:00:00:00:00:03 in_port=4 out_port=1
[FLOW_MOD] t=16125.090829913 dpid=s6 action=add src=00:00:00:00:00:01 dst=00:00:00:00:00:03 in_port=4 out_port=1
[FLOW_MOD] t=16125.091107664 dpid=s18 action=delete-strict src=00:00:00:00:00:01 dst=00:00:00:00:00:03 in_port=3 out_port=1
[FLOW_MOD] t=16125.091306305 dpid=s18 action=add src=00:00:00:00:00:01 dst=00:00:00:00:00:03 in_port=3 out_port=1
[FLOW_MOD] t=16125.091611882 dpid=s18 action=delete-strict src=00:00:00:00:00:03 dst=00:00:00:00:00:01 in_port=1 out_port=3
[FLOW_MOD] t=16125.091845684 dpid=s18 action=add src=00:00:00:00:00:03 dst=00:00:00:00:00:01 in_port=1 out_port=3
[FLOW_MOD] t=16125.092165938 dpid=s6 action=delete-strict src=00:00:00:00:00:03 dst=00:00:00:00:00:01 in_port=1 out_port=4
[FLOW_MOD] t=16125.092467941 dpid=s6 action=add src=00:00:00:00:00:03 dst=00:00:00:00:00:01 in_port=1 out_port=4
[FLOW_MOD] t=16125.092816604 dpid=s2 action=delete-strict src=00:00:00:00:00:03 dst=00:00:00:00:00:01 in_port=1 out_port=3
[FLOW_MOD] t=16125.093051420 dpid=s2 action=add src=00:00:00:00:00:03 dst=00:00:00:00:00:01 in_port=1 out_port=3
[FLOW_MOD] t=16125.093417746 dpid=s1 action=delete-strict src=00:00:00:00:00:03 dst=00:00:00:00:00:01 in_port=3 out_port=1
[FLOW_MOD] t=16125.093647262 dpid=s1 action=add src=00:00:00:00:00:03 dst=00:00:00:00:00:01 in_port=3 out_port=1
[FLOW_MOD] t=16125.093966637 dpid=s4 action=delete-strict src=00:00:00:00:00:03 dst=00:00:00:00:00:01 in_port=4 out_port=1
[FLOW_MOD] t=16125.094228264 dpid=s4 action=add src=00:00:00:00:00:03 dst=00:00:00:00:00:01 in_port=4 out_port=1
[FLOW_MOD] t=16125.094556712 dpid=s16 action=delete-strict src=00:00:00:00:00:03 dst=00:00:00:00:00:01 in_port=3 out_port=1
[FLOW_MOD] t=16125.094810505 dpid=s16 action=add src=00:00:00:00:00:03 dst=00:00:00:00:00:01 in_port=3 out_port=1
[SPF-DONE] A* s16->s19 reachable=11/11
[PATH-COMPUTED] s16->s19: 5 hop(s) path=s16 -> s4 -> s1 -> s2 -> s6 -> s19
[FLOW-INSTALL] 00:00:00:00:00:01 → 00:00:00:00:00:04: s16 -> s4 -> s1 -> s2 -> s6 -> s19
[FLOW_MOD] t=16125.098158895 dpid=s16 action=delete-strict src=00:00:00:00:00:01 dst=00:00:00:00:00:04 in_port=1 out_port=3
[FLOW_MOD] t=16125.098475861 dpid=s16 action=add src=00:00:00:00:00:01 dst=00:00:00:00:00:04 in_port=1 out_port=3
[FLOW_MOD] t=16125.098779725 dpid=s4 action=delete-strict src=00:00:00:00:00:01 dst=00:00:00:00:00:04 in_port=1 out_port=4
[FLOW_MOD] t=16125.099014794 dpid=s4 action=add src=00:00:00:00:00:01 dst=00:00:00:00:00:04 in_port=1 out_port=4
[FLOW_MOD] t=16125.099334374 dpid=s1 action=delete-strict src=00:00:00:00:00:01 dst=00:00:00:00:00:04 in_port=1 out_port=3
[FLOW_MOD] t=16125.099602756 dpid=s1 action=add src=00:00:00:00:00:01 dst=00:00:00:00:00:04 in_port=1 out_port=3
[FLOW_MOD] t=16125.099922275 dpid=s2 action=delete-strict src=00:00:00:00:00:01 dst=00:00:00:00:00:04 in_port=3 out_port=1
[FLOW_MOD] t=16125.100263091 dpid=s2 action=add src=00:00:00:00:00:01 dst=00:00:00:00:00:04 in_port=3 out_port=1
[FLOW_MOD] t=16125.100592321 dpid=s6 action=delete-strict src=00:00:00:00:00:01 dst=00:00:00:00:00:04 in_port=4 out_port=2
[FLOW_MOD] t=16125.100814388 dpid=s6 action=add src=00:00:00:00:00:01 dst=00:00:00:00:00:04 in_port=4 out_port=2
[FLOW_MOD] t=16125.101090578 dpid=s19 action=delete-strict src=00:00:00:00:00:01 dst=00:00:00:00:00:04 in_port=3 out_port=1
[FLOW_MOD] t=16125.101351255 dpid=s19 action=add src=00:00:00:00:00:01 dst=00:00:00:00:00:04 in_port=3 out_port=1
[FLOW_MOD] t=16125.101663148 dpid=s19 action=delete-strict src=00:00:00:00:00:04 dst=00:00:00:00:00:01 in_port=1 out_port=3
[FLOW_MOD] t=16125.101897024 dpid=s19 action=add src=00:00:00:00:00:04 dst=00:00:00:00:00:01 in_port=1 out_port=3
[FLOW_MOD] t=16125.102218982 dpid=s6 action=delete-strict src=00:00:00:00:00:04 dst=00:00:00:00:00:01 in_port=2 out_port=4
[FLOW_MOD] t=16125.102563281 dpid=s6 action=add src=00:00:00:00:00:04 dst=00:00:00:00:00:01 in_port=2 out_port=4
[FLOW_MOD] t=16125.102856996 dpid=s2 action=delete-strict src=00:00:00:00:00:04 dst=00:00:00:00:00:01 in_port=1 out_port=3
[FLOW_MOD] t=16125.103085525 dpid=s2 action=add src=00:00:00:00:00:04 dst=00:00:00:00:00:01 in_port=1 out_port=3
[FLOW_MOD] t=16125.103436083 dpid=s1 action=delete-strict src=00:00:00:00:00:04 dst=00:00:00:00:00:01 in_port=3 out_port=1
[FLOW_MOD] t=16125.103724599 dpid=s1 action=add src=00:00:00:00:00:04 dst=00:00:00:00:00:01 in_port=3 out_port=1
[FLOW_MOD] t=16125.104113316 dpid=s4 action=delete-strict src=00:00:00:00:00:04 dst=00:00:00:00:00:01 in_port=4 out_port=1
[FLOW_MOD] t=16125.104383394 dpid=s4 action=add src=00:00:00:00:00:04 dst=00:00:00:00:00:01 in_port=4 out_port=1
[FLOW_MOD] t=16125.104716696 dpid=s16 action=delete-strict src=00:00:00:00:00:04 dst=00:00:00:00:00:01 in_port=3 out_port=1
[FLOW_MOD] t=16125.104965982 dpid=s16 action=add src=00:00:00:00:00:04 dst=00:00:00:00:00:01 in_port=3 out_port=1
[SPF-DONE] A* s17->s16 reachable=5/11
[PATH-COMPUTED] s17->s16: 2 hop(s) path=s17 -> s4 -> s16
[FLOW-INSTALL] 00:00:00:00:00:02 → 00:00:00:00:00:01: s17 -> s4 -> s16
[FLOW_MOD] t=16125.107848013 dpid=s17 action=delete-strict src=00:00:00:00:00:02 dst=00:00:00:00:00:01 in_port=1 out_port=3
[FLOW_MOD] t=16125.108097852 dpid=s17 action=add src=00:00:00:00:00:02 dst=00:00:00:00:00:01 in_port=1 out_port=3
[FLOW_MOD] t=16125.108418627 dpid=s4 action=delete-strict src=00:00:00:00:00:02 dst=00:00:00:00:00:01 in_port=2 out_port=1
[FLOW_MOD] t=16125.108653279 dpid=s4 action=add src=00:00:00:00:00:02 dst=00:00:00:00:00:01 in_port=2 out_port=1
[FLOW_MOD] t=16125.108989021 dpid=s16 action=delete-strict src=00:00:00:00:00:02 dst=00:00:00:00:00:01 in_port=3 out_port=1
[FLOW_MOD] t=16125.109251135 dpid=s16 action=add src=00:00:00:00:00:02 dst=00:00:00:00:00:01 in_port=3 out_port=1
[FLOW_MOD] t=16125.109584481 dpid=s16 action=delete-strict src=00:00:00:00:00:01 dst=00:00:00:00:00:02 in_port=1 out_port=3
[FLOW_MOD] t=16125.109836112 dpid=s16 action=add src=00:00:00:00:00:01 dst=00:00:00:00:00:02 in_port=1 out_port=3
[FLOW_MOD] t=16125.111212784 dpid=s4 action=delete-strict src=00:00:00:00:00:01 dst=00:00:00:00:00:02 in_port=1 out_port=2
[FLOW_MOD] t=16125.111635291 dpid=s4 action=add src=00:00:00:00:00:01 dst=00:00:00:00:00:02 in_port=1 out_port=2
[FLOW_MOD] t=16125.111997409 dpid=s17 action=delete-strict src=00:00:00:00:00:01 dst=00:00:00:00:00:02 in_port=3 out_port=1
[FLOW_MOD] t=16125.112263480 dpid=s17 action=add src=00:00:00:00:00:01 dst=00:00:00:00:00:02 in_port=3 out_port=1
[SPF-DONE] A* s17->s18 reachable=11/11
[PATH-COMPUTED] s17->s18: 5 hop(s) path=s17 -> s4 -> s1 -> s2 -> s6 -> s18
[FLOW-INSTALL] 00:00:00:00:00:02 → 00:00:00:00:00:03: s17 -> s4 -> s1 -> s2 -> s6 -> s18
[FLOW_MOD] t=16125.115517551 dpid=s17 action=delete-strict src=00:00:00:00:00:02 dst=00:00:00:00:00:03 in_port=1 out_port=3
[FLOW_MOD] t=16125.115778887 dpid=s17 action=add src=00:00:00:00:00:02 dst=00:00:00:00:00:03 in_port=1 out_port=3
[FLOW_MOD] t=16125.116126292 dpid=s4 action=delete-strict src=00:00:00:00:00:02 dst=00:00:00:00:00:03 in_port=2 out_port=4
[FLOW_MOD] t=16125.116392828 dpid=s4 action=add src=00:00:00:00:00:02 dst=00:00:00:00:00:03 in_port=2 out_port=4
[FLOW_MOD] t=16125.116811803 dpid=s1 action=delete-strict src=00:00:00:00:00:02 dst=00:00:00:00:00:03 in_port=1 out_port=3
[FLOW_MOD] t=16125.117090689 dpid=s1 action=add src=00:00:00:00:00:02 dst=00:00:00:00:00:03 in_port=1 out_port=3
[FLOW_MOD] t=16125.117374655 dpid=s2 action=delete-strict src=00:00:00:00:00:02 dst=00:00:00:00:00:03 in_port=3 out_port=1
[FLOW_MOD] t=16125.117614317 dpid=s2 action=add src=00:00:00:00:00:02 dst=00:00:00:00:00:03 in_port=3 out_port=1
[FLOW_MOD] t=16125.117985889 dpid=s6 action=delete-strict src=00:00:00:00:00:02 dst=00:00:00:00:00:03 in_port=4 out_port=1
[FLOW_MOD] t=16125.118270202 dpid=s6 action=add src=00:00:00:00:00:02 dst=00:00:00:00:00:03 in_port=4 out_port=1
[FLOW_MOD] t=16125.118648677 dpid=s18 action=delete-strict src=00:00:00:00:00:02 dst=00:00:00:00:00:03 in_port=3 out_port=1
[FLOW_MOD] t=16125.118938823 dpid=s18 action=add src=00:00:00:00:00:02 dst=00:00:00:00:00:03 in_port=3 out_port=1
[FLOW_MOD] t=16125.119313402 dpid=s18 action=delete-strict src=00:00:00:00:00:03 dst=00:00:00:00:00:02 in_port=1 out_port=3
[FLOW_MOD] t=16125.119605163 dpid=s18 action=add src=00:00:00:00:00:03 dst=00:00:00:00:00:02 in_port=1 out_port=3
[FLOW_MOD] t=16125.119981452 dpid=s6 action=delete-strict src=00:00:00:00:00:03 dst=00:00:00:00:00:02 in_port=1 out_port=4
[FLOW_MOD] t=16125.120277753 dpid=s6 action=add src=00:00:00:00:00:03 dst=00:00:00:00:00:02 in_port=1 out_port=4
[FLOW_MOD] t=16125.120685919 dpid=s2 action=delete-strict src=00:00:00:00:00:03 dst=00:00:00:00:00:02 in_port=1 out_port=3
[FLOW_MOD] t=16125.120973912 dpid=s2 action=add src=00:00:00:00:00:03 dst=00:00:00:00:00:02 in_port=1 out_port=3
[FLOW_MOD] t=16125.121351595 dpid=s1 action=delete-strict src=00:00:00:00:00:03 dst=00:00:00:00:00:02 in_port=3 out_port=1
[FLOW_MOD] t=16125.121609997 dpid=s1 action=add src=00:00:00:00:00:03 dst=00:00:00:00:00:02 in_port=3 out_port=1
[FLOW_MOD] t=16125.121949625 dpid=s4 action=delete-strict src=00:00:00:00:00:03 dst=00:00:00:00:00:02 in_port=4 out_port=2
[FLOW_MOD] t=16125.122240392 dpid=s4 action=add src=00:00:00:00:00:03 dst=00:00:00:00:00:02 in_port=4 out_port=2
[FLOW_MOD] t=16125.122590979 dpid=s17 action=delete-strict src=00:00:00:00:00:03 dst=00:00:00:00:00:02 in_port=3 out_port=1
[FLOW_MOD] t=16125.122875916 dpid=s17 action=add src=00:00:00:00:00:03 dst=00:00:00:00:00:02 in_port=3 out_port=1
[SPF-DONE] A* s17->s19 reachable=11/11
[PATH-COMPUTED] s17->s19: 5 hop(s) path=s17 -> s4 -> s1 -> s2 -> s6 -> s19
[FLOW-INSTALL] 00:00:00:00:00:02 → 00:00:00:00:00:04: s17 -> s4 -> s1 -> s2 -> s6 -> s19
[FLOW_MOD] t=16125.127298514 dpid=s17 action=delete-strict src=00:00:00:00:00:02 dst=00:00:00:00:00:04 in_port=1 out_port=3
[FLOW_MOD] t=16125.127630776 dpid=s17 action=add src=00:00:00:00:00:02 dst=00:00:00:00:00:04 in_port=1 out_port=3
[FLOW_MOD] t=16125.128039160 dpid=s4 action=delete-strict src=00:00:00:00:00:02 dst=00:00:00:00:00:04 in_port=2 out_port=4
[FLOW_MOD] t=16125.128371762 dpid=s4 action=add src=00:00:00:00:00:02 dst=00:00:00:00:00:04 in_port=2 out_port=4
[FLOW_MOD] t=16125.128766634 dpid=s1 action=delete-strict src=00:00:00:00:00:02 dst=00:00:00:00:00:04 in_port=1 out_port=3
[FLOW_MOD] t=16125.129144858 dpid=s1 action=add src=00:00:00:00:00:02 dst=00:00:00:00:00:04 in_port=1 out_port=3
[FLOW_MOD] t=16125.129518888 dpid=s2 action=delete-strict src=00:00:00:00:00:02 dst=00:00:00:00:00:04 in_port=3 out_port=1
[FLOW_MOD] t=16125.129819812 dpid=s2 action=add src=00:00:00:00:00:02 dst=00:00:00:00:00:04 in_port=3 out_port=1
[FLOW_MOD] t=16125.130291595 dpid=s6 action=delete-strict src=00:00:00:00:00:02 dst=00:00:00:00:00:04 in_port=4 out_port=2
[FLOW_MOD] t=16125.130605604 dpid=s6 action=add src=00:00:00:00:00:02 dst=00:00:00:00:00:04 in_port=4 out_port=2
[FLOW_MOD] t=16125.130958965 dpid=s19 action=delete-strict src=00:00:00:00:00:02 dst=00:00:00:00:00:04 in_port=3 out_port=1
[FLOW_MOD] t=16125.131224905 dpid=s19 action=add src=00:00:00:00:00:02 dst=00:00:00:00:00:04 in_port=3 out_port=1
[FLOW_MOD] t=16125.131533065 dpid=s19 action=delete-strict src=00:00:00:00:00:04 dst=00:00:00:00:00:02 in_port=1 out_port=3
[FLOW_MOD] t=16125.131790650 dpid=s19 action=add src=00:00:00:00:00:04 dst=00:00:00:00:00:02 in_port=1 out_port=3
[FLOW_MOD] t=16125.132130787 dpid=s6 action=delete-strict src=00:00:00:00:00:04 dst=00:00:00:00:00:02 in_port=2 out_port=4
[FLOW_MOD] t=16125.132352606 dpid=s6 action=add src=00:00:00:00:00:04 dst=00:00:00:00:00:02 in_port=2 out_port=4
[FLOW_MOD] t=16125.132691834 dpid=s2 action=delete-strict src=00:00:00:00:00:04 dst=00:00:00:00:00:02 in_port=1 out_port=3
[FLOW_MOD] t=16125.132943766 dpid=s2 action=add src=00:00:00:00:00:04 dst=00:00:00:00:00:02 in_port=1 out_port=3
[FLOW_MOD] t=16125.133240490 dpid=s1 action=delete-strict src=00:00:00:00:00:04 dst=00:00:00:00:00:02 in_port=3 out_port=1
[FLOW_MOD] t=16125.133482086 dpid=s1 action=add src=00:00:00:00:00:04 dst=00:00:00:00:00:02 in_port=3 out_port=1
[FLOW_MOD] t=16125.133786975 dpid=s4 action=delete-strict src=00:00:00:00:00:04 dst=00:00:00:00:00:02 in_port=4 out_port=2
[FLOW_MOD] t=16125.134048077 dpid=s4 action=add src=00:00:00:00:00:04 dst=00:00:00:00:00:02 in_port=4 out_port=2
[FLOW_MOD] t=16125.134399632 dpid=s17 action=delete-strict src=00:00:00:00:00:04 dst=00:00:00:00:00:02 in_port=3 out_port=1
[FLOW_MOD] t=16125.134657718 dpid=s17 action=add src=00:00:00:00:00:04 dst=00:00:00:00:00:02 in_port=3 out_port=1
[SPF-DONE] A* s18->s16 reachable=11/11
[PATH-COMPUTED] s18->s16: 5 hop(s) path=s18 -> s6 -> s2 -> s1 -> s4 -> s16
[FLOW-INSTALL] 00:00:00:00:00:03 → 00:00:00:00:00:01: s18 -> s6 -> s2 -> s1 -> s4 -> s16
[FLOW_MOD] t=16125.137827950 dpid=s18 action=delete-strict src=00:00:00:00:00:03 dst=00:00:00:00:00:01 in_port=1 out_port=3
[FLOW_MOD] t=16125.138038374 dpid=s18 action=add src=00:00:00:00:00:03 dst=00:00:00:00:00:01 in_port=1 out_port=3
[FLOW_MOD] t=16125.138339706 dpid=s6 action=delete-strict src=00:00:00:00:00:03 dst=00:00:00:00:00:01 in_port=1 out_port=4
[FLOW_MOD] t=16125.138564105 dpid=s6 action=add src=00:00:00:00:00:03 dst=00:00:00:00:00:01 in_port=1 out_port=4
[FLOW_MOD] t=16125.138904316 dpid=s2 action=delete-strict src=00:00:00:00:00:03 dst=00:00:00:00:00:01 in_port=1 out_port=3
[FLOW_MOD] t=16125.139192442 dpid=s2 action=add src=00:00:00:00:00:03 dst=00:00:00:00:00:01 in_port=1 out_port=3
[FLOW_MOD] t=16125.139517104 dpid=s1 action=delete-strict src=00:00:00:00:00:03 dst=00:00:00:00:00:01 in_port=3 out_port=1
[FLOW_MOD] t=16125.139770638 dpid=s1 action=add src=00:00:00:00:00:03 dst=00:00:00:00:00:01 in_port=3 out_port=1
[FLOW_MOD] t=16125.140114717 dpid=s4 action=delete-strict src=00:00:00:00:00:03 dst=00:00:00:00:00:01 in_port=4 out_port=1
[FLOW_MOD] t=16125.140352033 dpid=s4 action=add src=00:00:00:00:00:03 dst=00:00:00:00:00:01 in_port=4 out_port=1
[FLOW_MOD] t=16125.140633900 dpid=s16 action=delete-strict src=00:00:00:00:00:03 dst=00:00:00:00:00:01 in_port=3 out_port=1
[FLOW_MOD] t=16125.140864668 dpid=s16 action=add src=00:00:00:00:00:03 dst=00:00:00:00:00:01 in_port=3 out_port=1
[FLOW_MOD] t=16125.141132038 dpid=s16 action=delete-strict src=00:00:00:00:00:01 dst=00:00:00:00:00:03 in_port=1 out_port=3
[FLOW_MOD] t=16125.141343725 dpid=s16 action=add src=00:00:00:00:00:01 dst=00:00:00:00:00:03 in_port=1 out_port=3
[FLOW_MOD] t=16125.141613830 dpid=s4 action=delete-strict src=00:00:00:00:00:01 dst=00:00:00:00:00:03 in_port=1 out_port=4
[FLOW_MOD] t=16125.141855791 dpid=s4 action=add src=00:00:00:00:00:01 dst=00:00:00:00:00:03 in_port=1 out_port=4
[FLOW_MOD] t=16125.142145974 dpid=s1 action=delete-strict src=00:00:00:00:00:01 dst=00:00:00:00:00:03 in_port=1 out_port=3
[FLOW_MOD] t=16125.142378213 dpid=s1 action=add src=00:00:00:00:00:01 dst=00:00:00:00:00:03 in_port=1 out_port=3
[FLOW_MOD] t=16125.142739161 dpid=s2 action=delete-strict src=00:00:00:00:00:01 dst=00:00:00:00:00:03 in_port=3 out_port=1
[FLOW_MOD] t=16125.142989834 dpid=s2 action=add src=00:00:00:00:00:01 dst=00:00:00:00:00:03 in_port=3 out_port=1
[FLOW_MOD] t=16125.143330776 dpid=s6 action=delete-strict src=00:00:00:00:00:01 dst=00:00:00:00:00:03 in_port=4 out_port=1
[FLOW_MOD] t=16125.143592311 dpid=s6 action=add src=00:00:00:00:00:01 dst=00:00:00:00:00:03 in_port=4 out_port=1
[FLOW_MOD] t=16125.143994042 dpid=s18 action=delete-strict src=00:00:00:00:00:01 dst=00:00:00:00:00:03 in_port=3 out_port=1
[FLOW_MOD] t=16125.144298521 dpid=s18 action=add src=00:00:00:00:00:01 dst=00:00:00:00:00:03 in_port=3 out_port=1
[SPF-DONE] A* s18->s17 reachable=11/11
[PATH-COMPUTED] s18->s17: 5 hop(s) path=s18 -> s6 -> s2 -> s1 -> s4 -> s17
[FLOW-INSTALL] 00:00:00:00:00:03 → 00:00:00:00:00:02: s18 -> s6 -> s2 -> s1 -> s4 -> s17
[FLOW_MOD] t=16125.147591763 dpid=s18 action=delete-strict src=00:00:00:00:00:03 dst=00:00:00:00:00:02 in_port=1 out_port=3
[FLOW_MOD] t=16125.147867144 dpid=s18 action=add src=00:00:00:00:00:03 dst=00:00:00:00:00:02 in_port=1 out_port=3
[FLOW_MOD] t=16125.148234867 dpid=s6 action=delete-strict src=00:00:00:00:00:03 dst=00:00:00:00:00:02 in_port=1 out_port=4
[FLOW_MOD] t=16125.148497903 dpid=s6 action=add src=00:00:00:00:00:03 dst=00:00:00:00:00:02 in_port=1 out_port=4
[FLOW_MOD] t=16125.148820812 dpid=s2 action=delete-strict src=00:00:00:00:00:03 dst=00:00:00:00:00:02 in_port=1 out_port=3
[FLOW_MOD] t=16125.149085551 dpid=s2 action=add src=00:00:00:00:00:03 dst=00:00:00:00:00:02 in_port=1 out_port=3
[FLOW_MOD] t=16125.149480693 dpid=s1 action=delete-strict src=00:00:00:00:00:03 dst=00:00:00:00:00:02 in_port=3 out_port=1
[FLOW_MOD] t=16125.149756160 dpid=s1 action=add src=00:00:00:00:00:03 dst=00:00:00:00:00:02 in_port=3 out_port=1
[FLOW_MOD] t=16125.150078428 dpid=s4 action=delete-strict src=00:00:00:00:00:03 dst=00:00:00:00:00:02 in_port=4 out_port=2
[FLOW_MOD] t=16125.150329212 dpid=s4 action=add src=00:00:00:00:00:03 dst=00:00:00:00:00:02 in_port=4 out_port=2
[FLOW_MOD] t=16125.150634611 dpid=s17 action=delete-strict src=00:00:00:00:00:03 dst=00:00:00:00:00:02 in_port=3 out_port=1
[FLOW_MOD] t=16125.150869307 dpid=s17 action=add src=00:00:00:00:00:03 dst=00:00:00:00:00:02 in_port=3 out_port=1
[FLOW_MOD] t=16125.151158707 dpid=s17 action=delete-strict src=00:00:00:00:00:02 dst=00:00:00:00:00:03 in_port=1 out_port=3
[FLOW_MOD] t=16125.151402774 dpid=s17 action=add src=00:00:00:00:00:02 dst=00:00:00:00:00:03 in_port=1 out_port=3
[FLOW_MOD] t=16125.151702605 dpid=s4 action=delete-strict src=00:00:00:00:00:02 dst=00:00:00:00:00:03 in_port=2 out_port=4
[FLOW_MOD] t=16125.153128519 dpid=s4 action=add src=00:00:00:00:00:02 dst=00:00:00:00:00:03 in_port=2 out_port=4
[FLOW_MOD] t=16125.153474641 dpid=s1 action=delete-strict src=00:00:00:00:00:02 dst=00:00:00:00:00:03 in_port=1 out_port=3
[FLOW_MOD] t=16125.153748633 dpid=s1 action=add src=00:00:00:00:00:02 dst=00:00:00:00:00:03 in_port=1 out_port=3
[FLOW_MOD] t=16125.154115647 dpid=s2 action=delete-strict src=00:00:00:00:00:02 dst=00:00:00:00:00:03 in_port=3 out_port=1
[FLOW_MOD] t=16125.154389087 dpid=s2 action=add src=00:00:00:00:00:02 dst=00:00:00:00:00:03 in_port=3 out_port=1
[FLOW_MOD] t=16125.154736383 dpid=s6 action=delete-strict src=00:00:00:00:00:02 dst=00:00:00:00:00:03 in_port=4 out_port=1
[FLOW_MOD] t=16125.155025231 dpid=s6 action=add src=00:00:00:00:00:02 dst=00:00:00:00:00:03 in_port=4 out_port=1
[FLOW_MOD] t=16125.155346048 dpid=s18 action=delete-strict src=00:00:00:00:00:02 dst=00:00:00:00:00:03 in_port=3 out_port=1
[FLOW_MOD] t=16125.155591444 dpid=s18 action=add src=00:00:00:00:00:02 dst=00:00:00:00:00:03 in_port=3 out_port=1
[SPF-DONE] A* s18->s19 reachable=5/11
[PATH-COMPUTED] s18->s19: 2 hop(s) path=s18 -> s6 -> s19
[FLOW-INSTALL] 00:00:00:00:00:03 → 00:00:00:00:00:04: s18 -> s6 -> s19
[FLOW_MOD] t=16125.158729746 dpid=s18 action=delete-strict src=00:00:00:00:00:03 dst=00:00:00:00:00:04 in_port=1 out_port=3
[FLOW_MOD] t=16125.158980252 dpid=s18 action=add src=00:00:00:00:00:03 dst=00:00:00:00:00:04 in_port=1 out_port=3
[FLOW_MOD] t=16125.159259236 dpid=s6 action=delete-strict src=00:00:00:00:00:03 dst=00:00:00:00:00:04 in_port=1 out_port=2
[FLOW_MOD] t=16125.159508385 dpid=s6 action=add src=00:00:00:00:00:03 dst=00:00:00:00:00:04 in_port=1 out_port=2
[FLOW_MOD] t=16125.159908814 dpid=s19 action=delete-strict src=00:00:00:00:00:03 dst=00:00:00:00:00:04 in_port=3 out_port=1
[FLOW_MOD] t=16125.160495925 dpid=s19 action=add src=00:00:00:00:00:03 dst=00:00:00:00:00:04 in_port=3 out_port=1
[FLOW_MOD] t=16125.160886610 dpid=s19 action=delete-strict src=00:00:00:00:00:04 dst=00:00:00:00:00:03 in_port=1 out_port=3
[FLOW_MOD] t=16125.161157415 dpid=s19 action=add src=00:00:00:00:00:04 dst=00:00:00:00:00:03 in_port=1 out_port=3
[FLOW_MOD] t=16125.161466309 dpid=s6 action=delete-strict src=00:00:00:00:00:04 dst=00:00:00:00:00:03 in_port=2 out_port=1
[FLOW_MOD] t=16125.161720340 dpid=s6 action=add src=00:00:00:00:00:04 dst=00:00:00:00:00:03 in_port=2 out_port=1
[FLOW_MOD] t=16125.162024377 dpid=s18 action=delete-strict src=00:00:00:00:00:04 dst=00:00:00:00:00:03 in_port=3 out_port=1
[FLOW_MOD] t=16125.162391458 dpid=s18 action=add src=00:00:00:00:00:04 dst=00:00:00:00:00:03 in_port=3 out_port=1
[SPF-DONE] A* s19->s16 reachable=11/11
[PATH-COMPUTED] s19->s16: 5 hop(s) path=s19 -> s6 -> s2 -> s1 -> s4 -> s16
[FLOW-INSTALL] 00:00:00:00:00:04 → 00:00:00:00:00:01: s19 -> s6 -> s2 -> s1 -> s4 -> s16
[FLOW_MOD] t=16125.165676470 dpid=s19 action=delete-strict src=00:00:00:00:00:04 dst=00:00:00:00:00:01 in_port=1 out_port=3
[FLOW_MOD] t=16125.165998115 dpid=s19 action=add src=00:00:00:00:00:04 dst=00:00:00:00:00:01 in_port=1 out_port=3
[FLOW_MOD] t=16125.166440498 dpid=s6 action=delete-strict src=00:00:00:00:00:04 dst=00:00:00:00:00:01 in_port=2 out_port=4
[FLOW_MOD] t=16125.166770951 dpid=s6 action=add src=00:00:00:00:00:04 dst=00:00:00:00:00:01 in_port=2 out_port=4
[FLOW_MOD] t=16125.167128704 dpid=s2 action=delete-strict src=00:00:00:00:00:04 dst=00:00:00:00:00:01 in_port=1 out_port=3
[FLOW_MOD] t=16125.167422515 dpid=s2 action=add src=00:00:00:00:00:04 dst=00:00:00:00:00:01 in_port=1 out_port=3
[FLOW_MOD] t=16125.167774705 dpid=s1 action=delete-strict src=00:00:00:00:00:04 dst=00:00:00:00:00:01 in_port=3 out_port=1
[FLOW_MOD] t=16125.168113994 dpid=s1 action=add src=00:00:00:00:00:04 dst=00:00:00:00:00:01 in_port=3 out_port=1
[FLOW_MOD] t=16125.168436443 dpid=s4 action=delete-strict src=00:00:00:00:00:04 dst=00:00:00:00:00:01 in_port=4 out_port=1
[FLOW_MOD] t=16125.168712704 dpid=s4 action=add src=00:00:00:00:00:04 dst=00:00:00:00:00:01 in_port=4 out_port=1
[FLOW_MOD] t=16125.169108256 dpid=s16 action=delete-strict src=00:00:00:00:00:04 dst=00:00:00:00:00:01 in_port=3 out_port=1
[FLOW_MOD] t=16125.169436747 dpid=s16 action=add src=00:00:00:00:00:04 dst=00:00:00:00:00:01 in_port=3 out_port=1
[FLOW_MOD] t=16125.169829514 dpid=s16 action=delete-strict src=00:00:00:00:00:01 dst=00:00:00:00:00:04 in_port=1 out_port=3
[FLOW_MOD] t=16125.170141431 dpid=s16 action=add src=00:00:00:00:00:01 dst=00:00:00:00:00:04 in_port=1 out_port=3
[FLOW_MOD] t=16125.170517751 dpid=s4 action=delete-strict src=00:00:00:00:00:01 dst=00:00:00:00:00:04 in_port=1 out_port=4
[FLOW_MOD] t=16125.170763654 dpid=s4 action=add src=00:00:00:00:00:01 dst=00:00:00:00:00:04 in_port=1 out_port=4
[FLOW_MOD] t=16125.171115546 dpid=s1 action=delete-strict src=00:00:00:00:00:01 dst=00:00:00:00:00:04 in_port=1 out_port=3
[FLOW_MOD] t=16125.171398538 dpid=s1 action=add src=00:00:00:00:00:01 dst=00:00:00:00:00:04 in_port=1 out_port=3
[FLOW_MOD] t=16125.171747268 dpid=s2 action=delete-strict src=00:00:00:00:00:01 dst=00:00:00:00:00:04 in_port=3 out_port=1
[FLOW_MOD] t=16125.172096409 dpid=s2 action=add src=00:00:00:00:00:01 dst=00:00:00:00:00:04 in_port=3 out_port=1
[FLOW_MOD] t=16125.172442937 dpid=s6 action=delete-strict src=00:00:00:00:00:01 dst=00:00:00:00:00:04 in_port=4 out_port=2
[FLOW_MOD] t=16125.172715571 dpid=s6 action=add src=00:00:00:00:00:01 dst=00:00:00:00:00:04 in_port=4 out_port=2
[FLOW_MOD] t=16125.173082349 dpid=s19 action=delete-strict src=00:00:00:00:00:01 dst=00:00:00:00:00:04 in_port=3 out_port=1
[FLOW_MOD] t=16125.173347389 dpid=s19 action=add src=00:00:00:00:00:01 dst=00:00:00:00:00:04 in_port=3 out_port=1
[SPF-DONE] A* s19->s17 reachable=11/11
[PATH-COMPUTED] s19->s17: 5 hop(s) path=s19 -> s6 -> s2 -> s1 -> s4 -> s17
[FLOW-INSTALL] 00:00:00:00:00:04 → 00:00:00:00:00:02: s19 -> s6 -> s2 -> s1 -> s4 -> s17
[FLOW_MOD] t=16125.177122968 dpid=s19 action=delete-strict src=00:00:00:00:00:04 dst=00:00:00:00:00:02 in_port=1 out_port=3
[FLOW_MOD] t=16125.177422336 dpid=s19 action=add src=00:00:00:00:00:04 dst=00:00:00:00:00:02 in_port=1 out_port=3
[FLOW_MOD] t=16125.177788421 dpid=s6 action=delete-strict src=00:00:00:00:00:04 dst=00:00:00:00:00:02 in_port=2 out_port=4
[FLOW_MOD] t=16125.178019955 dpid=s6 action=add src=00:00:00:00:00:04 dst=00:00:00:00:00:02 in_port=2 out_port=4
[FLOW_MOD] t=16125.178340553 dpid=s2 action=delete-strict src=00:00:00:00:00:04 dst=00:00:00:00:00:02 in_port=1 out_port=3
[FLOW_MOD] t=16125.178595451 dpid=s2 action=add src=00:00:00:00:00:04 dst=00:00:00:00:00:02 in_port=1 out_port=3
[FLOW_MOD] t=16125.178998963 dpid=s1 action=delete-strict src=00:00:00:00:00:04 dst=00:00:00:00:00:02 in_port=3 out_port=1
[FLOW_MOD] t=16125.179227713 dpid=s1 action=add src=00:00:00:00:00:04 dst=00:00:00:00:00:02 in_port=3 out_port=1
[FLOW_MOD] t=16125.179530574 dpid=s4 action=delete-strict src=00:00:00:00:00:04 dst=00:00:00:00:00:02 in_port=4 out_port=2
[FLOW_MOD] t=16125.179805859 dpid=s4 action=add src=00:00:00:00:00:04 dst=00:00:00:00:00:02 in_port=4 out_port=2
[FLOW_MOD] t=16125.180176255 dpid=s17 action=delete-strict src=00:00:00:00:00:04 dst=00:00:00:00:00:02 in_port=3 out_port=1
[FLOW_MOD] t=16125.180408575 dpid=s17 action=add src=00:00:00:00:00:04 dst=00:00:00:00:00:02 in_port=3 out_port=1
[FLOW_MOD] t=16125.180703159 dpid=s17 action=delete-strict src=00:00:00:00:00:02 dst=00:00:00:00:00:04 in_port=1 out_port=3
[FLOW_MOD] t=16125.180985522 dpid=s17 action=add src=00:00:00:00:00:02 dst=00:00:00:00:00:04 in_port=1 out_port=3
[FLOW_MOD] t=16125.181312110 dpid=s4 action=delete-strict src=00:00:00:00:00:02 dst=00:00:00:00:00:04 in_port=2 out_port=4
[FLOW_MOD] t=16125.181578161 dpid=s4 action=add src=00:00:00:00:00:02 dst=00:00:00:00:00:04 in_port=2 out_port=4
[FLOW_MOD] t=16125.181897819 dpid=s1 action=delete-strict src=00:00:00:00:00:02 dst=00:00:00:00:00:04 in_port=1 out_port=3
[FLOW_MOD] t=16125.182154839 dpid=s1 action=add src=00:00:00:00:00:02 dst=00:00:00:00:00:04 in_port=1 out_port=3
[FLOW_MOD] t=16125.182554763 dpid=s2 action=delete-strict src=00:00:00:00:00:02 dst=00:00:00:00:00:04 in_port=3 out_port=1
[FLOW_MOD] t=16125.182884616 dpid=s2 action=add src=00:00:00:00:00:02 dst=00:00:00:00:00:04 in_port=3 out_port=1
[FLOW_MOD] t=16125.183274999 dpid=s6 action=delete-strict src=00:00:00:00:00:02 dst=00:00:00:00:00:04 in_port=4 out_port=2
[FLOW_MOD] t=16125.183594979 dpid=s6 action=add src=00:00:00:00:00:02 dst=00:00:00:00:00:04 in_port=4 out_port=2
[FLOW_MOD] t=16125.184102494 dpid=s19 action=delete-strict src=00:00:00:00:00:02 dst=00:00:00:00:00:04 in_port=3 out_port=1
[FLOW_MOD] t=16125.184354591 dpid=s19 action=add src=00:00:00:00:00:02 dst=00:00:00:00:00:04 in_port=3 out_port=1
[SPF-DONE] A* s19->s18 reachable=5/11
[PATH-COMPUTED] s19->s18: 2 hop(s) path=s19 -> s6 -> s18
[FLOW-INSTALL] 00:00:00:00:00:04 → 00:00:00:00:00:03: s19 -> s6 -> s18
[FLOW_MOD] t=16125.187789325 dpid=s19 action=delete-strict src=00:00:00:00:00:04 dst=00:00:00:00:00:03 in_port=1 out_port=3
[FLOW_MOD] t=16125.188058763 dpid=s19 action=add src=00:00:00:00:00:04 dst=00:00:00:00:00:03 in_port=1 out_port=3
[FLOW_MOD] t=16125.188427487 dpid=s6 action=delete-strict src=00:00:00:00:00:04 dst=00:00:00:00:00:03 in_port=2 out_port=1
[FLOW_MOD] t=16125.188692593 dpid=s6 action=add src=00:00:00:00:00:04 dst=00:00:00:00:00:03 in_port=2 out_port=1
[FLOW_MOD] t=16125.189026786 dpid=s18 action=delete-strict src=00:00:00:00:00:04 dst=00:00:00:00:00:03 in_port=3 out_port=1
[FLOW_MOD] t=16125.189281449 dpid=s18 action=add src=00:00:00:00:00:04 dst=00:00:00:00:00:03 in_port=3 out_port=1
[FLOW_MOD] t=16125.189616719 dpid=s18 action=delete-strict src=00:00:00:00:00:03 dst=00:00:00:00:00:04 in_port=1 out_port=3
[FLOW_MOD] t=16125.189869078 dpid=s18 action=add src=00:00:00:00:00:03 dst=00:00:00:00:00:04 in_port=1 out_port=3
[FLOW_MOD] t=16125.190303919 dpid=s6 action=delete-strict src=00:00:00:00:00:03 dst=00:00:00:00:00:04 in_port=1 out_port=2
[FLOW_MOD] t=16125.191580742 dpid=s6 action=add src=00:00:00:00:00:03 dst=00:00:00:00:00:04 in_port=1 out_port=2
[FLOW_MOD] t=16125.192111281 dpid=s19 action=delete-strict src=00:00:00:00:00:03 dst=00:00:00:00:00:04 in_port=3 out_port=1
[FLOW_MOD] t=16125.192439622 dpid=s19 action=add src=00:00:00:00:00:03 dst=00:00:00:00:00:04 in_port=3 out_port=1
[TOPO] route refresh: installed=12 skipped=0 unreachable=0 hosts=4
[CONVERGENCE-END] id=1 convergence_ms=2342.101 installed=12 skipped=0 unreachable=0 hosts=4
[TOPO-CHANGE] (LLDP topology event) switches=11 links=34  delta +1 -0
[TOPO-UP]   [(2, 1)]
[TOPO-REFRESH] flushing 12 flows, rebuilding routes
[TREE-DONE] root=s1 tree_edges=11 reachable=11/11
[SPF-DONE] A* s16->s17 reachable=5/11
[PATH-COMPUTED] s16->s17: 2 hop(s) path=s16 -> s4 -> s17
[FLOW-INSTALL] 00:00:00:00:00:01 → 00:00:00:00:00:02: s16 -> s4 -> s17
[FLOW_MOD] t=16125.198140800 dpid=s16 action=delete-strict src=00:00:00:00:00:01 dst=00:00:00:00:00:02 in_port=1 out_port=3
[FLOW_MOD] t=16125.198436091 dpid=s16 action=add src=00:00:00:00:00:01 dst=00:00:00:00:00:02 in_port=1 out_port=3
[FLOW_MOD] t=16125.198828741 dpid=s4 action=delete-strict src=00:00:00:00:00:01 dst=00:00:00:00:00:02 in_port=1 out_port=2
[FLOW_MOD] t=16125.199150238 dpid=s4 action=add src=00:00:00:00:00:01 dst=00:00:00:00:00:02 in_port=1 out_port=2
[FLOW_MOD] t=16125.199492326 dpid=s17 action=delete-strict src=00:00:00:00:00:01 dst=00:00:00:00:00:02 in_port=3 out_port=1
[FLOW_MOD] t=16125.199752931 dpid=s17 action=add src=00:00:00:00:00:01 dst=00:00:00:00:00:02 in_port=3 out_port=1
[FLOW_MOD] t=16125.200105815 dpid=s17 action=delete-strict src=00:00:00:00:00:02 dst=00:00:00:00:00:01 in_port=1 out_port=3
[FLOW_MOD] t=16125.200383815 dpid=s17 action=add src=00:00:00:00:00:02 dst=00:00:00:00:00:01 in_port=1 out_port=3
[FLOW_MOD] t=16125.200723926 dpid=s4 action=delete-strict src=00:00:00:00:00:02 dst=00:00:00:00:00:01 in_port=2 out_port=1
[FLOW_MOD] t=16125.200993408 dpid=s4 action=add src=00:00:00:00:00:02 dst=00:00:00:00:00:01 in_port=2 out_port=1
[FLOW_MOD] t=16125.201397782 dpid=s16 action=delete-strict src=00:00:00:00:00:02 dst=00:00:00:00:00:01 in_port=3 out_port=1
[FLOW_MOD] t=16125.201642571 dpid=s16 action=add src=00:00:00:00:00:02 dst=00:00:00:00:00:01 in_port=3 out_port=1
[SPF-DONE] A* s16->s18 reachable=11/11
[PATH-COMPUTED] s16->s18: 5 hop(s) path=s16 -> s4 -> s1 -> s2 -> s6 -> s18
[FLOW-INSTALL] 00:00:00:00:00:01 → 00:00:00:00:00:03: s16 -> s4 -> s1 -> s2 -> s6 -> s18
[FLOW_MOD] t=16125.205120632 dpid=s16 action=delete-strict src=00:00:00:00:00:01 dst=00:00:00:00:00:03 in_port=1 out_port=3
[FLOW_MOD] t=16125.205400524 dpid=s16 action=add src=00:00:00:00:00:01 dst=00:00:00:00:00:03 in_port=1 out_port=3
[FLOW_MOD] t=16125.205752176 dpid=s4 action=delete-strict src=00:00:00:00:00:01 dst=00:00:00:00:00:03 in_port=1 out_port=4
[FLOW_MOD] t=16125.206001787 dpid=s4 action=add src=00:00:00:00:00:01 dst=00:00:00:00:00:03 in_port=1 out_port=4
[FLOW_MOD] t=16125.206368060 dpid=s1 action=delete-strict src=00:00:00:00:00:01 dst=00:00:00:00:00:03 in_port=1 out_port=3
[FLOW_MOD] t=16125.206629563 dpid=s1 action=add src=00:00:00:00:00:01 dst=00:00:00:00:00:03 in_port=1 out_port=3
[FLOW_MOD] t=16125.206981209 dpid=s2 action=delete-strict src=00:00:00:00:00:01 dst=00:00:00:00:00:03 in_port=3 out_port=1
[FLOW_MOD] t=16125.207258206 dpid=s2 action=add src=00:00:00:00:00:01 dst=00:00:00:00:00:03 in_port=3 out_port=1
[FLOW_MOD] t=16125.207592653 dpid=s6 action=delete-strict src=00:00:00:00:00:01 dst=00:00:00:00:00:03 in_port=4 out_port=1
[FLOW_MOD] t=16125.207830785 dpid=s6 action=add src=00:00:00:00:00:01 dst=00:00:00:00:00:03 in_port=4 out_port=1
[FLOW_MOD] t=16125.208155497 dpid=s18 action=delete-strict src=00:00:00:00:00:01 dst=00:00:00:00:00:03 in_port=3 out_port=1
[FLOW_MOD] t=16125.208401767 dpid=s18 action=add src=00:00:00:00:00:01 dst=00:00:00:00:00:03 in_port=3 out_port=1
[FLOW_MOD] t=16125.208742158 dpid=s18 action=delete-strict src=00:00:00:00:00:03 dst=00:00:00:00:00:01 in_port=1 out_port=3
[FLOW_MOD] t=16125.209033282 dpid=s18 action=add src=00:00:00:00:00:03 dst=00:00:00:00:00:01 in_port=1 out_port=3
[FLOW_MOD] t=16125.209385009 dpid=s6 action=delete-strict src=00:00:00:00:00:03 dst=00:00:00:00:00:01 in_port=1 out_port=4
[FLOW_MOD] t=16125.209642552 dpid=s6 action=add src=00:00:00:00:00:03 dst=00:00:00:00:00:01 in_port=1 out_port=4
[FLOW_MOD] t=16125.210004577 dpid=s2 action=delete-strict src=00:00:00:00:00:03 dst=00:00:00:00:00:01 in_port=1 out_port=3
[FLOW_MOD] t=16125.210241117 dpid=s2 action=add src=00:00:00:00:00:03 dst=00:00:00:00:00:01 in_port=1 out_port=3
[FLOW_MOD] t=16125.210538959 dpid=s1 action=delete-strict src=00:00:00:00:00:03 dst=00:00:00:00:00:01 in_port=3 out_port=1
[FLOW_MOD] t=16125.210793978 dpid=s1 action=add src=00:00:00:00:00:03 dst=00:00:00:00:00:01 in_port=3 out_port=1
[FLOW_MOD] t=16125.211168736 dpid=s4 action=delete-strict src=00:00:00:00:00:03 dst=00:00:00:00:00:01 in_port=4 out_port=1
[FLOW_MOD] t=16125.211477668 dpid=s4 action=add src=00:00:00:00:00:03 dst=00:00:00:00:00:01 in_port=4 out_port=1
[FLOW_MOD] t=16125.211821682 dpid=s16 action=delete-strict src=00:00:00:00:00:03 dst=00:00:00:00:00:01 in_port=3 out_port=1
[FLOW_MOD] t=16125.212135463 dpid=s16 action=add src=00:00:00:00:00:03 dst=00:00:00:00:00:01 in_port=3 out_port=1
[SPF-DONE] A* s16->s19 reachable=11/11
[PATH-COMPUTED] s16->s19: 5 hop(s) path=s16 -> s4 -> s1 -> s2 -> s6 -> s19
[FLOW-INSTALL] 00:00:00:00:00:01 → 00:00:00:00:00:04: s16 -> s4 -> s1 -> s2 -> s6 -> s19
[FLOW_MOD] t=16125.216143826 dpid=s16 action=delete-strict src=00:00:00:00:00:01 dst=00:00:00:00:00:04 in_port=1 out_port=3
[FLOW_MOD] t=16125.216446923 dpid=s16 action=add src=00:00:00:00:00:01 dst=00:00:00:00:00:04 in_port=1 out_port=3
[FLOW_MOD] t=16125.216803496 dpid=s4 action=delete-strict src=00:00:00:00:00:01 dst=00:00:00:00:00:04 in_port=1 out_port=4
[FLOW_MOD] t=16125.217079656 dpid=s4 action=add src=00:00:00:00:00:01 dst=00:00:00:00:00:04 in_port=1 out_port=4
[FLOW_MOD] t=16125.217442145 dpid=s1 action=delete-strict src=00:00:00:00:00:01 dst=00:00:00:00:00:04 in_port=1 out_port=3
[FLOW_MOD] t=16125.217736974 dpid=s1 action=add src=00:00:00:00:00:01 dst=00:00:00:00:00:04 in_port=1 out_port=3
[FLOW_MOD] t=16125.218091071 dpid=s2 action=delete-strict src=00:00:00:00:00:01 dst=00:00:00:00:00:04 in_port=3 out_port=1
[FLOW_MOD] t=16125.218330500 dpid=s2 action=add src=00:00:00:00:00:01 dst=00:00:00:00:00:04 in_port=3 out_port=1
[FLOW_MOD] t=16125.218634750 dpid=s6 action=delete-strict src=00:00:00:00:00:01 dst=00:00:00:00:00:04 in_port=4 out_port=2
[FLOW_MOD] t=16125.218887447 dpid=s6 action=add src=00:00:00:00:00:01 dst=00:00:00:00:00:04 in_port=4 out_port=2
[FLOW_MOD] t=16125.219223515 dpid=s19 action=delete-strict src=00:00:00:00:00:01 dst=00:00:00:00:00:04 in_port=3 out_port=1
[FLOW_MOD] t=16125.219445613 dpid=s19 action=add src=00:00:00:00:00:01 dst=00:00:00:00:00:04 in_port=3 out_port=1
[FLOW_MOD] t=16125.219726436 dpid=s19 action=delete-strict src=00:00:00:00:00:04 dst=00:00:00:00:00:01 in_port=1 out_port=3
[FLOW_MOD] t=16125.219956501 dpid=s19 action=add src=00:00:00:00:00:04 dst=00:00:00:00:00:01 in_port=1 out_port=3
[FLOW_MOD] t=16125.220397925 dpid=s6 action=delete-strict src=00:00:00:00:00:04 dst=00:00:00:00:00:01 in_port=2 out_port=4
[FLOW_MOD] t=16125.220696147 dpid=s6 action=add src=00:00:00:00:00:04 dst=00:00:00:00:00:01 in_port=2 out_port=4
[FLOW_MOD] t=16125.221081496 dpid=s2 action=delete-strict src=00:00:00:00:00:04 dst=00:00:00:00:00:01 in_port=1 out_port=3
[FLOW_MOD] t=16125.221390814 dpid=s2 action=add src=00:00:00:00:00:04 dst=00:00:00:00:00:01 in_port=1 out_port=3
[FLOW_MOD] t=16125.221711140 dpid=s1 action=delete-strict src=00:00:00:00:00:04 dst=00:00:00:00:00:01 in_port=3 out_port=1
[FLOW_MOD] t=16125.221965176 dpid=s1 action=add src=00:00:00:00:00:04 dst=00:00:00:00:00:01 in_port=3 out_port=1
[FLOW_MOD] t=16125.222300059 dpid=s4 action=delete-strict src=00:00:00:00:00:04 dst=00:00:00:00:00:01 in_port=4 out_port=1
[FLOW_MOD] t=16125.222548904 dpid=s4 action=add src=00:00:00:00:00:04 dst=00:00:00:00:00:01 in_port=4 out_port=1
[FLOW_MOD] t=16125.222897937 dpid=s16 action=delete-strict src=00:00:00:00:00:04 dst=00:00:00:00:00:01 in_port=3 out_port=1
[FLOW_MOD] t=16125.223222273 dpid=s16 action=add src=00:00:00:00:00:04 dst=00:00:00:00:00:01 in_port=3 out_port=1
[SPF-DONE] A* s17->s16 reachable=5/11
[PATH-COMPUTED] s17->s16: 2 hop(s) path=s17 -> s4 -> s16
[FLOW-INSTALL] 00:00:00:00:00:02 → 00:00:00:00:00:01: s17 -> s4 -> s16
[FLOW_MOD] t=16125.226536771 dpid=s17 action=delete-strict src=00:00:00:00:00:02 dst=00:00:00:00:00:01 in_port=1 out_port=3
[FLOW_MOD] t=16125.226776796 dpid=s17 action=add src=00:00:00:00:00:02 dst=00:00:00:00:00:01 in_port=1 out_port=3
[FLOW_MOD] t=16125.227159305 dpid=s4 action=delete-strict src=00:00:00:00:00:02 dst=00:00:00:00:00:01 in_port=2 out_port=1
[FLOW_MOD] t=16125.227400812 dpid=s4 action=add src=00:00:00:00:00:02 dst=00:00:00:00:00:01 in_port=2 out_port=1
[FLOW_MOD] t=16125.227724919 dpid=s16 action=delete-strict src=00:00:00:00:00:02 dst=00:00:00:00:00:01 in_port=3 out_port=1
[FLOW_MOD] t=16125.227982336 dpid=s16 action=add src=00:00:00:00:00:02 dst=00:00:00:00:00:01 in_port=3 out_port=1
[FLOW_MOD] t=16125.228352094 dpid=s16 action=delete-strict src=00:00:00:00:00:01 dst=00:00:00:00:00:02 in_port=1 out_port=3
[FLOW_MOD] t=16125.228630342 dpid=s16 action=add src=00:00:00:00:00:01 dst=00:00:00:00:00:02 in_port=1 out_port=3
[FLOW_MOD] t=16125.230280219 dpid=s4 action=delete-strict src=00:00:00:00:00:01 dst=00:00:00:00:00:02 in_port=1 out_port=2
[FLOW_MOD] t=16125.230660166 dpid=s4 action=add src=00:00:00:00:00:01 dst=00:00:00:00:00:02 in_port=1 out_port=2
[FLOW_MOD] t=16125.231012206 dpid=s17 action=delete-strict src=00:00:00:00:00:01 dst=00:00:00:00:00:02 in_port=3 out_port=1
[FLOW_MOD] t=16125.231280768 dpid=s17 action=add src=00:00:00:00:00:01 dst=00:00:00:00:00:02 in_port=3 out_port=1
[SPF-DONE] A* s17->s18 reachable=11/11
[PATH-COMPUTED] s17->s18: 5 hop(s) path=s17 -> s4 -> s1 -> s2 -> s6 -> s18
[FLOW-INSTALL] 00:00:00:00:00:02 → 00:00:00:00:00:03: s17 -> s4 -> s1 -> s2 -> s6 -> s18
[FLOW_MOD] t=16125.235386282 dpid=s17 action=delete-strict src=00:00:00:00:00:02 dst=00:00:00:00:00:03 in_port=1 out_port=3
[FLOW_MOD] t=16125.235729947 dpid=s17 action=add src=00:00:00:00:00:02 dst=00:00:00:00:00:03 in_port=1 out_port=3
[FLOW_MOD] t=16125.236135337 dpid=s4 action=delete-strict src=00:00:00:00:00:02 dst=00:00:00:00:00:03 in_port=2 out_port=4
[FLOW_MOD] t=16125.236406071 dpid=s4 action=add src=00:00:00:00:00:02 dst=00:00:00:00:00:03 in_port=2 out_port=4
[FLOW_MOD] t=16125.236834678 dpid=s1 action=delete-strict src=00:00:00:00:00:02 dst=00:00:00:00:00:03 in_port=1 out_port=3
[FLOW_MOD] t=16125.237140086 dpid=s1 action=add src=00:00:00:00:00:02 dst=00:00:00:00:00:03 in_port=1 out_port=3
[FLOW_MOD] t=16125.237514169 dpid=s2 action=delete-strict src=00:00:00:00:00:02 dst=00:00:00:00:00:03 in_port=3 out_port=1
[FLOW_MOD] t=16125.237779958 dpid=s2 action=add src=00:00:00:00:00:02 dst=00:00:00:00:00:03 in_port=3 out_port=1
[FLOW_MOD] t=16125.238096677 dpid=s6 action=delete-strict src=00:00:00:00:00:02 dst=00:00:00:00:00:03 in_port=4 out_port=1
[FLOW_MOD] t=16125.238317572 dpid=s6 action=add src=00:00:00:00:00:02 dst=00:00:00:00:00:03 in_port=4 out_port=1
[FLOW_MOD] t=16125.238679986 dpid=s18 action=delete-strict src=00:00:00:00:00:02 dst=00:00:00:00:00:03 in_port=3 out_port=1
[FLOW_MOD] t=16125.238934986 dpid=s18 action=add src=00:00:00:00:00:02 dst=00:00:00:00:00:03 in_port=3 out_port=1
[FLOW_MOD] t=16125.239227852 dpid=s18 action=delete-strict src=00:00:00:00:00:03 dst=00:00:00:00:00:02 in_port=1 out_port=3
[FLOW_MOD] t=16125.239454763 dpid=s18 action=add src=00:00:00:00:00:03 dst=00:00:00:00:00:02 in_port=1 out_port=3
[FLOW_MOD] t=16125.239811071 dpid=s6 action=delete-strict src=00:00:00:00:00:03 dst=00:00:00:00:00:02 in_port=1 out_port=4
[FLOW_MOD] t=16125.240106014 dpid=s6 action=add src=00:00:00:00:00:03 dst=00:00:00:00:00:02 in_port=1 out_port=4
[FLOW_MOD] t=16125.240454245 dpid=s2 action=delete-strict src=00:00:00:00:00:03 dst=00:00:00:00:00:02 in_port=1 out_port=3
[FLOW_MOD] t=16125.240725968 dpid=s2 action=add src=00:00:00:00:00:03 dst=00:00:00:00:00:02 in_port=1 out_port=3
[FLOW_MOD] t=16125.241081019 dpid=s1 action=delete-strict src=00:00:00:00:00:03 dst=00:00:00:00:00:02 in_port=3 out_port=1
[FLOW_MOD] t=16125.241338521 dpid=s1 action=add src=00:00:00:00:00:03 dst=00:00:00:00:00:02 in_port=3 out_port=1
[FLOW_MOD] t=16125.241642562 dpid=s4 action=delete-strict src=00:00:00:00:00:03 dst=00:00:00:00:00:02 in_port=4 out_port=2
[FLOW_MOD] t=16125.241893827 dpid=s4 action=add src=00:00:00:00:00:03 dst=00:00:00:00:00:02 in_port=4 out_port=2
[FLOW_MOD] t=16125.242258773 dpid=s17 action=delete-strict src=00:00:00:00:00:03 dst=00:00:00:00:00:02 in_port=3 out_port=1
[FLOW_MOD] t=16125.242512762 dpid=s17 action=add src=00:00:00:00:00:03 dst=00:00:00:00:00:02 in_port=3 out_port=1
[SPF-DONE] A* s17->s19 reachable=11/11
[PATH-COMPUTED] s17->s19: 5 hop(s) path=s17 -> s4 -> s1 -> s2 -> s6 -> s19
[FLOW-INSTALL] 00:00:00:00:00:02 → 00:00:00:00:00:04: s17 -> s4 -> s1 -> s2 -> s6 -> s19
[FLOW_MOD] t=16125.246113487 dpid=s17 action=delete-strict src=00:00:00:00:00:02 dst=00:00:00:00:00:04 in_port=1 out_port=3
[FLOW_MOD] t=16125.246381348 dpid=s17 action=add src=00:00:00:00:00:02 dst=00:00:00:00:00:04 in_port=1 out_port=3
[FLOW_MOD] t=16125.246684405 dpid=s4 action=delete-strict src=00:00:00:00:00:02 dst=00:00:00:00:00:04 in_port=2 out_port=4
[FLOW_MOD] t=16125.246898110 dpid=s4 action=add src=00:00:00:00:00:02 dst=00:00:00:00:00:04 in_port=2 out_port=4
[FLOW_MOD] t=16125.247208532 dpid=s1 action=delete-strict src=00:00:00:00:00:02 dst=00:00:00:00:00:04 in_port=1 out_port=3
[FLOW_MOD] t=16125.247521163 dpid=s1 action=add src=00:00:00:00:00:02 dst=00:00:00:00:00:04 in_port=1 out_port=3
[FLOW_MOD] t=16125.247858361 dpid=s2 action=delete-strict src=00:00:00:00:00:02 dst=00:00:00:00:00:04 in_port=3 out_port=1
[FLOW_MOD] t=16125.248192160 dpid=s2 action=add src=00:00:00:00:00:02 dst=00:00:00:00:00:04 in_port=3 out_port=1
[FLOW_MOD] t=16125.248561858 dpid=s6 action=delete-strict src=00:00:00:00:00:02 dst=00:00:00:00:00:04 in_port=4 out_port=2
[FLOW_MOD] t=16125.248782806 dpid=s6 action=add src=00:00:00:00:00:02 dst=00:00:00:00:00:04 in_port=4 out_port=2
[FLOW_MOD] t=16125.249107268 dpid=s19 action=delete-strict src=00:00:00:00:00:02 dst=00:00:00:00:00:04 in_port=3 out_port=1
[FLOW_MOD] t=16125.249392538 dpid=s19 action=add src=00:00:00:00:00:02 dst=00:00:00:00:00:04 in_port=3 out_port=1
[FLOW_MOD] t=16125.249745898 dpid=s19 action=delete-strict src=00:00:00:00:00:04 dst=00:00:00:00:00:02 in_port=1 out_port=3
[FLOW_MOD] t=16125.249979632 dpid=s19 action=add src=00:00:00:00:00:04 dst=00:00:00:00:00:02 in_port=1 out_port=3
[FLOW_MOD] t=16125.250266611 dpid=s6 action=delete-strict src=00:00:00:00:00:04 dst=00:00:00:00:00:02 in_port=2 out_port=4
[FLOW_MOD] t=16125.250506278 dpid=s6 action=add src=00:00:00:00:00:04 dst=00:00:00:00:00:02 in_port=2 out_port=4
[FLOW_MOD] t=16125.250818127 dpid=s2 action=delete-strict src=00:00:00:00:00:04 dst=00:00:00:00:00:02 in_port=1 out_port=3
[FLOW_MOD] t=16125.251064981 dpid=s2 action=add src=00:00:00:00:00:04 dst=00:00:00:00:00:02 in_port=1 out_port=3
[FLOW_MOD] t=16125.251408004 dpid=s1 action=delete-strict src=00:00:00:00:00:04 dst=00:00:00:00:00:02 in_port=3 out_port=1
[FLOW_MOD] t=16125.251661940 dpid=s1 action=add src=00:00:00:00:00:04 dst=00:00:00:00:00:02 in_port=3 out_port=1
[FLOW_MOD] t=16125.252052023 dpid=s4 action=delete-strict src=00:00:00:00:00:04 dst=00:00:00:00:00:02 in_port=4 out_port=2
[FLOW_MOD] t=16125.252327502 dpid=s4 action=add src=00:00:00:00:00:04 dst=00:00:00:00:00:02 in_port=4 out_port=2
[FLOW_MOD] t=16125.252668815 dpid=s17 action=delete-strict src=00:00:00:00:00:04 dst=00:00:00:00:00:02 in_port=3 out_port=1
[FLOW_MOD] t=16125.252919241 dpid=s17 action=add src=00:00:00:00:00:04 dst=00:00:00:00:00:02 in_port=3 out_port=1
[SPF-DONE] A* s18->s16 reachable=11/11
[PATH-COMPUTED] s18->s16: 5 hop(s) path=s18 -> s6 -> s2 -> s1 -> s4 -> s16
[FLOW-INSTALL] 00:00:00:00:00:03 → 00:00:00:00:00:01: s18 -> s6 -> s2 -> s1 -> s4 -> s16
[FLOW_MOD] t=16125.256068935 dpid=s18 action=delete-strict src=00:00:00:00:00:03 dst=00:00:00:00:00:01 in_port=1 out_port=3
[FLOW_MOD] t=16125.256324940 dpid=s18 action=add src=00:00:00:00:00:03 dst=00:00:00:00:00:01 in_port=1 out_port=3
[FLOW_MOD] t=16125.256632999 dpid=s6 action=delete-strict src=00:00:00:00:00:03 dst=00:00:00:00:00:01 in_port=1 out_port=4
[FLOW_MOD] t=16125.256864082 dpid=s6 action=add src=00:00:00:00:00:03 dst=00:00:00:00:00:01 in_port=1 out_port=4
[FLOW_MOD] t=16125.257225311 dpid=s2 action=delete-strict src=00:00:00:00:00:03 dst=00:00:00:00:00:01 in_port=1 out_port=3
[FLOW_MOD] t=16125.257484992 dpid=s2 action=add src=00:00:00:00:00:03 dst=00:00:00:00:00:01 in_port=1 out_port=3
[FLOW_MOD] t=16125.257822220 dpid=s1 action=delete-strict src=00:00:00:00:00:03 dst=00:00:00:00:00:01 in_port=3 out_port=1
[FLOW_MOD] t=16125.258079396 dpid=s1 action=add src=00:00:00:00:00:03 dst=00:00:00:00:00:01 in_port=3 out_port=1
[FLOW_MOD] t=16125.258385811 dpid=s4 action=delete-strict src=00:00:00:00:00:03 dst=00:00:00:00:00:01 in_port=4 out_port=1
[FLOW_MOD] t=16125.258616572 dpid=s4 action=add src=00:00:00:00:00:03 dst=00:00:00:00:00:01 in_port=4 out_port=1
[FLOW_MOD] t=16125.258897137 dpid=s16 action=delete-strict src=00:00:00:00:00:03 dst=00:00:00:00:00:01 in_port=3 out_port=1
[FLOW_MOD] t=16125.259166806 dpid=s16 action=add src=00:00:00:00:00:03 dst=00:00:00:00:00:01 in_port=3 out_port=1
[FLOW_MOD] t=16125.259549644 dpid=s16 action=delete-strict src=00:00:00:00:00:01 dst=00:00:00:00:00:03 in_port=1 out_port=3
[FLOW_MOD] t=16125.259802263 dpid=s16 action=add src=00:00:00:00:00:01 dst=00:00:00:00:00:03 in_port=1 out_port=3
[FLOW_MOD] t=16125.260197674 dpid=s4 action=delete-strict src=00:00:00:00:00:01 dst=00:00:00:00:00:03 in_port=1 out_port=4
[FLOW_MOD] t=16125.260420030 dpid=s4 action=add src=00:00:00:00:00:01 dst=00:00:00:00:00:03 in_port=1 out_port=4
[FLOW_MOD] t=16125.260697651 dpid=s1 action=delete-strict src=00:00:00:00:00:01 dst=00:00:00:00:00:03 in_port=1 out_port=3
[FLOW_MOD] t=16125.260905570 dpid=s1 action=add src=00:00:00:00:00:01 dst=00:00:00:00:00:03 in_port=1 out_port=3
[FLOW_MOD] t=16125.261181759 dpid=s2 action=delete-strict src=00:00:00:00:00:01 dst=00:00:00:00:00:03 in_port=3 out_port=1
[FLOW_MOD] t=16125.261389817 dpid=s2 action=add src=00:00:00:00:00:01 dst=00:00:00:00:00:03 in_port=3 out_port=1
[FLOW_MOD] t=16125.261736095 dpid=s6 action=delete-strict src=00:00:00:00:00:01 dst=00:00:00:00:00:03 in_port=4 out_port=1
[FLOW_MOD] t=16125.262039048 dpid=s6 action=add src=00:00:00:00:00:01 dst=00:00:00:00:00:03 in_port=4 out_port=1
[FLOW_MOD] t=16125.262393659 dpid=s18 action=delete-strict src=00:00:00:00:00:01 dst=00:00:00:00:00:03 in_port=3 out_port=1
[FLOW_MOD] t=16125.262667657 dpid=s18 action=add src=00:00:00:00:00:01 dst=00:00:00:00:00:03 in_port=3 out_port=1
[SPF-DONE] A* s18->s17 reachable=11/11
[PATH-COMPUTED] s18->s17: 5 hop(s) path=s18 -> s6 -> s2 -> s1 -> s4 -> s17
[FLOW-INSTALL] 00:00:00:00:00:03 → 00:00:00:00:00:02: s18 -> s6 -> s2 -> s1 -> s4 -> s17
[FLOW_MOD] t=16125.265862669 dpid=s18 action=delete-strict src=00:00:00:00:00:03 dst=00:00:00:00:00:02 in_port=1 out_port=3
[FLOW_MOD] t=16125.266097773 dpid=s18 action=add src=00:00:00:00:00:03 dst=00:00:00:00:00:02 in_port=1 out_port=3
[FLOW_MOD] t=16125.266388227 dpid=s6 action=delete-strict src=00:00:00:00:00:03 dst=00:00:00:00:00:02 in_port=1 out_port=4
[FLOW_MOD] t=16125.266615937 dpid=s6 action=add src=00:00:00:00:00:03 dst=00:00:00:00:00:02 in_port=1 out_port=4
[FLOW_MOD] t=16125.266931985 dpid=s2 action=delete-strict src=00:00:00:00:00:03 dst=00:00:00:00:00:02 in_port=1 out_port=3
[FLOW_MOD] t=16125.267226165 dpid=s2 action=add src=00:00:00:00:00:03 dst=00:00:00:00:00:02 in_port=1 out_port=3
[FLOW_MOD] t=16125.267578056 dpid=s1 action=delete-strict src=00:00:00:00:00:03 dst=00:00:00:00:00:02 in_port=3 out_port=1
[FLOW_MOD] t=16125.267843149 dpid=s1 action=add src=00:00:00:00:00:03 dst=00:00:00:00:00:02 in_port=3 out_port=1
[FLOW_MOD] t=16125.268180223 dpid=s4 action=delete-strict src=00:00:00:00:00:03 dst=00:00:00:00:00:02 in_port=4 out_port=2
[FLOW_MOD] t=16125.268450625 dpid=s4 action=add src=00:00:00:00:00:03 dst=00:00:00:00:00:02 in_port=4 out_port=2
[FLOW_MOD] t=16125.268811068 dpid=s17 action=delete-strict src=00:00:00:00:00:03 dst=00:00:00:00:00:02 in_port=3 out_port=1
[FLOW_MOD] t=16125.269049870 dpid=s17 action=add src=00:00:00:00:00:03 dst=00:00:00:00:00:02 in_port=3 out_port=1
[FLOW_MOD] t=16125.269334785 dpid=s17 action=delete-strict src=00:00:00:00:00:02 dst=00:00:00:00:00:03 in_port=1 out_port=3
[FLOW_MOD] t=16125.269576148 dpid=s17 action=add src=00:00:00:00:00:02 dst=00:00:00:00:00:03 in_port=1 out_port=3
[FLOW_MOD] t=16125.269846989 dpid=s4 action=delete-strict src=00:00:00:00:00:02 dst=00:00:00:00:00:03 in_port=2 out_port=4
[FLOW_MOD] t=16125.271334948 dpid=s4 action=add src=00:00:00:00:00:02 dst=00:00:00:00:00:03 in_port=2 out_port=4
[FLOW_MOD] t=16125.271847816 dpid=s1 action=delete-strict src=00:00:00:00:00:02 dst=00:00:00:00:00:03 in_port=1 out_port=3
[FLOW_MOD] t=16125.272141619 dpid=s1 action=add src=00:00:00:00:00:02 dst=00:00:00:00:00:03 in_port=1 out_port=3
[FLOW_MOD] t=16125.272501145 dpid=s2 action=delete-strict src=00:00:00:00:00:02 dst=00:00:00:00:00:03 in_port=3 out_port=1
[FLOW_MOD] t=16125.272770197 dpid=s2 action=add src=00:00:00:00:00:02 dst=00:00:00:00:00:03 in_port=3 out_port=1
[FLOW_MOD] t=16125.273104485 dpid=s6 action=delete-strict src=00:00:00:00:00:02 dst=00:00:00:00:00:03 in_port=4 out_port=1
[FLOW_MOD] t=16125.273374812 dpid=s6 action=add src=00:00:00:00:00:02 dst=00:00:00:00:00:03 in_port=4 out_port=1
[FLOW_MOD] t=16125.273733178 dpid=s18 action=delete-strict src=00:00:00:00:00:02 dst=00:00:00:00:00:03 in_port=3 out_port=1
[FLOW_MOD] t=16125.273997389 dpid=s18 action=add src=00:00:00:00:00:02 dst=00:00:00:00:00:03 in_port=3 out_port=1
[SPF-DONE] A* s18->s19 reachable=5/11
[PATH-COMPUTED] s18->s19: 2 hop(s) path=s18 -> s6 -> s19
[FLOW-INSTALL] 00:00:00:00:00:03 → 00:00:00:00:00:04: s18 -> s6 -> s19
[FLOW_MOD] t=16125.277186087 dpid=s18 action=delete-strict src=00:00:00:00:00:03 dst=00:00:00:00:00:04 in_port=1 out_port=3
[FLOW_MOD] t=16125.277449554 dpid=s18 action=add src=00:00:00:00:00:03 dst=00:00:00:00:00:04 in_port=1 out_port=3
[FLOW_MOD] t=16125.277808723 dpid=s6 action=delete-strict src=00:00:00:00:00:03 dst=00:00:00:00:00:04 in_port=1 out_port=2
[FLOW_MOD] t=16125.278269887 dpid=s6 action=add src=00:00:00:00:00:03 dst=00:00:00:00:00:04 in_port=1 out_port=2
[FLOW_MOD] t=16125.278698021 dpid=s19 action=delete-strict src=00:00:00:00:00:03 dst=00:00:00:00:00:04 in_port=3 out_port=1
[FLOW_MOD] t=16125.279053092 dpid=s19 action=add src=00:00:00:00:00:03 dst=00:00:00:00:00:04 in_port=3 out_port=1
[FLOW_MOD] t=16125.279388636 dpid=s19 action=delete-strict src=00:00:00:00:00:04 dst=00:00:00:00:00:03 in_port=1 out_port=3
[FLOW_MOD] t=16125.279691026 dpid=s19 action=add src=00:00:00:00:00:04 dst=00:00:00:00:00:03 in_port=1 out_port=3
[FLOW_MOD] t=16125.280108313 dpid=s6 action=delete-strict src=00:00:00:00:00:04 dst=00:00:00:00:00:03 in_port=2 out_port=1
[FLOW_MOD] t=16125.280543449 dpid=s6 action=add src=00:00:00:00:00:04 dst=00:00:00:00:00:03 in_port=2 out_port=1
[FLOW_MOD] t=16125.280968185 dpid=s18 action=delete-strict src=00:00:00:00:00:04 dst=00:00:00:00:00:03 in_port=3 out_port=1
[FLOW_MOD] t=16125.281239933 dpid=s18 action=add src=00:00:00:00:00:04 dst=00:00:00:00:00:03 in_port=3 out_port=1
[SPF-DONE] A* s19->s16 reachable=11/11
[PATH-COMPUTED] s19->s16: 5 hop(s) path=s19 -> s6 -> s2 -> s1 -> s4 -> s16
[FLOW-INSTALL] 00:00:00:00:00:04 → 00:00:00:00:00:01: s19 -> s6 -> s2 -> s1 -> s4 -> s16
[FLOW_MOD] t=16125.285397501 dpid=s19 action=delete-strict src=00:00:00:00:00:04 dst=00:00:00:00:00:01 in_port=1 out_port=3
[FLOW_MOD] t=16125.285804053 dpid=s19 action=add src=00:00:00:00:00:04 dst=00:00:00:00:00:01 in_port=1 out_port=3
[FLOW_MOD] t=16125.286205161 dpid=s6 action=delete-strict src=00:00:00:00:00:04 dst=00:00:00:00:00:01 in_port=2 out_port=4
[FLOW_MOD] t=16125.286530903 dpid=s6 action=add src=00:00:00:00:00:04 dst=00:00:00:00:00:01 in_port=2 out_port=4
[FLOW_MOD] t=16125.286907670 dpid=s2 action=delete-strict src=00:00:00:00:00:04 dst=00:00:00:00:00:01 in_port=1 out_port=3
[FLOW_MOD] t=16125.287233679 dpid=s2 action=add src=00:00:00:00:00:04 dst=00:00:00:00:00:01 in_port=1 out_port=3
[FLOW_MOD] t=16125.287592082 dpid=s1 action=delete-strict src=00:00:00:00:00:04 dst=00:00:00:00:00:01 in_port=3 out_port=1
[FLOW_MOD] t=16125.287862678 dpid=s1 action=add src=00:00:00:00:00:04 dst=00:00:00:00:00:01 in_port=3 out_port=1
[FLOW_MOD] t=16125.288221063 dpid=s4 action=delete-strict src=00:00:00:00:00:04 dst=00:00:00:00:00:01 in_port=4 out_port=1
[FLOW_MOD] t=16125.288441669 dpid=s4 action=add src=00:00:00:00:00:04 dst=00:00:00:00:00:01 in_port=4 out_port=1
[FLOW_MOD] t=16125.288827697 dpid=s16 action=delete-strict src=00:00:00:00:00:04 dst=00:00:00:00:00:01 in_port=3 out_port=1
[FLOW_MOD] t=16125.289109161 dpid=s16 action=add src=00:00:00:00:00:04 dst=00:00:00:00:00:01 in_port=3 out_port=1
[FLOW_MOD] t=16125.289458196 dpid=s16 action=delete-strict src=00:00:00:00:00:01 dst=00:00:00:00:00:04 in_port=1 out_port=3
[FLOW_MOD] t=16125.289740396 dpid=s16 action=add src=00:00:00:00:00:01 dst=00:00:00:00:00:04 in_port=1 out_port=3
[FLOW_MOD] t=16125.290088162 dpid=s4 action=delete-strict src=00:00:00:00:00:01 dst=00:00:00:00:00:04 in_port=1 out_port=4
[FLOW_MOD] t=16125.290347495 dpid=s4 action=add src=00:00:00:00:00:01 dst=00:00:00:00:00:04 in_port=1 out_port=4
[FLOW_MOD] t=16125.290682073 dpid=s1 action=delete-strict src=00:00:00:00:00:01 dst=00:00:00:00:00:04 in_port=1 out_port=3
[FLOW_MOD] t=16125.290905950 dpid=s1 action=add src=00:00:00:00:00:01 dst=00:00:00:00:00:04 in_port=1 out_port=3
[FLOW_MOD] t=16125.291222819 dpid=s2 action=delete-strict src=00:00:00:00:00:01 dst=00:00:00:00:00:04 in_port=3 out_port=1
[FLOW_MOD] t=16125.291452234 dpid=s2 action=add src=00:00:00:00:00:01 dst=00:00:00:00:00:04 in_port=3 out_port=1
[FLOW_MOD] t=16125.291788254 dpid=s6 action=delete-strict src=00:00:00:00:00:01 dst=00:00:00:00:00:04 in_port=4 out_port=2
[FLOW_MOD] t=16125.292032555 dpid=s6 action=add src=00:00:00:00:00:01 dst=00:00:00:00:00:04 in_port=4 out_port=2
[FLOW_MOD] t=16125.292339880 dpid=s19 action=delete-strict src=00:00:00:00:00:01 dst=00:00:00:00:00:04 in_port=3 out_port=1
[FLOW_MOD] t=16125.292582231 dpid=s19 action=add src=00:00:00:00:00:01 dst=00:00:00:00:00:04 in_port=3 out_port=1
[SPF-DONE] A* s19->s17 reachable=11/11
[PATH-COMPUTED] s19->s17: 5 hop(s) path=s19 -> s6 -> s2 -> s1 -> s4 -> s17
[FLOW-INSTALL] 00:00:00:00:00:04 → 00:00:00:00:00:02: s19 -> s6 -> s2 -> s1 -> s4 -> s17
[FLOW_MOD] t=16125.296542384 dpid=s19 action=delete-strict src=00:00:00:00:00:04 dst=00:00:00:00:00:02 in_port=1 out_port=3
[FLOW_MOD] t=16125.296908294 dpid=s19 action=add src=00:00:00:00:00:04 dst=00:00:00:00:00:02 in_port=1 out_port=3
[FLOW_MOD] t=16125.297269381 dpid=s6 action=delete-strict src=00:00:00:00:00:04 dst=00:00:00:00:00:02 in_port=2 out_port=4
[FLOW_MOD] t=16125.297591720 dpid=s6 action=add src=00:00:00:00:00:04 dst=00:00:00:00:00:02 in_port=2 out_port=4
[FLOW_MOD] t=16125.297964788 dpid=s2 action=delete-strict src=00:00:00:00:00:04 dst=00:00:00:00:00:02 in_port=1 out_port=3
[FLOW_MOD] t=16125.298248238 dpid=s2 action=add src=00:00:00:00:00:04 dst=00:00:00:00:00:02 in_port=1 out_port=3
[FLOW_MOD] t=16125.298596666 dpid=s1 action=delete-strict src=00:00:00:00:00:04 dst=00:00:00:00:00:02 in_port=3 out_port=1
[FLOW_MOD] t=16125.298865859 dpid=s1 action=add src=00:00:00:00:00:04 dst=00:00:00:00:00:02 in_port=3 out_port=1
[FLOW_MOD] t=16125.299203940 dpid=s4 action=delete-strict src=00:00:00:00:00:04 dst=00:00:00:00:00:02 in_port=4 out_port=2
[FLOW_MOD] t=16125.299451913 dpid=s4 action=add src=00:00:00:00:00:04 dst=00:00:00:00:00:02 in_port=4 out_port=2
[FLOW_MOD] t=16125.299792779 dpid=s17 action=delete-strict src=00:00:00:00:00:04 dst=00:00:00:00:00:02 in_port=3 out_port=1
[FLOW_MOD] t=16125.300068200 dpid=s17 action=add src=00:00:00:00:00:04 dst=00:00:00:00:00:02 in_port=3 out_port=1
[FLOW_MOD] t=16125.300421037 dpid=s17 action=delete-strict src=00:00:00:00:00:02 dst=00:00:00:00:00:04 in_port=1 out_port=3
[FLOW_MOD] t=16125.300665299 dpid=s17 action=add src=00:00:00:00:00:02 dst=00:00:00:00:00:04 in_port=1 out_port=3
[FLOW_MOD] t=16125.300962897 dpid=s4 action=delete-strict src=00:00:00:00:00:02 dst=00:00:00:00:00:04 in_port=2 out_port=4
[FLOW_MOD] t=16125.301186695 dpid=s4 action=add src=00:00:00:00:00:02 dst=00:00:00:00:00:04 in_port=2 out_port=4
[FLOW_MOD] t=16125.301458152 dpid=s1 action=delete-strict src=00:00:00:00:00:02 dst=00:00:00:00:00:04 in_port=1 out_port=3
[FLOW_MOD] t=16125.301675198 dpid=s1 action=add src=00:00:00:00:00:02 dst=00:00:00:00:00:04 in_port=1 out_port=3
[FLOW_MOD] t=16125.301968040 dpid=s2 action=delete-strict src=00:00:00:00:00:02 dst=00:00:00:00:00:04 in_port=3 out_port=1
[FLOW_MOD] t=16125.302221481 dpid=s2 action=add src=00:00:00:00:00:02 dst=00:00:00:00:00:04 in_port=3 out_port=1
[FLOW_MOD] t=16125.302567784 dpid=s6 action=delete-strict src=00:00:00:00:00:02 dst=00:00:00:00:00:04 in_port=4 out_port=2
[FLOW_MOD] t=16125.302870773 dpid=s6 action=add src=00:00:00:00:00:02 dst=00:00:00:00:00:04 in_port=4 out_port=2
[FLOW_MOD] t=16125.303193289 dpid=s19 action=delete-strict src=00:00:00:00:00:02 dst=00:00:00:00:00:04 in_port=3 out_port=1
[FLOW_MOD] t=16125.303478037 dpid=s19 action=add src=00:00:00:00:00:02 dst=00:00:00:00:00:04 in_port=3 out_port=1
[SPF-DONE] A* s19->s18 reachable=5/11
[PATH-COMPUTED] s19->s18: 2 hop(s) path=s19 -> s6 -> s18
[FLOW-INSTALL] 00:00:00:00:00:04 → 00:00:00:00:00:03: s19 -> s6 -> s18
[FLOW_MOD] t=16125.306822887 dpid=s19 action=delete-strict src=00:00:00:00:00:04 dst=00:00:00:00:00:03 in_port=1 out_port=3
[FLOW_MOD] t=16125.307130253 dpid=s19 action=add src=00:00:00:00:00:04 dst=00:00:00:00:00:03 in_port=1 out_port=3
[FLOW_MOD] t=16125.307528131 dpid=s6 action=delete-strict src=00:00:00:00:00:04 dst=00:00:00:00:00:03 in_port=2 out_port=1
[FLOW_MOD] t=16125.307788079 dpid=s6 action=add src=00:00:00:00:00:04 dst=00:00:00:00:00:03 in_port=2 out_port=1
[FLOW_MOD] t=16125.308162987 dpid=s18 action=delete-strict src=00:00:00:00:00:04 dst=00:00:00:00:00:03 in_port=3 out_port=1
[FLOW_MOD] t=16125.308420571 dpid=s18 action=add src=00:00:00:00:00:04 dst=00:00:00:00:00:03 in_port=3 out_port=1
[FLOW_MOD] t=16125.308715704 dpid=s18 action=delete-strict src=00:00:00:00:00:03 dst=00:00:00:00:00:04 in_port=1 out_port=3
[FLOW_MOD] t=16125.308948046 dpid=s18 action=add src=00:00:00:00:00:03 dst=00:00:00:00:00:04 in_port=1 out_port=3
[FLOW_MOD] t=16125.309254737 dpid=s6 action=delete-strict src=00:00:00:00:00:03 dst=00:00:00:00:00:04 in_port=1 out_port=2
[FLOW_MOD] t=16125.311481749 dpid=s6 action=add src=00:00:00:00:00:03 dst=00:00:00:00:00:04 in_port=1 out_port=2
[FLOW_MOD] t=16125.312038673 dpid=s19 action=delete-strict src=00:00:00:00:00:03 dst=00:00:00:00:00:04 in_port=3 out_port=1
[FLOW_MOD] t=16125.312309553 dpid=s19 action=add src=00:00:00:00:00:03 dst=00:00:00:00:00:04 in_port=3 out_port=1
[TOPO] route refresh: installed=12 skipped=0 unreachable=0 hosts=4
[PORT_STATUS] t=16128.841748646 s1 port=3 reason=modify
[TOPO-CHANGE] (port-status:modify) switches=11 links=32  delta +0 -2
[TOPO-DOWN] [(1, 2), (2, 1)]
[TOPO-REFRESH] flushing 12 flows, rebuilding routes
[TREE-DONE] root=s1 tree_edges=11 reachable=11/11
[SPF-DONE] A* s16->s17 reachable=5/11
[PATH-COMPUTED] s16->s17: 2 hop(s) path=s16 -> s4 -> s17
[FLOW-INSTALL] 00:00:00:00:00:01 → 00:00:00:00:00:02: s16 -> s4 -> s17
[FLOW_MOD] t=16128.846826516 dpid=s16 action=delete-strict src=00:00:00:00:00:01 dst=00:00:00:00:00:02 in_port=1 out_port=3
[FLOW_MOD] t=16128.847091005 dpid=s16 action=add src=00:00:00:00:00:01 dst=00:00:00:00:00:02 in_port=1 out_port=3
[FLOW_MOD] t=16128.847405271 dpid=s4 action=delete-strict src=00:00:00:00:00:01 dst=00:00:00:00:00:02 in_port=1 out_port=2
[FLOW_MOD] t=16128.847645834 dpid=s4 action=add src=00:00:00:00:00:01 dst=00:00:00:00:00:02 in_port=1 out_port=2
[FLOW_MOD] t=16128.848087217 dpid=s17 action=delete-strict src=00:00:00:00:00:01 dst=00:00:00:00:00:02 in_port=3 out_port=1
[FLOW_MOD] t=16128.848368427 dpid=s17 action=add src=00:00:00:00:00:01 dst=00:00:00:00:00:02 in_port=3 out_port=1
[FLOW_MOD] t=16128.848741392 dpid=s17 action=delete-strict src=00:00:00:00:00:02 dst=00:00:00:00:00:01 in_port=1 out_port=3
[FLOW_MOD] t=16128.849015260 dpid=s17 action=add src=00:00:00:00:00:02 dst=00:00:00:00:00:01 in_port=1 out_port=3
[FLOW_MOD] t=16128.849322662 dpid=s4 action=delete-strict src=00:00:00:00:00:02 dst=00:00:00:00:00:01 in_port=2 out_port=1
[FLOW_MOD] t=16128.849576645 dpid=s4 action=add src=00:00:00:00:00:02 dst=00:00:00:00:00:01 in_port=2 out_port=1
[FLOW_MOD] t=16128.850047477 dpid=s16 action=delete-strict src=00:00:00:00:00:02 dst=00:00:00:00:00:01 in_port=3 out_port=1
[FLOW_MOD] t=16128.850384745 dpid=s16 action=add src=00:00:00:00:00:02 dst=00:00:00:00:00:01 in_port=3 out_port=1
[SPF-DONE] A* s16->s18 reachable=11/11
[PATH-COMPUTED] s16->s18: 6 hop(s) path=s16 -> s4 -> s1 -> s3 -> s2 -> s6 -> s18
[FLOW-INSTALL] 00:00:00:00:00:01 → 00:00:00:00:00:03: s16 -> s4 -> s1 -> s3 -> s2 -> s6 -> s18
[FLOW_MOD] t=16128.853935492 dpid=s16 action=delete-strict src=00:00:00:00:00:01 dst=00:00:00:00:00:03 in_port=1 out_port=3
[FLOW_MOD] t=16128.854242273 dpid=s16 action=add src=00:00:00:00:00:01 dst=00:00:00:00:00:03 in_port=1 out_port=3
[FLOW_MOD] t=16128.854608142 dpid=s4 action=delete-strict src=00:00:00:00:00:01 dst=00:00:00:00:00:03 in_port=1 out_port=4
[FLOW_MOD] t=16128.854907500 dpid=s4 action=add src=00:00:00:00:00:01 dst=00:00:00:00:00:03 in_port=1 out_port=4
[FLOW_MOD] t=16128.855283652 dpid=s1 action=delete-strict src=00:00:00:00:00:01 dst=00:00:00:00:00:03 in_port=1 out_port=4
[FLOW_MOD] t=16128.855547017 dpid=s1 action=add src=00:00:00:00:00:01 dst=00:00:00:00:00:03 in_port=1 out_port=4
[FLOW_MOD] t=16128.855890135 dpid=s3 action=delete-strict src=00:00:00:00:00:01 dst=00:00:00:00:00:03 in_port=4 out_port=3
[FLOW_MOD] t=16128.856151282 dpid=s3 action=add src=00:00:00:00:00:01 dst=00:00:00:00:00:03 in_port=4 out_port=3
[FLOW_MOD] t=16128.856474554 dpid=s2 action=delete-strict src=00:00:00:00:00:01 dst=00:00:00:00:00:03 in_port=4 out_port=1
[FLOW_MOD] t=16128.856700213 dpid=s2 action=add src=00:00:00:00:00:01 dst=00:00:00:00:00:03 in_port=4 out_port=1
[FLOW_MOD] t=16128.857017557 dpid=s6 action=delete-strict src=00:00:00:00:00:01 dst=00:00:00:00:00:03 in_port=4 out_port=1
[FLOW_MOD] t=16128.857263847 dpid=s6 action=add src=00:00:00:00:00:01 dst=00:00:00:00:00:03 in_port=4 out_port=1
[FLOW_MOD] t=16128.857571297 dpid=s18 action=delete-strict src=00:00:00:00:00:01 dst=00:00:00:00:00:03 in_port=3 out_port=1
[FLOW_MOD] t=16128.857805900 dpid=s18 action=add src=00:00:00:00:00:01 dst=00:00:00:00:00:03 in_port=3 out_port=1
[FLOW_MOD] t=16128.858119395 dpid=s18 action=delete-strict src=00:00:00:00:00:03 dst=00:00:00:00:00:01 in_port=1 out_port=3
[FLOW_MOD] t=16128.858346097 dpid=s18 action=add src=00:00:00:00:00:03 dst=00:00:00:00:00:01 in_port=1 out_port=3
[FLOW_MOD] t=16128.858640963 dpid=s6 action=delete-strict src=00:00:00:00:00:03 dst=00:00:00:00:00:01 in_port=1 out_port=4
[FLOW_MOD] t=16128.858851039 dpid=s6 action=add src=00:00:00:00:00:03 dst=00:00:00:00:00:01 in_port=1 out_port=4
[FLOW_MOD] t=16128.859129340 dpid=s2 action=delete-strict src=00:00:00:00:00:03 dst=00:00:00:00:00:01 in_port=1 out_port=4
[FLOW_MOD] t=16128.859341274 dpid=s2 action=add src=00:00:00:00:00:03 dst=00:00:00:00:00:01 in_port=1 out_port=4
[FLOW_MOD] t=16128.859609925 dpid=s3 action=delete-strict src=00:00:00:00:00:03 dst=00:00:00:00:00:01 in_port=3 out_port=4
[FLOW_MOD] t=16128.859865675 dpid=s3 action=add src=00:00:00:00:00:03 dst=00:00:00:00:00:01 in_port=3 out_port=4
[FLOW_MOD] t=16128.860306769 dpid=s1 action=delete-strict src=00:00:00:00:00:03 dst=00:00:00:00:00:01 in_port=4 out_port=1
[FLOW_MOD] t=16128.860610436 dpid=s1 action=add src=00:00:00:00:00:03 dst=00:00:00:00:00:01 in_port=4 out_port=1
[FLOW_MOD] t=16128.861028216 dpid=s4 action=delete-strict src=00:00:00:00:00:03 dst=00:00:00:00:00:01 in_port=4 out_port=1
[FLOW_MOD] t=16128.861302199 dpid=s4 action=add src=00:00:00:00:00:03 dst=00:00:00:00:00:01 in_port=4 out_port=1
[FLOW_MOD] t=16128.861650916 dpid=s16 action=delete-strict src=00:00:00:00:00:03 dst=00:00:00:00:00:01 in_port=3 out_port=1
[FLOW_MOD] t=16128.861937822 dpid=s16 action=add src=00:00:00:00:00:03 dst=00:00:00:00:00:01 in_port=3 out_port=1
[SPF-DONE] A* s16->s19 reachable=11/11
[PATH-COMPUTED] s16->s19: 6 hop(s) path=s16 -> s4 -> s1 -> s3 -> s2 -> s6 -> s19
[FLOW-INSTALL] 00:00:00:00:00:01 → 00:00:00:00:00:04: s16 -> s4 -> s1 -> s3 -> s2 -> s6 -> s19
[FLOW_MOD] t=16128.865675521 dpid=s16 action=delete-strict src=00:00:00:00:00:01 dst=00:00:00:00:00:04 in_port=1 out_port=3
[FLOW_MOD] t=16128.865954030 dpid=s16 action=add src=00:00:00:00:00:01 dst=00:00:00:00:00:04 in_port=1 out_port=3
[FLOW_MOD] t=16128.866345190 dpid=s4 action=delete-strict src=00:00:00:00:00:01 dst=00:00:00:00:00:04 in_port=1 out_port=4
[FLOW_MOD] t=16128.866586303 dpid=s4 action=add src=00:00:00:00:00:01 dst=00:00:00:00:00:04 in_port=1 out_port=4
[FLOW_MOD] t=16128.866863014 dpid=s1 action=delete-strict src=00:00:00:00:00:01 dst=00:00:00:00:00:04 in_port=1 out_port=4
[FLOW_MOD] t=16128.867080274 dpid=s1 action=add src=00:00:00:00:00:01 dst=00:00:00:00:00:04 in_port=1 out_port=4
[FLOW_MOD] t=16128.867350436 dpid=s3 action=delete-strict src=00:00:00:00:00:01 dst=00:00:00:00:00:04 in_port=4 out_port=3
[FLOW_MOD] t=16128.867574972 dpid=s3 action=add src=00:00:00:00:00:01 dst=00:00:00:00:00:04 in_port=4 out_port=3
[FLOW_MOD] t=16128.867884440 dpid=s2 action=delete-strict src=00:00:00:00:00:01 dst=00:00:00:00:00:04 in_port=4 out_port=1
[FLOW_MOD] t=16128.868176982 dpid=s2 action=add src=00:00:00:00:00:01 dst=00:00:00:00:00:04 in_port=4 out_port=1
[FLOW_MOD] t=16128.868521503 dpid=s6 action=delete-strict src=00:00:00:00:00:01 dst=00:00:00:00:00:04 in_port=4 out_port=2
[FLOW_MOD] t=16128.868757861 dpid=s6 action=add src=00:00:00:00:00:01 dst=00:00:00:00:00:04 in_port=4 out_port=2
[FLOW_MOD] t=16128.869043268 dpid=s19 action=delete-strict src=00:00:00:00:00:01 dst=00:00:00:00:00:04 in_port=3 out_port=1
[FLOW_MOD] t=16128.869272231 dpid=s19 action=add src=00:00:00:00:00:01 dst=00:00:00:00:00:04 in_port=3 out_port=1
[FLOW_MOD] t=16128.869604802 dpid=s19 action=delete-strict src=00:00:00:00:00:04 dst=00:00:00:00:00:01 in_port=1 out_port=3
[FLOW_MOD] t=16128.869837847 dpid=s19 action=add src=00:00:00:00:00:04 dst=00:00:00:00:00:01 in_port=1 out_port=3
[FLOW_MOD] t=16128.870204279 dpid=s6 action=delete-strict src=00:00:00:00:00:04 dst=00:00:00:00:00:01 in_port=2 out_port=4
[FLOW_MOD] t=16128.870530589 dpid=s6 action=add src=00:00:00:00:00:04 dst=00:00:00:00:00:01 in_port=2 out_port=4
[FLOW_MOD] t=16128.871024246 dpid=s2 action=delete-strict src=00:00:00:00:00:04 dst=00:00:00:00:00:01 in_port=1 out_port=4
[FLOW_MOD] t=16128.871337898 dpid=s2 action=add src=00:00:00:00:00:04 dst=00:00:00:00:00:01 in_port=1 out_port=4
[FLOW_MOD] t=16128.871727912 dpid=s3 action=delete-strict src=00:00:00:00:00:04 dst=00:00:00:00:00:01 in_port=3 out_port=4
[FLOW_MOD] t=16128.872062169 dpid=s3 action=add src=00:00:00:00:00:04 dst=00:00:00:00:00:01 in_port=3 out_port=4
[FLOW_MOD] t=16128.872427188 dpid=s1 action=delete-strict src=00:00:00:00:00:04 dst=00:00:00:00:00:01 in_port=4 out_port=1
[FLOW_MOD] t=16128.872711387 dpid=s1 action=add src=00:00:00:00:00:04 dst=00:00:00:00:00:01 in_port=4 out_port=1
[FLOW_MOD] t=16128.873090764 dpid=s4 action=delete-strict src=00:00:00:00:00:04 dst=00:00:00:00:00:01 in_port=4 out_port=1
[FLOW_MOD] t=16128.873367907 dpid=s4 action=add src=00:00:00:00:00:04 dst=00:00:00:00:00:01 in_port=4 out_port=1
[FLOW_MOD] t=16128.873749071 dpid=s16 action=delete-strict src=00:00:00:00:00:04 dst=00:00:00:00:00:01 in_port=3 out_port=1
[FLOW_MOD] t=16128.874042008 dpid=s16 action=add src=00:00:00:00:00:04 dst=00:00:00:00:00:01 in_port=3 out_port=1
[SPF-DONE] A* s17->s16 reachable=5/11
[PATH-COMPUTED] s17->s16: 2 hop(s) path=s17 -> s4 -> s16
[FLOW-INSTALL] 00:00:00:00:00:02 → 00:00:00:00:00:01: s17 -> s4 -> s16
[FLOW_MOD] t=16128.878002086 dpid=s17 action=delete-strict src=00:00:00:00:00:02 dst=00:00:00:00:00:01 in_port=1 out_port=3
[FLOW_MOD] t=16128.878279122 dpid=s17 action=add src=00:00:00:00:00:02 dst=00:00:00:00:00:01 in_port=1 out_port=3
[FLOW_MOD] t=16128.878633529 dpid=s4 action=delete-strict src=00:00:00:00:00:02 dst=00:00:00:00:00:01 in_port=2 out_port=1
[FLOW_MOD] t=16128.878891551 dpid=s4 action=add src=00:00:00:00:00:02 dst=00:00:00:00:00:01 in_port=2 out_port=1
[FLOW_MOD] t=16128.879227705 dpid=s16 action=delete-strict src=00:00:00:00:00:02 dst=00:00:00:00:00:01 in_port=3 out_port=1
[FLOW_MOD] t=16128.879493085 dpid=s16 action=add src=00:00:00:00:00:02 dst=00:00:00:00:00:01 in_port=3 out_port=1
[FLOW_MOD] t=16128.879831076 dpid=s16 action=delete-strict src=00:00:00:00:00:01 dst=00:00:00:00:00:02 in_port=1 out_port=3
[FLOW_MOD] t=16128.880125194 dpid=s16 action=add src=00:00:00:00:00:01 dst=00:00:00:00:00:02 in_port=1 out_port=3
[FLOW_MOD] t=16128.882142603 dpid=s4 action=delete-strict src=00:00:00:00:00:01 dst=00:00:00:00:00:02 in_port=1 out_port=2
[FLOW_MOD] t=16128.882463271 dpid=s4 action=add src=00:00:00:00:00:01 dst=00:00:00:00:00:02 in_port=1 out_port=2
[FLOW_MOD] t=16128.882942028 dpid=s17 action=delete-strict src=00:00:00:00:00:01 dst=00:00:00:00:00:02 in_port=3 out_port=1
[FLOW_MOD] t=16128.883242685 dpid=s17 action=add src=00:00:00:00:00:01 dst=00:00:00:00:00:02 in_port=3 out_port=1
[SPF-DONE] A* s17->s18 reachable=11/11
[PATH-COMPUTED] s17->s18: 6 hop(s) path=s17 -> s4 -> s1 -> s3 -> s2 -> s6 -> s18
[FLOW-INSTALL] 00:00:00:00:00:02 → 00:00:00:00:00:03: s17 -> s4 -> s1 -> s3 -> s2 -> s6 -> s18
[FLOW_MOD] t=16128.887274721 dpid=s17 action=delete-strict src=00:00:00:00:00:02 dst=00:00:00:00:00:03 in_port=1 out_port=3
[FLOW_MOD] t=16128.887581983 dpid=s17 action=add src=00:00:00:00:00:02 dst=00:00:00:00:00:03 in_port=1 out_port=3
[FLOW_MOD] t=16128.887935378 dpid=s4 action=delete-strict src=00:00:00:00:00:02 dst=00:00:00:00:00:03 in_port=2 out_port=4
[FLOW_MOD] t=16128.888221114 dpid=s4 action=add src=00:00:00:00:00:02 dst=00:00:00:00:00:03 in_port=2 out_port=4
[FLOW_MOD] t=16128.888529966 dpid=s1 action=delete-strict src=00:00:00:00:00:02 dst=00:00:00:00:00:03 in_port=1 out_port=4
[FLOW_MOD] t=16128.888772559 dpid=s1 action=add src=00:00:00:00:00:02 dst=00:00:00:00:00:03 in_port=1 out_port=4
[FLOW_MOD] t=16128.889138236 dpid=s3 action=delete-strict src=00:00:00:00:00:02 dst=00:00:00:00:00:03 in_port=4 out_port=3
[FLOW_MOD] t=16128.889460788 dpid=s3 action=add src=00:00:00:00:00:02 dst=00:00:00:00:00:03 in_port=4 out_port=3
[FLOW_MOD] t=16128.889919391 dpid=s2 action=delete-strict src=00:00:00:00:00:02 dst=00:00:00:00:00:03 in_port=4 out_port=1
[FLOW_MOD] t=16128.890233836 dpid=s2 action=add src=00:00:00:00:00:02 dst=00:00:00:00:00:03 in_port=4 out_port=1
[FLOW_MOD] t=16128.890575147 dpid=s6 action=delete-strict src=00:00:00:00:00:02 dst=00:00:00:00:00:03 in_port=4 out_port=1
[FLOW_MOD] t=16128.890875723 dpid=s6 action=add src=00:00:00:00:00:02 dst=00:00:00:00:00:03 in_port=4 out_port=1
[FLOW_MOD] t=16128.891291260 dpid=s18 action=delete-strict src=00:00:00:00:00:02 dst=00:00:00:00:00:03 in_port=3 out_port=1
[FLOW_MOD] t=16128.891595424 dpid=s18 action=add src=00:00:00:00:00:02 dst=00:00:00:00:00:03 in_port=3 out_port=1
[FLOW_MOD] t=16128.892048121 dpid=s18 action=delete-strict src=00:00:00:00:00:03 dst=00:00:00:00:00:02 in_port=1 out_port=3
[FLOW_MOD] t=16128.892379085 dpid=s18 action=add src=00:00:00:00:00:03 dst=00:00:00:00:00:02 in_port=1 out_port=3
[FLOW_MOD] t=16128.892755961 dpid=s6 action=delete-strict src=00:00:00:00:00:03 dst=00:00:00:00:00:02 in_port=1 out_port=4
[FLOW_MOD] t=16128.893042117 dpid=s6 action=add src=00:00:00:00:00:03 dst=00:00:00:00:00:02 in_port=1 out_port=4
[FLOW_MOD] t=16128.893410575 dpid=s2 action=delete-strict src=00:00:00:00:00:03 dst=00:00:00:00:00:02 in_port=1 out_port=4
[FLOW_MOD] t=16128.893700784 dpid=s2 action=add src=00:00:00:00:00:03 dst=00:00:00:00:00:02 in_port=1 out_port=4
[FLOW_MOD] t=16128.894108233 dpid=s3 action=delete-strict src=00:00:00:00:00:03 dst=00:00:00:00:00:02 in_port=3 out_port=4
[FLOW_MOD] t=16128.894391248 dpid=s3 action=add src=00:00:00:00:00:03 dst=00:00:00:00:00:02 in_port=3 out_port=4
[FLOW_MOD] t=16128.894794409 dpid=s1 action=delete-strict src=00:00:00:00:00:03 dst=00:00:00:00:00:02 in_port=4 out_port=1
[FLOW_MOD] t=16128.895086321 dpid=s1 action=add src=00:00:00:00:00:03 dst=00:00:00:00:00:02 in_port=4 out_port=1
[FLOW_MOD] t=16128.895415079 dpid=s4 action=delete-strict src=00:00:00:00:00:03 dst=00:00:00:00:00:02 in_port=4 out_port=2
[FLOW_MOD] t=16128.895667034 dpid=s4 action=add src=00:00:00:00:00:03 dst=00:00:00:00:00:02 in_port=4 out_port=2
[FLOW_MOD] t=16128.895988385 dpid=s17 action=delete-strict src=00:00:00:00:00:03 dst=00:00:00:00:00:02 in_port=3 out_port=1
[FLOW_MOD] t=16128.896245481 dpid=s17 action=add src=00:00:00:00:00:03 dst=00:00:00:00:00:02 in_port=3 out_port=1
[SPF-DONE] A* s17->s19 reachable=11/11
[PATH-COMPUTED] s17->s19: 6 hop(s) path=s17 -> s4 -> s1 -> s3 -> s2 -> s6 -> s19
[FLOW-INSTALL] 00:00:00:00:00:02 → 00:00:00:00:00:04: s17 -> s4 -> s1 -> s3 -> s2 -> s6 -> s19
[FLOW_MOD] t=16128.900171882 dpid=s17 action=delete-strict src=00:00:00:00:00:02 dst=00:00:00:00:00:04 in_port=1 out_port=3
[FLOW_MOD] t=16128.900482226 dpid=s17 action=add src=00:00:00:00:00:02 dst=00:00:00:00:00:04 in_port=1 out_port=3
[FLOW_MOD] t=16128.900824430 dpid=s4 action=delete-strict src=00:00:00:00:00:02 dst=00:00:00:00:00:04 in_port=2 out_port=4
[FLOW_MOD] t=16128.901087615 dpid=s4 action=add src=00:00:00:00:00:02 dst=00:00:00:00:00:04 in_port=2 out_port=4
[FLOW_MOD] t=16128.901444658 dpid=s1 action=delete-strict src=00:00:00:00:00:02 dst=00:00:00:00:00:04 in_port=1 out_port=4
[FLOW_MOD] t=16128.901689626 dpid=s1 action=add src=00:00:00:00:00:02 dst=00:00:00:00:00:04 in_port=1 out_port=4
[FLOW_MOD] t=16128.902010070 dpid=s3 action=delete-strict src=00:00:00:00:00:02 dst=00:00:00:00:00:04 in_port=4 out_port=3
[FLOW_MOD] t=16128.902294737 dpid=s3 action=add src=00:00:00:00:00:02 dst=00:00:00:00:00:04 in_port=4 out_port=3
[FLOW_MOD] t=16128.902599912 dpid=s2 action=delete-strict src=00:00:00:00:00:02 dst=00:00:00:00:00:04 in_port=4 out_port=1
[FLOW_MOD] t=16128.902826425 dpid=s2 action=add src=00:00:00:00:00:02 dst=00:00:00:00:00:04 in_port=4 out_port=1
[FLOW_MOD] t=16128.903149316 dpid=s6 action=delete-strict src=00:00:00:00:00:02 dst=00:00:00:00:00:04 in_port=4 out_port=2
[FLOW_MOD] t=16128.903408570 dpid=s6 action=add src=00:00:00:00:00:02 dst=00:00:00:00:00:04 in_port=4 out_port=2
[FLOW_MOD] t=16128.903732459 dpid=s19 action=delete-strict src=00:00:00:00:00:02 dst=00:00:00:00:00:04 in_port=3 out_port=1
[FLOW_MOD] t=16128.903984106 dpid=s19 action=add src=00:00:00:00:00:02 dst=00:00:00:00:00:04 in_port=3 out_port=1
[FLOW_MOD] t=16128.904347111 dpid=s19 action=delete-strict src=00:00:00:00:00:04 dst=00:00:00:00:00:02 in_port=1 out_port=3
[FLOW_MOD] t=16128.904605504 dpid=s19 action=add src=00:00:00:00:00:04 dst=00:00:00:00:00:02 in_port=1 out_port=3
[FLOW_MOD] t=16128.904956266 dpid=s6 action=delete-strict src=00:00:00:00:00:04 dst=00:00:00:00:00:02 in_port=2 out_port=4
[FLOW_MOD] t=16128.905244009 dpid=s6 action=add src=00:00:00:00:00:04 dst=00:00:00:00:00:02 in_port=2 out_port=4
[FLOW_MOD] t=16128.905620376 dpid=s2 action=delete-strict src=00:00:00:00:00:04 dst=00:00:00:00:00:02 in_port=1 out_port=4
[FLOW_MOD] t=16128.905876015 dpid=s2 action=add src=00:00:00:00:00:04 dst=00:00:00:00:00:02 in_port=1 out_port=4
[FLOW_MOD] t=16128.906282210 dpid=s3 action=delete-strict src=00:00:00:00:00:04 dst=00:00:00:00:00:02 in_port=3 out_port=4
[FLOW_MOD] t=16128.906552539 dpid=s3 action=add src=00:00:00:00:00:04 dst=00:00:00:00:00:02 in_port=3 out_port=4
[FLOW_MOD] t=16128.906937288 dpid=s1 action=delete-strict src=00:00:00:00:00:04 dst=00:00:00:00:00:02 in_port=4 out_port=1
[FLOW_MOD] t=16128.907220169 dpid=s1 action=add src=00:00:00:00:00:04 dst=00:00:00:00:00:02 in_port=4 out_port=1
[FLOW_MOD] t=16128.907600721 dpid=s4 action=delete-strict src=00:00:00:00:00:04 dst=00:00:00:00:00:02 in_port=4 out_port=2
[FLOW_MOD] t=16128.907884970 dpid=s4 action=add src=00:00:00:00:00:04 dst=00:00:00:00:00:02 in_port=4 out_port=2
[FLOW_MOD] t=16128.908225619 dpid=s17 action=delete-strict src=00:00:00:00:00:04 dst=00:00:00:00:00:02 in_port=3 out_port=1
[FLOW_MOD] t=16128.908498072 dpid=s17 action=add src=00:00:00:00:00:04 dst=00:00:00:00:00:02 in_port=3 out_port=1
[SPF-DONE] A* s18->s16 reachable=11/11
[PATH-COMPUTED] s18->s16: 6 hop(s) path=s18 -> s6 -> s2 -> s3 -> s1 -> s4 -> s16
[FLOW-INSTALL] 00:00:00:00:00:03 → 00:00:00:00:00:01: s18 -> s6 -> s2 -> s3 -> s1 -> s4 -> s16
[FLOW_MOD] t=16128.912392675 dpid=s18 action=delete-strict src=00:00:00:00:00:03 dst=00:00:00:00:00:01 in_port=1 out_port=3
[FLOW_MOD] t=16128.912687227 dpid=s18 action=add src=00:00:00:00:00:03 dst=00:00:00:00:00:01 in_port=1 out_port=3
[FLOW_MOD] t=16128.913006007 dpid=s6 action=delete-strict src=00:00:00:00:00:03 dst=00:00:00:00:00:01 in_port=1 out_port=4
[FLOW_MOD] t=16128.913251184 dpid=s6 action=add src=00:00:00:00:00:03 dst=00:00:00:00:00:01 in_port=1 out_port=4
[FLOW_MOD] t=16128.913576543 dpid=s2 action=delete-strict src=00:00:00:00:00:03 dst=00:00:00:00:00:01 in_port=1 out_port=4
[FLOW_MOD] t=16128.913854813 dpid=s2 action=add src=00:00:00:00:00:03 dst=00:00:00:00:00:01 in_port=1 out_port=4
[FLOW_MOD] t=16128.914183314 dpid=s3 action=delete-strict src=00:00:00:00:00:03 dst=00:00:00:00:00:01 in_port=3 out_port=4
[FLOW_MOD] t=16128.914420581 dpid=s3 action=add src=00:00:00:00:00:03 dst=00:00:00:00:00:01 in_port=3 out_port=4
[FLOW_MOD] t=16128.914714604 dpid=s1 action=delete-strict src=00:00:00:00:00:03 dst=00:00:00:00:00:01 in_port=4 out_port=1
[FLOW_MOD] t=16128.914938871 dpid=s1 action=add src=00:00:00:00:00:03 dst=00:00:00:00:00:01 in_port=4 out_port=1
[FLOW_MOD] t=16128.915239335 dpid=s4 action=delete-strict src=00:00:00:00:00:03 dst=00:00:00:00:00:01 in_port=4 out_port=1
[FLOW_MOD] t=16128.915465659 dpid=s4 action=add src=00:00:00:00:00:03 dst=00:00:00:00:00:01 in_port=4 out_port=1
[FLOW_MOD] t=16128.915878719 dpid=s16 action=delete-strict src=00:00:00:00:00:03 dst=00:00:00:00:00:01 in_port=3 out_port=1
[FLOW_MOD] t=16128.916182551 dpid=s16 action=add src=00:00:00:00:00:03 dst=00:00:00:00:00:01 in_port=3 out_port=1
[FLOW_MOD] t=16128.916545016 dpid=s16 action=delete-strict src=00:00:00:00:00:01 dst=00:00:00:00:00:03 in_port=1 out_port=3
[FLOW_MOD] t=16128.916830979 dpid=s16 action=add src=00:00:00:00:00:01 dst=00:00:00:00:00:03 in_port=1 out_port=3
[FLOW_MOD] t=16128.917153044 dpid=s4 action=delete-strict src=00:00:00:00:00:01 dst=00:00:00:00:00:03 in_port=1 out_port=4
[FLOW_MOD] t=16128.917432547 dpid=s4 action=add src=00:00:00:00:00:01 dst=00:00:00:00:00:03 in_port=1 out_port=4
[FLOW_MOD] t=16128.917761454 dpid=s1 action=delete-strict src=00:00:00:00:00:01 dst=00:00:00:00:00:03 in_port=1 out_port=4
[FLOW_MOD] t=16128.918075723 dpid=s1 action=add src=00:00:00:00:00:01 dst=00:00:00:00:00:03 in_port=1 out_port=4
[FLOW_MOD] t=16128.918487091 dpid=s3 action=delete-strict src=00:00:00:00:00:01 dst=00:00:00:00:00:03 in_port=4 out_port=3
[FLOW_MOD] t=16128.918774320 dpid=s3 action=add src=00:00:00:00:00:01 dst=00:00:00:00:00:03 in_port=4 out_port=3
[FLOW_MOD] t=16128.919103018 dpid=s2 action=delete-strict src=00:00:00:00:00:01 dst=00:00:00:00:00:03 in_port=4 out_port=1
[FLOW_MOD] t=16128.919341328 dpid=s2 action=add src=00:00:00:00:00:01 dst=00:00:00:00:00:03 in_port=4 out_port=1
[FLOW_MOD] t=16128.919662482 dpid=s6 action=delete-strict src=00:00:00:00:00:01 dst=00:00:00:00:00:03 in_port=4 out_port=1
[FLOW_MOD] t=16128.919909945 dpid=s6 action=add src=00:00:00:00:00:01 dst=00:00:00:00:00:03 in_port=4 out_port=1
[FLOW_MOD] t=16128.920254390 dpid=s18 action=delete-strict src=00:00:00:00:00:01 dst=00:00:00:00:00:03 in_port=3 out_port=1
[FLOW_MOD] t=16128.920525566 dpid=s18 action=add src=00:00:00:00:00:01 dst=00:00:00:00:00:03 in_port=3 out_port=1
[SPF-DONE] A* s18->s17 reachable=11/11
[PATH-COMPUTED] s18->s17: 6 hop(s) path=s18 -> s6 -> s2 -> s3 -> s1 -> s4 -> s17
[FLOW-INSTALL] 00:00:00:00:00:03 → 00:00:00:00:00:02: s18 -> s6 -> s2 -> s3 -> s1 -> s4 -> s17
[FLOW_MOD] t=16128.924288304 dpid=s18 action=delete-strict src=00:00:00:00:00:03 dst=00:00:00:00:00:02 in_port=1 out_port=3
[FLOW_MOD] t=16128.924583287 dpid=s18 action=add src=00:00:00:00:00:03 dst=00:00:00:00:00:02 in_port=1 out_port=3
[FLOW_MOD] t=16128.924883423 dpid=s6 action=delete-strict src=00:00:00:00:00:03 dst=00:00:00:00:00:02 in_port=1 out_port=4
[FLOW_MOD] t=16128.925116873 dpid=s6 action=add src=00:00:00:00:00:03 dst=00:00:00:00:00:02 in_port=1 out_port=4
[FLOW_MOD] t=16128.925438500 dpid=s2 action=delete-strict src=00:00:00:00:00:03 dst=00:00:00:00:00:02 in_port=1 out_port=4
[FLOW_MOD] t=16128.925698132 dpid=s2 action=add src=00:00:00:00:00:03 dst=00:00:00:00:00:02 in_port=1 out_port=4
[FLOW_MOD] t=16128.926028068 dpid=s3 action=delete-strict src=00:00:00:00:00:03 dst=00:00:00:00:00:02 in_port=3 out_port=4
[FLOW_MOD] t=16128.926306499 dpid=s3 action=add src=00:00:00:00:00:03 dst=00:00:00:00:00:02 in_port=3 out_port=4
[FLOW_MOD] t=16128.926680272 dpid=s1 action=delete-strict src=00:00:00:00:00:03 dst=00:00:00:00:00:02 in_port=4 out_port=1
[FLOW_MOD] t=16128.926946608 dpid=s1 action=add src=00:00:00:00:00:03 dst=00:00:00:00:00:02 in_port=4 out_port=1
[FLOW_MOD] t=16128.927252080 dpid=s4 action=delete-strict src=00:00:00:00:00:03 dst=00:00:00:00:00:02 in_port=4 out_port=2
[FLOW_MOD] t=16128.927495369 dpid=s4 action=add src=00:00:00:00:00:03 dst=00:00:00:00:00:02 in_port=4 out_port=2
[FLOW_MOD] t=16128.927828604 dpid=s17 action=delete-strict src=00:00:00:00:00:03 dst=00:00:00:00:00:02 in_port=3 out_port=1
[FLOW_MOD] t=16128.928124160 dpid=s17 action=add src=00:00:00:00:00:03 dst=00:00:00:00:00:02 in_port=3 out_port=1
[FLOW_MOD] t=16128.928524325 dpid=s17 action=delete-strict src=00:00:00:00:00:02 dst=00:00:00:00:00:03 in_port=1 out_port=3
[FLOW_MOD] t=16128.928798307 dpid=s17 action=add src=00:00:00:00:00:02 dst=00:00:00:00:00:03 in_port=1 out_port=3
[FLOW_MOD] t=16128.929125141 dpid=s4 action=delete-strict src=00:00:00:00:00:02 dst=00:00:00:00:00:03 in_port=2 out_port=4
[FLOW_MOD] t=16128.931105721 dpid=s4 action=add src=00:00:00:00:00:02 dst=00:00:00:00:00:03 in_port=2 out_port=4
[FLOW_MOD] t=16128.931586907 dpid=s1 action=delete-strict src=00:00:00:00:00:02 dst=00:00:00:00:00:03 in_port=1 out_port=4
[FLOW_MOD] t=16128.931930916 dpid=s1 action=add src=00:00:00:00:00:02 dst=00:00:00:00:00:03 in_port=1 out_port=4
[FLOW_MOD] t=16128.932513615 dpid=s3 action=delete-strict src=00:00:00:00:00:02 dst=00:00:00:00:00:03 in_port=4 out_port=3
[FLOW_MOD] t=16128.932876855 dpid=s3 action=add src=00:00:00:00:00:02 dst=00:00:00:00:00:03 in_port=4 out_port=3
[FLOW_MOD] t=16128.933355232 dpid=s2 action=delete-strict src=00:00:00:00:00:02 dst=00:00:00:00:00:03 in_port=4 out_port=1
[FLOW_MOD] t=16128.933811854 dpid=s2 action=add src=00:00:00:00:00:02 dst=00:00:00:00:00:03 in_port=4 out_port=1
[FLOW_MOD] t=16128.934357248 dpid=s6 action=delete-strict src=00:00:00:00:00:02 dst=00:00:00:00:00:03 in_port=4 out_port=1
[FLOW_MOD] t=16128.934758665 dpid=s6 action=add src=00:00:00:00:00:02 dst=00:00:00:00:00:03 in_port=4 out_port=1
[FLOW_MOD] t=16128.935405514 dpid=s18 action=delete-strict src=00:00:00:00:00:02 dst=00:00:00:00:00:03 in_port=3 out_port=1
[FLOW_MOD] t=16128.936338563 dpid=s18 action=add src=00:00:00:00:00:02 dst=00:00:00:00:00:03 in_port=3 out_port=1
[SPF-DONE] A* s18->s19 reachable=5/11
[PATH-COMPUTED] s18->s19: 2 hop(s) path=s18 -> s6 -> s19
[FLOW-INSTALL] 00:00:00:00:00:03 → 00:00:00:00:00:04: s18 -> s6 -> s19
[FLOW_MOD] t=16128.941138182 dpid=s18 action=delete-strict src=00:00:00:00:00:03 dst=00:00:00:00:00:04 in_port=1 out_port=3
[FLOW_MOD] t=16128.941475864 dpid=s18 action=add src=00:00:00:00:00:03 dst=00:00:00:00:00:04 in_port=1 out_port=3
[FLOW_MOD] t=16128.941828146 dpid=s6 action=delete-strict src=00:00:00:00:00:03 dst=00:00:00:00:00:04 in_port=1 out_port=2
[FLOW_MOD] t=16128.942181829 dpid=s6 action=add src=00:00:00:00:00:03 dst=00:00:00:00:00:04 in_port=1 out_port=2
[FLOW_MOD] t=16128.942535284 dpid=s19 action=delete-strict src=00:00:00:00:00:03 dst=00:00:00:00:00:04 in_port=3 out_port=1
[FLOW_MOD] t=16128.942862955 dpid=s19 action=add src=00:00:00:00:00:03 dst=00:00:00:00:00:04 in_port=3 out_port=1
[FLOW_MOD] t=16128.943222664 dpid=s19 action=delete-strict src=00:00:00:00:00:04 dst=00:00:00:00:00:03 in_port=1 out_port=3
[FLOW_MOD] t=16128.943475409 dpid=s19 action=add src=00:00:00:00:00:04 dst=00:00:00:00:00:03 in_port=1 out_port=3
[FLOW_MOD] t=16128.943804687 dpid=s6 action=delete-strict src=00:00:00:00:00:04 dst=00:00:00:00:00:03 in_port=2 out_port=1
[FLOW_MOD] t=16128.944127191 dpid=s6 action=add src=00:00:00:00:00:04 dst=00:00:00:00:00:03 in_port=2 out_port=1
[FLOW_MOD] t=16128.944516104 dpid=s18 action=delete-strict src=00:00:00:00:00:04 dst=00:00:00:00:00:03 in_port=3 out_port=1
[FLOW_MOD] t=16128.944778908 dpid=s18 action=add src=00:00:00:00:00:04 dst=00:00:00:00:00:03 in_port=3 out_port=1
[SPF-DONE] A* s19->s16 reachable=11/11
[PATH-COMPUTED] s19->s16: 6 hop(s) path=s19 -> s6 -> s2 -> s3 -> s1 -> s4 -> s16
[FLOW-INSTALL] 00:00:00:00:00:04 → 00:00:00:00:00:01: s19 -> s6 -> s2 -> s3 -> s1 -> s4 -> s16
[FLOW_MOD] t=16128.948852365 dpid=s19 action=delete-strict src=00:00:00:00:00:04 dst=00:00:00:00:00:01 in_port=1 out_port=3
[FLOW_MOD] t=16128.949170143 dpid=s19 action=add src=00:00:00:00:00:04 dst=00:00:00:00:00:01 in_port=1 out_port=3
[FLOW_MOD] t=16128.949551365 dpid=s6 action=delete-strict src=00:00:00:00:00:04 dst=00:00:00:00:00:01 in_port=2 out_port=4
[FLOW_MOD] t=16128.949863735 dpid=s6 action=add src=00:00:00:00:00:04 dst=00:00:00:00:00:01 in_port=2 out_port=4
[FLOW_MOD] t=16128.950251248 dpid=s2 action=delete-strict src=00:00:00:00:00:04 dst=00:00:00:00:00:01 in_port=1 out_port=4
[FLOW_MOD] t=16128.950553575 dpid=s2 action=add src=00:00:00:00:00:04 dst=00:00:00:00:00:01 in_port=1 out_port=4
[FLOW_MOD] t=16128.951028023 dpid=s3 action=delete-strict src=00:00:00:00:00:04 dst=00:00:00:00:00:01 in_port=3 out_port=4
[FLOW_MOD] t=16128.951388623 dpid=s3 action=add src=00:00:00:00:00:04 dst=00:00:00:00:00:01 in_port=3 out_port=4
[FLOW_MOD] t=16128.951793255 dpid=s1 action=delete-strict src=00:00:00:00:00:04 dst=00:00:00:00:00:01 in_port=4 out_port=1
[FLOW_MOD] t=16128.952115483 dpid=s1 action=add src=00:00:00:00:00:04 dst=00:00:00:00:00:01 in_port=4 out_port=1
[FLOW_MOD] t=16128.952497157 dpid=s4 action=delete-strict src=00:00:00:00:00:04 dst=00:00:00:00:00:01 in_port=4 out_port=1
[FLOW_MOD] t=16128.952758155 dpid=s4 action=add src=00:00:00:00:00:04 dst=00:00:00:00:00:01 in_port=4 out_port=1
[FLOW_MOD] t=16128.953101211 dpid=s16 action=delete-strict src=00:00:00:00:00:04 dst=00:00:00:00:00:01 in_port=3 out_port=1
[FLOW_MOD] t=16128.953357678 dpid=s16 action=add src=00:00:00:00:00:04 dst=00:00:00:00:00:01 in_port=3 out_port=1
[FLOW_MOD] t=16128.953681238 dpid=s16 action=delete-strict src=00:00:00:00:00:01 dst=00:00:00:00:00:04 in_port=1 out_port=3
[FLOW_MOD] t=16128.953927796 dpid=s16 action=add src=00:00:00:00:00:01 dst=00:00:00:00:00:04 in_port=1 out_port=3
[FLOW_MOD] t=16128.954290596 dpid=s4 action=delete-strict src=00:00:00:00:00:01 dst=00:00:00:00:00:04 in_port=1 out_port=4
[FLOW_MOD] t=16128.954594713 dpid=s4 action=add src=00:00:00:00:00:01 dst=00:00:00:00:00:04 in_port=1 out_port=4
[FLOW_MOD] t=16128.954967711 dpid=s1 action=delete-strict src=00:00:00:00:00:01 dst=00:00:00:00:00:04 in_port=1 out_port=4
[FLOW_MOD] t=16128.955271774 dpid=s1 action=add src=00:00:00:00:00:01 dst=00:00:00:00:00:04 in_port=1 out_port=4
[FLOW_MOD] t=16128.955610266 dpid=s3 action=delete-strict src=00:00:00:00:00:01 dst=00:00:00:00:00:04 in_port=4 out_port=3
[FLOW_MOD] t=16128.955911793 dpid=s3 action=add src=00:00:00:00:00:01 dst=00:00:00:00:00:04 in_port=4 out_port=3
[FLOW_MOD] t=16128.956339636 dpid=s2 action=delete-strict src=00:00:00:00:00:01 dst=00:00:00:00:00:04 in_port=4 out_port=1
[FLOW_MOD] t=16128.956627816 dpid=s2 action=add src=00:00:00:00:00:01 dst=00:00:00:00:00:04 in_port=4 out_port=1
[FLOW_MOD] t=16128.956966597 dpid=s6 action=delete-strict src=00:00:00:00:00:01 dst=00:00:00:00:00:04 in_port=4 out_port=2
[FLOW_MOD] t=16128.957212534 dpid=s6 action=add src=00:00:00:00:00:01 dst=00:00:00:00:00:04 in_port=4 out_port=2
[FLOW_MOD] t=16128.957568588 dpid=s19 action=delete-strict src=00:00:00:00:00:01 dst=00:00:00:00:00:04 in_port=3 out_port=1
[FLOW_MOD] t=16128.957831803 dpid=s19 action=add src=00:00:00:00:00:01 dst=00:00:00:00:00:04 in_port=3 out_port=1
[SPF-DONE] A* s19->s17 reachable=11/11
[PATH-COMPUTED] s19->s17: 6 hop(s) path=s19 -> s6 -> s2 -> s3 -> s1 -> s4 -> s17
[FLOW-INSTALL] 00:00:00:00:00:04 → 00:00:00:00:00:02: s19 -> s6 -> s2 -> s3 -> s1 -> s4 -> s17
[FLOW_MOD] t=16128.961445613 dpid=s19 action=delete-strict src=00:00:00:00:00:04 dst=00:00:00:00:00:02 in_port=1 out_port=3
[FLOW_MOD] t=16128.961740896 dpid=s19 action=add src=00:00:00:00:00:04 dst=00:00:00:00:00:02 in_port=1 out_port=3
[FLOW_MOD] t=16128.962383723 dpid=s6 action=delete-strict src=00:00:00:00:00:04 dst=00:00:00:00:00:02 in_port=2 out_port=4
[FLOW_MOD] t=16128.962726028 dpid=s6 action=add src=00:00:00:00:00:04 dst=00:00:00:00:00:02 in_port=2 out_port=4
[FLOW_MOD] t=16128.963141553 dpid=s2 action=delete-strict src=00:00:00:00:00:04 dst=00:00:00:00:00:02 in_port=1 out_port=4
[FLOW_MOD] t=16128.963423571 dpid=s2 action=add src=00:00:00:00:00:04 dst=00:00:00:00:00:02 in_port=1 out_port=4
[FLOW_MOD] t=16128.963825330 dpid=s3 action=delete-strict src=00:00:00:00:00:04 dst=00:00:00:00:00:02 in_port=3 out_port=4
[FLOW_MOD] t=16128.964179351 dpid=s3 action=add src=00:00:00:00:00:04 dst=00:00:00:00:00:02 in_port=3 out_port=4
[FLOW_MOD] t=16128.964530252 dpid=s1 action=delete-strict src=00:00:00:00:00:04 dst=00:00:00:00:00:02 in_port=4 out_port=1
[FLOW_MOD] t=16128.964808011 dpid=s1 action=add src=00:00:00:00:00:04 dst=00:00:00:00:00:02 in_port=4 out_port=1
[FLOW_MOD] t=16128.965163817 dpid=s4 action=delete-strict src=00:00:00:00:00:04 dst=00:00:00:00:00:02 in_port=4 out_port=2
[FLOW_MOD] t=16128.965540735 dpid=s4 action=add src=00:00:00:00:00:04 dst=00:00:00:00:00:02 in_port=4 out_port=2
[FLOW_MOD] t=16128.965905703 dpid=s17 action=delete-strict src=00:00:00:00:00:04 dst=00:00:00:00:00:02 in_port=3 out_port=1
[FLOW_MOD] t=16128.966206585 dpid=s17 action=add src=00:00:00:00:00:04 dst=00:00:00:00:00:02 in_port=3 out_port=1
[FLOW_MOD] t=16128.966577392 dpid=s17 action=delete-strict src=00:00:00:00:00:02 dst=00:00:00:00:00:04 in_port=1 out_port=3
[FLOW_MOD] t=16128.966872489 dpid=s17 action=add src=00:00:00:00:00:02 dst=00:00:00:00:00:04 in_port=1 out_port=3
[FLOW_MOD] t=16128.967288728 dpid=s4 action=delete-strict src=00:00:00:00:00:02 dst=00:00:00:00:00:04 in_port=2 out_port=4
[FLOW_MOD] t=16128.967581778 dpid=s4 action=add src=00:00:00:00:00:02 dst=00:00:00:00:00:04 in_port=2 out_port=4
[FLOW_MOD] t=16128.968070224 dpid=s1 action=delete-strict src=00:00:00:00:00:02 dst=00:00:00:00:00:04 in_port=1 out_port=4
[FLOW_MOD] t=16128.968339288 dpid=s1 action=add src=00:00:00:00:00:02 dst=00:00:00:00:00:04 in_port=1 out_port=4
[FLOW_MOD] t=16128.968733241 dpid=s3 action=delete-strict src=00:00:00:00:00:02 dst=00:00:00:00:00:04 in_port=4 out_port=3
[FLOW_MOD] t=16128.969019741 dpid=s3 action=add src=00:00:00:00:00:02 dst=00:00:00:00:00:04 in_port=4 out_port=3
[FLOW_MOD] t=16128.969381484 dpid=s2 action=delete-strict src=00:00:00:00:00:02 dst=00:00:00:00:00:04 in_port=4 out_port=1
[FLOW_MOD] t=16128.969640704 dpid=s2 action=add src=00:00:00:00:00:02 dst=00:00:00:00:00:04 in_port=4 out_port=1
[FLOW_MOD] t=16128.969972752 dpid=s6 action=delete-strict src=00:00:00:00:00:02 dst=00:00:00:00:00:04 in_port=4 out_port=2
[FLOW_MOD] t=16128.970237304 dpid=s6 action=add src=00:00:00:00:00:02 dst=00:00:00:00:00:04 in_port=4 out_port=2
[FLOW_MOD] t=16128.970612359 dpid=s19 action=delete-strict src=00:00:00:00:00:02 dst=00:00:00:00:00:04 in_port=3 out_port=1
[FLOW_MOD] t=16128.970895023 dpid=s19 action=add src=00:00:00:00:00:02 dst=00:00:00:00:00:04 in_port=3 out_port=1
[SPF-DONE] A* s19->s18 reachable=5/11
[PATH-COMPUTED] s19->s18: 2 hop(s) path=s19 -> s6 -> s18
[FLOW-INSTALL] 00:00:00:00:00:04 → 00:00:00:00:00:03: s19 -> s6 -> s18
[FLOW_MOD] t=16128.974551815 dpid=s19 action=delete-strict src=00:00:00:00:00:04 dst=00:00:00:00:00:03 in_port=1 out_port=3
[FLOW_MOD] t=16128.974835100 dpid=s19 action=add src=00:00:00:00:00:04 dst=00:00:00:00:00:03 in_port=1 out_port=3
[FLOW_MOD] t=16128.975167048 dpid=s6 action=delete-strict src=00:00:00:00:00:04 dst=00:00:00:00:00:03 in_port=2 out_port=1
[FLOW_MOD] t=16128.975428554 dpid=s6 action=add src=00:00:00:00:00:04 dst=00:00:00:00:00:03 in_port=2 out_port=1
[FLOW_MOD] t=16128.975745188 dpid=s18 action=delete-strict src=00:00:00:00:00:04 dst=00:00:00:00:00:03 in_port=3 out_port=1
[FLOW_MOD] t=16128.976047926 dpid=s18 action=add src=00:00:00:00:00:04 dst=00:00:00:00:00:03 in_port=3 out_port=1
[FLOW_MOD] t=16128.976382330 dpid=s18 action=delete-strict src=00:00:00:00:00:03 dst=00:00:00:00:00:04 in_port=1 out_port=3
[FLOW_MOD] t=16128.976667683 dpid=s18 action=add src=00:00:00:00:00:03 dst=00:00:00:00:00:04 in_port=1 out_port=3
[FLOW_MOD] t=16128.977078128 dpid=s6 action=delete-strict src=00:00:00:00:00:03 dst=00:00:00:00:00:04 in_port=1 out_port=2
[FLOW_MOD] t=16128.979963487 dpid=s6 action=add src=00:00:00:00:00:03 dst=00:00:00:00:00:04 in_port=1 out_port=2
[FLOW_MOD] t=16128.980593136 dpid=s19 action=delete-strict src=00:00:00:00:00:03 dst=00:00:00:00:00:04 in_port=3 out_port=1
[FLOW_MOD] t=16128.980931862 dpid=s19 action=add src=00:00:00:00:00:03 dst=00:00:00:00:00:04 in_port=3 out_port=1
[TOPO] route refresh: installed=12 skipped=0 unreachable=0 hosts=4
[PORT_STATUS] t=16128.981523862 s1 port=3 reason=modify
[CONVERGENCE-START] id=2 t1=16128.981754759
[PORT_STATUS] t=16128.983877691 s2 port=3 reason=modify
[PORT_STATUS] t=16128.984511279 s2 port=3 reason=modify
[CONVERGENCE-START-SKIP] id=2 duplicate port-status s2 port=3 reason=modify
[PORT_STATUS] t=16128.985460076 s1 port=3 reason=modify
[PORT_STATUS] t=16128.986030776 s2 port=3 reason=modify
[TOPO-CHANGE] (LLDP topology event) switches=11 links=33  delta +1 -0
[TOPO-UP]   [(1, 2)]
[TOPO-REFRESH] flushing 12 flows, rebuilding routes
[TREE-DONE] root=s1 tree_edges=11 reachable=11/11
[SPF-DONE] A* s16->s17 reachable=5/11
[PATH-COMPUTED] s16->s17: 2 hop(s) path=s16 -> s4 -> s17
[FLOW-INSTALL] 00:00:00:00:00:01 → 00:00:00:00:00:02: s16 -> s4 -> s17
[FLOW_MOD] t=16129.086467361 dpid=s16 action=delete-strict src=00:00:00:00:00:01 dst=00:00:00:00:00:02 in_port=1 out_port=3
[FLOW_MOD] t=16129.086731788 dpid=s16 action=add src=00:00:00:00:00:01 dst=00:00:00:00:00:02 in_port=1 out_port=3
[CONVERGENCE-FLOWMOD] id=2 t2=16129.086964036
[FLOW_MOD] t=16129.087236484 dpid=s4 action=delete-strict src=00:00:00:00:00:01 dst=00:00:00:00:00:02 in_port=1 out_port=2
[FLOW_MOD] t=16129.087479334 dpid=s4 action=add src=00:00:00:00:00:01 dst=00:00:00:00:00:02 in_port=1 out_port=2
[FLOW_MOD] t=16129.087821389 dpid=s17 action=delete-strict src=00:00:00:00:00:01 dst=00:00:00:00:00:02 in_port=3 out_port=1
[FLOW_MOD] t=16129.088083249 dpid=s17 action=add src=00:00:00:00:00:01 dst=00:00:00:00:00:02 in_port=3 out_port=1
[FLOW_MOD] t=16129.088413392 dpid=s17 action=delete-strict src=00:00:00:00:00:02 dst=00:00:00:00:00:01 in_port=1 out_port=3
[FLOW_MOD] t=16129.088687902 dpid=s17 action=add src=00:00:00:00:00:02 dst=00:00:00:00:00:01 in_port=1 out_port=3
[FLOW_MOD] t=16129.089019370 dpid=s4 action=delete-strict src=00:00:00:00:00:02 dst=00:00:00:00:00:01 in_port=2 out_port=1
[FLOW_MOD] t=16129.089286257 dpid=s4 action=add src=00:00:00:00:00:02 dst=00:00:00:00:00:01 in_port=2 out_port=1
[FLOW_MOD] t=16129.089669665 dpid=s16 action=delete-strict src=00:00:00:00:00:02 dst=00:00:00:00:00:01 in_port=3 out_port=1
[FLOW_MOD] t=16129.089999558 dpid=s16 action=add src=00:00:00:00:00:02 dst=00:00:00:00:00:01 in_port=3 out_port=1
[SPF-DONE] A* s16->s18 reachable=11/11
[PATH-COMPUTED] s16->s18: 5 hop(s) path=s16 -> s4 -> s1 -> s2 -> s6 -> s18
[FLOW-INSTALL] 00:00:00:00:00:01 → 00:00:00:00:00:03: s16 -> s4 -> s1 -> s2 -> s6 -> s18
[FLOW_MOD] t=16129.095142875 dpid=s16 action=delete-strict src=00:00:00:00:00:01 dst=00:00:00:00:00:03 in_port=1 out_port=3
[FLOW_MOD] t=16129.095511329 dpid=s16 action=add src=00:00:00:00:00:01 dst=00:00:00:00:00:03 in_port=1 out_port=3
[FLOW_MOD] t=16129.096034917 dpid=s4 action=delete-strict src=00:00:00:00:00:01 dst=00:00:00:00:00:03 in_port=1 out_port=4
[FLOW_MOD] t=16129.096411820 dpid=s4 action=add src=00:00:00:00:00:01 dst=00:00:00:00:00:03 in_port=1 out_port=4
[FLOW_MOD] t=16129.096858752 dpid=s1 action=delete-strict src=00:00:00:00:00:01 dst=00:00:00:00:00:03 in_port=1 out_port=3
[FLOW_MOD] t=16129.097216172 dpid=s1 action=add src=00:00:00:00:00:01 dst=00:00:00:00:00:03 in_port=1 out_port=3
[FLOW_MOD] t=16129.098396711 dpid=s2 action=delete-strict src=00:00:00:00:00:01 dst=00:00:00:00:00:03 in_port=3 out_port=1
[FLOW_MOD] t=16129.098831729 dpid=s2 action=add src=00:00:00:00:00:01 dst=00:00:00:00:00:03 in_port=3 out_port=1
[FLOW_MOD] t=16129.099361626 dpid=s6 action=delete-strict src=00:00:00:00:00:01 dst=00:00:00:00:00:03 in_port=4 out_port=1
[FLOW_MOD] t=16129.099779287 dpid=s6 action=add src=00:00:00:00:00:01 dst=00:00:00:00:00:03 in_port=4 out_port=1
[FLOW_MOD] t=16129.100287694 dpid=s18 action=delete-strict src=00:00:00:00:00:01 dst=00:00:00:00:00:03 in_port=3 out_port=1
[FLOW_MOD] t=16129.100640174 dpid=s18 action=add src=00:00:00:00:00:01 dst=00:00:00:00:00:03 in_port=3 out_port=1
[FLOW_MOD] t=16129.101109489 dpid=s18 action=delete-strict src=00:00:00:00:00:03 dst=00:00:00:00:00:01 in_port=1 out_port=3
[FLOW_MOD] t=16129.101447708 dpid=s18 action=add src=00:00:00:00:00:03 dst=00:00:00:00:00:01 in_port=1 out_port=3
[FLOW_MOD] t=16129.101932741 dpid=s6 action=delete-strict src=00:00:00:00:00:03 dst=00:00:00:00:00:01 in_port=1 out_port=4
[FLOW_MOD] t=16129.102247734 dpid=s6 action=add src=00:00:00:00:00:03 dst=00:00:00:00:00:01 in_port=1 out_port=4
[FLOW_MOD] t=16129.102609189 dpid=s2 action=delete-strict src=00:00:00:00:00:03 dst=00:00:00:00:00:01 in_port=1 out_port=3
[FLOW_MOD] t=16129.102924267 dpid=s2 action=add src=00:00:00:00:00:03 dst=00:00:00:00:00:01 in_port=1 out_port=3
[FLOW_MOD] t=16129.103294818 dpid=s1 action=delete-strict src=00:00:00:00:00:03 dst=00:00:00:00:00:01 in_port=3 out_port=1
[FLOW_MOD] t=16129.103601165 dpid=s1 action=add src=00:00:00:00:00:03 dst=00:00:00:00:00:01 in_port=3 out_port=1
[FLOW_MOD] t=16129.103982553 dpid=s4 action=delete-strict src=00:00:00:00:00:03 dst=00:00:00:00:00:01 in_port=4 out_port=1
[FLOW_MOD] t=16129.104297066 dpid=s4 action=add src=00:00:00:00:00:03 dst=00:00:00:00:00:01 in_port=4 out_port=1
[FLOW_MOD] t=16129.104766755 dpid=s16 action=delete-strict src=00:00:00:00:00:03 dst=00:00:00:00:00:01 in_port=3 out_port=1
[FLOW_MOD] t=16129.105095218 dpid=s16 action=add src=00:00:00:00:00:03 dst=00:00:00:00:00:01 in_port=3 out_port=1
[SPF-DONE] A* s16->s19 reachable=11/11
[PATH-COMPUTED] s16->s19: 5 hop(s) path=s16 -> s4 -> s1 -> s2 -> s6 -> s19
[FLOW-INSTALL] 00:00:00:00:00:01 → 00:00:00:00:00:04: s16 -> s4 -> s1 -> s2 -> s6 -> s19
[FLOW_MOD] t=16129.110861582 dpid=s16 action=delete-strict src=00:00:00:00:00:01 dst=00:00:00:00:00:04 in_port=1 out_port=3
[FLOW_MOD] t=16129.111268570 dpid=s16 action=add src=00:00:00:00:00:01 dst=00:00:00:00:00:04 in_port=1 out_port=3
[FLOW_MOD] t=16129.111736802 dpid=s4 action=delete-strict src=00:00:00:00:00:01 dst=00:00:00:00:00:04 in_port=1 out_port=4
[FLOW_MOD] t=16129.112132299 dpid=s4 action=add src=00:00:00:00:00:01 dst=00:00:00:00:00:04 in_port=1 out_port=4
[FLOW_MOD] t=16129.112597559 dpid=s1 action=delete-strict src=00:00:00:00:00:01 dst=00:00:00:00:00:04 in_port=1 out_port=3
[FLOW_MOD] t=16129.113001099 dpid=s1 action=add src=00:00:00:00:00:01 dst=00:00:00:00:00:04 in_port=1 out_port=3
[FLOW_MOD] t=16129.113396794 dpid=s2 action=delete-strict src=00:00:00:00:00:01 dst=00:00:00:00:00:04 in_port=3 out_port=1
[FLOW_MOD] t=16129.113759094 dpid=s2 action=add src=00:00:00:00:00:01 dst=00:00:00:00:00:04 in_port=3 out_port=1
[FLOW_MOD] t=16129.114243083 dpid=s6 action=delete-strict src=00:00:00:00:00:01 dst=00:00:00:00:00:04 in_port=4 out_port=2
[FLOW_MOD] t=16129.114601548 dpid=s6 action=add src=00:00:00:00:00:01 dst=00:00:00:00:00:04 in_port=4 out_port=2
[FLOW_MOD] t=16129.115067706 dpid=s19 action=delete-strict src=00:00:00:00:00:01 dst=00:00:00:00:00:04 in_port=3 out_port=1
[FLOW_MOD] t=16129.115366659 dpid=s19 action=add src=00:00:00:00:00:01 dst=00:00:00:00:00:04 in_port=3 out_port=1
[FLOW_MOD] t=16129.115713038 dpid=s19 action=delete-strict src=00:00:00:00:00:04 dst=00:00:00:00:00:01 in_port=1 out_port=3
[FLOW_MOD] t=16129.116025792 dpid=s19 action=add src=00:00:00:00:00:04 dst=00:00:00:00:00:01 in_port=1 out_port=3
[FLOW_MOD] t=16129.116359788 dpid=s6 action=delete-strict src=00:00:00:00:00:04 dst=00:00:00:00:00:01 in_port=2 out_port=4
[FLOW_MOD] t=16129.116682326 dpid=s6 action=add src=00:00:00:00:00:04 dst=00:00:00:00:00:01 in_port=2 out_port=4
[FLOW_MOD] t=16129.117141230 dpid=s2 action=delete-strict src=00:00:00:00:00:04 dst=00:00:00:00:00:01 in_port=1 out_port=3
[FLOW_MOD] t=16129.117474427 dpid=s2 action=add src=00:00:00:00:00:04 dst=00:00:00:00:00:01 in_port=1 out_port=3
[FLOW_MOD] t=16129.117871425 dpid=s1 action=delete-strict src=00:00:00:00:00:04 dst=00:00:00:00:00:01 in_port=3 out_port=1
[FLOW_MOD] t=16129.118124503 dpid=s1 action=add src=00:00:00:00:00:04 dst=00:00:00:00:00:01 in_port=3 out_port=1
[FLOW_MOD] t=16129.118502621 dpid=s4 action=delete-strict src=00:00:00:00:00:04 dst=00:00:00:00:00:01 in_port=4 out_port=1
[FLOW_MOD] t=16129.118820783 dpid=s4 action=add src=00:00:00:00:00:04 dst=00:00:00:00:00:01 in_port=4 out_port=1
[FLOW_MOD] t=16129.119342504 dpid=s16 action=delete-strict src=00:00:00:00:00:04 dst=00:00:00:00:00:01 in_port=3 out_port=1
[FLOW_MOD] t=16129.119735079 dpid=s16 action=add src=00:00:00:00:00:04 dst=00:00:00:00:00:01 in_port=3 out_port=1
[SPF-DONE] A* s17->s16 reachable=5/11
[PATH-COMPUTED] s17->s16: 2 hop(s) path=s17 -> s4 -> s16
[FLOW-INSTALL] 00:00:00:00:00:02 → 00:00:00:00:00:01: s17 -> s4 -> s16
[FLOW_MOD] t=16129.123849407 dpid=s17 action=delete-strict src=00:00:00:00:00:02 dst=00:00:00:00:00:01 in_port=1 out_port=3
[FLOW_MOD] t=16129.124273770 dpid=s17 action=add src=00:00:00:00:00:02 dst=00:00:00:00:00:01 in_port=1 out_port=3
[FLOW_MOD] t=16129.124685129 dpid=s4 action=delete-strict src=00:00:00:00:00:02 dst=00:00:00:00:00:01 in_port=2 out_port=1
[FLOW_MOD] t=16129.124994604 dpid=s4 action=add src=00:00:00:00:00:02 dst=00:00:00:00:00:01 in_port=2 out_port=1
[FLOW_MOD] t=16129.125509069 dpid=s16 action=delete-strict src=00:00:00:00:00:02 dst=00:00:00:00:00:01 in_port=3 out_port=1
[FLOW_MOD] t=16129.125893474 dpid=s16 action=add src=00:00:00:00:00:02 dst=00:00:00:00:00:01 in_port=3 out_port=1
[FLOW_MOD] t=16129.126399548 dpid=s16 action=delete-strict src=00:00:00:00:00:01 dst=00:00:00:00:00:02 in_port=1 out_port=3
[FLOW_MOD] t=16129.126742670 dpid=s16 action=add src=00:00:00:00:00:01 dst=00:00:00:00:00:02 in_port=1 out_port=3
[FLOW_MOD] t=16129.128489077 dpid=s4 action=delete-strict src=00:00:00:00:00:01 dst=00:00:00:00:00:02 in_port=1 out_port=2
[FLOW_MOD] t=16129.128996352 dpid=s4 action=add src=00:00:00:00:00:01 dst=00:00:00:00:00:02 in_port=1 out_port=2
[FLOW_MOD] t=16129.129475545 dpid=s17 action=delete-strict src=00:00:00:00:00:01 dst=00:00:00:00:00:02 in_port=3 out_port=1
[FLOW_MOD] t=16129.129911852 dpid=s17 action=add src=00:00:00:00:00:01 dst=00:00:00:00:00:02 in_port=3 out_port=1
[SPF-DONE] A* s17->s18 reachable=11/11
[PATH-COMPUTED] s17->s18: 5 hop(s) path=s17 -> s4 -> s1 -> s2 -> s6 -> s18
[FLOW-INSTALL] 00:00:00:00:00:02 → 00:00:00:00:00:03: s17 -> s4 -> s1 -> s2 -> s6 -> s18
[FLOW_MOD] t=16129.135940775 dpid=s17 action=delete-strict src=00:00:00:00:00:02 dst=00:00:00:00:00:03 in_port=1 out_port=3
[FLOW_MOD] t=16129.136386685 dpid=s17 action=add src=00:00:00:00:00:02 dst=00:00:00:00:00:03 in_port=1 out_port=3
[FLOW_MOD] t=16129.137016544 dpid=s4 action=delete-strict src=00:00:00:00:00:02 dst=00:00:00:00:00:03 in_port=2 out_port=4
[FLOW_MOD] t=16129.137479301 dpid=s4 action=add src=00:00:00:00:00:02 dst=00:00:00:00:00:03 in_port=2 out_port=4
[FLOW_MOD] t=16129.137973134 dpid=s1 action=delete-strict src=00:00:00:00:00:02 dst=00:00:00:00:00:03 in_port=1 out_port=3
[FLOW_MOD] t=16129.138301574 dpid=s1 action=add src=00:00:00:00:00:02 dst=00:00:00:00:00:03 in_port=1 out_port=3
[FLOW_MOD] t=16129.138668952 dpid=s2 action=delete-strict src=00:00:00:00:00:02 dst=00:00:00:00:00:03 in_port=3 out_port=1
[FLOW_MOD] t=16129.139178924 dpid=s2 action=add src=00:00:00:00:00:02 dst=00:00:00:00:00:03 in_port=3 out_port=1
[FLOW_MOD] t=16129.139610799 dpid=s6 action=delete-strict src=00:00:00:00:00:02 dst=00:00:00:00:00:03 in_port=4 out_port=1
[FLOW_MOD] t=16129.140032637 dpid=s6 action=add src=00:00:00:00:00:02 dst=00:00:00:00:00:03 in_port=4 out_port=1
[FLOW_MOD] t=16129.140485201 dpid=s18 action=delete-strict src=00:00:00:00:00:02 dst=00:00:00:00:00:03 in_port=3 out_port=1
[FLOW_MOD] t=16129.141784093 dpid=s18 action=add src=00:00:00:00:00:02 dst=00:00:00:00:00:03 in_port=3 out_port=1
[FLOW_MOD] t=16129.142277452 dpid=s18 action=delete-strict src=00:00:00:00:00:03 dst=00:00:00:00:00:02 in_port=1 out_port=3
[FLOW_MOD] t=16129.142608512 dpid=s18 action=add src=00:00:00:00:00:03 dst=00:00:00:00:00:02 in_port=1 out_port=3
[FLOW_MOD] t=16129.143150396 dpid=s6 action=delete-strict src=00:00:00:00:00:03 dst=00:00:00:00:00:02 in_port=1 out_port=4
[FLOW_MOD] t=16129.143514316 dpid=s6 action=add src=00:00:00:00:00:03 dst=00:00:00:00:00:02 in_port=1 out_port=4
[FLOW_MOD] t=16129.144553163 dpid=s2 action=delete-strict src=00:00:00:00:00:03 dst=00:00:00:00:00:02 in_port=1 out_port=3
[FLOW_MOD] t=16129.144990686 dpid=s2 action=add src=00:00:00:00:00:03 dst=00:00:00:00:00:02 in_port=1 out_port=3
[FLOW_MOD] t=16129.145524161 dpid=s1 action=delete-strict src=00:00:00:00:00:03 dst=00:00:00:00:00:02 in_port=3 out_port=1
[FLOW_MOD] t=16129.145974731 dpid=s1 action=add src=00:00:00:00:00:03 dst=00:00:00:00:00:02 in_port=3 out_port=1
[FLOW_MOD] t=16129.146558061 dpid=s4 action=delete-strict src=00:00:00:00:00:03 dst=00:00:00:00:00:02 in_port=4 out_port=2
[FLOW_MOD] t=16129.146943969 dpid=s4 action=add src=00:00:00:00:00:03 dst=00:00:00:00:00:02 in_port=4 out_port=2
[FLOW_MOD] t=16129.147542624 dpid=s17 action=delete-strict src=00:00:00:00:00:03 dst=00:00:00:00:00:02 in_port=3 out_port=1
[FLOW_MOD] t=16129.147901536 dpid=s17 action=add src=00:00:00:00:00:03 dst=00:00:00:00:00:02 in_port=3 out_port=1
[SPF-DONE] A* s17->s19 reachable=11/11
[PATH-COMPUTED] s17->s19: 5 hop(s) path=s17 -> s4 -> s1 -> s2 -> s6 -> s19
[FLOW-INSTALL] 00:00:00:00:00:02 → 00:00:00:00:00:04: s17 -> s4 -> s1 -> s2 -> s6 -> s19
[FLOW_MOD] t=16129.152551638 dpid=s17 action=delete-strict src=00:00:00:00:00:02 dst=00:00:00:00:00:04 in_port=1 out_port=3
[FLOW_MOD] t=16129.153011962 dpid=s17 action=add src=00:00:00:00:00:02 dst=00:00:00:00:00:04 in_port=1 out_port=3
[FLOW_MOD] t=16129.153491313 dpid=s4 action=delete-strict src=00:00:00:00:00:02 dst=00:00:00:00:00:04 in_port=2 out_port=4
[FLOW_MOD] t=16129.153843976 dpid=s4 action=add src=00:00:00:00:00:02 dst=00:00:00:00:00:04 in_port=2 out_port=4
[FLOW_MOD] t=16129.154312441 dpid=s1 action=delete-strict src=00:00:00:00:00:02 dst=00:00:00:00:00:04 in_port=1 out_port=3
[FLOW_MOD] t=16129.154673165 dpid=s1 action=add src=00:00:00:00:00:02 dst=00:00:00:00:00:04 in_port=1 out_port=3
[FLOW_MOD] t=16129.155134220 dpid=s2 action=delete-strict src=00:00:00:00:00:02 dst=00:00:00:00:00:04 in_port=3 out_port=1
[FLOW_MOD] t=16129.155489850 dpid=s2 action=add src=00:00:00:00:00:02 dst=00:00:00:00:00:04 in_port=3 out_port=1
[FLOW_MOD] t=16129.155884094 dpid=s6 action=delete-strict src=00:00:00:00:00:02 dst=00:00:00:00:00:04 in_port=4 out_port=2
[FLOW_MOD] t=16129.156256549 dpid=s6 action=add src=00:00:00:00:00:02 dst=00:00:00:00:00:04 in_port=4 out_port=2
[FLOW_MOD] t=16129.156682051 dpid=s19 action=delete-strict src=00:00:00:00:00:02 dst=00:00:00:00:00:04 in_port=3 out_port=1
[FLOW_MOD] t=16129.156991595 dpid=s19 action=add src=00:00:00:00:00:02 dst=00:00:00:00:00:04 in_port=3 out_port=1
[FLOW_MOD] t=16129.157419729 dpid=s19 action=delete-strict src=00:00:00:00:00:04 dst=00:00:00:00:00:02 in_port=1 out_port=3
[FLOW_MOD] t=16129.157713574 dpid=s19 action=add src=00:00:00:00:00:04 dst=00:00:00:00:00:02 in_port=1 out_port=3
[FLOW_MOD] t=16129.158162356 dpid=s6 action=delete-strict src=00:00:00:00:00:04 dst=00:00:00:00:00:02 in_port=2 out_port=4
[FLOW_MOD] t=16129.158506345 dpid=s6 action=add src=00:00:00:00:00:04 dst=00:00:00:00:00:02 in_port=2 out_port=4
[FLOW_MOD] t=16129.158902708 dpid=s2 action=delete-strict src=00:00:00:00:00:04 dst=00:00:00:00:00:02 in_port=1 out_port=3
[FLOW_MOD] t=16129.159298215 dpid=s2 action=add src=00:00:00:00:00:04 dst=00:00:00:00:00:02 in_port=1 out_port=3
[FLOW_MOD] t=16129.159793601 dpid=s1 action=delete-strict src=00:00:00:00:00:04 dst=00:00:00:00:00:02 in_port=3 out_port=1
[FLOW_MOD] t=16129.160143620 dpid=s1 action=add src=00:00:00:00:00:04 dst=00:00:00:00:00:02 in_port=3 out_port=1
[FLOW_MOD] t=16129.160538935 dpid=s4 action=delete-strict src=00:00:00:00:00:04 dst=00:00:00:00:00:02 in_port=4 out_port=2
[FLOW_MOD] t=16129.160843437 dpid=s4 action=add src=00:00:00:00:00:04 dst=00:00:00:00:00:02 in_port=4 out_port=2
[FLOW_MOD] t=16129.161264637 dpid=s17 action=delete-strict src=00:00:00:00:00:04 dst=00:00:00:00:00:02 in_port=3 out_port=1
[FLOW_MOD] t=16129.161653424 dpid=s17 action=add src=00:00:00:00:00:04 dst=00:00:00:00:00:02 in_port=3 out_port=1
[SPF-DONE] A* s18->s16 reachable=11/11
[PATH-COMPUTED] s18->s16: 5 hop(s) path=s18 -> s6 -> s2 -> s1 -> s4 -> s16
[FLOW-INSTALL] 00:00:00:00:00:03 → 00:00:00:00:00:01: s18 -> s6 -> s2 -> s1 -> s4 -> s16
[FLOW_MOD] t=16129.166497643 dpid=s18 action=delete-strict src=00:00:00:00:00:03 dst=00:00:00:00:00:01 in_port=1 out_port=3
[FLOW_MOD] t=16129.166913838 dpid=s18 action=add src=00:00:00:00:00:03 dst=00:00:00:00:00:01 in_port=1 out_port=3
[FLOW_MOD] t=16129.167332276 dpid=s6 action=delete-strict src=00:00:00:00:00:03 dst=00:00:00:00:00:01 in_port=1 out_port=4
[FLOW_MOD] t=16129.167641595 dpid=s6 action=add src=00:00:00:00:00:03 dst=00:00:00:00:00:01 in_port=1 out_port=4
[FLOW_MOD] t=16129.168199199 dpid=s2 action=delete-strict src=00:00:00:00:00:03 dst=00:00:00:00:00:01 in_port=1 out_port=3
[FLOW_MOD] t=16129.168515934 dpid=s2 action=add src=00:00:00:00:00:03 dst=00:00:00:00:00:01 in_port=1 out_port=3
[FLOW_MOD] t=16129.168900309 dpid=s1 action=delete-strict src=00:00:00:00:00:03 dst=00:00:00:00:00:01 in_port=3 out_port=1
[FLOW_MOD] t=16129.169180892 dpid=s1 action=add src=00:00:00:00:00:03 dst=00:00:00:00:00:01 in_port=3 out_port=1
[FLOW_MOD] t=16129.169623899 dpid=s4 action=delete-strict src=00:00:00:00:00:03 dst=00:00:00:00:00:01 in_port=4 out_port=1
[FLOW_MOD] t=16129.169952422 dpid=s4 action=add src=00:00:00:00:00:03 dst=00:00:00:00:00:01 in_port=4 out_port=1
[FLOW_MOD] t=16129.170491765 dpid=s16 action=delete-strict src=00:00:00:00:00:03 dst=00:00:00:00:00:01 in_port=3 out_port=1
[FLOW_MOD] t=16129.170918322 dpid=s16 action=add src=00:00:00:00:00:03 dst=00:00:00:00:00:01 in_port=3 out_port=1
[FLOW_MOD] t=16129.171326251 dpid=s16 action=delete-strict src=00:00:00:00:00:01 dst=00:00:00:00:00:03 in_port=1 out_port=3
[FLOW_MOD] t=16129.171619861 dpid=s16 action=add src=00:00:00:00:00:01 dst=00:00:00:00:00:03 in_port=1 out_port=3
[FLOW_MOD] t=16129.172102812 dpid=s4 action=delete-strict src=00:00:00:00:00:01 dst=00:00:00:00:00:03 in_port=1 out_port=4
[FLOW_MOD] t=16129.172421370 dpid=s4 action=add src=00:00:00:00:00:01 dst=00:00:00:00:00:03 in_port=1 out_port=4
[FLOW_MOD] t=16129.172840861 dpid=s1 action=delete-strict src=00:00:00:00:00:01 dst=00:00:00:00:00:03 in_port=1 out_port=3
[FLOW_MOD] t=16129.173143716 dpid=s1 action=add src=00:00:00:00:00:01 dst=00:00:00:00:00:03 in_port=1 out_port=3
[FLOW_MOD] t=16129.173566451 dpid=s2 action=delete-strict src=00:00:00:00:00:01 dst=00:00:00:00:00:03 in_port=3 out_port=1
[FLOW_MOD] t=16129.173845744 dpid=s2 action=add src=00:00:00:00:00:01 dst=00:00:00:00:00:03 in_port=3 out_port=1
[FLOW_MOD] t=16129.174191820 dpid=s6 action=delete-strict src=00:00:00:00:00:01 dst=00:00:00:00:00:03 in_port=4 out_port=1
[FLOW_MOD] t=16129.174468923 dpid=s6 action=add src=00:00:00:00:00:01 dst=00:00:00:00:00:03 in_port=4 out_port=1
[FLOW_MOD] t=16129.174850515 dpid=s18 action=delete-strict src=00:00:00:00:00:01 dst=00:00:00:00:00:03 in_port=3 out_port=1
[FLOW_MOD] t=16129.175149793 dpid=s18 action=add src=00:00:00:00:00:01 dst=00:00:00:00:00:03 in_port=3 out_port=1
[SPF-DONE] A* s18->s17 reachable=11/11
[PATH-COMPUTED] s18->s17: 5 hop(s) path=s18 -> s6 -> s2 -> s1 -> s4 -> s17
[FLOW-INSTALL] 00:00:00:00:00:03 → 00:00:00:00:00:02: s18 -> s6 -> s2 -> s1 -> s4 -> s17
[FLOW_MOD] t=16129.179055774 dpid=s18 action=delete-strict src=00:00:00:00:00:03 dst=00:00:00:00:00:02 in_port=1 out_port=3
[FLOW_MOD] t=16129.179344270 dpid=s18 action=add src=00:00:00:00:00:03 dst=00:00:00:00:00:02 in_port=1 out_port=3
[FLOW_MOD] t=16129.179683876 dpid=s6 action=delete-strict src=00:00:00:00:00:03 dst=00:00:00:00:00:02 in_port=1 out_port=4
[FLOW_MOD] t=16129.180061800 dpid=s6 action=add src=00:00:00:00:00:03 dst=00:00:00:00:00:02 in_port=1 out_port=4
[FLOW_MOD] t=16129.180569084 dpid=s2 action=delete-strict src=00:00:00:00:00:03 dst=00:00:00:00:00:02 in_port=1 out_port=3
[FLOW_MOD] t=16129.180866538 dpid=s2 action=add src=00:00:00:00:00:03 dst=00:00:00:00:00:02 in_port=1 out_port=3
[FLOW_MOD] t=16129.181232104 dpid=s1 action=delete-strict src=00:00:00:00:00:03 dst=00:00:00:00:00:02 in_port=3 out_port=1
[FLOW_MOD] t=16129.181475940 dpid=s1 action=add src=00:00:00:00:00:03 dst=00:00:00:00:00:02 in_port=3 out_port=1
[FLOW_MOD] t=16129.181795788 dpid=s4 action=delete-strict src=00:00:00:00:00:03 dst=00:00:00:00:00:02 in_port=4 out_port=2
[FLOW_MOD] t=16129.182076940 dpid=s4 action=add src=00:00:00:00:00:03 dst=00:00:00:00:00:02 in_port=4 out_port=2
[FLOW_MOD] t=16129.182424185 dpid=s17 action=delete-strict src=00:00:00:00:00:03 dst=00:00:00:00:00:02 in_port=3 out_port=1
[FLOW_MOD] t=16129.182660944 dpid=s17 action=add src=00:00:00:00:00:03 dst=00:00:00:00:00:02 in_port=3 out_port=1
[FLOW_MOD] t=16129.182962170 dpid=s17 action=delete-strict src=00:00:00:00:00:02 dst=00:00:00:00:00:03 in_port=1 out_port=3
[FLOW_MOD] t=16129.183379885 dpid=s17 action=add src=00:00:00:00:00:02 dst=00:00:00:00:00:03 in_port=1 out_port=3
[FLOW_MOD] t=16129.183708448 dpid=s4 action=delete-strict src=00:00:00:00:00:02 dst=00:00:00:00:00:03 in_port=2 out_port=4
[FLOW_MOD] t=16129.185359532 dpid=s4 action=add src=00:00:00:00:00:02 dst=00:00:00:00:00:03 in_port=2 out_port=4
[FLOW_MOD] t=16129.185943812 dpid=s1 action=delete-strict src=00:00:00:00:00:02 dst=00:00:00:00:00:03 in_port=1 out_port=3
[FLOW_MOD] t=16129.186258656 dpid=s1 action=add src=00:00:00:00:00:02 dst=00:00:00:00:00:03 in_port=1 out_port=3
[FLOW_MOD] t=16129.186623215 dpid=s2 action=delete-strict src=00:00:00:00:00:02 dst=00:00:00:00:00:03 in_port=3 out_port=1
[FLOW_MOD] t=16129.186886360 dpid=s2 action=add src=00:00:00:00:00:02 dst=00:00:00:00:00:03 in_port=3 out_port=1
[FLOW_MOD] t=16129.187201066 dpid=s6 action=delete-strict src=00:00:00:00:00:02 dst=00:00:00:00:00:03 in_port=4 out_port=1
[FLOW_MOD] t=16129.187467108 dpid=s6 action=add src=00:00:00:00:00:02 dst=00:00:00:00:00:03 in_port=4 out_port=1
[FLOW_MOD] t=16129.187795908 dpid=s18 action=delete-strict src=00:00:00:00:00:02 dst=00:00:00:00:00:03 in_port=3 out_port=1
[FLOW_MOD] t=16129.188138261 dpid=s18 action=add src=00:00:00:00:00:02 dst=00:00:00:00:00:03 in_port=3 out_port=1
[SPF-DONE] A* s18->s19 reachable=5/11
[PATH-COMPUTED] s18->s19: 2 hop(s) path=s18 -> s6 -> s19
[FLOW-INSTALL] 00:00:00:00:00:03 → 00:00:00:00:00:04: s18 -> s6 -> s19
[FLOW_MOD] t=16129.192149017 dpid=s18 action=delete-strict src=00:00:00:00:00:03 dst=00:00:00:00:00:04 in_port=1 out_port=3
[FLOW_MOD] t=16129.192467962 dpid=s18 action=add src=00:00:00:00:00:03 dst=00:00:00:00:00:04 in_port=1 out_port=3
[FLOW_MOD] t=16129.192846213 dpid=s6 action=delete-strict src=00:00:00:00:00:03 dst=00:00:00:00:00:04 in_port=1 out_port=2
[FLOW_MOD] t=16129.193149767 dpid=s6 action=add src=00:00:00:00:00:03 dst=00:00:00:00:00:04 in_port=1 out_port=2
[FLOW_MOD] t=16129.193542236 dpid=s19 action=delete-strict src=00:00:00:00:00:03 dst=00:00:00:00:00:04 in_port=3 out_port=1
[FLOW_MOD] t=16129.193927067 dpid=s19 action=add src=00:00:00:00:00:03 dst=00:00:00:00:00:04 in_port=3 out_port=1
[FLOW_MOD] t=16129.194701474 dpid=s19 action=delete-strict src=00:00:00:00:00:04 dst=00:00:00:00:00:03 in_port=1 out_port=3
[FLOW_MOD] t=16129.194994466 dpid=s19 action=add src=00:00:00:00:00:04 dst=00:00:00:00:00:03 in_port=1 out_port=3
[FLOW_MOD] t=16129.195381034 dpid=s6 action=delete-strict src=00:00:00:00:00:04 dst=00:00:00:00:00:03 in_port=2 out_port=1
[FLOW_MOD] t=16129.195667565 dpid=s6 action=add src=00:00:00:00:00:04 dst=00:00:00:00:00:03 in_port=2 out_port=1
[FLOW_MOD] t=16129.196116758 dpid=s18 action=delete-strict src=00:00:00:00:00:04 dst=00:00:00:00:00:03 in_port=3 out_port=1
[FLOW_MOD] t=16129.196383405 dpid=s18 action=add src=00:00:00:00:00:04 dst=00:00:00:00:00:03 in_port=3 out_port=1
[SPF-DONE] A* s19->s16 reachable=11/11
[PATH-COMPUTED] s19->s16: 5 hop(s) path=s19 -> s6 -> s2 -> s1 -> s4 -> s16
[FLOW-INSTALL] 00:00:00:00:00:04 → 00:00:00:00:00:01: s19 -> s6 -> s2 -> s1 -> s4 -> s16
[FLOW_MOD] t=16129.200251430 dpid=s19 action=delete-strict src=00:00:00:00:00:04 dst=00:00:00:00:00:01 in_port=1 out_port=3
[FLOW_MOD] t=16129.200542979 dpid=s19 action=add src=00:00:00:00:00:04 dst=00:00:00:00:00:01 in_port=1 out_port=3
[FLOW_MOD] t=16129.200877279 dpid=s6 action=delete-strict src=00:00:00:00:00:04 dst=00:00:00:00:00:01 in_port=2 out_port=4
[FLOW_MOD] t=16129.201139386 dpid=s6 action=add src=00:00:00:00:00:04 dst=00:00:00:00:00:01 in_port=2 out_port=4
[FLOW_MOD] t=16129.201478313 dpid=s2 action=delete-strict src=00:00:00:00:00:04 dst=00:00:00:00:00:01 in_port=1 out_port=3
[FLOW_MOD] t=16129.201761735 dpid=s2 action=add src=00:00:00:00:00:04 dst=00:00:00:00:00:01 in_port=1 out_port=3
[FLOW_MOD] t=16129.202068887 dpid=s1 action=delete-strict src=00:00:00:00:00:04 dst=00:00:00:00:00:01 in_port=3 out_port=1
[FLOW_MOD] t=16129.202321190 dpid=s1 action=add src=00:00:00:00:00:04 dst=00:00:00:00:00:01 in_port=3 out_port=1
[FLOW_MOD] t=16129.202622260 dpid=s4 action=delete-strict src=00:00:00:00:00:04 dst=00:00:00:00:00:01 in_port=4 out_port=1
[FLOW_MOD] t=16129.202865185 dpid=s4 action=add src=00:00:00:00:00:04 dst=00:00:00:00:00:01 in_port=4 out_port=1
[FLOW_MOD] t=16129.203219060 dpid=s16 action=delete-strict src=00:00:00:00:00:04 dst=00:00:00:00:00:01 in_port=3 out_port=1
[FLOW_MOD] t=16129.203524155 dpid=s16 action=add src=00:00:00:00:00:04 dst=00:00:00:00:00:01 in_port=3 out_port=1
[FLOW_MOD] t=16129.203892984 dpid=s16 action=delete-strict src=00:00:00:00:00:01 dst=00:00:00:00:00:04 in_port=1 out_port=3
[FLOW_MOD] t=16129.204169211 dpid=s16 action=add src=00:00:00:00:00:01 dst=00:00:00:00:00:04 in_port=1 out_port=3
[FLOW_MOD] t=16129.204479246 dpid=s4 action=delete-strict src=00:00:00:00:00:01 dst=00:00:00:00:00:04 in_port=1 out_port=4
[FLOW_MOD] t=16129.204712070 dpid=s4 action=add src=00:00:00:00:00:01 dst=00:00:00:00:00:04 in_port=1 out_port=4
[FLOW_MOD] t=16129.205046289 dpid=s1 action=delete-strict src=00:00:00:00:00:01 dst=00:00:00:00:00:04 in_port=1 out_port=3
[FLOW_MOD] t=16129.205290969 dpid=s1 action=add src=00:00:00:00:00:01 dst=00:00:00:00:00:04 in_port=1 out_port=3
[FLOW_MOD] t=16129.205596077 dpid=s2 action=delete-strict src=00:00:00:00:00:01 dst=00:00:00:00:00:04 in_port=3 out_port=1
[FLOW_MOD] t=16129.205849987 dpid=s2 action=add src=00:00:00:00:00:01 dst=00:00:00:00:00:04 in_port=3 out_port=1
[FLOW_MOD] t=16129.206177784 dpid=s6 action=delete-strict src=00:00:00:00:00:01 dst=00:00:00:00:00:04 in_port=4 out_port=2
[FLOW_MOD] t=16129.206413923 dpid=s6 action=add src=00:00:00:00:00:01 dst=00:00:00:00:00:04 in_port=4 out_port=2
[FLOW_MOD] t=16129.206771815 dpid=s19 action=delete-strict src=00:00:00:00:00:01 dst=00:00:00:00:00:04 in_port=3 out_port=1
[FLOW_MOD] t=16129.207023849 dpid=s19 action=add src=00:00:00:00:00:01 dst=00:00:00:00:00:04 in_port=3 out_port=1
[SPF-DONE] A* s19->s17 reachable=11/11
[PATH-COMPUTED] s19->s17: 5 hop(s) path=s19 -> s6 -> s2 -> s1 -> s4 -> s17
[FLOW-INSTALL] 00:00:00:00:00:04 → 00:00:00:00:00:02: s19 -> s6 -> s2 -> s1 -> s4 -> s17
[FLOW_MOD] t=16129.210695800 dpid=s19 action=delete-strict src=00:00:00:00:00:04 dst=00:00:00:00:00:02 in_port=1 out_port=3
[FLOW_MOD] t=16129.210970923 dpid=s19 action=add src=00:00:00:00:00:04 dst=00:00:00:00:00:02 in_port=1 out_port=3
[FLOW_MOD] t=16129.211319374 dpid=s6 action=delete-strict src=00:00:00:00:00:04 dst=00:00:00:00:00:02 in_port=2 out_port=4
[FLOW_MOD] t=16129.211581251 dpid=s6 action=add src=00:00:00:00:00:04 dst=00:00:00:00:00:02 in_port=2 out_port=4
[FLOW_MOD] t=16129.211931552 dpid=s2 action=delete-strict src=00:00:00:00:00:04 dst=00:00:00:00:00:02 in_port=1 out_port=3
[FLOW_MOD] t=16129.212242424 dpid=s2 action=add src=00:00:00:00:00:04 dst=00:00:00:00:00:02 in_port=1 out_port=3
[FLOW_MOD] t=16129.212576327 dpid=s1 action=delete-strict src=00:00:00:00:00:04 dst=00:00:00:00:00:02 in_port=3 out_port=1
[FLOW_MOD] t=16129.212831505 dpid=s1 action=add src=00:00:00:00:00:04 dst=00:00:00:00:00:02 in_port=3 out_port=1
[FLOW_MOD] t=16129.213185607 dpid=s4 action=delete-strict src=00:00:00:00:00:04 dst=00:00:00:00:00:02 in_port=4 out_port=2
[FLOW_MOD] t=16129.213508528 dpid=s4 action=add src=00:00:00:00:00:04 dst=00:00:00:00:00:02 in_port=4 out_port=2
[FLOW_MOD] t=16129.213872293 dpid=s17 action=delete-strict src=00:00:00:00:00:04 dst=00:00:00:00:00:02 in_port=3 out_port=1
[FLOW_MOD] t=16129.214111478 dpid=s17 action=add src=00:00:00:00:00:04 dst=00:00:00:00:00:02 in_port=3 out_port=1
[FLOW_MOD] t=16129.214406575 dpid=s17 action=delete-strict src=00:00:00:00:00:02 dst=00:00:00:00:00:04 in_port=1 out_port=3
[FLOW_MOD] t=16129.214660453 dpid=s17 action=add src=00:00:00:00:00:02 dst=00:00:00:00:00:04 in_port=1 out_port=3
[FLOW_MOD] t=16129.214997980 dpid=s4 action=delete-strict src=00:00:00:00:00:02 dst=00:00:00:00:00:04 in_port=2 out_port=4
[FLOW_MOD] t=16129.215228319 dpid=s4 action=add src=00:00:00:00:00:02 dst=00:00:00:00:00:04 in_port=2 out_port=4
[FLOW_MOD] t=16129.215528713 dpid=s1 action=delete-strict src=00:00:00:00:00:02 dst=00:00:00:00:00:04 in_port=1 out_port=3
[FLOW_MOD] t=16129.215734097 dpid=s1 action=add src=00:00:00:00:00:02 dst=00:00:00:00:00:04 in_port=1 out_port=3
[FLOW_MOD] t=16129.216156384 dpid=s2 action=delete-strict src=00:00:00:00:00:02 dst=00:00:00:00:00:04 in_port=3 out_port=1
[FLOW_MOD] t=16129.216410233 dpid=s2 action=add src=00:00:00:00:00:02 dst=00:00:00:00:00:04 in_port=3 out_port=1
[FLOW_MOD] t=16129.216768835 dpid=s6 action=delete-strict src=00:00:00:00:00:02 dst=00:00:00:00:00:04 in_port=4 out_port=2
[FLOW_MOD] t=16129.217003299 dpid=s6 action=add src=00:00:00:00:00:02 dst=00:00:00:00:00:04 in_port=4 out_port=2
[FLOW_MOD] t=16129.217339411 dpid=s19 action=delete-strict src=00:00:00:00:00:02 dst=00:00:00:00:00:04 in_port=3 out_port=1
[FLOW_MOD] t=16129.217570208 dpid=s19 action=add src=00:00:00:00:00:02 dst=00:00:00:00:00:04 in_port=3 out_port=1
[SPF-DONE] A* s19->s18 reachable=5/11
[PATH-COMPUTED] s19->s18: 2 hop(s) path=s19 -> s6 -> s18
[FLOW-INSTALL] 00:00:00:00:00:04 → 00:00:00:00:00:03: s19 -> s6 -> s18
[FLOW_MOD] t=16129.220991999 dpid=s19 action=delete-strict src=00:00:00:00:00:04 dst=00:00:00:00:00:03 in_port=1 out_port=3
[FLOW_MOD] t=16129.221246132 dpid=s19 action=add src=00:00:00:00:00:04 dst=00:00:00:00:00:03 in_port=1 out_port=3
[FLOW_MOD] t=16129.221591196 dpid=s6 action=delete-strict src=00:00:00:00:00:04 dst=00:00:00:00:00:03 in_port=2 out_port=1
[FLOW_MOD] t=16129.221831129 dpid=s6 action=add src=00:00:00:00:00:04 dst=00:00:00:00:00:03 in_port=2 out_port=1
[FLOW_MOD] t=16129.222116685 dpid=s18 action=delete-strict src=00:00:00:00:00:04 dst=00:00:00:00:00:03 in_port=3 out_port=1
[FLOW_MOD] t=16129.222387092 dpid=s18 action=add src=00:00:00:00:00:04 dst=00:00:00:00:00:03 in_port=3 out_port=1
[FLOW_MOD] t=16129.222757736 dpid=s18 action=delete-strict src=00:00:00:00:00:03 dst=00:00:00:00:00:04 in_port=1 out_port=3
[FLOW_MOD] t=16129.223046187 dpid=s18 action=add src=00:00:00:00:00:03 dst=00:00:00:00:00:04 in_port=1 out_port=3
[FLOW_MOD] t=16129.223444920 dpid=s6 action=delete-strict src=00:00:00:00:00:03 dst=00:00:00:00:00:04 in_port=1 out_port=2
[FLOW_MOD] t=16129.225028528 dpid=s6 action=add src=00:00:00:00:00:03 dst=00:00:00:00:00:04 in_port=1 out_port=2
[FLOW_MOD] t=16129.225419222 dpid=s19 action=delete-strict src=00:00:00:00:00:03 dst=00:00:00:00:00:04 in_port=3 out_port=1
[FLOW_MOD] t=16129.225733169 dpid=s19 action=add src=00:00:00:00:00:03 dst=00:00:00:00:00:04 in_port=3 out_port=1
[TOPO] route refresh: installed=12 skipped=0 unreachable=0 hosts=4
[CONVERGENCE-END] id=2 convergence_ms=105.209 installed=12 skipped=0 unreachable=0 hosts=4
[TOPO-CHANGE] (LLDP topology event) switches=11 links=34  delta +1 -0
[TOPO-UP]   [(2, 1)]
[TOPO-REFRESH] flushing 12 flows, rebuilding routes
[TREE-DONE] root=s1 tree_edges=11 reachable=11/11
[SPF-DONE] A* s16->s17 reachable=5/11
[PATH-COMPUTED] s16->s17: 2 hop(s) path=s16 -> s4 -> s17
[FLOW-INSTALL] 00:00:00:00:00:01 → 00:00:00:00:00:02: s16 -> s4 -> s17
[FLOW_MOD] t=16129.231041777 dpid=s16 action=delete-strict src=00:00:00:00:00:01 dst=00:00:00:00:00:02 in_port=1 out_port=3
[FLOW_MOD] t=16129.231359580 dpid=s16 action=add src=00:00:00:00:00:01 dst=00:00:00:00:00:02 in_port=1 out_port=3
[FLOW_MOD] t=16129.231734231 dpid=s4 action=delete-strict src=00:00:00:00:00:01 dst=00:00:00:00:00:02 in_port=1 out_port=2
[FLOW_MOD] t=16129.232048455 dpid=s4 action=add src=00:00:00:00:00:01 dst=00:00:00:00:00:02 in_port=1 out_port=2
[FLOW_MOD] t=16129.232372099 dpid=s17 action=delete-strict src=00:00:00:00:00:01 dst=00:00:00:00:00:02 in_port=3 out_port=1
[FLOW_MOD] t=16129.232605659 dpid=s17 action=add src=00:00:00:00:00:01 dst=00:00:00:00:00:02 in_port=3 out_port=1
[FLOW_MOD] t=16129.232897257 dpid=s17 action=delete-strict src=00:00:00:00:00:02 dst=00:00:00:00:00:01 in_port=1 out_port=3
[FLOW_MOD] t=16129.233144869 dpid=s17 action=add src=00:00:00:00:00:02 dst=00:00:00:00:00:01 in_port=1 out_port=3
[FLOW_MOD] t=16129.233519731 dpid=s4 action=delete-strict src=00:00:00:00:00:02 dst=00:00:00:00:00:01 in_port=2 out_port=1
[FLOW_MOD] t=16129.233791987 dpid=s4 action=add src=00:00:00:00:00:02 dst=00:00:00:00:00:01 in_port=2 out_port=1
[FLOW_MOD] t=16129.234089230 dpid=s16 action=delete-strict src=00:00:00:00:00:02 dst=00:00:00:00:00:01 in_port=3 out_port=1
[FLOW_MOD] t=16129.234340340 dpid=s16 action=add src=00:00:00:00:00:02 dst=00:00:00:00:00:01 in_port=3 out_port=1
[SPF-DONE] A* s16->s18 reachable=11/11
[PATH-COMPUTED] s16->s18: 5 hop(s) path=s16 -> s4 -> s1 -> s2 -> s6 -> s18
[FLOW-INSTALL] 00:00:00:00:00:01 → 00:00:00:00:00:03: s16 -> s4 -> s1 -> s2 -> s6 -> s18
[FLOW_MOD] t=16129.237823226 dpid=s16 action=delete-strict src=00:00:00:00:00:01 dst=00:00:00:00:00:03 in_port=1 out_port=3
[FLOW_MOD] t=16129.238090888 dpid=s16 action=add src=00:00:00:00:00:01 dst=00:00:00:00:00:03 in_port=1 out_port=3
[FLOW_MOD] t=16129.238489108 dpid=s4 action=delete-strict src=00:00:00:00:00:01 dst=00:00:00:00:00:03 in_port=1 out_port=4
[FLOW_MOD] t=16129.238771594 dpid=s4 action=add src=00:00:00:00:00:01 dst=00:00:00:00:00:03 in_port=1 out_port=4
[FLOW_MOD] t=16129.239148831 dpid=s1 action=delete-strict src=00:00:00:00:00:01 dst=00:00:00:00:00:03 in_port=1 out_port=3
[FLOW_MOD] t=16129.239387500 dpid=s1 action=add src=00:00:00:00:00:01 dst=00:00:00:00:00:03 in_port=1 out_port=3
[FLOW_MOD] t=16129.239773767 dpid=s2 action=delete-strict src=00:00:00:00:00:01 dst=00:00:00:00:00:03 in_port=3 out_port=1
[FLOW_MOD] t=16129.240125358 dpid=s2 action=add src=00:00:00:00:00:01 dst=00:00:00:00:00:03 in_port=3 out_port=1
[FLOW_MOD] t=16129.240484095 dpid=s6 action=delete-strict src=00:00:00:00:00:01 dst=00:00:00:00:00:03 in_port=4 out_port=1
[FLOW_MOD] t=16129.240759483 dpid=s6 action=add src=00:00:00:00:00:01 dst=00:00:00:00:00:03 in_port=4 out_port=1
[FLOW_MOD] t=16129.241113928 dpid=s18 action=delete-strict src=00:00:00:00:00:01 dst=00:00:00:00:00:03 in_port=3 out_port=1
[FLOW_MOD] t=16129.241399418 dpid=s18 action=add src=00:00:00:00:00:01 dst=00:00:00:00:00:03 in_port=3 out_port=1
[FLOW_MOD] t=16129.241759404 dpid=s18 action=delete-strict src=00:00:00:00:00:03 dst=00:00:00:00:00:01 in_port=1 out_port=3
[FLOW_MOD] t=16129.242065622 dpid=s18 action=add src=00:00:00:00:00:03 dst=00:00:00:00:00:01 in_port=1 out_port=3
[FLOW_MOD] t=16129.242394159 dpid=s6 action=delete-strict src=00:00:00:00:00:03 dst=00:00:00:00:00:01 in_port=1 out_port=4
[FLOW_MOD] t=16129.242701759 dpid=s6 action=add src=00:00:00:00:00:03 dst=00:00:00:00:00:01 in_port=1 out_port=4
[FLOW_MOD] t=16129.243049890 dpid=s2 action=delete-strict src=00:00:00:00:00:03 dst=00:00:00:00:00:01 in_port=1 out_port=3
[FLOW_MOD] t=16129.243390762 dpid=s2 action=add src=00:00:00:00:00:03 dst=00:00:00:00:00:01 in_port=1 out_port=3
[FLOW_MOD] t=16129.243832562 dpid=s1 action=delete-strict src=00:00:00:00:00:03 dst=00:00:00:00:00:01 in_port=3 out_port=1
[FLOW_MOD] t=16129.244195474 dpid=s1 action=add src=00:00:00:00:00:03 dst=00:00:00:00:00:01 in_port=3 out_port=1
[FLOW_MOD] t=16129.244670838 dpid=s4 action=delete-strict src=00:00:00:00:00:03 dst=00:00:00:00:00:01 in_port=4 out_port=1
[FLOW_MOD] t=16129.245010687 dpid=s4 action=add src=00:00:00:00:00:03 dst=00:00:00:00:00:01 in_port=4 out_port=1
[FLOW_MOD] t=16129.245428814 dpid=s16 action=delete-strict src=00:00:00:00:00:03 dst=00:00:00:00:00:01 in_port=3 out_port=1
[FLOW_MOD] t=16129.245691896 dpid=s16 action=add src=00:00:00:00:00:03 dst=00:00:00:00:00:01 in_port=3 out_port=1
[SPF-DONE] A* s16->s19 reachable=11/11
[PATH-COMPUTED] s16->s19: 5 hop(s) path=s16 -> s4 -> s1 -> s2 -> s6 -> s19
[FLOW-INSTALL] 00:00:00:00:00:01 → 00:00:00:00:00:04: s16 -> s4 -> s1 -> s2 -> s6 -> s19
[FLOW_MOD] t=16129.250144026 dpid=s16 action=delete-strict src=00:00:00:00:00:01 dst=00:00:00:00:00:04 in_port=1 out_port=3
[FLOW_MOD] t=16129.250421536 dpid=s16 action=add src=00:00:00:00:00:01 dst=00:00:00:00:00:04 in_port=1 out_port=3
[FLOW_MOD] t=16129.250736559 dpid=s4 action=delete-strict src=00:00:00:00:00:01 dst=00:00:00:00:00:04 in_port=1 out_port=4
[FLOW_MOD] t=16129.251066805 dpid=s4 action=add src=00:00:00:00:00:01 dst=00:00:00:00:00:04 in_port=1 out_port=4
[FLOW_MOD] t=16129.251389126 dpid=s1 action=delete-strict src=00:00:00:00:00:01 dst=00:00:00:00:00:04 in_port=1 out_port=3
[FLOW_MOD] t=16129.251628102 dpid=s1 action=add src=00:00:00:00:00:01 dst=00:00:00:00:00:04 in_port=1 out_port=3
[FLOW_MOD] t=16129.251943741 dpid=s2 action=delete-strict src=00:00:00:00:00:01 dst=00:00:00:00:00:04 in_port=3 out_port=1
[FLOW_MOD] t=16129.252233220 dpid=s2 action=add src=00:00:00:00:00:01 dst=00:00:00:00:00:04 in_port=3 out_port=1
[FLOW_MOD] t=16129.252560252 dpid=s6 action=delete-strict src=00:00:00:00:00:01 dst=00:00:00:00:00:04 in_port=4 out_port=2
[FLOW_MOD] t=16129.252855018 dpid=s6 action=add src=00:00:00:00:00:01 dst=00:00:00:00:00:04 in_port=4 out_port=2
[FLOW_MOD] t=16129.253265051 dpid=s19 action=delete-strict src=00:00:00:00:00:01 dst=00:00:00:00:00:04 in_port=3 out_port=1
[FLOW_MOD] t=16129.253542511 dpid=s19 action=add src=00:00:00:00:00:01 dst=00:00:00:00:00:04 in_port=3 out_port=1
[FLOW_MOD] t=16129.253860654 dpid=s19 action=delete-strict src=00:00:00:00:00:04 dst=00:00:00:00:00:01 in_port=1 out_port=3
[FLOW_MOD] t=16129.254080996 dpid=s19 action=add src=00:00:00:00:00:04 dst=00:00:00:00:00:01 in_port=1 out_port=3
[FLOW_MOD] t=16129.254423830 dpid=s6 action=delete-strict src=00:00:00:00:00:04 dst=00:00:00:00:00:01 in_port=2 out_port=4
[FLOW_MOD] t=16129.254687094 dpid=s6 action=add src=00:00:00:00:00:04 dst=00:00:00:00:00:01 in_port=2 out_port=4
[FLOW_MOD] t=16129.254982082 dpid=s2 action=delete-strict src=00:00:00:00:00:04 dst=00:00:00:00:00:01 in_port=1 out_port=3
[FLOW_MOD] t=16129.255189365 dpid=s2 action=add src=00:00:00:00:00:04 dst=00:00:00:00:00:01 in_port=1 out_port=3
[FLOW_MOD] t=16129.255514522 dpid=s1 action=delete-strict src=00:00:00:00:00:04 dst=00:00:00:00:00:01 in_port=3 out_port=1
[FLOW_MOD] t=16129.255758834 dpid=s1 action=add src=00:00:00:00:00:04 dst=00:00:00:00:00:01 in_port=3 out_port=1
[FLOW_MOD] t=16129.256181111 dpid=s4 action=delete-strict src=00:00:00:00:00:04 dst=00:00:00:00:00:01 in_port=4 out_port=1
[FLOW_MOD] t=16129.256518578 dpid=s4 action=add src=00:00:00:00:00:04 dst=00:00:00:00:00:01 in_port=4 out_port=1
[FLOW_MOD] t=16129.256895362 dpid=s16 action=delete-strict src=00:00:00:00:00:04 dst=00:00:00:00:00:01 in_port=3 out_port=1
[FLOW_MOD] t=16129.257208484 dpid=s16 action=add src=00:00:00:00:00:04 dst=00:00:00:00:00:01 in_port=3 out_port=1
[SPF-DONE] A* s17->s16 reachable=5/11
[PATH-COMPUTED] s17->s16: 2 hop(s) path=s17 -> s4 -> s16
[FLOW-INSTALL] 00:00:00:00:00:02 → 00:00:00:00:00:01: s17 -> s4 -> s16
[FLOW_MOD] t=16129.260312212 dpid=s17 action=delete-strict src=00:00:00:00:00:02 dst=00:00:00:00:00:01 in_port=1 out_port=3
[FLOW_MOD] t=16129.260532832 dpid=s17 action=add src=00:00:00:00:00:02 dst=00:00:00:00:00:01 in_port=1 out_port=3
[FLOW_MOD] t=16129.260818120 dpid=s4 action=delete-strict src=00:00:00:00:00:02 dst=00:00:00:00:00:01 in_port=2 out_port=1
[FLOW_MOD] t=16129.261032442 dpid=s4 action=add src=00:00:00:00:00:02 dst=00:00:00:00:00:01 in_port=2 out_port=1
[FLOW_MOD] t=16129.261382265 dpid=s16 action=delete-strict src=00:00:00:00:00:02 dst=00:00:00:00:00:01 in_port=3 out_port=1
[FLOW_MOD] t=16129.261678503 dpid=s16 action=add src=00:00:00:00:00:02 dst=00:00:00:00:00:01 in_port=3 out_port=1
[FLOW_MOD] t=16129.262035935 dpid=s16 action=delete-strict src=00:00:00:00:00:01 dst=00:00:00:00:00:02 in_port=1 out_port=3
[FLOW_MOD] t=16129.262275130 dpid=s16 action=add src=00:00:00:00:00:01 dst=00:00:00:00:00:02 in_port=1 out_port=3
[FLOW_MOD] t=16129.263620432 dpid=s4 action=delete-strict src=00:00:00:00:00:01 dst=00:00:00:00:00:02 in_port=1 out_port=2
[FLOW_MOD] t=16129.263944001 dpid=s4 action=add src=00:00:00:00:00:01 dst=00:00:00:00:00:02 in_port=1 out_port=2
[FLOW_MOD] t=16129.264299337 dpid=s17 action=delete-strict src=00:00:00:00:00:01 dst=00:00:00:00:00:02 in_port=3 out_port=1
[FLOW_MOD] t=16129.264602936 dpid=s17 action=add src=00:00:00:00:00:01 dst=00:00:00:00:00:02 in_port=3 out_port=1
[SPF-DONE] A* s17->s18 reachable=11/11
[PATH-COMPUTED] s17->s18: 5 hop(s) path=s17 -> s4 -> s1 -> s2 -> s6 -> s18
[FLOW-INSTALL] 00:00:00:00:00:02 → 00:00:00:00:00:03: s17 -> s4 -> s1 -> s2 -> s6 -> s18
[FLOW_MOD] t=16129.267925353 dpid=s17 action=delete-strict src=00:00:00:00:00:02 dst=00:00:00:00:00:03 in_port=1 out_port=3
[FLOW_MOD] t=16129.268233869 dpid=s17 action=add src=00:00:00:00:00:02 dst=00:00:00:00:00:03 in_port=1 out_port=3
[FLOW_MOD] t=16129.268553144 dpid=s4 action=delete-strict src=00:00:00:00:00:02 dst=00:00:00:00:00:03 in_port=2 out_port=4
[FLOW_MOD] t=16129.268795207 dpid=s4 action=add src=00:00:00:00:00:02 dst=00:00:00:00:00:03 in_port=2 out_port=4
[FLOW_MOD] t=16129.269154752 dpid=s1 action=delete-strict src=00:00:00:00:00:02 dst=00:00:00:00:00:03 in_port=1 out_port=3
[FLOW_MOD] t=16129.269449397 dpid=s1 action=add src=00:00:00:00:00:02 dst=00:00:00:00:00:03 in_port=1 out_port=3
[FLOW_MOD] t=16129.269832775 dpid=s2 action=delete-strict src=00:00:00:00:00:02 dst=00:00:00:00:00:03 in_port=3 out_port=1
[FLOW_MOD] t=16129.270088258 dpid=s2 action=add src=00:00:00:00:00:02 dst=00:00:00:00:00:03 in_port=3 out_port=1
[FLOW_MOD] t=16129.270504303 dpid=s6 action=delete-strict src=00:00:00:00:00:02 dst=00:00:00:00:00:03 in_port=4 out_port=1
[FLOW_MOD] t=16129.270762337 dpid=s6 action=add src=00:00:00:00:00:02 dst=00:00:00:00:00:03 in_port=4 out_port=1
[FLOW_MOD] t=16129.271098293 dpid=s18 action=delete-strict src=00:00:00:00:00:02 dst=00:00:00:00:00:03 in_port=3 out_port=1
[FLOW_MOD] t=16129.271369689 dpid=s18 action=add src=00:00:00:00:00:02 dst=00:00:00:00:00:03 in_port=3 out_port=1
[FLOW_MOD] t=16129.271714439 dpid=s18 action=delete-strict src=00:00:00:00:00:03 dst=00:00:00:00:00:02 in_port=1 out_port=3
[FLOW_MOD] t=16129.271979751 dpid=s18 action=add src=00:00:00:00:00:03 dst=00:00:00:00:00:02 in_port=1 out_port=3
[FLOW_MOD] t=16129.272319113 dpid=s6 action=delete-strict src=00:00:00:00:00:03 dst=00:00:00:00:00:02 in_port=1 out_port=4
[FLOW_MOD] t=16129.272528393 dpid=s6 action=add src=00:00:00:00:00:03 dst=00:00:00:00:00:02 in_port=1 out_port=4
[FLOW_MOD] t=16129.272859083 dpid=s2 action=delete-strict src=00:00:00:00:00:03 dst=00:00:00:00:00:02 in_port=1 out_port=3
[FLOW_MOD] t=16129.273086436 dpid=s2 action=add src=00:00:00:00:00:03 dst=00:00:00:00:00:02 in_port=1 out_port=3
[FLOW_MOD] t=16129.273364717 dpid=s1 action=delete-strict src=00:00:00:00:00:03 dst=00:00:00:00:00:02 in_port=3 out_port=1
[FLOW_MOD] t=16129.273571334 dpid=s1 action=add src=00:00:00:00:00:03 dst=00:00:00:00:00:02 in_port=3 out_port=1
[FLOW_MOD] t=16129.273837173 dpid=s4 action=delete-strict src=00:00:00:00:00:03 dst=00:00:00:00:00:02 in_port=4 out_port=2
[FLOW_MOD] t=16129.274080128 dpid=s4 action=add src=00:00:00:00:00:03 dst=00:00:00:00:00:02 in_port=4 out_port=2
[FLOW_MOD] t=16129.274370545 dpid=s17 action=delete-strict src=00:00:00:00:00:03 dst=00:00:00:00:00:02 in_port=3 out_port=1
[FLOW_MOD] t=16129.274617238 dpid=s17 action=add src=00:00:00:00:00:03 dst=00:00:00:00:00:02 in_port=3 out_port=1
[SPF-DONE] A* s17->s19 reachable=11/11
[PATH-COMPUTED] s17->s19: 5 hop(s) path=s17 -> s4 -> s1 -> s2 -> s6 -> s19
[FLOW-INSTALL] 00:00:00:00:00:02 → 00:00:00:00:00:04: s17 -> s4 -> s1 -> s2 -> s6 -> s19
[FLOW_MOD] t=16129.278030815 dpid=s17 action=delete-strict src=00:00:00:00:00:02 dst=00:00:00:00:00:04 in_port=1 out_port=3
[FLOW_MOD] t=16129.278318053 dpid=s17 action=add src=00:00:00:00:00:02 dst=00:00:00:00:00:04 in_port=1 out_port=3
[FLOW_MOD] t=16129.278597477 dpid=s4 action=delete-strict src=00:00:00:00:00:02 dst=00:00:00:00:00:04 in_port=2 out_port=4
[FLOW_MOD] t=16129.278826266 dpid=s4 action=add src=00:00:00:00:00:02 dst=00:00:00:00:00:04 in_port=2 out_port=4
[FLOW_MOD] t=16129.279081401 dpid=s1 action=delete-strict src=00:00:00:00:00:02 dst=00:00:00:00:00:04 in_port=1 out_port=3
[FLOW_MOD] t=16129.279282890 dpid=s1 action=add src=00:00:00:00:00:02 dst=00:00:00:00:00:04 in_port=1 out_port=3
[FLOW_MOD] t=16129.279647116 dpid=s2 action=delete-strict src=00:00:00:00:00:02 dst=00:00:00:00:00:04 in_port=3 out_port=1
[FLOW_MOD] t=16129.279869077 dpid=s2 action=add src=00:00:00:00:00:02 dst=00:00:00:00:00:04 in_port=3 out_port=1
[FLOW_MOD] t=16129.280205735 dpid=s6 action=delete-strict src=00:00:00:00:00:02 dst=00:00:00:00:00:04 in_port=4 out_port=2
[FLOW_MOD] t=16129.280465294 dpid=s6 action=add src=00:00:00:00:00:02 dst=00:00:00:00:00:04 in_port=4 out_port=2
[FLOW_MOD] t=16129.280812102 dpid=s19 action=delete-strict src=00:00:00:00:00:02 dst=00:00:00:00:00:04 in_port=3 out_port=1
[FLOW_MOD] t=16129.281085951 dpid=s19 action=add src=00:00:00:00:00:02 dst=00:00:00:00:00:04 in_port=3 out_port=1
[FLOW_MOD] t=16129.281482900 dpid=s19 action=delete-strict src=00:00:00:00:00:04 dst=00:00:00:00:00:02 in_port=1 out_port=3
[FLOW_MOD] t=16129.281788762 dpid=s19 action=add src=00:00:00:00:00:04 dst=00:00:00:00:00:02 in_port=1 out_port=3
[FLOW_MOD] t=16129.282109231 dpid=s6 action=delete-strict src=00:00:00:00:00:04 dst=00:00:00:00:00:02 in_port=2 out_port=4
[FLOW_MOD] t=16129.282359956 dpid=s6 action=add src=00:00:00:00:00:04 dst=00:00:00:00:00:02 in_port=2 out_port=4
[FLOW_MOD] t=16129.282678477 dpid=s2 action=delete-strict src=00:00:00:00:00:04 dst=00:00:00:00:00:02 in_port=1 out_port=3
[FLOW_MOD] t=16129.282900165 dpid=s2 action=add src=00:00:00:00:00:04 dst=00:00:00:00:00:02 in_port=1 out_port=3
[FLOW_MOD] t=16129.283189080 dpid=s1 action=delete-strict src=00:00:00:00:00:04 dst=00:00:00:00:00:02 in_port=3 out_port=1
[FLOW_MOD] t=16129.283402843 dpid=s1 action=add src=00:00:00:00:00:04 dst=00:00:00:00:00:02 in_port=3 out_port=1
[FLOW_MOD] t=16129.283730920 dpid=s4 action=delete-strict src=00:00:00:00:00:04 dst=00:00:00:00:00:02 in_port=4 out_port=2
[FLOW_MOD] t=16129.284017848 dpid=s4 action=add src=00:00:00:00:00:04 dst=00:00:00:00:00:02 in_port=4 out_port=2
[FLOW_MOD] t=16129.284315017 dpid=s17 action=delete-strict src=00:00:00:00:00:04 dst=00:00:00:00:00:02 in_port=3 out_port=1
[FLOW_MOD] t=16129.284549848 dpid=s17 action=add src=00:00:00:00:00:04 dst=00:00:00:00:00:02 in_port=3 out_port=1
[SPF-DONE] A* s18->s16 reachable=11/11
[PATH-COMPUTED] s18->s16: 5 hop(s) path=s18 -> s6 -> s2 -> s1 -> s4 -> s16
[FLOW-INSTALL] 00:00:00:00:00:03 → 00:00:00:00:00:01: s18 -> s6 -> s2 -> s1 -> s4 -> s16
[FLOW_MOD] t=16129.288209273 dpid=s18 action=delete-strict src=00:00:00:00:00:03 dst=00:00:00:00:00:01 in_port=1 out_port=3
[FLOW_MOD] t=16129.288495398 dpid=s18 action=add src=00:00:00:00:00:03 dst=00:00:00:00:00:01 in_port=1 out_port=3
[FLOW_MOD] t=16129.288838535 dpid=s6 action=delete-strict src=00:00:00:00:00:03 dst=00:00:00:00:00:01 in_port=1 out_port=4
[FLOW_MOD] t=16129.289039974 dpid=s6 action=add src=00:00:00:00:00:03 dst=00:00:00:00:00:01 in_port=1 out_port=4
[FLOW_MOD] t=16129.289335023 dpid=s2 action=delete-strict src=00:00:00:00:00:03 dst=00:00:00:00:00:01 in_port=1 out_port=3
[FLOW_MOD] t=16129.289567280 dpid=s2 action=add src=00:00:00:00:00:03 dst=00:00:00:00:00:01 in_port=1 out_port=3
[FLOW_MOD] t=16129.289850531 dpid=s1 action=delete-strict src=00:00:00:00:00:03 dst=00:00:00:00:00:01 in_port=3 out_port=1
[FLOW_MOD] t=16129.290058370 dpid=s1 action=add src=00:00:00:00:00:03 dst=00:00:00:00:00:01 in_port=3 out_port=1
[FLOW_MOD] t=16129.290341929 dpid=s4 action=delete-strict src=00:00:00:00:00:03 dst=00:00:00:00:00:01 in_port=4 out_port=1
[FLOW_MOD] t=16129.290584605 dpid=s4 action=add src=00:00:00:00:00:03 dst=00:00:00:00:00:01 in_port=4 out_port=1
[FLOW_MOD] t=16129.290915047 dpid=s16 action=delete-strict src=00:00:00:00:00:03 dst=00:00:00:00:00:01 in_port=3 out_port=1
[FLOW_MOD] t=16129.291176283 dpid=s16 action=add src=00:00:00:00:00:03 dst=00:00:00:00:00:01 in_port=3 out_port=1
[FLOW_MOD] t=16129.291523407 dpid=s16 action=delete-strict src=00:00:00:00:00:01 dst=00:00:00:00:00:03 in_port=1 out_port=3
[FLOW_MOD] t=16129.291892335 dpid=s16 action=add src=00:00:00:00:00:01 dst=00:00:00:00:00:03 in_port=1 out_port=3
[FLOW_MOD] t=16129.292271798 dpid=s4 action=delete-strict src=00:00:00:00:00:01 dst=00:00:00:00:00:03 in_port=1 out_port=4
[FLOW_MOD] t=16129.292541798 dpid=s4 action=add src=00:00:00:00:00:01 dst=00:00:00:00:00:03 in_port=1 out_port=4
[FLOW_MOD] t=16129.292869975 dpid=s1 action=delete-strict src=00:00:00:00:00:01 dst=00:00:00:00:00:03 in_port=1 out_port=3
[FLOW_MOD] t=16129.293118314 dpid=s1 action=add src=00:00:00:00:00:01 dst=00:00:00:00:00:03 in_port=1 out_port=3
[FLOW_MOD] t=16129.293557224 dpid=s2 action=delete-strict src=00:00:00:00:00:01 dst=00:00:00:00:00:03 in_port=3 out_port=1
[FLOW_MOD] t=16129.293835449 dpid=s2 action=add src=00:00:00:00:00:01 dst=00:00:00:00:00:03 in_port=3 out_port=1
[FLOW_MOD] t=16129.294151089 dpid=s6 action=delete-strict src=00:00:00:00:00:01 dst=00:00:00:00:00:03 in_port=4 out_port=1
[FLOW_MOD] t=16129.294394099 dpid=s6 action=add src=00:00:00:00:00:01 dst=00:00:00:00:00:03 in_port=4 out_port=1
[FLOW_MOD] t=16129.294731372 dpid=s18 action=delete-strict src=00:00:00:00:00:01 dst=00:00:00:00:00:03 in_port=3 out_port=1
[FLOW_MOD] t=16129.294978629 dpid=s18 action=add src=00:00:00:00:00:01 dst=00:00:00:00:00:03 in_port=3 out_port=1
[SPF-DONE] A* s18->s17 reachable=11/11
[PATH-COMPUTED] s18->s17: 5 hop(s) path=s18 -> s6 -> s2 -> s1 -> s4 -> s17
[FLOW-INSTALL] 00:00:00:00:00:03 → 00:00:00:00:00:02: s18 -> s6 -> s2 -> s1 -> s4 -> s17
[FLOW_MOD] t=16129.298786714 dpid=s18 action=delete-strict src=00:00:00:00:00:03 dst=00:00:00:00:00:02 in_port=1 out_port=3
[FLOW_MOD] t=16129.299038689 dpid=s18 action=add src=00:00:00:00:00:03 dst=00:00:00:00:00:02 in_port=1 out_port=3
[FLOW_MOD] t=16129.299344083 dpid=s6 action=delete-strict src=00:00:00:00:00:03 dst=00:00:00:00:00:02 in_port=1 out_port=4
[FLOW_MOD] t=16129.299587401 dpid=s6 action=add src=00:00:00:00:00:03 dst=00:00:00:00:00:02 in_port=1 out_port=4
[FLOW_MOD] t=16129.299998476 dpid=s2 action=delete-strict src=00:00:00:00:00:03 dst=00:00:00:00:00:02 in_port=1 out_port=3
[FLOW_MOD] t=16129.300273102 dpid=s2 action=add src=00:00:00:00:00:03 dst=00:00:00:00:00:02 in_port=1 out_port=3
[FLOW_MOD] t=16129.300590893 dpid=s1 action=delete-strict src=00:00:00:00:00:03 dst=00:00:00:00:00:02 in_port=3 out_port=1
[FLOW_MOD] t=16129.300878964 dpid=s1 action=add src=00:00:00:00:00:03 dst=00:00:00:00:00:02 in_port=3 out_port=1
[FLOW_MOD] t=16129.301227135 dpid=s4 action=delete-strict src=00:00:00:00:00:03 dst=00:00:00:00:00:02 in_port=4 out_port=2
[FLOW_MOD] t=16129.301539263 dpid=s4 action=add src=00:00:00:00:00:03 dst=00:00:00:00:00:02 in_port=4 out_port=2
[FLOW_MOD] t=16129.301906677 dpid=s17 action=delete-strict src=00:00:00:00:00:03 dst=00:00:00:00:00:02 in_port=3 out_port=1
[FLOW_MOD] t=16129.302168221 dpid=s17 action=add src=00:00:00:00:00:03 dst=00:00:00:00:00:02 in_port=3 out_port=1
[FLOW_MOD] t=16129.302488344 dpid=s17 action=delete-strict src=00:00:00:00:00:02 dst=00:00:00:00:00:03 in_port=1 out_port=3
[FLOW_MOD] t=16129.302719518 dpid=s17 action=add src=00:00:00:00:00:02 dst=00:00:00:00:00:03 in_port=1 out_port=3
[FLOW_MOD] t=16129.303078744 dpid=s4 action=delete-strict src=00:00:00:00:00:02 dst=00:00:00:00:00:03 in_port=2 out_port=4
[FLOW_MOD] t=16129.304735402 dpid=s4 action=add src=00:00:00:00:00:02 dst=00:00:00:00:00:03 in_port=2 out_port=4
[FLOW_MOD] t=16129.305177600 dpid=s1 action=delete-strict src=00:00:00:00:00:02 dst=00:00:00:00:00:03 in_port=1 out_port=3
[FLOW_MOD] t=16129.305576582 dpid=s1 action=add src=00:00:00:00:00:02 dst=00:00:00:00:00:03 in_port=1 out_port=3
[FLOW_MOD] t=16129.305936206 dpid=s2 action=delete-strict src=00:00:00:00:00:02 dst=00:00:00:00:00:03 in_port=3 out_port=1
[FLOW_MOD] t=16129.306257850 dpid=s2 action=add src=00:00:00:00:00:02 dst=00:00:00:00:00:03 in_port=3 out_port=1
[FLOW_MOD] t=16129.306700478 dpid=s6 action=delete-strict src=00:00:00:00:00:02 dst=00:00:00:00:00:03 in_port=4 out_port=1
[FLOW_MOD] t=16129.307070568 dpid=s6 action=add src=00:00:00:00:00:02 dst=00:00:00:00:00:03 in_port=4 out_port=1
[FLOW_MOD] t=16129.307497359 dpid=s18 action=delete-strict src=00:00:00:00:00:02 dst=00:00:00:00:00:03 in_port=3 out_port=1
[FLOW_MOD] t=16129.307769422 dpid=s18 action=add src=00:00:00:00:00:02 dst=00:00:00:00:00:03 in_port=3 out_port=1
[SPF-DONE] A* s18->s19 reachable=5/11
[PATH-COMPUTED] s18->s19: 2 hop(s) path=s18 -> s6 -> s19
[FLOW-INSTALL] 00:00:00:00:00:03 → 00:00:00:00:00:04: s18 -> s6 -> s19
[FLOW_MOD] t=16129.311764987 dpid=s18 action=delete-strict src=00:00:00:00:00:03 dst=00:00:00:00:00:04 in_port=1 out_port=3
[FLOW_MOD] t=16129.312146253 dpid=s18 action=add src=00:00:00:00:00:03 dst=00:00:00:00:00:04 in_port=1 out_port=3
[FLOW_MOD] t=16129.312671821 dpid=s6 action=delete-strict src=00:00:00:00:00:03 dst=00:00:00:00:00:04 in_port=1 out_port=2
[FLOW_MOD] t=16129.312939300 dpid=s6 action=add src=00:00:00:00:00:03 dst=00:00:00:00:00:04 in_port=1 out_port=2
[FLOW_MOD] t=16129.313252773 dpid=s19 action=delete-strict src=00:00:00:00:00:03 dst=00:00:00:00:00:04 in_port=3 out_port=1
[FLOW_MOD] t=16129.313505536 dpid=s19 action=add src=00:00:00:00:00:03 dst=00:00:00:00:00:04 in_port=3 out_port=1
[FLOW_MOD] t=16129.313832741 dpid=s19 action=delete-strict src=00:00:00:00:00:04 dst=00:00:00:00:00:03 in_port=1 out_port=3
[FLOW_MOD] t=16129.314112700 dpid=s19 action=add src=00:00:00:00:00:04 dst=00:00:00:00:00:03 in_port=1 out_port=3
[FLOW_MOD] t=16129.314460172 dpid=s6 action=delete-strict src=00:00:00:00:00:04 dst=00:00:00:00:00:03 in_port=2 out_port=1
[FLOW_MOD] t=16129.314703749 dpid=s6 action=add src=00:00:00:00:00:04 dst=00:00:00:00:00:03 in_port=2 out_port=1
[FLOW_MOD] t=16129.315011895 dpid=s18 action=delete-strict src=00:00:00:00:00:04 dst=00:00:00:00:00:03 in_port=3 out_port=1
[FLOW_MOD] t=16129.315257812 dpid=s18 action=add src=00:00:00:00:00:04 dst=00:00:00:00:00:03 in_port=3 out_port=1
[SPF-DONE] A* s19->s16 reachable=11/11
[PATH-COMPUTED] s19->s16: 5 hop(s) path=s19 -> s6 -> s2 -> s1 -> s4 -> s16
[FLOW-INSTALL] 00:00:00:00:00:04 → 00:00:00:00:00:01: s19 -> s6 -> s2 -> s1 -> s4 -> s16
[FLOW_MOD] t=16129.318790957 dpid=s19 action=delete-strict src=00:00:00:00:00:04 dst=00:00:00:00:00:01 in_port=1 out_port=3
[FLOW_MOD] t=16129.319124754 dpid=s19 action=add src=00:00:00:00:00:04 dst=00:00:00:00:00:01 in_port=1 out_port=3
[FLOW_MOD] t=16129.319456325 dpid=s6 action=delete-strict src=00:00:00:00:00:04 dst=00:00:00:00:00:01 in_port=2 out_port=4
[FLOW_MOD] t=16129.319701105 dpid=s6 action=add src=00:00:00:00:00:04 dst=00:00:00:00:00:01 in_port=2 out_port=4
[FLOW_MOD] t=16129.320096404 dpid=s2 action=delete-strict src=00:00:00:00:00:04 dst=00:00:00:00:00:01 in_port=1 out_port=3
[FLOW_MOD] t=16129.320380481 dpid=s2 action=add src=00:00:00:00:00:04 dst=00:00:00:00:00:01 in_port=1 out_port=3
[FLOW_MOD] t=16129.320747679 dpid=s1 action=delete-strict src=00:00:00:00:00:04 dst=00:00:00:00:00:01 in_port=3 out_port=1
[FLOW_MOD] t=16129.321014821 dpid=s1 action=add src=00:00:00:00:00:04 dst=00:00:00:00:00:01 in_port=3 out_port=1
[FLOW_MOD] t=16129.321579064 dpid=s4 action=delete-strict src=00:00:00:00:00:04 dst=00:00:00:00:00:01 in_port=4 out_port=1
[FLOW_MOD] t=16129.321936970 dpid=s4 action=add src=00:00:00:00:00:04 dst=00:00:00:00:00:01 in_port=4 out_port=1
[FLOW_MOD] t=16129.322414741 dpid=s16 action=delete-strict src=00:00:00:00:00:04 dst=00:00:00:00:00:01 in_port=3 out_port=1
[FLOW_MOD] t=16129.322881662 dpid=s16 action=add src=00:00:00:00:00:04 dst=00:00:00:00:00:01 in_port=3 out_port=1
[FLOW_MOD] t=16129.323569134 dpid=s16 action=delete-strict src=00:00:00:00:00:01 dst=00:00:00:00:00:04 in_port=1 out_port=3
[FLOW_MOD] t=16129.323868416 dpid=s16 action=add src=00:00:00:00:00:01 dst=00:00:00:00:00:04 in_port=1 out_port=3
[FLOW_MOD] t=16129.324222298 dpid=s4 action=delete-strict src=00:00:00:00:00:01 dst=00:00:00:00:00:04 in_port=1 out_port=4
[FLOW_MOD] t=16129.324512095 dpid=s4 action=add src=00:00:00:00:00:01 dst=00:00:00:00:00:04 in_port=1 out_port=4
[FLOW_MOD] t=16129.324844825 dpid=s1 action=delete-strict src=00:00:00:00:00:01 dst=00:00:00:00:00:04 in_port=1 out_port=3
[FLOW_MOD] t=16129.325140106 dpid=s1 action=add src=00:00:00:00:00:01 dst=00:00:00:00:00:04 in_port=1 out_port=3
[FLOW_MOD] t=16129.325500274 dpid=s2 action=delete-strict src=00:00:00:00:00:01 dst=00:00:00:00:00:04 in_port=3 out_port=1
[FLOW_MOD] t=16129.325791733 dpid=s2 action=add src=00:00:00:00:00:01 dst=00:00:00:00:00:04 in_port=3 out_port=1
[FLOW_MOD] t=16129.326112581 dpid=s6 action=delete-strict src=00:00:00:00:00:01 dst=00:00:00:00:00:04 in_port=4 out_port=2
[FLOW_MOD] t=16129.326348471 dpid=s6 action=add src=00:00:00:00:00:01 dst=00:00:00:00:00:04 in_port=4 out_port=2
[FLOW_MOD] t=16129.326645138 dpid=s19 action=delete-strict src=00:00:00:00:00:01 dst=00:00:00:00:00:04 in_port=3 out_port=1
[FLOW_MOD] t=16129.326845801 dpid=s19 action=add src=00:00:00:00:00:01 dst=00:00:00:00:00:04 in_port=3 out_port=1
[SPF-DONE] A* s19->s17 reachable=11/11
[PATH-COMPUTED] s19->s17: 5 hop(s) path=s19 -> s6 -> s2 -> s1 -> s4 -> s17
[FLOW-INSTALL] 00:00:00:00:00:04 → 00:00:00:00:00:02: s19 -> s6 -> s2 -> s1 -> s4 -> s17
[FLOW_MOD] t=16129.330433971 dpid=s19 action=delete-strict src=00:00:00:00:00:04 dst=00:00:00:00:00:02 in_port=1 out_port=3
[FLOW_MOD] t=16129.330769859 dpid=s19 action=add src=00:00:00:00:00:04 dst=00:00:00:00:00:02 in_port=1 out_port=3
[FLOW_MOD] t=16129.331130350 dpid=s6 action=delete-strict src=00:00:00:00:00:04 dst=00:00:00:00:00:02 in_port=2 out_port=4
[FLOW_MOD] t=16129.331413001 dpid=s6 action=add src=00:00:00:00:00:04 dst=00:00:00:00:00:02 in_port=2 out_port=4
[FLOW_MOD] t=16129.331802081 dpid=s2 action=delete-strict src=00:00:00:00:00:04 dst=00:00:00:00:00:02 in_port=1 out_port=3
[FLOW_MOD] t=16129.332105576 dpid=s2 action=add src=00:00:00:00:00:04 dst=00:00:00:00:00:02 in_port=1 out_port=3
[FLOW_MOD] t=16129.332495385 dpid=s1 action=delete-strict src=00:00:00:00:00:04 dst=00:00:00:00:00:02 in_port=3 out_port=1
[FLOW_MOD] t=16129.332756596 dpid=s1 action=add src=00:00:00:00:00:04 dst=00:00:00:00:00:02 in_port=3 out_port=1
[FLOW_MOD] t=16129.333075368 dpid=s4 action=delete-strict src=00:00:00:00:00:04 dst=00:00:00:00:00:02 in_port=4 out_port=2
[FLOW_MOD] t=16129.333308649 dpid=s4 action=add src=00:00:00:00:00:04 dst=00:00:00:00:00:02 in_port=4 out_port=2
[FLOW_MOD] t=16129.333592615 dpid=s17 action=delete-strict src=00:00:00:00:00:04 dst=00:00:00:00:00:02 in_port=3 out_port=1
[FLOW_MOD] t=16129.333810193 dpid=s17 action=add src=00:00:00:00:00:04 dst=00:00:00:00:00:02 in_port=3 out_port=1
[FLOW_MOD] t=16129.334128263 dpid=s17 action=delete-strict src=00:00:00:00:00:02 dst=00:00:00:00:00:04 in_port=1 out_port=3
[FLOW_MOD] t=16129.334371249 dpid=s17 action=add src=00:00:00:00:00:02 dst=00:00:00:00:00:04 in_port=1 out_port=3
[FLOW_MOD] t=16129.334685429 dpid=s4 action=delete-strict src=00:00:00:00:00:02 dst=00:00:00:00:00:04 in_port=2 out_port=4
[FLOW_MOD] t=16129.334945939 dpid=s4 action=add src=00:00:00:00:00:02 dst=00:00:00:00:00:04 in_port=2 out_port=4
[FLOW_MOD] t=16129.335282322 dpid=s1 action=delete-strict src=00:00:00:00:00:02 dst=00:00:00:00:00:04 in_port=1 out_port=3
[FLOW_MOD] t=16129.335562568 dpid=s1 action=add src=00:00:00:00:00:02 dst=00:00:00:00:00:04 in_port=1 out_port=3
[FLOW_MOD] t=16129.335910016 dpid=s2 action=delete-strict src=00:00:00:00:00:02 dst=00:00:00:00:00:04 in_port=3 out_port=1
[FLOW_MOD] t=16129.336206784 dpid=s2 action=add src=00:00:00:00:00:02 dst=00:00:00:00:00:04 in_port=3 out_port=1
[FLOW_MOD] t=16129.336559585 dpid=s6 action=delete-strict src=00:00:00:00:00:02 dst=00:00:00:00:00:04 in_port=4 out_port=2
[FLOW_MOD] t=16129.336831479 dpid=s6 action=add src=00:00:00:00:00:02 dst=00:00:00:00:00:04 in_port=4 out_port=2
[FLOW_MOD] t=16129.337124241 dpid=s19 action=delete-strict src=00:00:00:00:00:02 dst=00:00:00:00:00:04 in_port=3 out_port=1
[FLOW_MOD] t=16129.337326604 dpid=s19 action=add src=00:00:00:00:00:02 dst=00:00:00:00:00:04 in_port=3 out_port=1
[SPF-DONE] A* s19->s18 reachable=5/11
[PATH-COMPUTED] s19->s18: 2 hop(s) path=s19 -> s6 -> s18
[FLOW-INSTALL] 00:00:00:00:00:04 → 00:00:00:00:00:03: s19 -> s6 -> s18
[FLOW_MOD] t=16129.340526234 dpid=s19 action=delete-strict src=00:00:00:00:00:04 dst=00:00:00:00:00:03 in_port=1 out_port=3
[FLOW_MOD] t=16129.340796362 dpid=s19 action=add src=00:00:00:00:00:04 dst=00:00:00:00:00:03 in_port=1 out_port=3
[FLOW_MOD] t=16129.341144381 dpid=s6 action=delete-strict src=00:00:00:00:00:04 dst=00:00:00:00:00:03 in_port=2 out_port=1
[FLOW_MOD] t=16129.341416232 dpid=s6 action=add src=00:00:00:00:00:04 dst=00:00:00:00:00:03 in_port=2 out_port=1
[FLOW_MOD] t=16129.341758440 dpid=s18 action=delete-strict src=00:00:00:00:00:04 dst=00:00:00:00:00:03 in_port=3 out_port=1
[FLOW_MOD] t=16129.342049706 dpid=s18 action=add src=00:00:00:00:00:04 dst=00:00:00:00:00:03 in_port=3 out_port=1
[FLOW_MOD] t=16129.342386345 dpid=s18 action=delete-strict src=00:00:00:00:00:03 dst=00:00:00:00:00:04 in_port=1 out_port=3
[FLOW_MOD] t=16129.342622031 dpid=s18 action=add src=00:00:00:00:00:03 dst=00:00:00:00:00:04 in_port=1 out_port=3
[FLOW_MOD] t=16129.342977611 dpid=s6 action=delete-strict src=00:00:00:00:00:03 dst=00:00:00:00:00:04 in_port=1 out_port=2
[FLOW_MOD] t=16129.344828893 dpid=s6 action=add src=00:00:00:00:00:03 dst=00:00:00:00:00:04 in_port=1 out_port=2
[FLOW_MOD] t=16129.345329622 dpid=s19 action=delete-strict src=00:00:00:00:00:03 dst=00:00:00:00:00:04 in_port=3 out_port=1
[FLOW_MOD] t=16129.345764521 dpid=s19 action=add src=00:00:00:00:00:03 dst=00:00:00:00:00:04 in_port=3 out_port=1
[TOPO] route refresh: installed=12 skipped=0 unreachable=0 hosts=4
[PORT_STATUS] t=16267.891263633 s1 port=3 reason=modify
[TOPO-CHANGE] (port-status:modify) switches=11 links=32  delta +0 -2
[TOPO-DOWN] [(1, 2), (2, 1)]
[TOPO-REFRESH] flushing 12 flows, rebuilding routes
[TREE-DONE] root=s1 tree_edges=11 reachable=11/11
[TOPO] route refresh: installed=0 skipped=0 unreachable=0 hosts=0
[PORT_STATUS] t=16267.896855053 s1 port=3 reason=modify
[CONVERGENCE-START] id=3 t1=16267.897075190
[PORT_STATUS] t=16267.898600001 s2 port=3 reason=modify
[PORT_STATUS] t=16267.899203431 s2 port=3 reason=modify
[CONVERGENCE-START-SKIP] id=3 duplicate port-status s2 port=3 reason=modify
[PORT_STATUS] t=16269.084963159 s1 port=3 reason=modify
[PORT_STATUS] t=16269.086887245 s2 port=3 reason=modify
[TOPO-CHANGE] (LLDP topology event) switches=11 links=33  delta +1 -0
[TOPO-UP]   [(2, 1)]
[TOPO-REFRESH] flushing 0 flows, rebuilding routes
[TREE-DONE] root=s1 tree_edges=11 reachable=11/11
[TOPO] route refresh: installed=0 skipped=0 unreachable=0 hosts=0
[TOPO-CHANGE] (LLDP topology event) switches=11 links=34  delta +1 -0
[TOPO-UP]   [(1, 2)]
[TOPO-REFRESH] flushing 0 flows, rebuilding routes
[TREE-DONE] root=s1 tree_edges=11 reachable=11/11
[TOPO] route refresh: installed=0 skipped=0 unreachable=0 hosts=0
[PORT_STATUS] t=16293.097857503 s1 port=3 reason=modify
[TOPO-CHANGE] (port-status:modify) switches=11 links=32  delta +0 -2
[TOPO-DOWN] [(1, 2), (2, 1)]
[TOPO-REFRESH] flushing 0 flows, rebuilding routes
[TREE-DONE] root=s1 tree_edges=11 reachable=11/11
[TOPO] route refresh: installed=0 skipped=0 unreachable=0 hosts=0
[PORT_STATUS] t=16293.100536810 s1 port=3 reason=modify
[CONVERGENCE-START-SKIP] id=3 duplicate port-status s1 port=3 reason=modify
[PORT_STATUS] t=16293.101862690 s2 port=3 reason=modify
[PORT_STATUS] t=16293.102277097 s2 port=3 reason=modify
[CONVERGENCE-START-SKIP] id=3 duplicate port-status s2 port=3 reason=modify
[PORT_STATUS] t=16295.137374655 s1 port=3 reason=modify
[PORT_STATUS] t=16295.138348565 s2 port=3 reason=modify
[TOPO-CHANGE] (LLDP topology event) switches=11 links=34  delta +2 -0
[TOPO-UP]   [(1, 2), (2, 1)]
[TOPO-REFRESH] flushing 0 flows, rebuilding routes
[TREE-DONE] root=s1 tree_edges=11 reachable=11/11
[TOPO] route refresh: installed=0 skipped=0 unreachable=0 hosts=0
[PORT_STATUS] t=16312.056583859 s1 port=3 reason=modify
[TOPO-CHANGE] (port-status:modify) switches=11 links=32  delta +0 -2
[TOPO-DOWN] [(1, 2), (2, 1)]
[TOPO-REFRESH] flushing 0 flows, rebuilding routes
[TREE-DONE] root=s1 tree_edges=11 reachable=11/11
[TOPO] route refresh: installed=0 skipped=0 unreachable=0 hosts=0
[PORT_STATUS] t=16312.059450078 s1 port=3 reason=modify
[CONVERGENCE-START-SKIP] id=3 duplicate port-status s1 port=3 reason=modify
[PORT_STATUS] t=16312.061562003 s2 port=3 reason=modify
[PORT_STATUS] t=16312.062079087 s2 port=3 reason=modify
[CONVERGENCE-START-SKIP] id=3 duplicate port-status s2 port=3 reason=modify
[PORT_STATUS] t=16312.692756604 s1 port=3 reason=modify
[PORT_STATUS] t=16312.694124894 s2 port=3 reason=modify
[TOPO-CHANGE] (LLDP topology event) switches=11 links=34  delta +2 -0
[TOPO-UP]   [(1, 2), (2, 1)]
[TOPO-REFRESH] flushing 0 flows, rebuilding routes
[TREE-DONE] root=s1 tree_edges=11 reachable=11/11
[TOPO] route refresh: installed=0 skipped=0 unreachable=0 hosts=0
[PORT_STATUS] t=16316.551249636 s1 port=3 reason=modify
[TOPO-CHANGE] (port-status:modify) switches=11 links=32  delta +0 -2
[TOPO-DOWN] [(1, 2), (2, 1)]
[TOPO-REFRESH] flushing 0 flows, rebuilding routes
[TREE-DONE] root=s1 tree_edges=11 reachable=11/11
[TOPO] route refresh: installed=0 skipped=0 unreachable=0 hosts=0
[PORT_STATUS] t=16316.554602447 s1 port=3 reason=modify
[CONVERGENCE-START-SKIP] id=3 duplicate port-status s1 port=3 reason=modify
[PORT_STATUS] t=16316.555912037 s2 port=3 reason=modify
[PORT_STATUS] t=16316.556268063 s2 port=3 reason=modify
[CONVERGENCE-START-SKIP] id=3 duplicate port-status s2 port=3 reason=modify
[PORT_STATUS] t=16317.129665772 s1 port=3 reason=modify
[CONVERGENCE-START-SKIP] id=3 duplicate port-status s1 port=3 reason=modify
[PORT_STATUS] t=16317.131136891 s2 port=3 reason=modify
[PORT_STATUS] t=16317.132048702 s1 port=3 reason=modify
[TOPO-CHANGE] (LLDP topology event) switches=11 links=34  delta +2 -0
[TOPO-UP]   [(1, 2), (2, 1)]
[TOPO-REFRESH] flushing 0 flows, rebuilding routes
[TREE-DONE] root=s1 tree_edges=11 reachable=11/11
[TOPO] route refresh: installed=0 skipped=0 unreachable=0 hosts=0
[PORT_STATUS] t=16318.921713169 s1 port=3 reason=modify
[TOPO-CHANGE] (port-status:modify) switches=11 links=32  delta +0 -2
[TOPO-DOWN] [(1, 2), (2, 1)]
[TOPO-REFRESH] flushing 0 flows, rebuilding routes
[TREE-DONE] root=s1 tree_edges=11 reachable=11/11
[TOPO] route refresh: installed=0 skipped=0 unreachable=0 hosts=0
[PORT_STATUS] t=16318.924759561 s1 port=3 reason=modify
[CONVERGENCE-START-SKIP] id=3 duplicate port-status s1 port=3 reason=modify
[PORT_STATUS] t=16318.926318228 s2 port=3 reason=modify
[PORT_STATUS] t=16318.926798598 s2 port=3 reason=modify
[CONVERGENCE-START-SKIP] id=3 duplicate port-status s2 port=3 reason=modify
[PORT_STATUS] t=16319.269347511 s1 port=3 reason=modify
[PORT_STATUS] t=16319.273162061 s2 port=3 reason=modify
[TOPO-CHANGE] (LLDP topology event) switches=11 links=34  delta +2 -0
[TOPO-UP]   [(1, 2), (2, 1)]
[TOPO-REFRESH] flushing 0 flows, rebuilding routes
[TREE-DONE] root=s1 tree_edges=11 reachable=11/11
[TOPO] route refresh: installed=0 skipped=0 unreachable=0 hosts=0
[PORT_STATUS] t=16322.029759850 s1 port=3 reason=modify
[TOPO-CHANGE] (port-status:modify) switches=11 links=32  delta +0 -2
[TOPO-DOWN] [(1, 2), (2, 1)]
[TOPO-REFRESH] flushing 0 flows, rebuilding routes
[TREE-DONE] root=s1 tree_edges=11 reachable=11/11
[TOPO] route refresh: installed=0 skipped=0 unreachable=0 hosts=0
[PORT_STATUS] t=16322.032221052 s1 port=3 reason=modify
[CONVERGENCE-START-SKIP] id=3 duplicate port-status s1 port=3 reason=modify
[PORT_STATUS] t=16322.033674206 s2 port=3 reason=modify
[PORT_STATUS] t=16322.034031615 s2 port=3 reason=modify
[CONVERGENCE-START-SKIP] id=3 duplicate port-status s2 port=3 reason=modify
[PORT_STATUS] t=16322.298315636 s1 port=3 reason=modify
[PORT_STATUS] t=16322.299372071 s2 port=3 reason=modify
[TOPO-CHANGE] (LLDP topology event) switches=11 links=33  delta +1 -0
[TOPO-UP]   [(2, 1)]
[TOPO-REFRESH] flushing 0 flows, rebuilding routes
[TREE-DONE] root=s1 tree_edges=11 reachable=11/11
[TOPO] route refresh: installed=0 skipped=0 unreachable=0 hosts=0
[TOPO-CHANGE] (LLDP topology event) switches=11 links=34  delta +1 -0
[TOPO-UP]   [(1, 2)]
[TOPO-REFRESH] flushing 0 flows, rebuilding routes
[TREE-DONE] root=s1 tree_edges=11 reachable=11/11
[TOPO] route refresh: installed=0 skipped=0 unreachable=0 hosts=0

[SIGNAL] SIGINT received, initiating graceful shutdown...
[CONTROLLER-STOP] clearing 0 hosts, 0 paths
[CONTROLLER-EXIT] graceful exit complete
