loading app /workspaces/learn_sdn/SPF/bfs_osken_controller.py
loading app os_ken.topology.switches
loading app os_ken.controller.ofp_handler
instantiating app /workspaces/learn_sdn/SPF/bfs_osken_controller.py of BFSSwitch
instantiating app os_ken.topology.switches of Switches
instantiating app os_ken.controller.ofp_handler of OFPHandler
[TOPO-INITIAL] 5 switch(es) 3 link(s)
[TREE-DONE] root=s2 tree_edges=3 reachable=3/5
[TOPO] route refresh: installed=0 skipped=0 unreachable=0 hosts=0
[TOPO-CHANGE] (LLDP topology event) switches=5 links=6  delta +3 -0
[TOPO-UP]   [(2, 3), (2, 7), (4, 5)]
[TOPO-REFRESH] flushing 0 flows, rebuilding routes
[TREE-DONE] root=s2 tree_edges=3 reachable=3/5
[TOPO] route refresh: installed=0 skipped=0 unreachable=0 hosts=0
[TOPO-CHANGE] (LLDP topology event) switches=6 links=6  delta +0 -0
[TOPO-REFRESH] flushing 0 flows, rebuilding routes
[TREE-DONE] root=s2 tree_edges=3 reachable=3/6
[TOPO] route refresh: installed=0 skipped=0 unreachable=0 hosts=0
[TOPO-CHANGE] (LLDP topology event) switches=6 links=9  delta +3 -0
[TOPO-UP]   [(4, 17), (17, 4), (17, 5)]
[TOPO-REFRESH] flushing 0 flows, rebuilding routes
[TREE-DONE] root=s2 tree_edges=3 reachable=3/6
[TOPO] route refresh: installed=0 skipped=0 unreachable=0 hosts=0
[TOPO-CHANGE] (LLDP topology event) switches=6 links=10  delta +1 -0
[TOPO-UP]   [(5, 17)]
[TOPO-REFRESH] flushing 0 flows, rebuilding routes
[TREE-DONE] root=s2 tree_edges=3 reachable=3/6
[TOPO] route refresh: installed=0 skipped=0 unreachable=0 hosts=0
[TOPO-CHANGE] (LLDP topology event) switches=8 links=10  delta +0 -0
[TOPO-REFRESH] flushing 0 flows, rebuilding routes
[TREE-DONE] root=s2 tree_edges=3 reachable=3/8
[TOPO] route refresh: installed=0 skipped=0 unreachable=0 hosts=0
[TOPO-CHANGE] (LLDP topology event) switches=8 links=16  delta +6 -0
[TOPO-UP]   [(2, 6), (6, 2), (6, 7), (6, 18), (18, 6), (18, 7)]
[TOPO-REFRESH] flushing 0 flows, rebuilding routes
[TREE-DONE] root=s2 tree_edges=5 reachable=5/8
[TOPO] route refresh: installed=0 skipped=0 unreachable=0 hosts=0
[TOPO-CHANGE] (LLDP topology event) switches=8 links=18  delta +2 -0
[TOPO-UP]   [(7, 6), (7, 18)]
[TOPO-REFRESH] flushing 0 flows, rebuilding routes
[TREE-DONE] root=s2 tree_edges=5 reachable=5/8
[TOPO] route refresh: installed=0 skipped=0 unreachable=0 hosts=0
[TOPO-CHANGE] (LLDP topology event) switches=9 links=18  delta +0 -0
[TOPO-REFRESH] flushing 0 flows, rebuilding routes
[TREE-DONE] root=s1 tree_edges=0 reachable=1/9
[TOPO] route refresh: installed=0 skipped=0 unreachable=0 hosts=0
[TOPO-CHANGE] (LLDP topology event) switches=9 links=19  delta +1 -0
[TOPO-UP]   [(3, 1)]
[TOPO-REFRESH] flushing 0 flows, rebuilding routes
[TREE-DONE] root=s1 tree_edges=6 reachable=6/9
[TOPO] route refresh: installed=0 skipped=0 unreachable=0 hosts=0
[TOPO-CHANGE] (LLDP topology event) switches=9 links=22  delta +3 -0
[TOPO-UP]   [(1, 2), (1, 4), (1, 5)]
[TOPO-REFRESH] flushing 0 flows, rebuilding routes
[TREE-DONE] root=s1 tree_edges=9 reachable=9/9
[TOPO] route refresh: installed=0 skipped=0 unreachable=0 hosts=0
[TOPO-CHANGE] (LLDP topology event) switches=9 links=23  delta +1 -0
[TOPO-UP]   [(1, 3)]
[TOPO-REFRESH] flushing 0 flows, rebuilding routes
[TREE-DONE] root=s1 tree_edges=9 reachable=9/9
[TOPO] route refresh: installed=0 skipped=0 unreachable=0 hosts=0
[TOPO-CHANGE] (LLDP topology event) switches=9 links=26  delta +3 -0
[TOPO-UP]   [(2, 1), (4, 1), (5, 1)]
[TOPO-REFRESH] flushing 0 flows, rebuilding routes
[TREE-DONE] root=s1 tree_edges=9 reachable=9/9
[TOPO] route refresh: installed=0 skipped=0 unreachable=0 hosts=0
[HOST-LEARN] MAC 00:00:00:00:00:02 discovered at s17 port 1
[HOST-LEARN] MAC 00:00:00:00:00:03 discovered at s18 port 1
[SPF-DONE] BFS s18->s17 reachable=9/9
[PATH-COMPUTED] s18->s17: 5 hop(s) path=s18 -> s6 -> s2 -> s1 -> s4 -> s17
[FLOW-INSTALL] 00:00:00:00:00:03 → 00:00:00:00:00:02: s18 -> s6 -> s2 -> s1 -> s4 -> s17
[FLOW_MOD] t=15611.415185423 dpid=s18 action=delete-strict src=00:00:00:00:00:03 dst=00:00:00:00:00:02 in_port=1 out_port=3
[FLOW_MOD] t=15611.415447259 dpid=s18 action=add src=00:00:00:00:00:03 dst=00:00:00:00:00:02 in_port=1 out_port=3
[FLOW_MOD] t=15611.415776225 dpid=s6 action=delete-strict src=00:00:00:00:00:03 dst=00:00:00:00:00:02 in_port=1 out_port=4
[FLOW_MOD] t=15611.416054203 dpid=s6 action=add src=00:00:00:00:00:03 dst=00:00:00:00:00:02 in_port=1 out_port=4
[FLOW_MOD] t=15611.416328213 dpid=s2 action=delete-strict src=00:00:00:00:00:03 dst=00:00:00:00:00:02 in_port=1 out_port=3
[FLOW_MOD] t=15611.416585166 dpid=s2 action=add src=00:00:00:00:00:03 dst=00:00:00:00:00:02 in_port=1 out_port=3
[FLOW_MOD] t=15611.416889588 dpid=s1 action=delete-strict src=00:00:00:00:00:03 dst=00:00:00:00:00:02 in_port=3 out_port=1
[FLOW_MOD] t=15611.417125140 dpid=s1 action=add src=00:00:00:00:00:03 dst=00:00:00:00:00:02 in_port=3 out_port=1
[FLOW_MOD] t=15611.417429045 dpid=s4 action=delete-strict src=00:00:00:00:00:03 dst=00:00:00:00:00:02 in_port=4 out_port=2
[FLOW_MOD] t=15611.417662971 dpid=s4 action=add src=00:00:00:00:00:03 dst=00:00:00:00:00:02 in_port=4 out_port=2
[FLOW_MOD] t=15611.418026119 dpid=s17 action=delete-strict src=00:00:00:00:00:03 dst=00:00:00:00:00:02 in_port=3 out_port=1
[FLOW_MOD] t=15611.418312037 dpid=s17 action=add src=00:00:00:00:00:03 dst=00:00:00:00:00:02 in_port=3 out_port=1
[FLOW_MOD] t=15611.418777503 dpid=s17 action=delete-strict src=00:00:00:00:00:02 dst=00:00:00:00:00:03 in_port=1 out_port=3
[FLOW_MOD] t=15611.419013541 dpid=s17 action=add src=00:00:00:00:00:02 dst=00:00:00:00:00:03 in_port=1 out_port=3
[FLOW_MOD] t=15611.419470621 dpid=s4 action=delete-strict src=00:00:00:00:00:02 dst=00:00:00:00:00:03 in_port=2 out_port=4
[FLOW_MOD] t=15611.419805989 dpid=s4 action=add src=00:00:00:00:00:02 dst=00:00:00:00:00:03 in_port=2 out_port=4
[FLOW_MOD] t=15611.420204016 dpid=s1 action=delete-strict src=00:00:00:00:00:02 dst=00:00:00:00:00:03 in_port=1 out_port=3
[FLOW_MOD] t=15611.420511934 dpid=s1 action=add src=00:00:00:00:00:02 dst=00:00:00:00:00:03 in_port=1 out_port=3
[FLOW_MOD] t=15611.420947185 dpid=s2 action=delete-strict src=00:00:00:00:00:02 dst=00:00:00:00:00:03 in_port=3 out_port=1
[FLOW_MOD] t=15611.421297203 dpid=s2 action=add src=00:00:00:00:00:02 dst=00:00:00:00:00:03 in_port=3 out_port=1
[FLOW_MOD] t=15611.421717108 dpid=s6 action=delete-strict src=00:00:00:00:00:02 dst=00:00:00:00:00:03 in_port=4 out_port=1
[FLOW_MOD] t=15611.422035798 dpid=s6 action=add src=00:00:00:00:00:02 dst=00:00:00:00:00:03 in_port=4 out_port=1
[FLOW_MOD] t=15611.422390905 dpid=s18 action=delete-strict src=00:00:00:00:00:02 dst=00:00:00:00:00:03 in_port=3 out_port=1
[FLOW_MOD] t=15611.422660091 dpid=s18 action=add src=00:00:00:00:00:02 dst=00:00:00:00:00:03 in_port=3 out_port=1
[SPF-DONE] BFS s17->s18 reachable=9/9
[PATH-COMPUTED] s17->s18: 5 hop(s) path=s17 -> s4 -> s1 -> s2 -> s6 -> s18
[FLOW-INSTALL] 00:00:00:00:00:02 → 00:00:00:00:00:03: s17 -> s4 -> s1 -> s2 -> s6 -> s18
[FLOW_MOD] t=15611.455492940 dpid=s17 action=delete-strict src=00:00:00:00:00:02 dst=00:00:00:00:00:03 in_port=1 out_port=3
[FLOW_MOD] t=15611.455773355 dpid=s17 action=add src=00:00:00:00:00:02 dst=00:00:00:00:00:03 in_port=1 out_port=3
[FLOW_MOD] t=15611.456184041 dpid=s4 action=delete-strict src=00:00:00:00:00:02 dst=00:00:00:00:00:03 in_port=2 out_port=4
[FLOW_MOD] t=15611.456453189 dpid=s4 action=add src=00:00:00:00:00:02 dst=00:00:00:00:00:03 in_port=2 out_port=4
[FLOW_MOD] t=15611.456828902 dpid=s1 action=delete-strict src=00:00:00:00:00:02 dst=00:00:00:00:00:03 in_port=1 out_port=3
[FLOW_MOD] t=15611.457114116 dpid=s1 action=add src=00:00:00:00:00:02 dst=00:00:00:00:00:03 in_port=1 out_port=3
[FLOW_MOD] t=15611.457480759 dpid=s2 action=delete-strict src=00:00:00:00:00:02 dst=00:00:00:00:00:03 in_port=3 out_port=1
[FLOW_MOD] t=15611.457737086 dpid=s2 action=add src=00:00:00:00:00:02 dst=00:00:00:00:00:03 in_port=3 out_port=1
[FLOW_MOD] t=15611.458114025 dpid=s6 action=delete-strict src=00:00:00:00:00:02 dst=00:00:00:00:00:03 in_port=4 out_port=1
[FLOW_MOD] t=15611.458407237 dpid=s6 action=add src=00:00:00:00:00:02 dst=00:00:00:00:00:03 in_port=4 out_port=1
[FLOW_MOD] t=15611.458708477 dpid=s18 action=delete-strict src=00:00:00:00:00:02 dst=00:00:00:00:00:03 in_port=3 out_port=1
[FLOW_MOD] t=15611.458958936 dpid=s18 action=add src=00:00:00:00:00:02 dst=00:00:00:00:00:03 in_port=3 out_port=1
[FLOW_MOD] t=15611.459255541 dpid=s18 action=delete-strict src=00:00:00:00:00:03 dst=00:00:00:00:00:02 in_port=1 out_port=3
[FLOW_MOD] t=15611.459507065 dpid=s18 action=add src=00:00:00:00:00:03 dst=00:00:00:00:00:02 in_port=1 out_port=3
[FLOW_MOD] t=15611.459816271 dpid=s6 action=delete-strict src=00:00:00:00:00:03 dst=00:00:00:00:00:02 in_port=1 out_port=4
[FLOW_MOD] t=15611.460084290 dpid=s6 action=add src=00:00:00:00:00:03 dst=00:00:00:00:00:02 in_port=1 out_port=4
[FLOW_MOD] t=15611.460400099 dpid=s2 action=delete-strict src=00:00:00:00:00:03 dst=00:00:00:00:00:02 in_port=1 out_port=3
[FLOW_MOD] t=15611.460671685 dpid=s2 action=add src=00:00:00:00:00:03 dst=00:00:00:00:00:02 in_port=1 out_port=3
[FLOW_MOD] t=15611.461005173 dpid=s1 action=delete-strict src=00:00:00:00:00:03 dst=00:00:00:00:00:02 in_port=3 out_port=1
[FLOW_MOD] t=15611.461278801 dpid=s1 action=add src=00:00:00:00:00:03 dst=00:00:00:00:00:02 in_port=3 out_port=1
[FLOW_MOD] t=15611.461610192 dpid=s4 action=delete-strict src=00:00:00:00:00:03 dst=00:00:00:00:00:02 in_port=4 out_port=2
[FLOW_MOD] t=15611.461889003 dpid=s4 action=add src=00:00:00:00:00:03 dst=00:00:00:00:00:02 in_port=4 out_port=2
[FLOW_MOD] t=15611.462207666 dpid=s17 action=delete-strict src=00:00:00:00:00:03 dst=00:00:00:00:00:02 in_port=3 out_port=1
[FLOW_MOD] t=15611.462502859 dpid=s17 action=add src=00:00:00:00:00:03 dst=00:00:00:00:00:02 in_port=3 out_port=1
[PKT-DROP] 00:00:00:00:00:02→00:00:00:00:00:03: s3 not in path
[TOPO-CHANGE] (LLDP topology event) switches=10 links=26  delta +0 -0
[TOPO-REFRESH] flushing 2 flows, rebuilding routes
[TREE-DONE] root=s1 tree_edges=9 reachable=9/10
[SPF-DONE] BFS s17->s18 reachable=9/9
[PATH-COMPUTED] s17->s18: 5 hop(s) path=s17 -> s4 -> s1 -> s2 -> s6 -> s18
[FLOW-INSTALL] 00:00:00:00:00:02 → 00:00:00:00:00:03: s17 -> s4 -> s1 -> s2 -> s6 -> s18
[FLOW_MOD] t=15622.190497113 dpid=s17 action=delete-strict src=00:00:00:00:00:02 dst=00:00:00:00:00:03 in_port=1 out_port=3
[FLOW_MOD] t=15622.190792495 dpid=s17 action=add src=00:00:00:00:00:02 dst=00:00:00:00:00:03 in_port=1 out_port=3
[FLOW_MOD] t=15622.191131606 dpid=s4 action=delete-strict src=00:00:00:00:00:02 dst=00:00:00:00:00:03 in_port=2 out_port=4
[FLOW_MOD] t=15622.191407962 dpid=s4 action=add src=00:00:00:00:00:02 dst=00:00:00:00:00:03 in_port=2 out_port=4
[FLOW_MOD] t=15622.191731821 dpid=s1 action=delete-strict src=00:00:00:00:00:02 dst=00:00:00:00:00:03 in_port=1 out_port=3
[FLOW_MOD] t=15622.191975475 dpid=s1 action=add src=00:00:00:00:00:02 dst=00:00:00:00:00:03 in_port=1 out_port=3
[FLOW_MOD] t=15622.192307832 dpid=s2 action=delete-strict src=00:00:00:00:00:02 dst=00:00:00:00:00:03 in_port=3 out_port=1
[FLOW_MOD] t=15622.192556191 dpid=s2 action=add src=00:00:00:00:00:02 dst=00:00:00:00:00:03 in_port=3 out_port=1
[FLOW_MOD] t=15622.192848570 dpid=s6 action=delete-strict src=00:00:00:00:00:02 dst=00:00:00:00:00:03 in_port=4 out_port=1
[FLOW_MOD] t=15622.193061750 dpid=s6 action=add src=00:00:00:00:00:02 dst=00:00:00:00:00:03 in_port=4 out_port=1
[FLOW_MOD] t=15622.193404832 dpid=s18 action=delete-strict src=00:00:00:00:00:02 dst=00:00:00:00:00:03 in_port=3 out_port=1
[FLOW_MOD] t=15622.193672589 dpid=s18 action=add src=00:00:00:00:00:02 dst=00:00:00:00:00:03 in_port=3 out_port=1
[FLOW_MOD] t=15622.193987439 dpid=s18 action=delete-strict src=00:00:00:00:00:03 dst=00:00:00:00:00:02 in_port=1 out_port=3
[FLOW_MOD] t=15622.194263622 dpid=s18 action=add src=00:00:00:00:00:03 dst=00:00:00:00:00:02 in_port=1 out_port=3
[FLOW_MOD] t=15622.194634203 dpid=s6 action=delete-strict src=00:00:00:00:00:03 dst=00:00:00:00:00:02 in_port=1 out_port=4
[FLOW_MOD] t=15622.194934521 dpid=s6 action=add src=00:00:00:00:00:03 dst=00:00:00:00:00:02 in_port=1 out_port=4
[FLOW_MOD] t=15622.195265106 dpid=s2 action=delete-strict src=00:00:00:00:00:03 dst=00:00:00:00:00:02 in_port=1 out_port=3
[FLOW_MOD] t=15622.195525735 dpid=s2 action=add src=00:00:00:00:00:03 dst=00:00:00:00:00:02 in_port=1 out_port=3
[FLOW_MOD] t=15622.195905647 dpid=s1 action=delete-strict src=00:00:00:00:00:03 dst=00:00:00:00:00:02 in_port=3 out_port=1
[FLOW_MOD] t=15622.196180593 dpid=s1 action=add src=00:00:00:00:00:03 dst=00:00:00:00:00:02 in_port=3 out_port=1
[FLOW_MOD] t=15622.196563804 dpid=s4 action=delete-strict src=00:00:00:00:00:03 dst=00:00:00:00:00:02 in_port=4 out_port=2
[FLOW_MOD] t=15622.196836353 dpid=s4 action=add src=00:00:00:00:00:03 dst=00:00:00:00:00:02 in_port=4 out_port=2
[FLOW_MOD] t=15622.197204756 dpid=s17 action=delete-strict src=00:00:00:00:00:03 dst=00:00:00:00:00:02 in_port=3 out_port=1
[FLOW_MOD] t=15622.197470795 dpid=s17 action=add src=00:00:00:00:00:03 dst=00:00:00:00:00:02 in_port=3 out_port=1
[SPF-DONE] BFS s18->s17 reachable=9/9
[PATH-COMPUTED] s18->s17: 5 hop(s) path=s18 -> s6 -> s2 -> s1 -> s4 -> s17
[FLOW-INSTALL] 00:00:00:00:00:03 → 00:00:00:00:00:02: s18 -> s6 -> s2 -> s1 -> s4 -> s17
[FLOW_MOD] t=15622.198489225 dpid=s18 action=delete-strict src=00:00:00:00:00:03 dst=00:00:00:00:00:02 in_port=1 out_port=3
[FLOW_MOD] t=15622.198816387 dpid=s18 action=add src=00:00:00:00:00:03 dst=00:00:00:00:00:02 in_port=1 out_port=3
[FLOW_MOD] t=15622.199243454 dpid=s6 action=delete-strict src=00:00:00:00:00:03 dst=00:00:00:00:00:02 in_port=1 out_port=4
[FLOW_MOD] t=15622.199556192 dpid=s6 action=add src=00:00:00:00:00:03 dst=00:00:00:00:00:02 in_port=1 out_port=4
[FLOW_MOD] t=15622.199971193 dpid=s2 action=delete-strict src=00:00:00:00:00:03 dst=00:00:00:00:00:02 in_port=1 out_port=3
[FLOW_MOD] t=15622.200226508 dpid=s2 action=add src=00:00:00:00:00:03 dst=00:00:00:00:00:02 in_port=1 out_port=3
[FLOW_MOD] t=15622.200564028 dpid=s1 action=delete-strict src=00:00:00:00:00:03 dst=00:00:00:00:00:02 in_port=3 out_port=1
[FLOW_MOD] t=15622.200826381 dpid=s1 action=add src=00:00:00:00:00:03 dst=00:00:00:00:00:02 in_port=3 out_port=1
[FLOW_MOD] t=15622.201147769 dpid=s4 action=delete-strict src=00:00:00:00:00:03 dst=00:00:00:00:00:02 in_port=4 out_port=2
[FLOW_MOD] t=15622.201408403 dpid=s4 action=add src=00:00:00:00:00:03 dst=00:00:00:00:00:02 in_port=4 out_port=2
[FLOW_MOD] t=15622.201724062 dpid=s17 action=delete-strict src=00:00:00:00:00:03 dst=00:00:00:00:00:02 in_port=3 out_port=1
[FLOW_MOD] t=15622.201977492 dpid=s17 action=add src=00:00:00:00:00:03 dst=00:00:00:00:00:02 in_port=3 out_port=1
[FLOW_MOD] t=15622.202290014 dpid=s17 action=delete-strict src=00:00:00:00:00:02 dst=00:00:00:00:00:03 in_port=1 out_port=3
[FLOW_MOD] t=15622.202563445 dpid=s17 action=add src=00:00:00:00:00:02 dst=00:00:00:00:00:03 in_port=1 out_port=3
[FLOW_MOD] t=15622.202883003 dpid=s4 action=delete-strict src=00:00:00:00:00:02 dst=00:00:00:00:00:03 in_port=2 out_port=4
[FLOW_MOD] t=15622.203112361 dpid=s4 action=add src=00:00:00:00:00:02 dst=00:00:00:00:00:03 in_port=2 out_port=4
[FLOW_MOD] t=15622.203586043 dpid=s1 action=delete-strict src=00:00:00:00:00:02 dst=00:00:00:00:00:03 in_port=1 out_port=3
[FLOW_MOD] t=15622.204703654 dpid=s1 action=add src=00:00:00:00:00:02 dst=00:00:00:00:00:03 in_port=1 out_port=3
[FLOW_MOD] t=15622.205326281 dpid=s2 action=delete-strict src=00:00:00:00:00:02 dst=00:00:00:00:00:03 in_port=3 out_port=1
[FLOW_MOD] t=15622.205678513 dpid=s2 action=add src=00:00:00:00:00:02 dst=00:00:00:00:00:03 in_port=3 out_port=1
[FLOW_MOD] t=15622.206035575 dpid=s6 action=delete-strict src=00:00:00:00:00:02 dst=00:00:00:00:00:03 in_port=4 out_port=1
[FLOW_MOD] t=15622.206431616 dpid=s6 action=add src=00:00:00:00:00:02 dst=00:00:00:00:00:03 in_port=4 out_port=1
[FLOW_MOD] t=15622.206777089 dpid=s18 action=delete-strict src=00:00:00:00:00:02 dst=00:00:00:00:00:03 in_port=3 out_port=1
[FLOW_MOD] t=15622.207057422 dpid=s18 action=add src=00:00:00:00:00:02 dst=00:00:00:00:00:03 in_port=3 out_port=1
[TOPO] route refresh: installed=2 skipped=0 unreachable=0 hosts=2
[TOPO-CHANGE] (LLDP topology event) switches=10 links=28  delta +2 -0
[TOPO-UP]   [(19, 6), (19, 7)]
[TOPO-REFRESH] flushing 2 flows, rebuilding routes
[TREE-DONE] root=s1 tree_edges=10 reachable=10/10
[SPF-DONE] BFS s17->s18 reachable=10/10
[PATH-COMPUTED] s17->s18: 5 hop(s) path=s17 -> s4 -> s1 -> s2 -> s6 -> s18
[FLOW-INSTALL] 00:00:00:00:00:02 → 00:00:00:00:00:03: s17 -> s4 -> s1 -> s2 -> s6 -> s18
[FLOW_MOD] t=15622.518282758 dpid=s17 action=delete-strict src=00:00:00:00:00:02 dst=00:00:00:00:00:03 in_port=1 out_port=3
[FLOW_MOD] t=15622.518581106 dpid=s17 action=add src=00:00:00:00:00:02 dst=00:00:00:00:00:03 in_port=1 out_port=3
[FLOW_MOD] t=15622.518912052 dpid=s4 action=delete-strict src=00:00:00:00:00:02 dst=00:00:00:00:00:03 in_port=2 out_port=4
[FLOW_MOD] t=15622.519200050 dpid=s4 action=add src=00:00:00:00:00:02 dst=00:00:00:00:00:03 in_port=2 out_port=4
[FLOW_MOD] t=15622.519518174 dpid=s1 action=delete-strict src=00:00:00:00:00:02 dst=00:00:00:00:00:03 in_port=1 out_port=3
[FLOW_MOD] t=15622.519790388 dpid=s1 action=add src=00:00:00:00:00:02 dst=00:00:00:00:00:03 in_port=1 out_port=3
[FLOW_MOD] t=15622.520173801 dpid=s2 action=delete-strict src=00:00:00:00:00:02 dst=00:00:00:00:00:03 in_port=3 out_port=1
[FLOW_MOD] t=15622.520400302 dpid=s2 action=add src=00:00:00:00:00:02 dst=00:00:00:00:00:03 in_port=3 out_port=1
[FLOW_MOD] t=15622.520682614 dpid=s6 action=delete-strict src=00:00:00:00:00:02 dst=00:00:00:00:00:03 in_port=4 out_port=1
[FLOW_MOD] t=15622.520899864 dpid=s6 action=add src=00:00:00:00:00:02 dst=00:00:00:00:00:03 in_port=4 out_port=1
[FLOW_MOD] t=15622.521214988 dpid=s18 action=delete-strict src=00:00:00:00:00:02 dst=00:00:00:00:00:03 in_port=3 out_port=1
[FLOW_MOD] t=15622.521415724 dpid=s18 action=add src=00:00:00:00:00:02 dst=00:00:00:00:00:03 in_port=3 out_port=1
[FLOW_MOD] t=15622.521757085 dpid=s18 action=delete-strict src=00:00:00:00:00:03 dst=00:00:00:00:00:02 in_port=1 out_port=3
[FLOW_MOD] t=15622.521998919 dpid=s18 action=add src=00:00:00:00:00:03 dst=00:00:00:00:00:02 in_port=1 out_port=3
[FLOW_MOD] t=15622.522314623 dpid=s6 action=delete-strict src=00:00:00:00:00:03 dst=00:00:00:00:00:02 in_port=1 out_port=4
[FLOW_MOD] t=15622.522598527 dpid=s6 action=add src=00:00:00:00:00:03 dst=00:00:00:00:00:02 in_port=1 out_port=4
[FLOW_MOD] t=15622.522958125 dpid=s2 action=delete-strict src=00:00:00:00:00:03 dst=00:00:00:00:00:02 in_port=1 out_port=3
[FLOW_MOD] t=15622.523246133 dpid=s2 action=add src=00:00:00:00:00:03 dst=00:00:00:00:00:02 in_port=1 out_port=3
[FLOW_MOD] t=15622.523591577 dpid=s1 action=delete-strict src=00:00:00:00:00:03 dst=00:00:00:00:00:02 in_port=3 out_port=1
[FLOW_MOD] t=15622.523868273 dpid=s1 action=add src=00:00:00:00:00:03 dst=00:00:00:00:00:02 in_port=3 out_port=1
[FLOW_MOD] t=15622.524267470 dpid=s4 action=delete-strict src=00:00:00:00:00:03 dst=00:00:00:00:00:02 in_port=4 out_port=2
[FLOW_MOD] t=15622.524581556 dpid=s4 action=add src=00:00:00:00:00:03 dst=00:00:00:00:00:02 in_port=4 out_port=2
[FLOW_MOD] t=15622.525040460 dpid=s17 action=delete-strict src=00:00:00:00:00:03 dst=00:00:00:00:00:02 in_port=3 out_port=1
[FLOW_MOD] t=15622.525682524 dpid=s17 action=add src=00:00:00:00:00:03 dst=00:00:00:00:00:02 in_port=3 out_port=1
[SPF-DONE] BFS s18->s17 reachable=10/10
[PATH-COMPUTED] s18->s17: 5 hop(s) path=s18 -> s6 -> s2 -> s1 -> s4 -> s17
[FLOW-INSTALL] 00:00:00:00:00:03 → 00:00:00:00:00:02: s18 -> s6 -> s2 -> s1 -> s4 -> s17
[FLOW_MOD] t=15622.527127567 dpid=s18 action=delete-strict src=00:00:00:00:00:03 dst=00:00:00:00:00:02 in_port=1 out_port=3
[FLOW_MOD] t=15622.527481265 dpid=s18 action=add src=00:00:00:00:00:03 dst=00:00:00:00:00:02 in_port=1 out_port=3
[FLOW_MOD] t=15622.527853178 dpid=s6 action=delete-strict src=00:00:00:00:00:03 dst=00:00:00:00:00:02 in_port=1 out_port=4
[FLOW_MOD] t=15622.528169565 dpid=s6 action=add src=00:00:00:00:00:03 dst=00:00:00:00:00:02 in_port=1 out_port=4
[FLOW_MOD] t=15622.528623267 dpid=s2 action=delete-strict src=00:00:00:00:00:03 dst=00:00:00:00:00:02 in_port=1 out_port=3
[FLOW_MOD] t=15622.528971644 dpid=s2 action=add src=00:00:00:00:00:03 dst=00:00:00:00:00:02 in_port=1 out_port=3
[FLOW_MOD] t=15622.529358042 dpid=s1 action=delete-strict src=00:00:00:00:00:03 dst=00:00:00:00:00:02 in_port=3 out_port=1
[FLOW_MOD] t=15622.529677823 dpid=s1 action=add src=00:00:00:00:00:03 dst=00:00:00:00:00:02 in_port=3 out_port=1
[FLOW_MOD] t=15622.530067972 dpid=s4 action=delete-strict src=00:00:00:00:00:03 dst=00:00:00:00:00:02 in_port=4 out_port=2
[FLOW_MOD] t=15622.530407224 dpid=s4 action=add src=00:00:00:00:00:03 dst=00:00:00:00:00:02 in_port=4 out_port=2
[FLOW_MOD] t=15622.530932375 dpid=s17 action=delete-strict src=00:00:00:00:00:03 dst=00:00:00:00:00:02 in_port=3 out_port=1
[FLOW_MOD] t=15622.531209989 dpid=s17 action=add src=00:00:00:00:00:03 dst=00:00:00:00:00:02 in_port=3 out_port=1
[FLOW_MOD] t=15622.531585716 dpid=s17 action=delete-strict src=00:00:00:00:00:02 dst=00:00:00:00:00:03 in_port=1 out_port=3
[FLOW_MOD] t=15622.531859162 dpid=s17 action=add src=00:00:00:00:00:02 dst=00:00:00:00:00:03 in_port=1 out_port=3
[FLOW_MOD] t=15622.532241278 dpid=s4 action=delete-strict src=00:00:00:00:00:02 dst=00:00:00:00:00:03 in_port=2 out_port=4
[FLOW_MOD] t=15622.532530464 dpid=s4 action=add src=00:00:00:00:00:02 dst=00:00:00:00:00:03 in_port=2 out_port=4
[FLOW_MOD] t=15622.532926691 dpid=s1 action=delete-strict src=00:00:00:00:00:02 dst=00:00:00:00:00:03 in_port=1 out_port=3
[FLOW_MOD] t=15622.533244222 dpid=s1 action=add src=00:00:00:00:00:02 dst=00:00:00:00:00:03 in_port=1 out_port=3
[FLOW_MOD] t=15622.533586231 dpid=s2 action=delete-strict src=00:00:00:00:00:02 dst=00:00:00:00:00:03 in_port=3 out_port=1
[FLOW_MOD] t=15622.533821781 dpid=s2 action=add src=00:00:00:00:00:02 dst=00:00:00:00:00:03 in_port=3 out_port=1
[FLOW_MOD] t=15622.534119021 dpid=s6 action=delete-strict src=00:00:00:00:00:02 dst=00:00:00:00:00:03 in_port=4 out_port=1
[FLOW_MOD] t=15622.534375134 dpid=s6 action=add src=00:00:00:00:00:02 dst=00:00:00:00:00:03 in_port=4 out_port=1
[FLOW_MOD] t=15622.534701791 dpid=s18 action=delete-strict src=00:00:00:00:00:02 dst=00:00:00:00:00:03 in_port=3 out_port=1
[FLOW_MOD] t=15622.534950329 dpid=s18 action=add src=00:00:00:00:00:02 dst=00:00:00:00:00:03 in_port=3 out_port=1
[TOPO] route refresh: installed=2 skipped=0 unreachable=0 hosts=2
[TOPO-CHANGE] (LLDP topology event) switches=10 links=29  delta +1 -0
[TOPO-UP]   [(6, 19)]
[TOPO-REFRESH] flushing 2 flows, rebuilding routes
[TREE-DONE] root=s1 tree_edges=10 reachable=10/10
[SPF-DONE] BFS s17->s18 reachable=10/10
[PATH-COMPUTED] s17->s18: 5 hop(s) path=s17 -> s4 -> s1 -> s2 -> s6 -> s18
[FLOW-INSTALL] 00:00:00:00:00:02 → 00:00:00:00:00:03: s17 -> s4 -> s1 -> s2 -> s6 -> s18
[FLOW_MOD] t=15622.976189599 dpid=s17 action=delete-strict src=00:00:00:00:00:02 dst=00:00:00:00:00:03 in_port=1 out_port=3
[FLOW_MOD] t=15622.976410145 dpid=s17 action=add src=00:00:00:00:00:02 dst=00:00:00:00:00:03 in_port=1 out_port=3
[FLOW_MOD] t=15622.976687891 dpid=s4 action=delete-strict src=00:00:00:00:00:02 dst=00:00:00:00:00:03 in_port=2 out_port=4
[FLOW_MOD] t=15622.976919786 dpid=s4 action=add src=00:00:00:00:00:02 dst=00:00:00:00:00:03 in_port=2 out_port=4
[FLOW_MOD] t=15622.977216931 dpid=s1 action=delete-strict src=00:00:00:00:00:02 dst=00:00:00:00:00:03 in_port=1 out_port=3
[FLOW_MOD] t=15622.977431262 dpid=s1 action=add src=00:00:00:00:00:02 dst=00:00:00:00:00:03 in_port=1 out_port=3
[FLOW_MOD] t=15622.977704648 dpid=s2 action=delete-strict src=00:00:00:00:00:02 dst=00:00:00:00:00:03 in_port=3 out_port=1
[FLOW_MOD] t=15622.977912511 dpid=s2 action=add src=00:00:00:00:00:02 dst=00:00:00:00:00:03 in_port=3 out_port=1
[FLOW_MOD] t=15622.978273336 dpid=s6 action=delete-strict src=00:00:00:00:00:02 dst=00:00:00:00:00:03 in_port=4 out_port=1
[FLOW_MOD] t=15622.978587625 dpid=s6 action=add src=00:00:00:00:00:02 dst=00:00:00:00:00:03 in_port=4 out_port=1
[FLOW_MOD] t=15622.978916310 dpid=s18 action=delete-strict src=00:00:00:00:00:02 dst=00:00:00:00:00:03 in_port=3 out_port=1
[FLOW_MOD] t=15622.979147481 dpid=s18 action=add src=00:00:00:00:00:02 dst=00:00:00:00:00:03 in_port=3 out_port=1
[FLOW_MOD] t=15622.979465429 dpid=s18 action=delete-strict src=00:00:00:00:00:03 dst=00:00:00:00:00:02 in_port=1 out_port=3
[FLOW_MOD] t=15622.979730867 dpid=s18 action=add src=00:00:00:00:00:03 dst=00:00:00:00:00:02 in_port=1 out_port=3
[FLOW_MOD] t=15622.980089217 dpid=s6 action=delete-strict src=00:00:00:00:00:03 dst=00:00:00:00:00:02 in_port=1 out_port=4
[FLOW_MOD] t=15622.980324467 dpid=s6 action=add src=00:00:00:00:00:03 dst=00:00:00:00:00:02 in_port=1 out_port=4
[FLOW_MOD] t=15622.980676329 dpid=s2 action=delete-strict src=00:00:00:00:00:03 dst=00:00:00:00:00:02 in_port=1 out_port=3
[FLOW_MOD] t=15622.980975585 dpid=s2 action=add src=00:00:00:00:00:03 dst=00:00:00:00:00:02 in_port=1 out_port=3
[FLOW_MOD] t=15622.981425606 dpid=s1 action=delete-strict src=00:00:00:00:00:03 dst=00:00:00:00:00:02 in_port=3 out_port=1
[FLOW_MOD] t=15622.981689393 dpid=s1 action=add src=00:00:00:00:00:03 dst=00:00:00:00:00:02 in_port=3 out_port=1
[FLOW_MOD] t=15622.982042263 dpid=s4 action=delete-strict src=00:00:00:00:00:03 dst=00:00:00:00:00:02 in_port=4 out_port=2
[FLOW_MOD] t=15622.982343101 dpid=s4 action=add src=00:00:00:00:00:03 dst=00:00:00:00:00:02 in_port=4 out_port=2
[FLOW_MOD] t=15622.982699749 dpid=s17 action=delete-strict src=00:00:00:00:00:03 dst=00:00:00:00:00:02 in_port=3 out_port=1
[FLOW_MOD] t=15622.982999368 dpid=s17 action=add src=00:00:00:00:00:03 dst=00:00:00:00:00:02 in_port=3 out_port=1
[SPF-DONE] BFS s18->s17 reachable=10/10
[PATH-COMPUTED] s18->s17: 5 hop(s) path=s18 -> s6 -> s2 -> s1 -> s4 -> s17
[FLOW-INSTALL] 00:00:00:00:00:03 → 00:00:00:00:00:02: s18 -> s6 -> s2 -> s1 -> s4 -> s17
[FLOW_MOD] t=15622.984225528 dpid=s18 action=delete-strict src=00:00:00:00:00:03 dst=00:00:00:00:00:02 in_port=1 out_port=3
[FLOW_MOD] t=15622.984527615 dpid=s18 action=add src=00:00:00:00:00:03 dst=00:00:00:00:00:02 in_port=1 out_port=3
[FLOW_MOD] t=15622.984947680 dpid=s6 action=delete-strict src=00:00:00:00:00:03 dst=00:00:00:00:00:02 in_port=1 out_port=4
[FLOW_MOD] t=15622.985228119 dpid=s6 action=add src=00:00:00:00:00:03 dst=00:00:00:00:00:02 in_port=1 out_port=4
[FLOW_MOD] t=15622.985667659 dpid=s2 action=delete-strict src=00:00:00:00:00:03 dst=00:00:00:00:00:02 in_port=1 out_port=3
[FLOW_MOD] t=15622.985938362 dpid=s2 action=add src=00:00:00:00:00:03 dst=00:00:00:00:00:02 in_port=1 out_port=3
[FLOW_MOD] t=15622.986291535 dpid=s1 action=delete-strict src=00:00:00:00:00:03 dst=00:00:00:00:00:02 in_port=3 out_port=1
[FLOW_MOD] t=15622.986581474 dpid=s1 action=add src=00:00:00:00:00:03 dst=00:00:00:00:00:02 in_port=3 out_port=1
[FLOW_MOD] t=15622.986975213 dpid=s4 action=delete-strict src=00:00:00:00:00:03 dst=00:00:00:00:00:02 in_port=4 out_port=2
[FLOW_MOD] t=15622.987283789 dpid=s4 action=add src=00:00:00:00:00:03 dst=00:00:00:00:00:02 in_port=4 out_port=2
[FLOW_MOD] t=15622.987623164 dpid=s17 action=delete-strict src=00:00:00:00:00:03 dst=00:00:00:00:00:02 in_port=3 out_port=1
[FLOW_MOD] t=15622.987891645 dpid=s17 action=add src=00:00:00:00:00:03 dst=00:00:00:00:00:02 in_port=3 out_port=1
[FLOW_MOD] t=15622.988280381 dpid=s17 action=delete-strict src=00:00:00:00:00:02 dst=00:00:00:00:00:03 in_port=1 out_port=3
[FLOW_MOD] t=15622.988543144 dpid=s17 action=add src=00:00:00:00:00:02 dst=00:00:00:00:00:03 in_port=1 out_port=3
[FLOW_MOD] t=15622.988858026 dpid=s4 action=delete-strict src=00:00:00:00:00:02 dst=00:00:00:00:00:03 in_port=2 out_port=4
[FLOW_MOD] t=15622.989106270 dpid=s4 action=add src=00:00:00:00:00:02 dst=00:00:00:00:00:03 in_port=2 out_port=4
[FLOW_MOD] t=15622.989424891 dpid=s1 action=delete-strict src=00:00:00:00:00:02 dst=00:00:00:00:00:03 in_port=1 out_port=3
[FLOW_MOD] t=15622.989725629 dpid=s1 action=add src=00:00:00:00:00:02 dst=00:00:00:00:00:03 in_port=1 out_port=3
[FLOW_MOD] t=15622.990060494 dpid=s2 action=delete-strict src=00:00:00:00:00:02 dst=00:00:00:00:00:03 in_port=3 out_port=1
[FLOW_MOD] t=15622.990337082 dpid=s2 action=add src=00:00:00:00:00:02 dst=00:00:00:00:00:03 in_port=3 out_port=1
[FLOW_MOD] t=15622.990678347 dpid=s6 action=delete-strict src=00:00:00:00:00:02 dst=00:00:00:00:00:03 in_port=4 out_port=1
[FLOW_MOD] t=15622.990962269 dpid=s6 action=add src=00:00:00:00:00:02 dst=00:00:00:00:00:03 in_port=4 out_port=1
[FLOW_MOD] t=15622.991371375 dpid=s18 action=delete-strict src=00:00:00:00:00:02 dst=00:00:00:00:00:03 in_port=3 out_port=1
[FLOW_MOD] t=15622.991683048 dpid=s18 action=add src=00:00:00:00:00:02 dst=00:00:00:00:00:03 in_port=3 out_port=1
[TOPO] route refresh: installed=2 skipped=0 unreachable=0 hosts=2
[TOPO-CHANGE] (LLDP topology event) switches=10 links=30  delta +1 -0
[TOPO-UP]   [(7, 19)]
[TOPO-REFRESH] flushing 2 flows, rebuilding routes
[TREE-DONE] root=s1 tree_edges=10 reachable=10/10
[SPF-DONE] BFS s17->s18 reachable=10/10
[PATH-COMPUTED] s17->s18: 5 hop(s) path=s17 -> s4 -> s1 -> s2 -> s6 -> s18
[FLOW-INSTALL] 00:00:00:00:00:02 → 00:00:00:00:00:03: s17 -> s4 -> s1 -> s2 -> s6 -> s18
[FLOW_MOD] t=15623.283174494 dpid=s17 action=delete-strict src=00:00:00:00:00:02 dst=00:00:00:00:00:03 in_port=1 out_port=3
[FLOW_MOD] t=15623.283445569 dpid=s17 action=add src=00:00:00:00:00:02 dst=00:00:00:00:00:03 in_port=1 out_port=3
[FLOW_MOD] t=15623.283756669 dpid=s4 action=delete-strict src=00:00:00:00:00:02 dst=00:00:00:00:00:03 in_port=2 out_port=4
[FLOW_MOD] t=15623.283988883 dpid=s4 action=add src=00:00:00:00:00:02 dst=00:00:00:00:00:03 in_port=2 out_port=4
[FLOW_MOD] t=15623.284314298 dpid=s1 action=delete-strict src=00:00:00:00:00:02 dst=00:00:00:00:00:03 in_port=1 out_port=3
[FLOW_MOD] t=15623.284778179 dpid=s1 action=add src=00:00:00:00:00:02 dst=00:00:00:00:00:03 in_port=1 out_port=3
[FLOW_MOD] t=15623.285291726 dpid=s2 action=delete-strict src=00:00:00:00:00:02 dst=00:00:00:00:00:03 in_port=3 out_port=1
[FLOW_MOD] t=15623.285622346 dpid=s2 action=add src=00:00:00:00:00:02 dst=00:00:00:00:00:03 in_port=3 out_port=1
[FLOW_MOD] t=15623.286001128 dpid=s6 action=delete-strict src=00:00:00:00:00:02 dst=00:00:00:00:00:03 in_port=4 out_port=1
[FLOW_MOD] t=15623.286330698 dpid=s6 action=add src=00:00:00:00:00:02 dst=00:00:00:00:00:03 in_port=4 out_port=1
[FLOW_MOD] t=15623.286696576 dpid=s18 action=delete-strict src=00:00:00:00:00:02 dst=00:00:00:00:00:03 in_port=3 out_port=1
[FLOW_MOD] t=15623.286946685 dpid=s18 action=add src=00:00:00:00:00:02 dst=00:00:00:00:00:03 in_port=3 out_port=1
[FLOW_MOD] t=15623.287412555 dpid=s18 action=delete-strict src=00:00:00:00:00:03 dst=00:00:00:00:00:02 in_port=1 out_port=3
[FLOW_MOD] t=15623.287706012 dpid=s18 action=add src=00:00:00:00:00:03 dst=00:00:00:00:00:02 in_port=1 out_port=3
[FLOW_MOD] t=15623.288141084 dpid=s6 action=delete-strict src=00:00:00:00:00:03 dst=00:00:00:00:00:02 in_port=1 out_port=4
[FLOW_MOD] t=15623.288426441 dpid=s6 action=add src=00:00:00:00:00:03 dst=00:00:00:00:00:02 in_port=1 out_port=4
[FLOW_MOD] t=15623.288788789 dpid=s2 action=delete-strict src=00:00:00:00:00:03 dst=00:00:00:00:00:02 in_port=1 out_port=3
[FLOW_MOD] t=15623.289060667 dpid=s2 action=add src=00:00:00:00:00:03 dst=00:00:00:00:00:02 in_port=1 out_port=3
[FLOW_MOD] t=15623.289419728 dpid=s1 action=delete-strict src=00:00:00:00:00:03 dst=00:00:00:00:00:02 in_port=3 out_port=1
[FLOW_MOD] t=15623.289684286 dpid=s1 action=add src=00:00:00:00:00:03 dst=00:00:00:00:00:02 in_port=3 out_port=1
[FLOW_MOD] t=15623.290097163 dpid=s4 action=delete-strict src=00:00:00:00:00:03 dst=00:00:00:00:00:02 in_port=4 out_port=2
[FLOW_MOD] t=15623.290416965 dpid=s4 action=add src=00:00:00:00:00:03 dst=00:00:00:00:00:02 in_port=4 out_port=2
[FLOW_MOD] t=15623.290812161 dpid=s17 action=delete-strict src=00:00:00:00:00:03 dst=00:00:00:00:00:02 in_port=3 out_port=1
[FLOW_MOD] t=15623.291087725 dpid=s17 action=add src=00:00:00:00:00:03 dst=00:00:00:00:00:02 in_port=3 out_port=1
[SPF-DONE] BFS s18->s17 reachable=10/10
[PATH-COMPUTED] s18->s17: 5 hop(s) path=s18 -> s6 -> s2 -> s1 -> s4 -> s17
[FLOW-INSTALL] 00:00:00:00:00:03 → 00:00:00:00:00:02: s18 -> s6 -> s2 -> s1 -> s4 -> s17
[FLOW_MOD] t=15623.292209280 dpid=s18 action=delete-strict src=00:00:00:00:00:03 dst=00:00:00:00:00:02 in_port=1 out_port=3
[FLOW_MOD] t=15623.292481528 dpid=s18 action=add src=00:00:00:00:00:03 dst=00:00:00:00:00:02 in_port=1 out_port=3
[FLOW_MOD] t=15623.292895819 dpid=s6 action=delete-strict src=00:00:00:00:00:03 dst=00:00:00:00:00:02 in_port=1 out_port=4
[FLOW_MOD] t=15623.293217547 dpid=s6 action=add src=00:00:00:00:00:03 dst=00:00:00:00:00:02 in_port=1 out_port=4
[FLOW_MOD] t=15623.293625913 dpid=s2 action=delete-strict src=00:00:00:00:00:03 dst=00:00:00:00:00:02 in_port=1 out_port=3
[FLOW_MOD] t=15623.293948737 dpid=s2 action=add src=00:00:00:00:00:03 dst=00:00:00:00:00:02 in_port=1 out_port=3
[FLOW_MOD] t=15623.294299892 dpid=s1 action=delete-strict src=00:00:00:00:00:03 dst=00:00:00:00:00:02 in_port=3 out_port=1
[FLOW_MOD] t=15623.294680124 dpid=s1 action=add src=00:00:00:00:00:03 dst=00:00:00:00:00:02 in_port=3 out_port=1
[FLOW_MOD] t=15623.295069152 dpid=s4 action=delete-strict src=00:00:00:00:00:03 dst=00:00:00:00:00:02 in_port=4 out_port=2
[FLOW_MOD] t=15623.295334083 dpid=s4 action=add src=00:00:00:00:00:03 dst=00:00:00:00:00:02 in_port=4 out_port=2
[FLOW_MOD] t=15623.295706311 dpid=s17 action=delete-strict src=00:00:00:00:00:03 dst=00:00:00:00:00:02 in_port=3 out_port=1
[FLOW_MOD] t=15623.296012645 dpid=s17 action=add src=00:00:00:00:00:03 dst=00:00:00:00:00:02 in_port=3 out_port=1
[FLOW_MOD] t=15623.296419163 dpid=s17 action=delete-strict src=00:00:00:00:00:02 dst=00:00:00:00:00:03 in_port=1 out_port=3
[FLOW_MOD] t=15623.296718444 dpid=s17 action=add src=00:00:00:00:00:02 dst=00:00:00:00:00:03 in_port=1 out_port=3
[FLOW_MOD] t=15623.297085676 dpid=s4 action=delete-strict src=00:00:00:00:00:02 dst=00:00:00:00:00:03 in_port=2 out_port=4
[FLOW_MOD] t=15623.297361780 dpid=s4 action=add src=00:00:00:00:00:02 dst=00:00:00:00:00:03 in_port=2 out_port=4
[FLOW_MOD] t=15623.297685705 dpid=s1 action=delete-strict src=00:00:00:00:00:02 dst=00:00:00:00:00:03 in_port=1 out_port=3
[FLOW_MOD] t=15623.298003601 dpid=s1 action=add src=00:00:00:00:00:02 dst=00:00:00:00:00:03 in_port=1 out_port=3
[FLOW_MOD] t=15623.298457634 dpid=s2 action=delete-strict src=00:00:00:00:00:02 dst=00:00:00:00:00:03 in_port=3 out_port=1
[FLOW_MOD] t=15623.298816123 dpid=s2 action=add src=00:00:00:00:00:02 dst=00:00:00:00:00:03 in_port=3 out_port=1
[FLOW_MOD] t=15623.299197200 dpid=s6 action=delete-strict src=00:00:00:00:00:02 dst=00:00:00:00:00:03 in_port=4 out_port=1
[FLOW_MOD] t=15623.299470414 dpid=s6 action=add src=00:00:00:00:00:02 dst=00:00:00:00:00:03 in_port=4 out_port=1
[FLOW_MOD] t=15623.299826980 dpid=s18 action=delete-strict src=00:00:00:00:00:02 dst=00:00:00:00:00:03 in_port=3 out_port=1
[FLOW_MOD] t=15623.300148424 dpid=s18 action=add src=00:00:00:00:00:02 dst=00:00:00:00:00:03 in_port=3 out_port=1
[TOPO] route refresh: installed=2 skipped=0 unreachable=0 hosts=2
[HOST-LEARN] MAC 00:00:00:00:00:04 discovered at s19 port 1
[SPF-DONE] BFS s19->s18 reachable=10/10
[PATH-COMPUTED] s19->s18: 2 hop(s) path=s19 -> s6 -> s18
[FLOW-INSTALL] 00:00:00:00:00:04 → 00:00:00:00:00:03: s19 -> s6 -> s18
[FLOW_MOD] t=15631.473022471 dpid=s19 action=delete-strict src=00:00:00:00:00:04 dst=00:00:00:00:00:03 in_port=1 out_port=3
[FLOW_MOD] t=15631.473325867 dpid=s19 action=add src=00:00:00:00:00:04 dst=00:00:00:00:00:03 in_port=1 out_port=3
[FLOW_MOD] t=15631.473648007 dpid=s6 action=delete-strict src=00:00:00:00:00:04 dst=00:00:00:00:00:03 in_port=2 out_port=1
[FLOW_MOD] t=15631.473906817 dpid=s6 action=add src=00:00:00:00:00:04 dst=00:00:00:00:00:03 in_port=2 out_port=1
[FLOW_MOD] t=15631.474259366 dpid=s18 action=delete-strict src=00:00:00:00:00:04 dst=00:00:00:00:00:03 in_port=3 out_port=1
[FLOW_MOD] t=15631.474528418 dpid=s18 action=add src=00:00:00:00:00:04 dst=00:00:00:00:00:03 in_port=3 out_port=1
[FLOW_MOD] t=15631.474825639 dpid=s18 action=delete-strict src=00:00:00:00:00:03 dst=00:00:00:00:00:04 in_port=1 out_port=3
[FLOW_MOD] t=15631.475074166 dpid=s18 action=add src=00:00:00:00:00:03 dst=00:00:00:00:00:04 in_port=1 out_port=3
[FLOW_MOD] t=15631.475421341 dpid=s6 action=delete-strict src=00:00:00:00:00:03 dst=00:00:00:00:00:04 in_port=1 out_port=2
[FLOW_MOD] t=15631.475709621 dpid=s6 action=add src=00:00:00:00:00:03 dst=00:00:00:00:00:04 in_port=1 out_port=2
[FLOW_MOD] t=15631.476139402 dpid=s19 action=delete-strict src=00:00:00:00:00:03 dst=00:00:00:00:00:04 in_port=3 out_port=1
[FLOW_MOD] t=15631.476413981 dpid=s19 action=add src=00:00:00:00:00:03 dst=00:00:00:00:00:04 in_port=3 out_port=1
[SPF-DONE] BFS s18->s19 reachable=10/10
[PATH-COMPUTED] s18->s19: 2 hop(s) path=s18 -> s6 -> s19
[FLOW-INSTALL] 00:00:00:00:00:03 → 00:00:00:00:00:04: s18 -> s6 -> s19
[FLOW_MOD] t=15631.518908196 dpid=s18 action=delete-strict src=00:00:00:00:00:03 dst=00:00:00:00:00:04 in_port=1 out_port=3
[FLOW_MOD] t=15631.519256926 dpid=s18 action=add src=00:00:00:00:00:03 dst=00:00:00:00:00:04 in_port=1 out_port=3
[FLOW_MOD] t=15631.519667733 dpid=s6 action=delete-strict src=00:00:00:00:00:03 dst=00:00:00:00:00:04 in_port=1 out_port=2
[FLOW_MOD] t=15631.519953300 dpid=s6 action=add src=00:00:00:00:00:03 dst=00:00:00:00:00:04 in_port=1 out_port=2
[FLOW_MOD] t=15631.520384694 dpid=s19 action=delete-strict src=00:00:00:00:00:03 dst=00:00:00:00:00:04 in_port=3 out_port=1
[FLOW_MOD] t=15631.520638164 dpid=s19 action=add src=00:00:00:00:00:03 dst=00:00:00:00:00:04 in_port=3 out_port=1
[FLOW_MOD] t=15631.520949995 dpid=s19 action=delete-strict src=00:00:00:00:00:04 dst=00:00:00:00:00:03 in_port=1 out_port=3
[FLOW_MOD] t=15631.521193826 dpid=s19 action=add src=00:00:00:00:00:04 dst=00:00:00:00:00:03 in_port=1 out_port=3
[FLOW_MOD] t=15631.521563489 dpid=s6 action=delete-strict src=00:00:00:00:00:04 dst=00:00:00:00:00:03 in_port=2 out_port=1
[FLOW_MOD] t=15631.521831488 dpid=s6 action=add src=00:00:00:00:00:04 dst=00:00:00:00:00:03 in_port=2 out_port=1
[FLOW_MOD] t=15631.522134438 dpid=s18 action=delete-strict src=00:00:00:00:00:04 dst=00:00:00:00:00:03 in_port=3 out_port=1
[FLOW_MOD] t=15631.522405644 dpid=s18 action=add src=00:00:00:00:00:04 dst=00:00:00:00:00:03 in_port=3 out_port=1
[PKT-DROP] 00:00:00:00:00:03→00:00:00:00:00:04: s3 not in path
[SPF-DONE] BFS s19->s17 reachable=10/10
[PATH-COMPUTED] s19->s17: 5 hop(s) path=s19 -> s6 -> s2 -> s1 -> s4 -> s17
[FLOW-INSTALL] 00:00:00:00:00:04 → 00:00:00:00:00:02: s19 -> s6 -> s2 -> s1 -> s4 -> s17
[FLOW_MOD] t=15641.494872571 dpid=s19 action=delete-strict src=00:00:00:00:00:04 dst=00:00:00:00:00:02 in_port=1 out_port=3
[FLOW_MOD] t=15641.495678075 dpid=s19 action=add src=00:00:00:00:00:04 dst=00:00:00:00:00:02 in_port=1 out_port=3
[FLOW_MOD] t=15641.496443874 dpid=s6 action=delete-strict src=00:00:00:00:00:04 dst=00:00:00:00:00:02 in_port=2 out_port=4
[FLOW_MOD] t=15641.497161287 dpid=s6 action=add src=00:00:00:00:00:04 dst=00:00:00:00:00:02 in_port=2 out_port=4
[FLOW_MOD] t=15641.497963565 dpid=s2 action=delete-strict src=00:00:00:00:00:04 dst=00:00:00:00:00:02 in_port=1 out_port=3
[FLOW_MOD] t=15641.498569647 dpid=s2 action=add src=00:00:00:00:00:04 dst=00:00:00:00:00:02 in_port=1 out_port=3
[FLOW_MOD] t=15641.499089081 dpid=s1 action=delete-strict src=00:00:00:00:00:04 dst=00:00:00:00:00:02 in_port=3 out_port=1
[FLOW_MOD] t=15641.499498669 dpid=s1 action=add src=00:00:00:00:00:04 dst=00:00:00:00:00:02 in_port=3 out_port=1
[FLOW_MOD] t=15641.500067434 dpid=s4 action=delete-strict src=00:00:00:00:00:04 dst=00:00:00:00:00:02 in_port=4 out_port=2
[FLOW_MOD] t=15641.500413128 dpid=s4 action=add src=00:00:00:00:00:04 dst=00:00:00:00:00:02 in_port=4 out_port=2
[FLOW_MOD] t=15641.500772022 dpid=s17 action=delete-strict src=00:00:00:00:00:04 dst=00:00:00:00:00:02 in_port=3 out_port=1
[FLOW_MOD] t=15641.501020889 dpid=s17 action=add src=00:00:00:00:00:04 dst=00:00:00:00:00:02 in_port=3 out_port=1
[FLOW_MOD] t=15641.501339591 dpid=s17 action=delete-strict src=00:00:00:00:00:02 dst=00:00:00:00:00:04 in_port=1 out_port=3
[FLOW_MOD] t=15641.501626924 dpid=s17 action=add src=00:00:00:00:00:02 dst=00:00:00:00:00:04 in_port=1 out_port=3
[FLOW_MOD] t=15641.501976623 dpid=s4 action=delete-strict src=00:00:00:00:00:02 dst=00:00:00:00:00:04 in_port=2 out_port=4
[FLOW_MOD] t=15641.502257161 dpid=s4 action=add src=00:00:00:00:00:02 dst=00:00:00:00:00:04 in_port=2 out_port=4
[FLOW_MOD] t=15641.502610552 dpid=s1 action=delete-strict src=00:00:00:00:00:02 dst=00:00:00:00:00:04 in_port=1 out_port=3
[FLOW_MOD] t=15641.502848270 dpid=s1 action=add src=00:00:00:00:00:02 dst=00:00:00:00:00:04 in_port=1 out_port=3
[FLOW_MOD] t=15641.503186394 dpid=s2 action=delete-strict src=00:00:00:00:00:02 dst=00:00:00:00:00:04 in_port=3 out_port=1
[FLOW_MOD] t=15641.503510131 dpid=s2 action=add src=00:00:00:00:00:02 dst=00:00:00:00:00:04 in_port=3 out_port=1
[FLOW_MOD] t=15641.503835399 dpid=s6 action=delete-strict src=00:00:00:00:00:02 dst=00:00:00:00:00:04 in_port=4 out_port=2
[FLOW_MOD] t=15641.504091635 dpid=s6 action=add src=00:00:00:00:00:02 dst=00:00:00:00:00:04 in_port=4 out_port=2
[FLOW_MOD] t=15641.504488423 dpid=s19 action=delete-strict src=00:00:00:00:00:02 dst=00:00:00:00:00:04 in_port=3 out_port=1
[FLOW_MOD] t=15641.504761008 dpid=s19 action=add src=00:00:00:00:00:02 dst=00:00:00:00:00:04 in_port=3 out_port=1
[TOPO-CHANGE] (LLDP topology event) switches=11 links=30  delta +0 -0
[TOPO-REFRESH] flushing 5 flows, rebuilding routes
[TREE-DONE] root=s1 tree_edges=10 reachable=10/11
[SPF-DONE] BFS s17->s18 reachable=10/10
[PATH-COMPUTED] s17->s18: 5 hop(s) path=s17 -> s4 -> s1 -> s2 -> s6 -> s18
[FLOW-INSTALL] 00:00:00:00:00:02 → 00:00:00:00:00:03: s17 -> s4 -> s1 -> s2 -> s6 -> s18
[FLOW_MOD] t=15644.234286730 dpid=s17 action=delete-strict src=00:00:00:00:00:02 dst=00:00:00:00:00:03 in_port=1 out_port=3
[FLOW_MOD] t=15644.234624310 dpid=s17 action=add src=00:00:00:00:00:02 dst=00:00:00:00:00:03 in_port=1 out_port=3
[FLOW_MOD] t=15644.235107264 dpid=s4 action=delete-strict src=00:00:00:00:00:02 dst=00:00:00:00:00:03 in_port=2 out_port=4
[FLOW_MOD] t=15644.235459784 dpid=s4 action=add src=00:00:00:00:00:02 dst=00:00:00:00:00:03 in_port=2 out_port=4
[FLOW_MOD] t=15644.235924201 dpid=s1 action=delete-strict src=00:00:00:00:00:02 dst=00:00:00:00:00:03 in_port=1 out_port=3
[FLOW_MOD] t=15644.236364932 dpid=s1 action=add src=00:00:00:00:00:02 dst=00:00:00:00:00:03 in_port=1 out_port=3
[FLOW_MOD] t=15644.236819514 dpid=s2 action=delete-strict src=00:00:00:00:00:02 dst=00:00:00:00:00:03 in_port=3 out_port=1
[FLOW_MOD] t=15644.237202609 dpid=s2 action=add src=00:00:00:00:00:02 dst=00:00:00:00:00:03 in_port=3 out_port=1
[FLOW_MOD] t=15644.237812912 dpid=s6 action=delete-strict src=00:00:00:00:00:02 dst=00:00:00:00:00:03 in_port=4 out_port=1
[FLOW_MOD] t=15644.238239795 dpid=s6 action=add src=00:00:00:00:00:02 dst=00:00:00:00:00:03 in_port=4 out_port=1
[FLOW_MOD] t=15644.238786752 dpid=s18 action=delete-strict src=00:00:00:00:00:02 dst=00:00:00:00:00:03 in_port=3 out_port=1
[FLOW_MOD] t=15644.239198257 dpid=s18 action=add src=00:00:00:00:00:02 dst=00:00:00:00:00:03 in_port=3 out_port=1
[FLOW_MOD] t=15644.239709029 dpid=s18 action=delete-strict src=00:00:00:00:00:03 dst=00:00:00:00:00:02 in_port=1 out_port=3
[FLOW_MOD] t=15644.240122121 dpid=s18 action=add src=00:00:00:00:00:03 dst=00:00:00:00:00:02 in_port=1 out_port=3
[FLOW_MOD] t=15644.240743674 dpid=s6 action=delete-strict src=00:00:00:00:00:03 dst=00:00:00:00:00:02 in_port=1 out_port=4
[FLOW_MOD] t=15644.241299498 dpid=s6 action=add src=00:00:00:00:00:03 dst=00:00:00:00:00:02 in_port=1 out_port=4
[FLOW_MOD] t=15644.241888055 dpid=s2 action=delete-strict src=00:00:00:00:00:03 dst=00:00:00:00:00:02 in_port=1 out_port=3
[FLOW_MOD] t=15644.242296777 dpid=s2 action=add src=00:00:00:00:00:03 dst=00:00:00:00:00:02 in_port=1 out_port=3
[FLOW_MOD] t=15644.242767062 dpid=s1 action=delete-strict src=00:00:00:00:00:03 dst=00:00:00:00:00:02 in_port=3 out_port=1
[FLOW_MOD] t=15644.243149270 dpid=s1 action=add src=00:00:00:00:00:03 dst=00:00:00:00:00:02 in_port=3 out_port=1
[FLOW_MOD] t=15644.243509681 dpid=s4 action=delete-strict src=00:00:00:00:00:03 dst=00:00:00:00:00:02 in_port=4 out_port=2
[FLOW_MOD] t=15644.243863602 dpid=s4 action=add src=00:00:00:00:00:03 dst=00:00:00:00:00:02 in_port=4 out_port=2
[FLOW_MOD] t=15644.244288212 dpid=s17 action=delete-strict src=00:00:00:00:00:03 dst=00:00:00:00:00:02 in_port=3 out_port=1
[FLOW_MOD] t=15644.244563130 dpid=s17 action=add src=00:00:00:00:00:03 dst=00:00:00:00:00:02 in_port=3 out_port=1
[SPF-DONE] BFS s17->s19 reachable=10/10
[PATH-COMPUTED] s17->s19: 5 hop(s) path=s17 -> s4 -> s1 -> s2 -> s6 -> s19
[FLOW-INSTALL] 00:00:00:00:00:02 → 00:00:00:00:00:04: s17 -> s4 -> s1 -> s2 -> s6 -> s19
[FLOW_MOD] t=15644.245656860 dpid=s17 action=delete-strict src=00:00:00:00:00:02 dst=00:00:00:00:00:04 in_port=1 out_port=3
[FLOW_MOD] t=15644.245928884 dpid=s17 action=add src=00:00:00:00:00:02 dst=00:00:00:00:00:04 in_port=1 out_port=3
[FLOW_MOD] t=15644.246218591 dpid=s4 action=delete-strict src=00:00:00:00:00:02 dst=00:00:00:00:00:04 in_port=2 out_port=4
[FLOW_MOD] t=15644.246450835 dpid=s4 action=add src=00:00:00:00:00:02 dst=00:00:00:00:00:04 in_port=2 out_port=4
[FLOW_MOD] t=15644.246743117 dpid=s1 action=delete-strict src=00:00:00:00:00:02 dst=00:00:00:00:00:04 in_port=1 out_port=3
[FLOW_MOD] t=15644.246984366 dpid=s1 action=add src=00:00:00:00:00:02 dst=00:00:00:00:00:04 in_port=1 out_port=3
[FLOW_MOD] t=15644.247257384 dpid=s2 action=delete-strict src=00:00:00:00:00:02 dst=00:00:00:00:00:04 in_port=3 out_port=1
[FLOW_MOD] t=15644.247495214 dpid=s2 action=add src=00:00:00:00:00:02 dst=00:00:00:00:00:04 in_port=3 out_port=1
[FLOW_MOD] t=15644.247760548 dpid=s6 action=delete-strict src=00:00:00:00:00:02 dst=00:00:00:00:00:04 in_port=4 out_port=2
[FLOW_MOD] t=15644.248030356 dpid=s6 action=add src=00:00:00:00:00:02 dst=00:00:00:00:00:04 in_port=4 out_port=2
[FLOW_MOD] t=15644.248299845 dpid=s19 action=delete-strict src=00:00:00:00:00:02 dst=00:00:00:00:00:04 in_port=3 out_port=1
[FLOW_MOD] t=15644.248566219 dpid=s19 action=add src=00:00:00:00:00:02 dst=00:00:00:00:00:04 in_port=3 out_port=1
[FLOW_MOD] t=15644.248966499 dpid=s19 action=delete-strict src=00:00:00:00:00:04 dst=00:00:00:00:00:02 in_port=1 out_port=3
[FLOW_MOD] t=15644.249226938 dpid=s19 action=add src=00:00:00:00:00:04 dst=00:00:00:00:00:02 in_port=1 out_port=3
[FLOW_MOD] t=15644.249568631 dpid=s6 action=delete-strict src=00:00:00:00:00:04 dst=00:00:00:00:00:02 in_port=2 out_port=4
[FLOW_MOD] t=15644.249826961 dpid=s6 action=add src=00:00:00:00:00:04 dst=00:00:00:00:00:02 in_port=2 out_port=4
[FLOW_MOD] t=15644.250138971 dpid=s2 action=delete-strict src=00:00:00:00:00:04 dst=00:00:00:00:00:02 in_port=1 out_port=3
[FLOW_MOD] t=15644.250407273 dpid=s2 action=add src=00:00:00:00:00:04 dst=00:00:00:00:00:02 in_port=1 out_port=3
[FLOW_MOD] t=15644.250770662 dpid=s1 action=delete-strict src=00:00:00:00:00:04 dst=00:00:00:00:00:02 in_port=3 out_port=1
[FLOW_MOD] t=15644.251027171 dpid=s1 action=add src=00:00:00:00:00:04 dst=00:00:00:00:00:02 in_port=3 out_port=1
[FLOW_MOD] t=15644.251338630 dpid=s4 action=delete-strict src=00:00:00:00:00:04 dst=00:00:00:00:00:02 in_port=4 out_port=2
[FLOW_MOD] t=15644.251579515 dpid=s4 action=add src=00:00:00:00:00:04 dst=00:00:00:00:00:02 in_port=4 out_port=2
[FLOW_MOD] t=15644.251871220 dpid=s17 action=delete-strict src=00:00:00:00:00:04 dst=00:00:00:00:00:02 in_port=3 out_port=1
[FLOW_MOD] t=15644.252118399 dpid=s17 action=add src=00:00:00:00:00:04 dst=00:00:00:00:00:02 in_port=3 out_port=1
[SPF-DONE] BFS s18->s17 reachable=10/10
[PATH-COMPUTED] s18->s17: 5 hop(s) path=s18 -> s6 -> s2 -> s1 -> s4 -> s17
[FLOW-INSTALL] 00:00:00:00:00:03 → 00:00:00:00:00:02: s18 -> s6 -> s2 -> s1 -> s4 -> s17
[FLOW_MOD] t=15644.253357267 dpid=s18 action=delete-strict src=00:00:00:00:00:03 dst=00:00:00:00:00:02 in_port=1 out_port=3
[FLOW_MOD] t=15644.253703077 dpid=s18 action=add src=00:00:00:00:00:03 dst=00:00:00:00:00:02 in_port=1 out_port=3
[FLOW_MOD] t=15644.254045810 dpid=s6 action=delete-strict src=00:00:00:00:00:03 dst=00:00:00:00:00:02 in_port=1 out_port=4
[FLOW_MOD] t=15644.254327727 dpid=s6 action=add src=00:00:00:00:00:03 dst=00:00:00:00:00:02 in_port=1 out_port=4
[FLOW_MOD] t=15644.254676547 dpid=s2 action=delete-strict src=00:00:00:00:00:03 dst=00:00:00:00:00:02 in_port=1 out_port=3
[FLOW_MOD] t=15644.254937925 dpid=s2 action=add src=00:00:00:00:00:03 dst=00:00:00:00:00:02 in_port=1 out_port=3
[FLOW_MOD] t=15644.255243776 dpid=s1 action=delete-strict src=00:00:00:00:00:03 dst=00:00:00:00:00:02 in_port=3 out_port=1
[FLOW_MOD] t=15644.255526416 dpid=s1 action=add src=00:00:00:00:00:03 dst=00:00:00:00:00:02 in_port=3 out_port=1
[FLOW_MOD] t=15644.255867316 dpid=s4 action=delete-strict src=00:00:00:00:00:03 dst=00:00:00:00:00:02 in_port=4 out_port=2
[FLOW_MOD] t=15644.256177701 dpid=s4 action=add src=00:00:00:00:00:03 dst=00:00:00:00:00:02 in_port=4 out_port=2
[FLOW_MOD] t=15644.256594093 dpid=s17 action=delete-strict src=00:00:00:00:00:03 dst=00:00:00:00:00:02 in_port=3 out_port=1
[FLOW_MOD] t=15644.256863200 dpid=s17 action=add src=00:00:00:00:00:03 dst=00:00:00:00:00:02 in_port=3 out_port=1
[FLOW_MOD] t=15644.257285040 dpid=s17 action=delete-strict src=00:00:00:00:00:02 dst=00:00:00:00:00:03 in_port=1 out_port=3
[FLOW_MOD] t=15644.257829466 dpid=s17 action=add src=00:00:00:00:00:02 dst=00:00:00:00:00:03 in_port=1 out_port=3
[FLOW_MOD] t=15644.258627029 dpid=s4 action=delete-strict src=00:00:00:00:00:02 dst=00:00:00:00:00:03 in_port=2 out_port=4
[FLOW_MOD] t=15644.259035178 dpid=s4 action=add src=00:00:00:00:00:02 dst=00:00:00:00:00:03 in_port=2 out_port=4
[FLOW_MOD] t=15644.259663913 dpid=s1 action=delete-strict src=00:00:00:00:00:02 dst=00:00:00:00:00:03 in_port=1 out_port=3
[FLOW_MOD] t=15644.260257114 dpid=s1 action=add src=00:00:00:00:00:02 dst=00:00:00:00:00:03 in_port=1 out_port=3
[FLOW_MOD] t=15644.260665104 dpid=s2 action=delete-strict src=00:00:00:00:00:02 dst=00:00:00:00:00:03 in_port=3 out_port=1
[FLOW_MOD] t=15644.260940168 dpid=s2 action=add src=00:00:00:00:00:02 dst=00:00:00:00:00:03 in_port=3 out_port=1
[FLOW_MOD] t=15644.261309931 dpid=s6 action=delete-strict src=00:00:00:00:00:02 dst=00:00:00:00:00:03 in_port=4 out_port=1
[FLOW_MOD] t=15644.261589589 dpid=s6 action=add src=00:00:00:00:00:02 dst=00:00:00:00:00:03 in_port=4 out_port=1
[FLOW_MOD] t=15644.261989090 dpid=s18 action=delete-strict src=00:00:00:00:00:02 dst=00:00:00:00:00:03 in_port=3 out_port=1
[FLOW_MOD] t=15644.262260531 dpid=s18 action=add src=00:00:00:00:00:02 dst=00:00:00:00:00:03 in_port=3 out_port=1
[SPF-DONE] BFS s18->s19 reachable=10/10
[PATH-COMPUTED] s18->s19: 2 hop(s) path=s18 -> s6 -> s19
[FLOW-INSTALL] 00:00:00:00:00:03 → 00:00:00:00:00:04: s18 -> s6 -> s19
[FLOW_MOD] t=15644.263358506 dpid=s18 action=delete-strict src=00:00:00:00:00:03 dst=00:00:00:00:00:04 in_port=1 out_port=3
[FLOW_MOD] t=15644.263599138 dpid=s18 action=add src=00:00:00:00:00:03 dst=00:00:00:00:00:04 in_port=1 out_port=3
[FLOW_MOD] t=15644.263923616 dpid=s6 action=delete-strict src=00:00:00:00:00:03 dst=00:00:00:00:00:04 in_port=1 out_port=2
[FLOW_MOD] t=15644.264245715 dpid=s6 action=add src=00:00:00:00:00:03 dst=00:00:00:00:00:04 in_port=1 out_port=2
[FLOW_MOD] t=15644.264574074 dpid=s19 action=delete-strict src=00:00:00:00:00:03 dst=00:00:00:00:00:04 in_port=3 out_port=1
[FLOW_MOD] t=15644.264837036 dpid=s19 action=add src=00:00:00:00:00:03 dst=00:00:00:00:00:04 in_port=3 out_port=1
[FLOW_MOD] t=15644.265193645 dpid=s19 action=delete-strict src=00:00:00:00:00:04 dst=00:00:00:00:00:03 in_port=1 out_port=3
[FLOW_MOD] t=15644.265455798 dpid=s19 action=add src=00:00:00:00:00:04 dst=00:00:00:00:00:03 in_port=1 out_port=3
[FLOW_MOD] t=15644.265793862 dpid=s6 action=delete-strict src=00:00:00:00:00:04 dst=00:00:00:00:00:03 in_port=2 out_port=1
[FLOW_MOD] t=15644.266038975 dpid=s6 action=add src=00:00:00:00:00:04 dst=00:00:00:00:00:03 in_port=2 out_port=1
[FLOW_MOD] t=15644.268172416 dpid=s18 action=delete-strict src=00:00:00:00:00:04 dst=00:00:00:00:00:03 in_port=3 out_port=1
[FLOW_MOD] t=15644.268519911 dpid=s18 action=add src=00:00:00:00:00:04 dst=00:00:00:00:00:03 in_port=3 out_port=1
[SPF-DONE] BFS s19->s17 reachable=10/10
[PATH-COMPUTED] s19->s17: 5 hop(s) path=s19 -> s6 -> s2 -> s1 -> s4 -> s17
[FLOW-INSTALL] 00:00:00:00:00:04 → 00:00:00:00:00:02: s19 -> s6 -> s2 -> s1 -> s4 -> s17
[FLOW_MOD] t=15644.269498688 dpid=s19 action=delete-strict src=00:00:00:00:00:04 dst=00:00:00:00:00:02 in_port=1 out_port=3
[FLOW_MOD] t=15644.269778048 dpid=s19 action=add src=00:00:00:00:00:04 dst=00:00:00:00:00:02 in_port=1 out_port=3
[FLOW_MOD] t=15644.270107836 dpid=s6 action=delete-strict src=00:00:00:00:00:04 dst=00:00:00:00:00:02 in_port=2 out_port=4
[FLOW_MOD] t=15644.270373623 dpid=s6 action=add src=00:00:00:00:00:04 dst=00:00:00:00:00:02 in_port=2 out_port=4
[FLOW_MOD] t=15644.270721025 dpid=s2 action=delete-strict src=00:00:00:00:00:04 dst=00:00:00:00:00:02 in_port=1 out_port=3
[FLOW_MOD] t=15644.271002236 dpid=s2 action=add src=00:00:00:00:00:04 dst=00:00:00:00:00:02 in_port=1 out_port=3
[FLOW_MOD] t=15644.271349200 dpid=s1 action=delete-strict src=00:00:00:00:00:04 dst=00:00:00:00:00:02 in_port=3 out_port=1
[FLOW_MOD] t=15644.272740502 dpid=s1 action=add src=00:00:00:00:00:04 dst=00:00:00:00:00:02 in_port=3 out_port=1
[FLOW_MOD] t=15644.273107010 dpid=s4 action=delete-strict src=00:00:00:00:00:04 dst=00:00:00:00:00:02 in_port=4 out_port=2
[FLOW_MOD] t=15644.273395185 dpid=s4 action=add src=00:00:00:00:00:04 dst=00:00:00:00:00:02 in_port=4 out_port=2
[FLOW_MOD] t=15644.273872853 dpid=s17 action=delete-strict src=00:00:00:00:00:04 dst=00:00:00:00:00:02 in_port=3 out_port=1
[FLOW_MOD] t=15644.274200055 dpid=s17 action=add src=00:00:00:00:00:04 dst=00:00:00:00:00:02 in_port=3 out_port=1
[FLOW_MOD] t=15644.274576350 dpid=s17 action=delete-strict src=00:00:00:00:00:02 dst=00:00:00:00:00:04 in_port=1 out_port=3
[FLOW_MOD] t=15644.274840255 dpid=s17 action=add src=00:00:00:00:00:02 dst=00:00:00:00:00:04 in_port=1 out_port=3
[FLOW_MOD] t=15644.275147258 dpid=s4 action=delete-strict src=00:00:00:00:00:02 dst=00:00:00:00:00:04 in_port=2 out_port=4
[FLOW_MOD] t=15644.275415843 dpid=s4 action=add src=00:00:00:00:00:02 dst=00:00:00:00:00:04 in_port=2 out_port=4
[FLOW_MOD] t=15644.275715620 dpid=s1 action=delete-strict src=00:00:00:00:00:02 dst=00:00:00:00:00:04 in_port=1 out_port=3
[FLOW_MOD] t=15644.276042670 dpid=s1 action=add src=00:00:00:00:00:02 dst=00:00:00:00:00:04 in_port=1 out_port=3
[FLOW_MOD] t=15644.276445170 dpid=s2 action=delete-strict src=00:00:00:00:00:02 dst=00:00:00:00:00:04 in_port=3 out_port=1
[FLOW_MOD] t=15644.276756033 dpid=s2 action=add src=00:00:00:00:00:02 dst=00:00:00:00:00:04 in_port=3 out_port=1
[FLOW_MOD] t=15644.277209228 dpid=s6 action=delete-strict src=00:00:00:00:00:02 dst=00:00:00:00:00:04 in_port=4 out_port=2
[FLOW_MOD] t=15644.277522547 dpid=s6 action=add src=00:00:00:00:00:02 dst=00:00:00:00:00:04 in_port=4 out_port=2
[FLOW_MOD] t=15644.277913719 dpid=s19 action=delete-strict src=00:00:00:00:00:02 dst=00:00:00:00:00:04 in_port=3 out_port=1
[FLOW_MOD] t=15644.278269651 dpid=s19 action=add src=00:00:00:00:00:02 dst=00:00:00:00:00:04 in_port=3 out_port=1
[SPF-DONE] BFS s19->s18 reachable=10/10
[PATH-COMPUTED] s19->s18: 2 hop(s) path=s19 -> s6 -> s18
[FLOW-INSTALL] 00:00:00:00:00:04 → 00:00:00:00:00:03: s19 -> s6 -> s18
[FLOW_MOD] t=15644.279401911 dpid=s19 action=delete-strict src=00:00:00:00:00:04 dst=00:00:00:00:00:03 in_port=1 out_port=3
[FLOW_MOD] t=15644.279652983 dpid=s19 action=add src=00:00:00:00:00:04 dst=00:00:00:00:00:03 in_port=1 out_port=3
[FLOW_MOD] t=15644.279997238 dpid=s6 action=delete-strict src=00:00:00:00:00:04 dst=00:00:00:00:00:03 in_port=2 out_port=1
[FLOW_MOD] t=15644.280308163 dpid=s6 action=add src=00:00:00:00:00:04 dst=00:00:00:00:00:03 in_port=2 out_port=1
[FLOW_MOD] t=15644.280638427 dpid=s18 action=delete-strict src=00:00:00:00:00:04 dst=00:00:00:00:00:03 in_port=3 out_port=1
[FLOW_MOD] t=15644.280874734 dpid=s18 action=add src=00:00:00:00:00:04 dst=00:00:00:00:00:03 in_port=3 out_port=1
[FLOW_MOD] t=15644.281202087 dpid=s18 action=delete-strict src=00:00:00:00:00:03 dst=00:00:00:00:00:04 in_port=1 out_port=3
[FLOW_MOD] t=15644.281732317 dpid=s18 action=add src=00:00:00:00:00:03 dst=00:00:00:00:00:04 in_port=1 out_port=3
[FLOW_MOD] t=15644.282041070 dpid=s6 action=delete-strict src=00:00:00:00:00:03 dst=00:00:00:00:00:04 in_port=1 out_port=2
[FLOW_MOD] t=15644.282300987 dpid=s6 action=add src=00:00:00:00:00:03 dst=00:00:00:00:00:04 in_port=1 out_port=2
[FLOW_MOD] t=15644.282598448 dpid=s19 action=delete-strict src=00:00:00:00:00:03 dst=00:00:00:00:00:04 in_port=3 out_port=1
[FLOW_MOD] t=15644.282821665 dpid=s19 action=add src=00:00:00:00:00:03 dst=00:00:00:00:00:04 in_port=3 out_port=1
[TOPO] route refresh: installed=6 skipped=0 unreachable=0 hosts=3
[TOPO-CHANGE] (LLDP topology event) switches=11 links=32  delta +2 -0
[TOPO-UP]   [(16, 4), (16, 5)]
[TOPO-REFRESH] flushing 6 flows, rebuilding routes
[TREE-DONE] root=s1 tree_edges=11 reachable=11/11
[SPF-DONE] BFS s17->s18 reachable=11/11
[PATH-COMPUTED] s17->s18: 5 hop(s) path=s17 -> s4 -> s1 -> s2 -> s6 -> s18
[FLOW-INSTALL] 00:00:00:00:00:02 → 00:00:00:00:00:03: s17 -> s4 -> s1 -> s2 -> s6 -> s18
[FLOW_MOD] t=15645.002535973 dpid=s17 action=delete-strict src=00:00:00:00:00:02 dst=00:00:00:00:00:03 in_port=1 out_port=3
[FLOW_MOD] t=15645.002863690 dpid=s17 action=add src=00:00:00:00:00:02 dst=00:00:00:00:00:03 in_port=1 out_port=3
[FLOW_MOD] t=15645.003291727 dpid=s4 action=delete-strict src=00:00:00:00:00:02 dst=00:00:00:00:00:03 in_port=2 out_port=4
[FLOW_MOD] t=15645.003626148 dpid=s4 action=add src=00:00:00:00:00:02 dst=00:00:00:00:00:03 in_port=2 out_port=4
[FLOW_MOD] t=15645.004171592 dpid=s1 action=delete-strict src=00:00:00:00:00:02 dst=00:00:00:00:00:03 in_port=1 out_port=3
[FLOW_MOD] t=15645.004566721 dpid=s1 action=add src=00:00:00:00:00:02 dst=00:00:00:00:00:03 in_port=1 out_port=3
[FLOW_MOD] t=15645.005084773 dpid=s2 action=delete-strict src=00:00:00:00:00:02 dst=00:00:00:00:00:03 in_port=3 out_port=1
[FLOW_MOD] t=15645.005553006 dpid=s2 action=add src=00:00:00:00:00:02 dst=00:00:00:00:00:03 in_port=3 out_port=1
[FLOW_MOD] t=15645.006052215 dpid=s6 action=delete-strict src=00:00:00:00:00:02 dst=00:00:00:00:00:03 in_port=4 out_port=1
[FLOW_MOD] t=15645.006438511 dpid=s6 action=add src=00:00:00:00:00:02 dst=00:00:00:00:00:03 in_port=4 out_port=1
[FLOW_MOD] t=15645.006892617 dpid=s18 action=delete-strict src=00:00:00:00:00:02 dst=00:00:00:00:00:03 in_port=3 out_port=1
[FLOW_MOD] t=15645.007304489 dpid=s18 action=add src=00:00:00:00:00:02 dst=00:00:00:00:00:03 in_port=3 out_port=1
[FLOW_MOD] t=15645.007811940 dpid=s18 action=delete-strict src=00:00:00:00:00:03 dst=00:00:00:00:00:02 in_port=1 out_port=3
[FLOW_MOD] t=15645.008189009 dpid=s18 action=add src=00:00:00:00:00:03 dst=00:00:00:00:00:02 in_port=1 out_port=3
[FLOW_MOD] t=15645.008670561 dpid=s6 action=delete-strict src=00:00:00:00:00:03 dst=00:00:00:00:00:02 in_port=1 out_port=4
[FLOW_MOD] t=15645.009039036 dpid=s6 action=add src=00:00:00:00:00:03 dst=00:00:00:00:00:02 in_port=1 out_port=4
[FLOW_MOD] t=15645.009495791 dpid=s2 action=delete-strict src=00:00:00:00:00:03 dst=00:00:00:00:00:02 in_port=1 out_port=3
[FLOW_MOD] t=15645.009853589 dpid=s2 action=add src=00:00:00:00:00:03 dst=00:00:00:00:00:02 in_port=1 out_port=3
[FLOW_MOD] t=15645.010327033 dpid=s1 action=delete-strict src=00:00:00:00:00:03 dst=00:00:00:00:00:02 in_port=3 out_port=1
[FLOW_MOD] t=15645.010682956 dpid=s1 action=add src=00:00:00:00:00:03 dst=00:00:00:00:00:02 in_port=3 out_port=1
[FLOW_MOD] t=15645.011151922 dpid=s4 action=delete-strict src=00:00:00:00:00:03 dst=00:00:00:00:00:02 in_port=4 out_port=2
[FLOW_MOD] t=15645.011572527 dpid=s4 action=add src=00:00:00:00:00:03 dst=00:00:00:00:00:02 in_port=4 out_port=2
[FLOW_MOD] t=15645.012041320 dpid=s17 action=delete-strict src=00:00:00:00:00:03 dst=00:00:00:00:00:02 in_port=3 out_port=1
[FLOW_MOD] t=15645.012368470 dpid=s17 action=add src=00:00:00:00:00:03 dst=00:00:00:00:00:02 in_port=3 out_port=1
[SPF-DONE] BFS s17->s19 reachable=11/11
[PATH-COMPUTED] s17->s19: 5 hop(s) path=s17 -> s4 -> s1 -> s2 -> s6 -> s19
[FLOW-INSTALL] 00:00:00:00:00:02 → 00:00:00:00:00:04: s17 -> s4 -> s1 -> s2 -> s6 -> s19
[FLOW_MOD] t=15645.013497253 dpid=s17 action=delete-strict src=00:00:00:00:00:02 dst=00:00:00:00:00:04 in_port=1 out_port=3
[FLOW_MOD] t=15645.013742637 dpid=s17 action=add src=00:00:00:00:00:02 dst=00:00:00:00:00:04 in_port=1 out_port=3
[FLOW_MOD] t=15645.014055578 dpid=s4 action=delete-strict src=00:00:00:00:00:02 dst=00:00:00:00:00:04 in_port=2 out_port=4
[FLOW_MOD] t=15645.014271406 dpid=s4 action=add src=00:00:00:00:00:02 dst=00:00:00:00:00:04 in_port=2 out_port=4
[FLOW_MOD] t=15645.014579670 dpid=s1 action=delete-strict src=00:00:00:00:00:02 dst=00:00:00:00:00:04 in_port=1 out_port=3
[FLOW_MOD] t=15645.014797634 dpid=s1 action=add src=00:00:00:00:00:02 dst=00:00:00:00:00:04 in_port=1 out_port=3
[FLOW_MOD] t=15645.015113623 dpid=s2 action=delete-strict src=00:00:00:00:00:02 dst=00:00:00:00:00:04 in_port=3 out_port=1
[FLOW_MOD] t=15645.015334977 dpid=s2 action=add src=00:00:00:00:00:02 dst=00:00:00:00:00:04 in_port=3 out_port=1
[FLOW_MOD] t=15645.015714442 dpid=s6 action=delete-strict src=00:00:00:00:00:02 dst=00:00:00:00:00:04 in_port=4 out_port=2
[FLOW_MOD] t=15645.016095459 dpid=s6 action=add src=00:00:00:00:00:02 dst=00:00:00:00:00:04 in_port=4 out_port=2
[FLOW_MOD] t=15645.016511431 dpid=s19 action=delete-strict src=00:00:00:00:00:02 dst=00:00:00:00:00:04 in_port=3 out_port=1
[FLOW_MOD] t=15645.016808647 dpid=s19 action=add src=00:00:00:00:00:02 dst=00:00:00:00:00:04 in_port=3 out_port=1
[FLOW_MOD] t=15645.017155645 dpid=s19 action=delete-strict src=00:00:00:00:00:04 dst=00:00:00:00:00:02 in_port=1 out_port=3
[FLOW_MOD] t=15645.017387583 dpid=s19 action=add src=00:00:00:00:00:04 dst=00:00:00:00:00:02 in_port=1 out_port=3
[FLOW_MOD] t=15645.017748995 dpid=s6 action=delete-strict src=00:00:00:00:00:04 dst=00:00:00:00:00:02 in_port=2 out_port=4
[FLOW_MOD] t=15645.018197263 dpid=s6 action=add src=00:00:00:00:00:04 dst=00:00:00:00:00:02 in_port=2 out_port=4
[FLOW_MOD] t=15645.018663233 dpid=s2 action=delete-strict src=00:00:00:00:00:04 dst=00:00:00:00:00:02 in_port=1 out_port=3
[FLOW_MOD] t=15645.018993663 dpid=s2 action=add src=00:00:00:00:00:04 dst=00:00:00:00:00:02 in_port=1 out_port=3
[FLOW_MOD] t=15645.019420076 dpid=s1 action=delete-strict src=00:00:00:00:00:04 dst=00:00:00:00:00:02 in_port=3 out_port=1
[FLOW_MOD] t=15645.019731576 dpid=s1 action=add src=00:00:00:00:00:04 dst=00:00:00:00:00:02 in_port=3 out_port=1
[FLOW_MOD] t=15645.020120394 dpid=s4 action=delete-strict src=00:00:00:00:00:04 dst=00:00:00:00:00:02 in_port=4 out_port=2
[FLOW_MOD] t=15645.020432600 dpid=s4 action=add src=00:00:00:00:00:04 dst=00:00:00:00:00:02 in_port=4 out_port=2
[FLOW_MOD] t=15645.020847111 dpid=s17 action=delete-strict src=00:00:00:00:00:04 dst=00:00:00:00:00:02 in_port=3 out_port=1
[FLOW_MOD] t=15645.021145635 dpid=s17 action=add src=00:00:00:00:00:04 dst=00:00:00:00:00:02 in_port=3 out_port=1
[SPF-DONE] BFS s18->s17 reachable=11/11
[PATH-COMPUTED] s18->s17: 5 hop(s) path=s18 -> s6 -> s2 -> s1 -> s4 -> s17
[FLOW-INSTALL] 00:00:00:00:00:03 → 00:00:00:00:00:02: s18 -> s6 -> s2 -> s1 -> s4 -> s17
[FLOW_MOD] t=15645.022374250 dpid=s18 action=delete-strict src=00:00:00:00:00:03 dst=00:00:00:00:00:02 in_port=1 out_port=3
[FLOW_MOD] t=15645.022657441 dpid=s18 action=add src=00:00:00:00:00:03 dst=00:00:00:00:00:02 in_port=1 out_port=3
[FLOW_MOD] t=15645.022994546 dpid=s6 action=delete-strict src=00:00:00:00:00:03 dst=00:00:00:00:00:02 in_port=1 out_port=4
[FLOW_MOD] t=15645.023252608 dpid=s6 action=add src=00:00:00:00:00:03 dst=00:00:00:00:00:02 in_port=1 out_port=4
[FLOW_MOD] t=15645.023682987 dpid=s2 action=delete-strict src=00:00:00:00:00:03 dst=00:00:00:00:00:02 in_port=1 out_port=3
[FLOW_MOD] t=15645.023961235 dpid=s2 action=add src=00:00:00:00:00:03 dst=00:00:00:00:00:02 in_port=1 out_port=3
[FLOW_MOD] t=15645.024395541 dpid=s1 action=delete-strict src=00:00:00:00:00:03 dst=00:00:00:00:00:02 in_port=3 out_port=1
[FLOW_MOD] t=15645.024627292 dpid=s1 action=add src=00:00:00:00:00:03 dst=00:00:00:00:00:02 in_port=3 out_port=1
[FLOW_MOD] t=15645.024919705 dpid=s4 action=delete-strict src=00:00:00:00:00:03 dst=00:00:00:00:00:02 in_port=4 out_port=2
[FLOW_MOD] t=15645.025181042 dpid=s4 action=add src=00:00:00:00:00:03 dst=00:00:00:00:00:02 in_port=4 out_port=2
[FLOW_MOD] t=15645.025485166 dpid=s17 action=delete-strict src=00:00:00:00:00:03 dst=00:00:00:00:00:02 in_port=3 out_port=1
[FLOW_MOD] t=15645.025804791 dpid=s17 action=add src=00:00:00:00:00:03 dst=00:00:00:00:00:02 in_port=3 out_port=1
[FLOW_MOD] t=15645.026226071 dpid=s17 action=delete-strict src=00:00:00:00:00:02 dst=00:00:00:00:00:03 in_port=1 out_port=3
[FLOW_MOD] t=15645.026501083 dpid=s17 action=add src=00:00:00:00:00:02 dst=00:00:00:00:00:03 in_port=1 out_port=3
[FLOW_MOD] t=15645.026824814 dpid=s4 action=delete-strict src=00:00:00:00:00:02 dst=00:00:00:00:00:03 in_port=2 out_port=4
[FLOW_MOD] t=15645.027073520 dpid=s4 action=add src=00:00:00:00:00:02 dst=00:00:00:00:00:03 in_port=2 out_port=4
[FLOW_MOD] t=15645.027460470 dpid=s1 action=delete-strict src=00:00:00:00:00:02 dst=00:00:00:00:00:03 in_port=1 out_port=3
[FLOW_MOD] t=15645.027698472 dpid=s1 action=add src=00:00:00:00:00:02 dst=00:00:00:00:00:03 in_port=1 out_port=3
[FLOW_MOD] t=15645.028031087 dpid=s2 action=delete-strict src=00:00:00:00:00:02 dst=00:00:00:00:00:03 in_port=3 out_port=1
[FLOW_MOD] t=15645.028253007 dpid=s2 action=add src=00:00:00:00:00:02 dst=00:00:00:00:00:03 in_port=3 out_port=1
[FLOW_MOD] t=15645.028528596 dpid=s6 action=delete-strict src=00:00:00:00:00:02 dst=00:00:00:00:00:03 in_port=4 out_port=1
[FLOW_MOD] t=15645.028762611 dpid=s6 action=add src=00:00:00:00:00:02 dst=00:00:00:00:00:03 in_port=4 out_port=1
[FLOW_MOD] t=15645.029035208 dpid=s18 action=delete-strict src=00:00:00:00:00:02 dst=00:00:00:00:00:03 in_port=3 out_port=1
[FLOW_MOD] t=15645.029247150 dpid=s18 action=add src=00:00:00:00:00:02 dst=00:00:00:00:00:03 in_port=3 out_port=1
[SPF-DONE] BFS s18->s19 reachable=11/11
[PATH-COMPUTED] s18->s19: 2 hop(s) path=s18 -> s6 -> s19
[FLOW-INSTALL] 00:00:00:00:00:03 → 00:00:00:00:00:04: s18 -> s6 -> s19
[FLOW_MOD] t=15645.030124404 dpid=s18 action=delete-strict src=00:00:00:00:00:03 dst=00:00:00:00:00:04 in_port=1 out_port=3
[FLOW_MOD] t=15645.030412994 dpid=s18 action=add src=00:00:00:00:00:03 dst=00:00:00:00:00:04 in_port=1 out_port=3
[FLOW_MOD] t=15645.030817345 dpid=s6 action=delete-strict src=00:00:00:00:00:03 dst=00:00:00:00:00:04 in_port=1 out_port=2
[FLOW_MOD] t=15645.031118997 dpid=s6 action=add src=00:00:00:00:00:03 dst=00:00:00:00:00:04 in_port=1 out_port=2
[FLOW_MOD] t=15645.031512445 dpid=s19 action=delete-strict src=00:00:00:00:00:03 dst=00:00:00:00:00:04 in_port=3 out_port=1
[FLOW_MOD] t=15645.031754700 dpid=s19 action=add src=00:00:00:00:00:03 dst=00:00:00:00:00:04 in_port=3 out_port=1
[FLOW_MOD] t=15645.032123622 dpid=s19 action=delete-strict src=00:00:00:00:00:04 dst=00:00:00:00:00:03 in_port=1 out_port=3
[FLOW_MOD] t=15645.032356832 dpid=s19 action=add src=00:00:00:00:00:04 dst=00:00:00:00:00:03 in_port=1 out_port=3
[FLOW_MOD] t=15645.032686020 dpid=s6 action=delete-strict src=00:00:00:00:00:04 dst=00:00:00:00:00:03 in_port=2 out_port=1
[FLOW_MOD] t=15645.032929795 dpid=s6 action=add src=00:00:00:00:00:04 dst=00:00:00:00:00:03 in_port=2 out_port=1
[FLOW_MOD] t=15645.035003801 dpid=s18 action=delete-strict src=00:00:00:00:00:04 dst=00:00:00:00:00:03 in_port=3 out_port=1
[FLOW_MOD] t=15645.037047801 dpid=s18 action=add src=00:00:00:00:00:04 dst=00:00:00:00:00:03 in_port=3 out_port=1
[SPF-DONE] BFS s19->s17 reachable=11/11
[PATH-COMPUTED] s19->s17: 5 hop(s) path=s19 -> s6 -> s2 -> s1 -> s4 -> s17
[FLOW-INSTALL] 00:00:00:00:00:04 → 00:00:00:00:00:02: s19 -> s6 -> s2 -> s1 -> s4 -> s17
[FLOW_MOD] t=15645.038567577 dpid=s19 action=delete-strict src=00:00:00:00:00:04 dst=00:00:00:00:00:02 in_port=1 out_port=3
[FLOW_MOD] t=15645.038888668 dpid=s19 action=add src=00:00:00:00:00:04 dst=00:00:00:00:00:02 in_port=1 out_port=3
[FLOW_MOD] t=15645.039273067 dpid=s6 action=delete-strict src=00:00:00:00:00:04 dst=00:00:00:00:00:02 in_port=2 out_port=4
[FLOW_MOD] t=15645.039627934 dpid=s6 action=add src=00:00:00:00:00:04 dst=00:00:00:00:00:02 in_port=2 out_port=4
[FLOW_MOD] t=15645.040525660 dpid=s2 action=delete-strict src=00:00:00:00:00:04 dst=00:00:00:00:00:02 in_port=1 out_port=3
[FLOW_MOD] t=15645.041028836 dpid=s2 action=add src=00:00:00:00:00:04 dst=00:00:00:00:00:02 in_port=1 out_port=3
[FLOW_MOD] t=15645.041390589 dpid=s1 action=delete-strict src=00:00:00:00:00:04 dst=00:00:00:00:00:02 in_port=3 out_port=1
[FLOW_MOD] t=15645.041664048 dpid=s1 action=add src=00:00:00:00:00:04 dst=00:00:00:00:00:02 in_port=3 out_port=1
[FLOW_MOD] t=15645.042053490 dpid=s4 action=delete-strict src=00:00:00:00:00:04 dst=00:00:00:00:00:02 in_port=4 out_port=2
[FLOW_MOD] t=15645.042339297 dpid=s4 action=add src=00:00:00:00:00:04 dst=00:00:00:00:00:02 in_port=4 out_port=2
[FLOW_MOD] t=15645.042798222 dpid=s17 action=delete-strict src=00:00:00:00:00:04 dst=00:00:00:00:00:02 in_port=3 out_port=1
[FLOW_MOD] t=15645.043088656 dpid=s17 action=add src=00:00:00:00:00:04 dst=00:00:00:00:00:02 in_port=3 out_port=1
[FLOW_MOD] t=15645.043425752 dpid=s17 action=delete-strict src=00:00:00:00:00:02 dst=00:00:00:00:00:04 in_port=1 out_port=3
[FLOW_MOD] t=15645.043686982 dpid=s17 action=add src=00:00:00:00:00:02 dst=00:00:00:00:00:04 in_port=1 out_port=3
[FLOW_MOD] t=15645.044050253 dpid=s4 action=delete-strict src=00:00:00:00:00:02 dst=00:00:00:00:00:04 in_port=2 out_port=4
[FLOW_MOD] t=15645.044310655 dpid=s4 action=add src=00:00:00:00:00:02 dst=00:00:00:00:00:04 in_port=2 out_port=4
[FLOW_MOD] t=15645.044637086 dpid=s1 action=delete-strict src=00:00:00:00:00:02 dst=00:00:00:00:00:04 in_port=1 out_port=3
[FLOW_MOD] t=15645.044879126 dpid=s1 action=add src=00:00:00:00:00:02 dst=00:00:00:00:00:04 in_port=1 out_port=3
[FLOW_MOD] t=15645.045215390 dpid=s2 action=delete-strict src=00:00:00:00:00:02 dst=00:00:00:00:00:04 in_port=3 out_port=1
[FLOW_MOD] t=15645.045526201 dpid=s2 action=add src=00:00:00:00:00:02 dst=00:00:00:00:00:04 in_port=3 out_port=1
[FLOW_MOD] t=15645.045851463 dpid=s6 action=delete-strict src=00:00:00:00:00:02 dst=00:00:00:00:00:04 in_port=4 out_port=2
[FLOW_MOD] t=15645.046120356 dpid=s6 action=add src=00:00:00:00:00:02 dst=00:00:00:00:00:04 in_port=4 out_port=2
[FLOW_MOD] t=15645.046498050 dpid=s19 action=delete-strict src=00:00:00:00:00:02 dst=00:00:00:00:00:04 in_port=3 out_port=1
[FLOW_MOD] t=15645.046751487 dpid=s19 action=add src=00:00:00:00:00:02 dst=00:00:00:00:00:04 in_port=3 out_port=1
[SPF-DONE] BFS s19->s18 reachable=11/11
[PATH-COMPUTED] s19->s18: 2 hop(s) path=s19 -> s6 -> s18
[FLOW-INSTALL] 00:00:00:00:00:04 → 00:00:00:00:00:03: s19 -> s6 -> s18
[FLOW_MOD] t=15645.047760474 dpid=s19 action=delete-strict src=00:00:00:00:00:04 dst=00:00:00:00:00:03 in_port=1 out_port=3
[FLOW_MOD] t=15645.048044580 dpid=s19 action=add src=00:00:00:00:00:04 dst=00:00:00:00:00:03 in_port=1 out_port=3
[FLOW_MOD] t=15645.048418694 dpid=s6 action=delete-strict src=00:00:00:00:00:04 dst=00:00:00:00:00:03 in_port=2 out_port=1
[FLOW_MOD] t=15645.048703913 dpid=s6 action=add src=00:00:00:00:00:04 dst=00:00:00:00:00:03 in_port=2 out_port=1
[FLOW_MOD] t=15645.049034115 dpid=s18 action=delete-strict src=00:00:00:00:00:04 dst=00:00:00:00:00:03 in_port=3 out_port=1
[FLOW_MOD] t=15645.049304456 dpid=s18 action=add src=00:00:00:00:00:04 dst=00:00:00:00:00:03 in_port=3 out_port=1
[FLOW_MOD] t=15645.049632173 dpid=s18 action=delete-strict src=00:00:00:00:00:03 dst=00:00:00:00:00:04 in_port=1 out_port=3
[FLOW_MOD] t=15645.049846798 dpid=s18 action=add src=00:00:00:00:00:03 dst=00:00:00:00:00:04 in_port=1 out_port=3
[FLOW_MOD] t=15645.050151159 dpid=s6 action=delete-strict src=00:00:00:00:00:03 dst=00:00:00:00:00:04 in_port=1 out_port=2
[FLOW_MOD] t=15645.050374748 dpid=s6 action=add src=00:00:00:00:00:03 dst=00:00:00:00:00:04 in_port=1 out_port=2
[FLOW_MOD] t=15645.050927174 dpid=s19 action=delete-strict src=00:00:00:00:00:03 dst=00:00:00:00:00:04 in_port=3 out_port=1
[FLOW_MOD] t=15645.051614531 dpid=s19 action=add src=00:00:00:00:00:03 dst=00:00:00:00:00:04 in_port=3 out_port=1
[TOPO] route refresh: installed=6 skipped=0 unreachable=0 hosts=3
[TOPO-CHANGE] (LLDP topology event) switches=11 links=33  delta +1 -0
[TOPO-UP]   [(4, 16)]
[TOPO-REFRESH] flushing 6 flows, rebuilding routes
[TREE-DONE] root=s1 tree_edges=11 reachable=11/11
[SPF-DONE] BFS s17->s18 reachable=11/11
[PATH-COMPUTED] s17->s18: 5 hop(s) path=s17 -> s4 -> s1 -> s2 -> s6 -> s18
[FLOW-INSTALL] 00:00:00:00:00:02 → 00:00:00:00:00:03: s17 -> s4 -> s1 -> s2 -> s6 -> s18
[FLOW_MOD] t=15645.769750570 dpid=s17 action=delete-strict src=00:00:00:00:00:02 dst=00:00:00:00:00:03 in_port=1 out_port=3
[FLOW_MOD] t=15645.770004749 dpid=s17 action=add src=00:00:00:00:00:02 dst=00:00:00:00:00:03 in_port=1 out_port=3
[FLOW_MOD] t=15645.770424449 dpid=s4 action=delete-strict src=00:00:00:00:00:02 dst=00:00:00:00:00:03 in_port=2 out_port=4
[FLOW_MOD] t=15645.770710573 dpid=s4 action=add src=00:00:00:00:00:02 dst=00:00:00:00:00:03 in_port=2 out_port=4
[FLOW_MOD] t=15645.771051268 dpid=s1 action=delete-strict src=00:00:00:00:00:02 dst=00:00:00:00:00:03 in_port=1 out_port=3
[FLOW_MOD] t=15645.771352226 dpid=s1 action=add src=00:00:00:00:00:02 dst=00:00:00:00:00:03 in_port=1 out_port=3
[FLOW_MOD] t=15645.771718641 dpid=s2 action=delete-strict src=00:00:00:00:00:02 dst=00:00:00:00:00:03 in_port=3 out_port=1
[FLOW_MOD] t=15645.772033388 dpid=s2 action=add src=00:00:00:00:00:02 dst=00:00:00:00:00:03 in_port=3 out_port=1
[FLOW_MOD] t=15645.772348701 dpid=s6 action=delete-strict src=00:00:00:00:00:02 dst=00:00:00:00:00:03 in_port=4 out_port=1
[FLOW_MOD] t=15645.772636563 dpid=s6 action=add src=00:00:00:00:00:02 dst=00:00:00:00:00:03 in_port=4 out_port=1
[FLOW_MOD] t=15645.772931969 dpid=s18 action=delete-strict src=00:00:00:00:00:02 dst=00:00:00:00:00:03 in_port=3 out_port=1
[FLOW_MOD] t=15645.773150490 dpid=s18 action=add src=00:00:00:00:00:02 dst=00:00:00:00:00:03 in_port=3 out_port=1
[FLOW_MOD] t=15645.773524230 dpid=s18 action=delete-strict src=00:00:00:00:00:03 dst=00:00:00:00:00:02 in_port=1 out_port=3
[FLOW_MOD] t=15645.773821607 dpid=s18 action=add src=00:00:00:00:00:03 dst=00:00:00:00:00:02 in_port=1 out_port=3
[FLOW_MOD] t=15645.774209151 dpid=s6 action=delete-strict src=00:00:00:00:00:03 dst=00:00:00:00:00:02 in_port=1 out_port=4
[FLOW_MOD] t=15645.774497286 dpid=s6 action=add src=00:00:00:00:00:03 dst=00:00:00:00:00:02 in_port=1 out_port=4
[FLOW_MOD] t=15645.774824059 dpid=s2 action=delete-strict src=00:00:00:00:00:03 dst=00:00:00:00:00:02 in_port=1 out_port=3
[FLOW_MOD] t=15645.775097957 dpid=s2 action=add src=00:00:00:00:00:03 dst=00:00:00:00:00:02 in_port=1 out_port=3
[FLOW_MOD] t=15645.775457497 dpid=s1 action=delete-strict src=00:00:00:00:00:03 dst=00:00:00:00:00:02 in_port=3 out_port=1
[FLOW_MOD] t=15645.775722302 dpid=s1 action=add src=00:00:00:00:00:03 dst=00:00:00:00:00:02 in_port=3 out_port=1
[FLOW_MOD] t=15645.776075549 dpid=s4 action=delete-strict src=00:00:00:00:00:03 dst=00:00:00:00:00:02 in_port=4 out_port=2
[FLOW_MOD] t=15645.776366276 dpid=s4 action=add src=00:00:00:00:00:03 dst=00:00:00:00:00:02 in_port=4 out_port=2
[FLOW_MOD] t=15645.776708858 dpid=s17 action=delete-strict src=00:00:00:00:00:03 dst=00:00:00:00:00:02 in_port=3 out_port=1
[FLOW_MOD] t=15645.777042921 dpid=s17 action=add src=00:00:00:00:00:03 dst=00:00:00:00:00:02 in_port=3 out_port=1
[SPF-DONE] BFS s17->s19 reachable=11/11
[PATH-COMPUTED] s17->s19: 5 hop(s) path=s17 -> s4 -> s1 -> s2 -> s6 -> s19
[FLOW-INSTALL] 00:00:00:00:00:02 → 00:00:00:00:00:04: s17 -> s4 -> s1 -> s2 -> s6 -> s19
[FLOW_MOD] t=15645.778221775 dpid=s17 action=delete-strict src=00:00:00:00:00:02 dst=00:00:00:00:00:04 in_port=1 out_port=3
[FLOW_MOD] t=15645.778576072 dpid=s17 action=add src=00:00:00:00:00:02 dst=00:00:00:00:00:04 in_port=1 out_port=3
[FLOW_MOD] t=15645.779004825 dpid=s4 action=delete-strict src=00:00:00:00:00:02 dst=00:00:00:00:00:04 in_port=2 out_port=4
[FLOW_MOD] t=15645.779317361 dpid=s4 action=add src=00:00:00:00:00:02 dst=00:00:00:00:00:04 in_port=2 out_port=4
[FLOW_MOD] t=15645.779812375 dpid=s1 action=delete-strict src=00:00:00:00:00:02 dst=00:00:00:00:00:04 in_port=1 out_port=3
[FLOW_MOD] t=15645.780226791 dpid=s1 action=add src=00:00:00:00:00:02 dst=00:00:00:00:00:04 in_port=1 out_port=3
[FLOW_MOD] t=15645.780851586 dpid=s2 action=delete-strict src=00:00:00:00:00:02 dst=00:00:00:00:00:04 in_port=3 out_port=1
[FLOW_MOD] t=15645.781150547 dpid=s2 action=add src=00:00:00:00:00:02 dst=00:00:00:00:00:04 in_port=3 out_port=1
[FLOW_MOD] t=15645.781543942 dpid=s6 action=delete-strict src=00:00:00:00:00:02 dst=00:00:00:00:00:04 in_port=4 out_port=2
[FLOW_MOD] t=15645.781858448 dpid=s6 action=add src=00:00:00:00:00:02 dst=00:00:00:00:00:04 in_port=4 out_port=2
[FLOW_MOD] t=15645.782228547 dpid=s19 action=delete-strict src=00:00:00:00:00:02 dst=00:00:00:00:00:04 in_port=3 out_port=1
[FLOW_MOD] t=15645.782512484 dpid=s19 action=add src=00:00:00:00:00:02 dst=00:00:00:00:00:04 in_port=3 out_port=1
[FLOW_MOD] t=15645.782872029 dpid=s19 action=delete-strict src=00:00:00:00:00:04 dst=00:00:00:00:00:02 in_port=1 out_port=3
[FLOW_MOD] t=15645.783205411 dpid=s19 action=add src=00:00:00:00:00:04 dst=00:00:00:00:00:02 in_port=1 out_port=3
[FLOW_MOD] t=15645.783745812 dpid=s6 action=delete-strict src=00:00:00:00:00:04 dst=00:00:00:00:00:02 in_port=2 out_port=4
[FLOW_MOD] t=15645.784096810 dpid=s6 action=add src=00:00:00:00:00:04 dst=00:00:00:00:00:02 in_port=2 out_port=4
[FLOW_MOD] t=15645.784506340 dpid=s2 action=delete-strict src=00:00:00:00:00:04 dst=00:00:00:00:00:02 in_port=1 out_port=3
[FLOW_MOD] t=15645.784824052 dpid=s2 action=add src=00:00:00:00:00:04 dst=00:00:00:00:00:02 in_port=1 out_port=3
[FLOW_MOD] t=15645.785236386 dpid=s1 action=delete-strict src=00:00:00:00:00:04 dst=00:00:00:00:00:02 in_port=3 out_port=1
[FLOW_MOD] t=15645.785536942 dpid=s1 action=add src=00:00:00:00:00:04 dst=00:00:00:00:00:02 in_port=3 out_port=1
[FLOW_MOD] t=15645.785888631 dpid=s4 action=delete-strict src=00:00:00:00:00:04 dst=00:00:00:00:00:02 in_port=4 out_port=2
[FLOW_MOD] t=15645.786158108 dpid=s4 action=add src=00:00:00:00:00:04 dst=00:00:00:00:00:02 in_port=4 out_port=2
[FLOW_MOD] t=15645.786452580 dpid=s17 action=delete-strict src=00:00:00:00:00:04 dst=00:00:00:00:00:02 in_port=3 out_port=1
[FLOW_MOD] t=15645.786703943 dpid=s17 action=add src=00:00:00:00:00:04 dst=00:00:00:00:00:02 in_port=3 out_port=1
[SPF-DONE] BFS s18->s17 reachable=11/11
[PATH-COMPUTED] s18->s17: 5 hop(s) path=s18 -> s6 -> s2 -> s1 -> s4 -> s17
[FLOW-INSTALL] 00:00:00:00:00:03 → 00:00:00:00:00:02: s18 -> s6 -> s2 -> s1 -> s4 -> s17
[FLOW_MOD] t=15645.787687178 dpid=s18 action=delete-strict src=00:00:00:00:00:03 dst=00:00:00:00:00:02 in_port=1 out_port=3
[FLOW_MOD] t=15645.788064130 dpid=s18 action=add src=00:00:00:00:00:03 dst=00:00:00:00:00:02 in_port=1 out_port=3
[FLOW_MOD] t=15645.788481564 dpid=s6 action=delete-strict src=00:00:00:00:00:03 dst=00:00:00:00:00:02 in_port=1 out_port=4
[FLOW_MOD] t=15645.788721054 dpid=s6 action=add src=00:00:00:00:00:03 dst=00:00:00:00:00:02 in_port=1 out_port=4
[FLOW_MOD] t=15645.789059521 dpid=s2 action=delete-strict src=00:00:00:00:00:03 dst=00:00:00:00:00:02 in_port=1 out_port=3
[FLOW_MOD] t=15645.789347801 dpid=s2 action=add src=00:00:00:00:00:03 dst=00:00:00:00:00:02 in_port=1 out_port=3
[FLOW_MOD] t=15645.789726374 dpid=s1 action=delete-strict src=00:00:00:00:00:03 dst=00:00:00:00:00:02 in_port=3 out_port=1
[FLOW_MOD] t=15645.790068171 dpid=s1 action=add src=00:00:00:00:00:03 dst=00:00:00:00:00:02 in_port=3 out_port=1
[FLOW_MOD] t=15645.790497762 dpid=s4 action=delete-strict src=00:00:00:00:00:03 dst=00:00:00:00:00:02 in_port=4 out_port=2
[FLOW_MOD] t=15645.790953802 dpid=s4 action=add src=00:00:00:00:00:03 dst=00:00:00:00:00:02 in_port=4 out_port=2
[FLOW_MOD] t=15645.791350698 dpid=s17 action=delete-strict src=00:00:00:00:00:03 dst=00:00:00:00:00:02 in_port=3 out_port=1
[FLOW_MOD] t=15645.791634102 dpid=s17 action=add src=00:00:00:00:00:03 dst=00:00:00:00:00:02 in_port=3 out_port=1
[FLOW_MOD] t=15645.791983138 dpid=s17 action=delete-strict src=00:00:00:00:00:02 dst=00:00:00:00:00:03 in_port=1 out_port=3
[FLOW_MOD] t=15645.792270314 dpid=s17 action=add src=00:00:00:00:00:02 dst=00:00:00:00:00:03 in_port=1 out_port=3
[FLOW_MOD] t=15645.792710588 dpid=s4 action=delete-strict src=00:00:00:00:00:02 dst=00:00:00:00:00:03 in_port=2 out_port=4
[FLOW_MOD] t=15645.793042315 dpid=s4 action=add src=00:00:00:00:00:02 dst=00:00:00:00:00:03 in_port=2 out_port=4
[FLOW_MOD] t=15645.793406680 dpid=s1 action=delete-strict src=00:00:00:00:00:02 dst=00:00:00:00:00:03 in_port=1 out_port=3
[FLOW_MOD] t=15645.793701018 dpid=s1 action=add src=00:00:00:00:00:02 dst=00:00:00:00:00:03 in_port=1 out_port=3
[FLOW_MOD] t=15645.794088380 dpid=s2 action=delete-strict src=00:00:00:00:00:02 dst=00:00:00:00:00:03 in_port=3 out_port=1
[FLOW_MOD] t=15645.794515170 dpid=s2 action=add src=00:00:00:00:00:02 dst=00:00:00:00:00:03 in_port=3 out_port=1
[FLOW_MOD] t=15645.795070457 dpid=s6 action=delete-strict src=00:00:00:00:00:02 dst=00:00:00:00:00:03 in_port=4 out_port=1
[FLOW_MOD] t=15645.795519921 dpid=s6 action=add src=00:00:00:00:00:02 dst=00:00:00:00:00:03 in_port=4 out_port=1
[FLOW_MOD] t=15645.796116528 dpid=s18 action=delete-strict src=00:00:00:00:00:02 dst=00:00:00:00:00:03 in_port=3 out_port=1
[FLOW_MOD] t=15645.796561233 dpid=s18 action=add src=00:00:00:00:00:02 dst=00:00:00:00:00:03 in_port=3 out_port=1
[SPF-DONE] BFS s18->s19 reachable=11/11
[PATH-COMPUTED] s18->s19: 2 hop(s) path=s18 -> s6 -> s19
[FLOW-INSTALL] 00:00:00:00:00:03 → 00:00:00:00:00:04: s18 -> s6 -> s19
[FLOW_MOD] t=15645.798096875 dpid=s18 action=delete-strict src=00:00:00:00:00:03 dst=00:00:00:00:00:04 in_port=1 out_port=3
[FLOW_MOD] t=15645.798449276 dpid=s18 action=add src=00:00:00:00:00:03 dst=00:00:00:00:00:04 in_port=1 out_port=3
[FLOW_MOD] t=15645.798961895 dpid=s6 action=delete-strict src=00:00:00:00:00:03 dst=00:00:00:00:00:04 in_port=1 out_port=2
[FLOW_MOD] t=15645.799546496 dpid=s6 action=add src=00:00:00:00:00:03 dst=00:00:00:00:00:04 in_port=1 out_port=2
[FLOW_MOD] t=15645.800090471 dpid=s19 action=delete-strict src=00:00:00:00:00:03 dst=00:00:00:00:00:04 in_port=3 out_port=1
[FLOW_MOD] t=15645.800424023 dpid=s19 action=add src=00:00:00:00:00:03 dst=00:00:00:00:00:04 in_port=3 out_port=1
[FLOW_MOD] t=15645.800807143 dpid=s19 action=delete-strict src=00:00:00:00:00:04 dst=00:00:00:00:00:03 in_port=1 out_port=3
[FLOW_MOD] t=15645.801072222 dpid=s19 action=add src=00:00:00:00:00:04 dst=00:00:00:00:00:03 in_port=1 out_port=3
[FLOW_MOD] t=15645.801415955 dpid=s6 action=delete-strict src=00:00:00:00:00:04 dst=00:00:00:00:00:03 in_port=2 out_port=1
[FLOW_MOD] t=15645.801731899 dpid=s6 action=add src=00:00:00:00:00:04 dst=00:00:00:00:00:03 in_port=2 out_port=1
[FLOW_MOD] t=15645.803895620 dpid=s18 action=delete-strict src=00:00:00:00:00:04 dst=00:00:00:00:00:03 in_port=3 out_port=1
[FLOW_MOD] t=15645.804518353 dpid=s18 action=add src=00:00:00:00:00:04 dst=00:00:00:00:00:03 in_port=3 out_port=1
[SPF-DONE] BFS s19->s17 reachable=11/11
[PATH-COMPUTED] s19->s17: 5 hop(s) path=s19 -> s6 -> s2 -> s1 -> s4 -> s17
[FLOW-INSTALL] 00:00:00:00:00:04 → 00:00:00:00:00:02: s19 -> s6 -> s2 -> s1 -> s4 -> s17
[FLOW_MOD] t=15645.805856101 dpid=s19 action=delete-strict src=00:00:00:00:00:04 dst=00:00:00:00:00:02 in_port=1 out_port=3
[FLOW_MOD] t=15645.806374351 dpid=s19 action=add src=00:00:00:00:00:04 dst=00:00:00:00:00:02 in_port=1 out_port=3
[FLOW_MOD] t=15645.806721162 dpid=s6 action=delete-strict src=00:00:00:00:00:04 dst=00:00:00:00:00:02 in_port=2 out_port=4
[FLOW_MOD] t=15645.807007361 dpid=s6 action=add src=00:00:00:00:00:04 dst=00:00:00:00:00:02 in_port=2 out_port=4
[FLOW_MOD] t=15645.807358479 dpid=s2 action=delete-strict src=00:00:00:00:00:04 dst=00:00:00:00:00:02 in_port=1 out_port=3
[FLOW_MOD] t=15645.807641161 dpid=s2 action=add src=00:00:00:00:00:04 dst=00:00:00:00:00:02 in_port=1 out_port=3
[FLOW_MOD] t=15645.807996018 dpid=s1 action=delete-strict src=00:00:00:00:00:04 dst=00:00:00:00:00:02 in_port=3 out_port=1
[FLOW_MOD] t=15645.808293501 dpid=s1 action=add src=00:00:00:00:00:04 dst=00:00:00:00:00:02 in_port=3 out_port=1
[FLOW_MOD] t=15645.808669096 dpid=s4 action=delete-strict src=00:00:00:00:00:04 dst=00:00:00:00:00:02 in_port=4 out_port=2
[FLOW_MOD] t=15645.808921219 dpid=s4 action=add src=00:00:00:00:00:04 dst=00:00:00:00:00:02 in_port=4 out_port=2
[FLOW_MOD] t=15645.809286713 dpid=s17 action=delete-strict src=00:00:00:00:00:04 dst=00:00:00:00:00:02 in_port=3 out_port=1
[FLOW_MOD] t=15645.809566117 dpid=s17 action=add src=00:00:00:00:00:04 dst=00:00:00:00:00:02 in_port=3 out_port=1
[FLOW_MOD] t=15645.809899479 dpid=s17 action=delete-strict src=00:00:00:00:00:02 dst=00:00:00:00:00:04 in_port=1 out_port=3
[FLOW_MOD] t=15645.810141834 dpid=s17 action=add src=00:00:00:00:00:02 dst=00:00:00:00:00:04 in_port=1 out_port=3
[FLOW_MOD] t=15645.810469539 dpid=s4 action=delete-strict src=00:00:00:00:00:02 dst=00:00:00:00:00:04 in_port=2 out_port=4
[FLOW_MOD] t=15645.810728322 dpid=s4 action=add src=00:00:00:00:00:02 dst=00:00:00:00:00:04 in_port=2 out_port=4
[FLOW_MOD] t=15645.811106846 dpid=s1 action=delete-strict src=00:00:00:00:00:02 dst=00:00:00:00:00:04 in_port=1 out_port=3
[FLOW_MOD] t=15645.811468779 dpid=s1 action=add src=00:00:00:00:00:02 dst=00:00:00:00:00:04 in_port=1 out_port=3
[FLOW_MOD] t=15645.813597557 dpid=s2 action=delete-strict src=00:00:00:00:00:02 dst=00:00:00:00:00:04 in_port=3 out_port=1
[FLOW_MOD] t=15645.814536346 dpid=s2 action=add src=00:00:00:00:00:02 dst=00:00:00:00:00:04 in_port=3 out_port=1
[FLOW_MOD] t=15645.815153281 dpid=s6 action=delete-strict src=00:00:00:00:00:02 dst=00:00:00:00:00:04 in_port=4 out_port=2
[FLOW_MOD] t=15645.815772542 dpid=s6 action=add src=00:00:00:00:00:02 dst=00:00:00:00:00:04 in_port=4 out_port=2
[FLOW_MOD] t=15645.816416148 dpid=s19 action=delete-strict src=00:00:00:00:00:02 dst=00:00:00:00:00:04 in_port=3 out_port=1
[FLOW_MOD] t=15645.816862898 dpid=s19 action=add src=00:00:00:00:00:02 dst=00:00:00:00:00:04 in_port=3 out_port=1
[SPF-DONE] BFS s19->s18 reachable=11/11
[PATH-COMPUTED] s19->s18: 2 hop(s) path=s19 -> s6 -> s18
[FLOW-INSTALL] 00:00:00:00:00:04 → 00:00:00:00:00:03: s19 -> s6 -> s18
[FLOW_MOD] t=15645.818293430 dpid=s19 action=delete-strict src=00:00:00:00:00:04 dst=00:00:00:00:00:03 in_port=1 out_port=3
[FLOW_MOD] t=15645.818637124 dpid=s19 action=add src=00:00:00:00:00:04 dst=00:00:00:00:00:03 in_port=1 out_port=3
[FLOW_MOD] t=15645.819106847 dpid=s6 action=delete-strict src=00:00:00:00:00:04 dst=00:00:00:00:00:03 in_port=2 out_port=1
[FLOW_MOD] t=15645.819488489 dpid=s6 action=add src=00:00:00:00:00:04 dst=00:00:00:00:00:03 in_port=2 out_port=1
[FLOW_MOD] t=15645.819938762 dpid=s18 action=delete-strict src=00:00:00:00:00:04 dst=00:00:00:00:00:03 in_port=3 out_port=1
[FLOW_MOD] t=15645.820341634 dpid=s18 action=add src=00:00:00:00:00:04 dst=00:00:00:00:00:03 in_port=3 out_port=1
[FLOW_MOD] t=15645.820665256 dpid=s18 action=delete-strict src=00:00:00:00:00:03 dst=00:00:00:00:00:04 in_port=1 out_port=3
[FLOW_MOD] t=15645.820924333 dpid=s18 action=add src=00:00:00:00:00:03 dst=00:00:00:00:00:04 in_port=1 out_port=3
[FLOW_MOD] t=15645.821304549 dpid=s6 action=delete-strict src=00:00:00:00:00:03 dst=00:00:00:00:00:04 in_port=1 out_port=2
[FLOW_MOD] t=15645.821585783 dpid=s6 action=add src=00:00:00:00:00:03 dst=00:00:00:00:00:04 in_port=1 out_port=2
[FLOW_MOD] t=15645.821948395 dpid=s19 action=delete-strict src=00:00:00:00:00:03 dst=00:00:00:00:00:04 in_port=3 out_port=1
[FLOW_MOD] t=15645.822201144 dpid=s19 action=add src=00:00:00:00:00:03 dst=00:00:00:00:00:04 in_port=3 out_port=1
[TOPO] route refresh: installed=6 skipped=0 unreachable=0 hosts=3
[TOPO-CHANGE] (LLDP topology event) switches=11 links=34  delta +1 -0
[TOPO-UP]   [(5, 16)]
[TOPO-REFRESH] flushing 6 flows, rebuilding routes
[TREE-DONE] root=s1 tree_edges=11 reachable=11/11
[SPF-DONE] BFS s17->s18 reachable=11/11
[PATH-COMPUTED] s17->s18: 5 hop(s) path=s17 -> s4 -> s1 -> s2 -> s6 -> s18
[FLOW-INSTALL] 00:00:00:00:00:02 → 00:00:00:00:00:03: s17 -> s4 -> s1 -> s2 -> s6 -> s18
[FLOW_MOD] t=15645.880404190 dpid=s17 action=delete-strict src=00:00:00:00:00:02 dst=00:00:00:00:00:03 in_port=1 out_port=3
[FLOW_MOD] t=15645.880966453 dpid=s17 action=add src=00:00:00:00:00:02 dst=00:00:00:00:00:03 in_port=1 out_port=3
[FLOW_MOD] t=15645.881494142 dpid=s4 action=delete-strict src=00:00:00:00:00:02 dst=00:00:00:00:00:03 in_port=2 out_port=4
[FLOW_MOD] t=15645.881802149 dpid=s4 action=add src=00:00:00:00:00:02 dst=00:00:00:00:00:03 in_port=2 out_port=4
[FLOW_MOD] t=15645.882406242 dpid=s1 action=delete-strict src=00:00:00:00:00:02 dst=00:00:00:00:00:03 in_port=1 out_port=3
[FLOW_MOD] t=15645.882732940 dpid=s1 action=add src=00:00:00:00:00:02 dst=00:00:00:00:00:03 in_port=1 out_port=3
[FLOW_MOD] t=15645.883318997 dpid=s2 action=delete-strict src=00:00:00:00:00:02 dst=00:00:00:00:00:03 in_port=3 out_port=1
[FLOW_MOD] t=15645.883657653 dpid=s2 action=add src=00:00:00:00:00:02 dst=00:00:00:00:00:03 in_port=3 out_port=1
[FLOW_MOD] t=15645.884101423 dpid=s6 action=delete-strict src=00:00:00:00:00:02 dst=00:00:00:00:00:03 in_port=4 out_port=1
[FLOW_MOD] t=15645.884427053 dpid=s6 action=add src=00:00:00:00:00:02 dst=00:00:00:00:00:03 in_port=4 out_port=1
[FLOW_MOD] t=15645.884787179 dpid=s18 action=delete-strict src=00:00:00:00:00:02 dst=00:00:00:00:00:03 in_port=3 out_port=1
[FLOW_MOD] t=15645.885069854 dpid=s18 action=add src=00:00:00:00:00:02 dst=00:00:00:00:00:03 in_port=3 out_port=1
[FLOW_MOD] t=15645.885437862 dpid=s18 action=delete-strict src=00:00:00:00:00:03 dst=00:00:00:00:00:02 in_port=1 out_port=3
[FLOW_MOD] t=15645.885671301 dpid=s18 action=add src=00:00:00:00:00:03 dst=00:00:00:00:00:02 in_port=1 out_port=3
[FLOW_MOD] t=15645.886002465 dpid=s6 action=delete-strict src=00:00:00:00:00:03 dst=00:00:00:00:00:02 in_port=1 out_port=4
[FLOW_MOD] t=15645.886275968 dpid=s6 action=add src=00:00:00:00:00:03 dst=00:00:00:00:00:02 in_port=1 out_port=4
[FLOW_MOD] t=15645.886641303 dpid=s2 action=delete-strict src=00:00:00:00:00:03 dst=00:00:00:00:00:02 in_port=1 out_port=3
[FLOW_MOD] t=15645.886929147 dpid=s2 action=add src=00:00:00:00:00:03 dst=00:00:00:00:00:02 in_port=1 out_port=3
[FLOW_MOD] t=15645.887267359 dpid=s1 action=delete-strict src=00:00:00:00:00:03 dst=00:00:00:00:00:02 in_port=3 out_port=1
[FLOW_MOD] t=15645.887513887 dpid=s1 action=add src=00:00:00:00:00:03 dst=00:00:00:00:00:02 in_port=3 out_port=1
[FLOW_MOD] t=15645.887858927 dpid=s4 action=delete-strict src=00:00:00:00:00:03 dst=00:00:00:00:00:02 in_port=4 out_port=2
[FLOW_MOD] t=15645.888164725 dpid=s4 action=add src=00:00:00:00:00:03 dst=00:00:00:00:00:02 in_port=4 out_port=2
[FLOW_MOD] t=15645.888528673 dpid=s17 action=delete-strict src=00:00:00:00:00:03 dst=00:00:00:00:00:02 in_port=3 out_port=1
[FLOW_MOD] t=15645.888791485 dpid=s17 action=add src=00:00:00:00:00:03 dst=00:00:00:00:00:02 in_port=3 out_port=1
[SPF-DONE] BFS s17->s19 reachable=11/11
[PATH-COMPUTED] s17->s19: 5 hop(s) path=s17 -> s4 -> s1 -> s2 -> s6 -> s19
[FLOW-INSTALL] 00:00:00:00:00:02 → 00:00:00:00:00:04: s17 -> s4 -> s1 -> s2 -> s6 -> s19
[FLOW_MOD] t=15645.889891752 dpid=s17 action=delete-strict src=00:00:00:00:00:02 dst=00:00:00:00:00:04 in_port=1 out_port=3
[FLOW_MOD] t=15645.890138166 dpid=s17 action=add src=00:00:00:00:00:02 dst=00:00:00:00:00:04 in_port=1 out_port=3
[FLOW_MOD] t=15645.890536476 dpid=s4 action=delete-strict src=00:00:00:00:00:02 dst=00:00:00:00:00:04 in_port=2 out_port=4
[FLOW_MOD] t=15645.890814894 dpid=s4 action=add src=00:00:00:00:00:02 dst=00:00:00:00:00:04 in_port=2 out_port=4
[FLOW_MOD] t=15645.891161673 dpid=s1 action=delete-strict src=00:00:00:00:00:02 dst=00:00:00:00:00:04 in_port=1 out_port=3
[FLOW_MOD] t=15645.891408078 dpid=s1 action=add src=00:00:00:00:00:02 dst=00:00:00:00:00:04 in_port=1 out_port=3
[FLOW_MOD] t=15645.891722312 dpid=s2 action=delete-strict src=00:00:00:00:00:02 dst=00:00:00:00:00:04 in_port=3 out_port=1
[FLOW_MOD] t=15645.891964799 dpid=s2 action=add src=00:00:00:00:00:02 dst=00:00:00:00:00:04 in_port=3 out_port=1
[FLOW_MOD] t=15645.892342832 dpid=s6 action=delete-strict src=00:00:00:00:00:02 dst=00:00:00:00:00:04 in_port=4 out_port=2
[FLOW_MOD] t=15645.892588579 dpid=s6 action=add src=00:00:00:00:00:02 dst=00:00:00:00:00:04 in_port=4 out_port=2
[FLOW_MOD] t=15645.892959625 dpid=s19 action=delete-strict src=00:00:00:00:00:02 dst=00:00:00:00:00:04 in_port=3 out_port=1
[FLOW_MOD] t=15645.893271183 dpid=s19 action=add src=00:00:00:00:00:02 dst=00:00:00:00:00:04 in_port=3 out_port=1
[FLOW_MOD] t=15645.893650062 dpid=s19 action=delete-strict src=00:00:00:00:00:04 dst=00:00:00:00:00:02 in_port=1 out_port=3
[FLOW_MOD] t=15645.895384389 dpid=s19 action=add src=00:00:00:00:00:04 dst=00:00:00:00:00:02 in_port=1 out_port=3
[FLOW_MOD] t=15645.896678757 dpid=s6 action=delete-strict src=00:00:00:00:00:04 dst=00:00:00:00:00:02 in_port=2 out_port=4
[FLOW_MOD] t=15645.897171333 dpid=s6 action=add src=00:00:00:00:00:04 dst=00:00:00:00:00:02 in_port=2 out_port=4
[FLOW_MOD] t=15645.897724095 dpid=s2 action=delete-strict src=00:00:00:00:00:04 dst=00:00:00:00:00:02 in_port=1 out_port=3
[FLOW_MOD] t=15645.898110062 dpid=s2 action=add src=00:00:00:00:00:04 dst=00:00:00:00:00:02 in_port=1 out_port=3
[FLOW_MOD] t=15645.898649126 dpid=s1 action=delete-strict src=00:00:00:00:00:04 dst=00:00:00:00:00:02 in_port=3 out_port=1
[FLOW_MOD] t=15645.899227176 dpid=s1 action=add src=00:00:00:00:00:04 dst=00:00:00:00:00:02 in_port=3 out_port=1
[FLOW_MOD] t=15645.899866517 dpid=s4 action=delete-strict src=00:00:00:00:00:04 dst=00:00:00:00:00:02 in_port=4 out_port=2
[FLOW_MOD] t=15645.900244374 dpid=s4 action=add src=00:00:00:00:00:04 dst=00:00:00:00:00:02 in_port=4 out_port=2
[FLOW_MOD] t=15645.900713130 dpid=s17 action=delete-strict src=00:00:00:00:00:04 dst=00:00:00:00:00:02 in_port=3 out_port=1
[FLOW_MOD] t=15645.901026973 dpid=s17 action=add src=00:00:00:00:00:04 dst=00:00:00:00:00:02 in_port=3 out_port=1
[SPF-DONE] BFS s18->s17 reachable=11/11
[PATH-COMPUTED] s18->s17: 5 hop(s) path=s18 -> s6 -> s2 -> s1 -> s4 -> s17
[FLOW-INSTALL] 00:00:00:00:00:03 → 00:00:00:00:00:02: s18 -> s6 -> s2 -> s1 -> s4 -> s17
[FLOW_MOD] t=15645.902286041 dpid=s18 action=delete-strict src=00:00:00:00:00:03 dst=00:00:00:00:00:02 in_port=1 out_port=3
[FLOW_MOD] t=15645.902599839 dpid=s18 action=add src=00:00:00:00:00:03 dst=00:00:00:00:00:02 in_port=1 out_port=3
[FLOW_MOD] t=15645.902976305 dpid=s6 action=delete-strict src=00:00:00:00:00:03 dst=00:00:00:00:00:02 in_port=1 out_port=4
[FLOW_MOD] t=15645.903298632 dpid=s6 action=add src=00:00:00:00:00:03 dst=00:00:00:00:00:02 in_port=1 out_port=4
[FLOW_MOD] t=15645.903655457 dpid=s2 action=delete-strict src=00:00:00:00:00:03 dst=00:00:00:00:00:02 in_port=1 out_port=3
[FLOW_MOD] t=15645.903924226 dpid=s2 action=add src=00:00:00:00:00:03 dst=00:00:00:00:00:02 in_port=1 out_port=3
[FLOW_MOD] t=15645.904311225 dpid=s1 action=delete-strict src=00:00:00:00:00:03 dst=00:00:00:00:00:02 in_port=3 out_port=1
[FLOW_MOD] t=15645.904595208 dpid=s1 action=add src=00:00:00:00:00:03 dst=00:00:00:00:00:02 in_port=3 out_port=1
[FLOW_MOD] t=15645.904979100 dpid=s4 action=delete-strict src=00:00:00:00:00:03 dst=00:00:00:00:00:02 in_port=4 out_port=2
[FLOW_MOD] t=15645.905261512 dpid=s4 action=add src=00:00:00:00:00:03 dst=00:00:00:00:00:02 in_port=4 out_port=2
[FLOW_MOD] t=15645.905634865 dpid=s17 action=delete-strict src=00:00:00:00:00:03 dst=00:00:00:00:00:02 in_port=3 out_port=1
[FLOW_MOD] t=15645.905955464 dpid=s17 action=add src=00:00:00:00:00:03 dst=00:00:00:00:00:02 in_port=3 out_port=1
[FLOW_MOD] t=15645.906299077 dpid=s17 action=delete-strict src=00:00:00:00:00:02 dst=00:00:00:00:00:03 in_port=1 out_port=3
[FLOW_MOD] t=15645.906546301 dpid=s17 action=add src=00:00:00:00:00:02 dst=00:00:00:00:00:03 in_port=1 out_port=3
[FLOW_MOD] t=15645.906897032 dpid=s4 action=delete-strict src=00:00:00:00:00:02 dst=00:00:00:00:00:03 in_port=2 out_port=4
[FLOW_MOD] t=15645.907126413 dpid=s4 action=add src=00:00:00:00:00:02 dst=00:00:00:00:00:03 in_port=2 out_port=4
[FLOW_MOD] t=15645.907483009 dpid=s1 action=delete-strict src=00:00:00:00:00:02 dst=00:00:00:00:00:03 in_port=1 out_port=3
[FLOW_MOD] t=15645.907776528 dpid=s1 action=add src=00:00:00:00:00:02 dst=00:00:00:00:00:03 in_port=1 out_port=3
[FLOW_MOD] t=15645.908156199 dpid=s2 action=delete-strict src=00:00:00:00:00:02 dst=00:00:00:00:00:03 in_port=3 out_port=1
[FLOW_MOD] t=15645.908716235 dpid=s2 action=add src=00:00:00:00:00:02 dst=00:00:00:00:00:03 in_port=3 out_port=1
[FLOW_MOD] t=15645.909217576 dpid=s6 action=delete-strict src=00:00:00:00:00:02 dst=00:00:00:00:00:03 in_port=4 out_port=1
[FLOW_MOD] t=15645.909512658 dpid=s6 action=add src=00:00:00:00:00:02 dst=00:00:00:00:00:03 in_port=4 out_port=1
[FLOW_MOD] t=15645.909907080 dpid=s18 action=delete-strict src=00:00:00:00:00:02 dst=00:00:00:00:00:03 in_port=3 out_port=1
[FLOW_MOD] t=15645.910201953 dpid=s18 action=add src=00:00:00:00:00:02 dst=00:00:00:00:00:03 in_port=3 out_port=1
[SPF-DONE] BFS s18->s19 reachable=11/11
[PATH-COMPUTED] s18->s19: 2 hop(s) path=s18 -> s6 -> s19
[FLOW-INSTALL] 00:00:00:00:00:03 → 00:00:00:00:00:04: s18 -> s6 -> s19
[FLOW_MOD] t=15645.911547533 dpid=s18 action=delete-strict src=00:00:00:00:00:03 dst=00:00:00:00:00:04 in_port=1 out_port=3
[FLOW_MOD] t=15645.911852252 dpid=s18 action=add src=00:00:00:00:00:03 dst=00:00:00:00:00:04 in_port=1 out_port=3
[FLOW_MOD] t=15645.912213875 dpid=s6 action=delete-strict src=00:00:00:00:00:03 dst=00:00:00:00:00:04 in_port=1 out_port=2
[FLOW_MOD] t=15645.912541572 dpid=s6 action=add src=00:00:00:00:00:03 dst=00:00:00:00:00:04 in_port=1 out_port=2
[FLOW_MOD] t=15645.912916052 dpid=s19 action=delete-strict src=00:00:00:00:00:03 dst=00:00:00:00:00:04 in_port=3 out_port=1
[FLOW_MOD] t=15645.913208055 dpid=s19 action=add src=00:00:00:00:00:03 dst=00:00:00:00:00:04 in_port=3 out_port=1
[FLOW_MOD] t=15645.913583443 dpid=s19 action=delete-strict src=00:00:00:00:00:04 dst=00:00:00:00:00:03 in_port=1 out_port=3
[FLOW_MOD] t=15645.913903488 dpid=s19 action=add src=00:00:00:00:00:04 dst=00:00:00:00:00:03 in_port=1 out_port=3
[FLOW_MOD] t=15645.914429992 dpid=s6 action=delete-strict src=00:00:00:00:00:04 dst=00:00:00:00:00:03 in_port=2 out_port=1
[FLOW_MOD] t=15645.914787861 dpid=s6 action=add src=00:00:00:00:00:04 dst=00:00:00:00:00:03 in_port=2 out_port=1
[FLOW_MOD] t=15645.916810759 dpid=s18 action=delete-strict src=00:00:00:00:00:04 dst=00:00:00:00:00:03 in_port=3 out_port=1
[FLOW_MOD] t=15645.917450732 dpid=s18 action=add src=00:00:00:00:00:04 dst=00:00:00:00:00:03 in_port=3 out_port=1
[SPF-DONE] BFS s19->s17 reachable=11/11
[PATH-COMPUTED] s19->s17: 5 hop(s) path=s19 -> s6 -> s2 -> s1 -> s4 -> s17
[FLOW-INSTALL] 00:00:00:00:00:04 → 00:00:00:00:00:02: s19 -> s6 -> s2 -> s1 -> s4 -> s17
[FLOW_MOD] t=15645.918970239 dpid=s19 action=delete-strict src=00:00:00:00:00:04 dst=00:00:00:00:00:02 in_port=1 out_port=3
[FLOW_MOD] t=15645.919314575 dpid=s19 action=add src=00:00:00:00:00:04 dst=00:00:00:00:00:02 in_port=1 out_port=3
[FLOW_MOD] t=15645.919756296 dpid=s6 action=delete-strict src=00:00:00:00:00:04 dst=00:00:00:00:00:02 in_port=2 out_port=4
[FLOW_MOD] t=15645.920121994 dpid=s6 action=add src=00:00:00:00:00:04 dst=00:00:00:00:00:02 in_port=2 out_port=4
[FLOW_MOD] t=15645.920505379 dpid=s2 action=delete-strict src=00:00:00:00:00:04 dst=00:00:00:00:00:02 in_port=1 out_port=3
[FLOW_MOD] t=15645.920783051 dpid=s2 action=add src=00:00:00:00:00:04 dst=00:00:00:00:00:02 in_port=1 out_port=3
[FLOW_MOD] t=15645.921106151 dpid=s1 action=delete-strict src=00:00:00:00:00:04 dst=00:00:00:00:00:02 in_port=3 out_port=1
[FLOW_MOD] t=15645.921345748 dpid=s1 action=add src=00:00:00:00:00:04 dst=00:00:00:00:00:02 in_port=3 out_port=1
[FLOW_MOD] t=15645.921685628 dpid=s4 action=delete-strict src=00:00:00:00:00:04 dst=00:00:00:00:00:02 in_port=4 out_port=2
[FLOW_MOD] t=15645.921966196 dpid=s4 action=add src=00:00:00:00:00:04 dst=00:00:00:00:00:02 in_port=4 out_port=2
[FLOW_MOD] t=15645.922377193 dpid=s17 action=delete-strict src=00:00:00:00:00:04 dst=00:00:00:00:00:02 in_port=3 out_port=1
[FLOW_MOD] t=15645.922687488 dpid=s17 action=add src=00:00:00:00:00:04 dst=00:00:00:00:00:02 in_port=3 out_port=1
[FLOW_MOD] t=15645.923003065 dpid=s17 action=delete-strict src=00:00:00:00:00:02 dst=00:00:00:00:00:04 in_port=1 out_port=3
[FLOW_MOD] t=15645.923224468 dpid=s17 action=add src=00:00:00:00:00:02 dst=00:00:00:00:00:04 in_port=1 out_port=3
[FLOW_MOD] t=15645.923570429 dpid=s4 action=delete-strict src=00:00:00:00:00:02 dst=00:00:00:00:00:04 in_port=2 out_port=4
[FLOW_MOD] t=15645.923836101 dpid=s4 action=add src=00:00:00:00:00:02 dst=00:00:00:00:00:04 in_port=2 out_port=4
[FLOW_MOD] t=15645.924207257 dpid=s1 action=delete-strict src=00:00:00:00:00:02 dst=00:00:00:00:00:04 in_port=1 out_port=3
[FLOW_MOD] t=15645.924485479 dpid=s1 action=add src=00:00:00:00:00:02 dst=00:00:00:00:00:04 in_port=1 out_port=3
[FLOW_MOD] t=15645.924820954 dpid=s2 action=delete-strict src=00:00:00:00:00:02 dst=00:00:00:00:00:04 in_port=3 out_port=1
[FLOW_MOD] t=15645.925103326 dpid=s2 action=add src=00:00:00:00:00:02 dst=00:00:00:00:00:04 in_port=3 out_port=1
[FLOW_MOD] t=15645.925456919 dpid=s6 action=delete-strict src=00:00:00:00:00:02 dst=00:00:00:00:00:04 in_port=4 out_port=2
[FLOW_MOD] t=15645.925795918 dpid=s6 action=add src=00:00:00:00:00:02 dst=00:00:00:00:00:04 in_port=4 out_port=2
[FLOW_MOD] t=15645.926186054 dpid=s19 action=delete-strict src=00:00:00:00:00:02 dst=00:00:00:00:00:04 in_port=3 out_port=1
[FLOW_MOD] t=15645.926470172 dpid=s19 action=add src=00:00:00:00:00:02 dst=00:00:00:00:00:04 in_port=3 out_port=1
[SPF-DONE] BFS s19->s18 reachable=11/11
[PATH-COMPUTED] s19->s18: 2 hop(s) path=s19 -> s6 -> s18
[FLOW-INSTALL] 00:00:00:00:00:04 → 00:00:00:00:00:03: s19 -> s6 -> s18
[FLOW_MOD] t=15645.927828437 dpid=s19 action=delete-strict src=00:00:00:00:00:04 dst=00:00:00:00:00:03 in_port=1 out_port=3
[FLOW_MOD] t=15645.928169642 dpid=s19 action=add src=00:00:00:00:00:04 dst=00:00:00:00:00:03 in_port=1 out_port=3
[FLOW_MOD] t=15645.928619674 dpid=s6 action=delete-strict src=00:00:00:00:00:04 dst=00:00:00:00:00:03 in_port=2 out_port=1
[FLOW_MOD] t=15645.928948844 dpid=s6 action=add src=00:00:00:00:00:04 dst=00:00:00:00:00:03 in_port=2 out_port=1
[FLOW_MOD] t=15645.929501695 dpid=s18 action=delete-strict src=00:00:00:00:00:04 dst=00:00:00:00:00:03 in_port=3 out_port=1
[FLOW_MOD] t=15645.929956000 dpid=s18 action=add src=00:00:00:00:00:04 dst=00:00:00:00:00:03 in_port=3 out_port=1
[FLOW_MOD] t=15645.930350852 dpid=s18 action=delete-strict src=00:00:00:00:00:03 dst=00:00:00:00:00:04 in_port=1 out_port=3
[FLOW_MOD] t=15645.930644508 dpid=s18 action=add src=00:00:00:00:00:03 dst=00:00:00:00:00:04 in_port=1 out_port=3
[FLOW_MOD] t=15645.931030001 dpid=s6 action=delete-strict src=00:00:00:00:00:03 dst=00:00:00:00:00:04 in_port=1 out_port=2
[FLOW_MOD] t=15645.931312181 dpid=s6 action=add src=00:00:00:00:00:03 dst=00:00:00:00:00:04 in_port=1 out_port=2
[FLOW_MOD] t=15645.931681099 dpid=s19 action=delete-strict src=00:00:00:00:00:03 dst=00:00:00:00:00:04 in_port=3 out_port=1
[FLOW_MOD] t=15645.931962150 dpid=s19 action=add src=00:00:00:00:00:03 dst=00:00:00:00:00:04 in_port=3 out_port=1
[TOPO] route refresh: installed=6 skipped=0 unreachable=0 hosts=3
[HOST-LEARN] MAC 00:00:00:00:00:01 discovered at s16 port 1
[SPF-DONE] BFS s16->s17 reachable=11/11
[PATH-COMPUTED] s16->s17: 2 hop(s) path=s16 -> s4 -> s17
[FLOW-INSTALL] 00:00:00:00:00:01 → 00:00:00:00:00:02: s16 -> s4 -> s17
[FLOW_MOD] t=15681.942658795 dpid=s16 action=delete-strict src=00:00:00:00:00:01 dst=00:00:00:00:00:02 in_port=1 out_port=3
[FLOW_MOD] t=15681.943561078 dpid=s16 action=add src=00:00:00:00:00:01 dst=00:00:00:00:00:02 in_port=1 out_port=3
[FLOW_MOD] t=15681.944533035 dpid=s4 action=delete-strict src=00:00:00:00:00:01 dst=00:00:00:00:00:02 in_port=1 out_port=2
[FLOW_MOD] t=15681.945386110 dpid=s4 action=add src=00:00:00:00:00:01 dst=00:00:00:00:00:02 in_port=1 out_port=2
[FLOW_MOD] t=15681.946027047 dpid=s17 action=delete-strict src=00:00:00:00:00:01 dst=00:00:00:00:00:02 in_port=3 out_port=1
[FLOW_MOD] t=15681.946443232 dpid=s17 action=add src=00:00:00:00:00:01 dst=00:00:00:00:00:02 in_port=3 out_port=1
[FLOW_MOD] t=15681.946854678 dpid=s17 action=delete-strict src=00:00:00:00:00:02 dst=00:00:00:00:00:01 in_port=1 out_port=3
[FLOW_MOD] t=15681.947139053 dpid=s17 action=add src=00:00:00:00:00:02 dst=00:00:00:00:00:01 in_port=1 out_port=3
[FLOW_MOD] t=15681.947512554 dpid=s4 action=delete-strict src=00:00:00:00:00:02 dst=00:00:00:00:00:01 in_port=2 out_port=1
[FLOW_MOD] t=15681.947795732 dpid=s4 action=add src=00:00:00:00:00:02 dst=00:00:00:00:00:01 in_port=2 out_port=1
[FLOW_MOD] t=15681.948191787 dpid=s16 action=delete-strict src=00:00:00:00:00:02 dst=00:00:00:00:00:01 in_port=3 out_port=1
[FLOW_MOD] t=15681.948448609 dpid=s16 action=add src=00:00:00:00:00:02 dst=00:00:00:00:00:01 in_port=3 out_port=1
[SPF-DONE] BFS s16->s18 reachable=11/11
[PATH-COMPUTED] s16->s18: 5 hop(s) path=s16 -> s4 -> s1 -> s2 -> s6 -> s18
[FLOW-INSTALL] 00:00:00:00:00:01 → 00:00:00:00:00:03: s16 -> s4 -> s1 -> s2 -> s6 -> s18
[FLOW_MOD] t=15681.966368375 dpid=s16 action=delete-strict src=00:00:00:00:00:01 dst=00:00:00:00:00:03 in_port=1 out_port=3
[FLOW_MOD] t=15681.966733519 dpid=s16 action=add src=00:00:00:00:00:01 dst=00:00:00:00:00:03 in_port=1 out_port=3
[FLOW_MOD] t=15681.967119793 dpid=s4 action=delete-strict src=00:00:00:00:00:01 dst=00:00:00:00:00:03 in_port=1 out_port=4
[FLOW_MOD] t=15681.967354716 dpid=s4 action=add src=00:00:00:00:00:01 dst=00:00:00:00:00:03 in_port=1 out_port=4
[FLOW_MOD] t=15681.967661704 dpid=s1 action=delete-strict src=00:00:00:00:00:01 dst=00:00:00:00:00:03 in_port=1 out_port=3
[FLOW_MOD] t=15681.967921355 dpid=s1 action=add src=00:00:00:00:00:01 dst=00:00:00:00:00:03 in_port=1 out_port=3
[FLOW_MOD] t=15681.968290159 dpid=s2 action=delete-strict src=00:00:00:00:00:01 dst=00:00:00:00:00:03 in_port=3 out_port=1
[FLOW_MOD] t=15681.968565583 dpid=s2 action=add src=00:00:00:00:00:01 dst=00:00:00:00:00:03 in_port=3 out_port=1
[FLOW_MOD] t=15681.968908157 dpid=s6 action=delete-strict src=00:00:00:00:00:01 dst=00:00:00:00:00:03 in_port=4 out_port=1
[FLOW_MOD] t=15681.969185583 dpid=s6 action=add src=00:00:00:00:00:01 dst=00:00:00:00:00:03 in_port=4 out_port=1
[FLOW_MOD] t=15681.969517499 dpid=s18 action=delete-strict src=00:00:00:00:00:01 dst=00:00:00:00:00:03 in_port=3 out_port=1
[FLOW_MOD] t=15681.969779318 dpid=s18 action=add src=00:00:00:00:00:01 dst=00:00:00:00:00:03 in_port=3 out_port=1
[FLOW_MOD] t=15681.970073171 dpid=s18 action=delete-strict src=00:00:00:00:00:03 dst=00:00:00:00:00:01 in_port=1 out_port=3
[FLOW_MOD] t=15681.970285935 dpid=s18 action=add src=00:00:00:00:00:03 dst=00:00:00:00:00:01 in_port=1 out_port=3
[FLOW_MOD] t=15681.970605733 dpid=s6 action=delete-strict src=00:00:00:00:00:03 dst=00:00:00:00:00:01 in_port=1 out_port=4
[FLOW_MOD] t=15681.970835637 dpid=s6 action=add src=00:00:00:00:00:03 dst=00:00:00:00:00:01 in_port=1 out_port=4
[FLOW_MOD] t=15681.971128097 dpid=s2 action=delete-strict src=00:00:00:00:00:03 dst=00:00:00:00:00:01 in_port=1 out_port=3
[FLOW_MOD] t=15681.971341888 dpid=s2 action=add src=00:00:00:00:00:03 dst=00:00:00:00:00:01 in_port=1 out_port=3
[FLOW_MOD] t=15681.971643897 dpid=s1 action=delete-strict src=00:00:00:00:00:03 dst=00:00:00:00:00:01 in_port=3 out_port=1
[FLOW_MOD] t=15681.971893599 dpid=s1 action=add src=00:00:00:00:00:03 dst=00:00:00:00:00:01 in_port=3 out_port=1
[FLOW_MOD] t=15681.972275010 dpid=s4 action=delete-strict src=00:00:00:00:00:03 dst=00:00:00:00:00:01 in_port=4 out_port=1
[FLOW_MOD] t=15681.972705786 dpid=s4 action=add src=00:00:00:00:00:03 dst=00:00:00:00:00:01 in_port=4 out_port=1
[FLOW_MOD] t=15681.973063974 dpid=s16 action=delete-strict src=00:00:00:00:00:03 dst=00:00:00:00:00:01 in_port=3 out_port=1
[FLOW_MOD] t=15681.973293010 dpid=s16 action=add src=00:00:00:00:00:03 dst=00:00:00:00:00:01 in_port=3 out_port=1
[SPF-DONE] BFS s16->s19 reachable=11/11
[PATH-COMPUTED] s16->s19: 5 hop(s) path=s16 -> s4 -> s1 -> s2 -> s6 -> s19
[FLOW-INSTALL] 00:00:00:00:00:01 → 00:00:00:00:00:04: s16 -> s4 -> s1 -> s2 -> s6 -> s19
[FLOW_MOD] t=15681.995753011 dpid=s16 action=delete-strict src=00:00:00:00:00:01 dst=00:00:00:00:00:04 in_port=1 out_port=3
[FLOW_MOD] t=15681.996129803 dpid=s16 action=add src=00:00:00:00:00:01 dst=00:00:00:00:00:04 in_port=1 out_port=3
[FLOW_MOD] t=15681.996526551 dpid=s4 action=delete-strict src=00:00:00:00:00:01 dst=00:00:00:00:00:04 in_port=1 out_port=4
[FLOW_MOD] t=15681.996805559 dpid=s4 action=add src=00:00:00:00:00:01 dst=00:00:00:00:00:04 in_port=1 out_port=4
[FLOW_MOD] t=15681.997171226 dpid=s1 action=delete-strict src=00:00:00:00:00:01 dst=00:00:00:00:00:04 in_port=1 out_port=3
[FLOW_MOD] t=15681.997444958 dpid=s1 action=add src=00:00:00:00:00:01 dst=00:00:00:00:00:04 in_port=1 out_port=3
[FLOW_MOD] t=15681.997864655 dpid=s2 action=delete-strict src=00:00:00:00:00:01 dst=00:00:00:00:00:04 in_port=3 out_port=1
[FLOW_MOD] t=15681.998177870 dpid=s2 action=add src=00:00:00:00:00:01 dst=00:00:00:00:00:04 in_port=3 out_port=1
[FLOW_MOD] t=15681.998496203 dpid=s6 action=delete-strict src=00:00:00:00:00:01 dst=00:00:00:00:00:04 in_port=4 out_port=2
[FLOW_MOD] t=15681.998765227 dpid=s6 action=add src=00:00:00:00:00:01 dst=00:00:00:00:00:04 in_port=4 out_port=2
[FLOW_MOD] t=15681.999108384 dpid=s19 action=delete-strict src=00:00:00:00:00:01 dst=00:00:00:00:00:04 in_port=3 out_port=1
[FLOW_MOD] t=15681.999378986 dpid=s19 action=add src=00:00:00:00:00:01 dst=00:00:00:00:00:04 in_port=3 out_port=1
[FLOW_MOD] t=15681.999721637 dpid=s19 action=delete-strict src=00:00:00:00:00:04 dst=00:00:00:00:00:01 in_port=1 out_port=3
[FLOW_MOD] t=15682.000011575 dpid=s19 action=add src=00:00:00:00:00:04 dst=00:00:00:00:00:01 in_port=1 out_port=3
[FLOW_MOD] t=15682.000398329 dpid=s6 action=delete-strict src=00:00:00:00:00:04 dst=00:00:00:00:00:01 in_port=2 out_port=4
[FLOW_MOD] t=15682.000677200 dpid=s6 action=add src=00:00:00:00:00:04 dst=00:00:00:00:00:01 in_port=2 out_port=4
[FLOW_MOD] t=15682.001082840 dpid=s2 action=delete-strict src=00:00:00:00:00:04 dst=00:00:00:00:00:01 in_port=1 out_port=3
[FLOW_MOD] t=15682.001401386 dpid=s2 action=add src=00:00:00:00:00:04 dst=00:00:00:00:00:01 in_port=1 out_port=3
[FLOW_MOD] t=15682.001742635 dpid=s1 action=delete-strict src=00:00:00:00:00:04 dst=00:00:00:00:00:01 in_port=3 out_port=1
[FLOW_MOD] t=15682.002009828 dpid=s1 action=add src=00:00:00:00:00:04 dst=00:00:00:00:00:01 in_port=3 out_port=1
[FLOW_MOD] t=15682.002339863 dpid=s4 action=delete-strict src=00:00:00:00:00:04 dst=00:00:00:00:00:01 in_port=4 out_port=1
[FLOW_MOD] t=15682.002583273 dpid=s4 action=add src=00:00:00:00:00:04 dst=00:00:00:00:00:01 in_port=4 out_port=1
[FLOW_MOD] t=15682.002922481 dpid=s16 action=delete-strict src=00:00:00:00:00:04 dst=00:00:00:00:00:01 in_port=3 out_port=1
[FLOW_MOD] t=15682.003174341 dpid=s16 action=add src=00:00:00:00:00:04 dst=00:00:00:00:00:01 in_port=3 out_port=1
[PORT_STATUS] t=15687.809574342 s1 port=3 reason=modify
[TOPO-CHANGE] (port-status:modify) switches=11 links=32  delta +0 -2
[TOPO-DOWN] [(1, 2), (2, 1)]
[TOPO-REFRESH] flushing 9 flows, rebuilding routes
[TREE-DONE] root=s1 tree_edges=11 reachable=11/11
[SPF-DONE] BFS s16->s17 reachable=11/11
[PATH-COMPUTED] s16->s17: 2 hop(s) path=s16 -> s4 -> s17
[FLOW-INSTALL] 00:00:00:00:00:01 → 00:00:00:00:00:02: s16 -> s4 -> s17
[FLOW_MOD] t=15687.812484990 dpid=s16 action=delete-strict src=00:00:00:00:00:01 dst=00:00:00:00:00:02 in_port=1 out_port=3
[FLOW_MOD] t=15687.812721659 dpid=s16 action=add src=00:00:00:00:00:01 dst=00:00:00:00:00:02 in_port=1 out_port=3
[FLOW_MOD] t=15687.813010835 dpid=s4 action=delete-strict src=00:00:00:00:00:01 dst=00:00:00:00:00:02 in_port=1 out_port=2
[FLOW_MOD] t=15687.813228048 dpid=s4 action=add src=00:00:00:00:00:01 dst=00:00:00:00:00:02 in_port=1 out_port=2
[FLOW_MOD] t=15687.813505773 dpid=s17 action=delete-strict src=00:00:00:00:00:01 dst=00:00:00:00:00:02 in_port=3 out_port=1
[FLOW_MOD] t=15687.813804324 dpid=s17 action=add src=00:00:00:00:00:01 dst=00:00:00:00:00:02 in_port=3 out_port=1
[FLOW_MOD] t=15687.814178669 dpid=s17 action=delete-strict src=00:00:00:00:00:02 dst=00:00:00:00:00:01 in_port=1 out_port=3
[FLOW_MOD] t=15687.814451387 dpid=s17 action=add src=00:00:00:00:00:02 dst=00:00:00:00:00:01 in_port=1 out_port=3
[FLOW_MOD] t=15687.814782252 dpid=s4 action=delete-strict src=00:00:00:00:00:02 dst=00:00:00:00:00:01 in_port=2 out_port=1
[FLOW_MOD] t=15687.815022852 dpid=s4 action=add src=00:00:00:00:00:02 dst=00:00:00:00:00:01 in_port=2 out_port=1
[FLOW_MOD] t=15687.815402201 dpid=s16 action=delete-strict src=00:00:00:00:00:02 dst=00:00:00:00:00:01 in_port=3 out_port=1
[FLOW_MOD] t=15687.815621578 dpid=s16 action=add src=00:00:00:00:00:02 dst=00:00:00:00:00:01 in_port=3 out_port=1
[SPF-DONE] BFS s16->s18 reachable=11/11
[PATH-COMPUTED] s16->s18: 6 hop(s) path=s16 -> s4 -> s1 -> s3 -> s2 -> s6 -> s18
[FLOW-INSTALL] 00:00:00:00:00:01 → 00:00:00:00:00:03: s16 -> s4 -> s1 -> s3 -> s2 -> s6 -> s18
[FLOW_MOD] t=15687.816602540 dpid=s16 action=delete-strict src=00:00:00:00:00:01 dst=00:00:00:00:00:03 in_port=1 out_port=3
[FLOW_MOD] t=15687.816909757 dpid=s16 action=add src=00:00:00:00:00:01 dst=00:00:00:00:00:03 in_port=1 out_port=3
[FLOW_MOD] t=15687.817231304 dpid=s4 action=delete-strict src=00:00:00:00:00:01 dst=00:00:00:00:00:03 in_port=1 out_port=4
[FLOW_MOD] t=15687.817530543 dpid=s4 action=add src=00:00:00:00:00:01 dst=00:00:00:00:00:03 in_port=1 out_port=4
[FLOW_MOD] t=15687.817874754 dpid=s1 action=delete-strict src=00:00:00:00:00:01 dst=00:00:00:00:00:03 in_port=1 out_port=4
[FLOW_MOD] t=15687.818121057 dpid=s1 action=add src=00:00:00:00:00:01 dst=00:00:00:00:00:03 in_port=1 out_port=4
[FLOW_MOD] t=15687.818412754 dpid=s3 action=delete-strict src=00:00:00:00:00:01 dst=00:00:00:00:00:03 in_port=4 out_port=3
[FLOW_MOD] t=15687.818702730 dpid=s3 action=add src=00:00:00:00:00:01 dst=00:00:00:00:00:03 in_port=4 out_port=3
[FLOW_MOD] t=15687.819095596 dpid=s2 action=delete-strict src=00:00:00:00:00:01 dst=00:00:00:00:00:03 in_port=4 out_port=1
[FLOW_MOD] t=15687.819344585 dpid=s2 action=add src=00:00:00:00:00:01 dst=00:00:00:00:00:03 in_port=4 out_port=1
[FLOW_MOD] t=15687.819678041 dpid=s6 action=delete-strict src=00:00:00:00:00:01 dst=00:00:00:00:00:03 in_port=4 out_port=1
[FLOW_MOD] t=15687.819913388 dpid=s6 action=add src=00:00:00:00:00:01 dst=00:00:00:00:00:03 in_port=4 out_port=1
[FLOW_MOD] t=15687.820228435 dpid=s18 action=delete-strict src=00:00:00:00:00:01 dst=00:00:00:00:00:03 in_port=3 out_port=1
[FLOW_MOD] t=15687.820684559 dpid=s18 action=add src=00:00:00:00:00:01 dst=00:00:00:00:00:03 in_port=3 out_port=1
[FLOW_MOD] t=15687.821036629 dpid=s18 action=delete-strict src=00:00:00:00:00:03 dst=00:00:00:00:00:01 in_port=1 out_port=3
[FLOW_MOD] t=15687.821284990 dpid=s18 action=add src=00:00:00:00:00:03 dst=00:00:00:00:00:01 in_port=1 out_port=3
[FLOW_MOD] t=15687.821646631 dpid=s6 action=delete-strict src=00:00:00:00:00:03 dst=00:00:00:00:00:01 in_port=1 out_port=4
[FLOW_MOD] t=15687.821892547 dpid=s6 action=add src=00:00:00:00:00:03 dst=00:00:00:00:00:01 in_port=1 out_port=4
[FLOW_MOD] t=15687.822206978 dpid=s2 action=delete-strict src=00:00:00:00:00:03 dst=00:00:00:00:00:01 in_port=1 out_port=4
[FLOW_MOD] t=15687.822453416 dpid=s2 action=add src=00:00:00:00:00:03 dst=00:00:00:00:00:01 in_port=1 out_port=4
[FLOW_MOD] t=15687.822762412 dpid=s3 action=delete-strict src=00:00:00:00:00:03 dst=00:00:00:00:00:01 in_port=3 out_port=4
[FLOW_MOD] t=15687.822984308 dpid=s3 action=add src=00:00:00:00:00:03 dst=00:00:00:00:00:01 in_port=3 out_port=4
[FLOW_MOD] t=15687.823325373 dpid=s1 action=delete-strict src=00:00:00:00:00:03 dst=00:00:00:00:00:01 in_port=4 out_port=1
[FLOW_MOD] t=15687.823586028 dpid=s1 action=add src=00:00:00:00:00:03 dst=00:00:00:00:00:01 in_port=4 out_port=1
[FLOW_MOD] t=15687.823912359 dpid=s4 action=delete-strict src=00:00:00:00:00:03 dst=00:00:00:00:00:01 in_port=4 out_port=1
[FLOW_MOD] t=15687.824174830 dpid=s4 action=add src=00:00:00:00:00:03 dst=00:00:00:00:00:01 in_port=4 out_port=1
[FLOW_MOD] t=15687.824473785 dpid=s16 action=delete-strict src=00:00:00:00:00:03 dst=00:00:00:00:00:01 in_port=3 out_port=1
[FLOW_MOD] t=15687.824697109 dpid=s16 action=add src=00:00:00:00:00:03 dst=00:00:00:00:00:01 in_port=3 out_port=1
[SPF-DONE] BFS s16->s19 reachable=11/11
[PATH-COMPUTED] s16->s19: 6 hop(s) path=s16 -> s4 -> s1 -> s3 -> s2 -> s6 -> s19
[FLOW-INSTALL] 00:00:00:00:00:01 → 00:00:00:00:00:04: s16 -> s4 -> s1 -> s3 -> s2 -> s6 -> s19
[FLOW_MOD] t=15687.825586717 dpid=s16 action=delete-strict src=00:00:00:00:00:01 dst=00:00:00:00:00:04 in_port=1 out_port=3
[FLOW_MOD] t=15687.825837961 dpid=s16 action=add src=00:00:00:00:00:01 dst=00:00:00:00:00:04 in_port=1 out_port=3
[FLOW_MOD] t=15687.826177354 dpid=s4 action=delete-strict src=00:00:00:00:00:01 dst=00:00:00:00:00:04 in_port=1 out_port=4
[FLOW_MOD] t=15687.826482224 dpid=s4 action=add src=00:00:00:00:00:01 dst=00:00:00:00:00:04 in_port=1 out_port=4
[FLOW_MOD] t=15687.826807653 dpid=s1 action=delete-strict src=00:00:00:00:00:01 dst=00:00:00:00:00:04 in_port=1 out_port=4
[FLOW_MOD] t=15687.827023116 dpid=s1 action=add src=00:00:00:00:00:01 dst=00:00:00:00:00:04 in_port=1 out_port=4
[FLOW_MOD] t=15687.827314440 dpid=s3 action=delete-strict src=00:00:00:00:00:01 dst=00:00:00:00:00:04 in_port=4 out_port=3
[FLOW_MOD] t=15687.827545355 dpid=s3 action=add src=00:00:00:00:00:01 dst=00:00:00:00:00:04 in_port=4 out_port=3
[FLOW_MOD] t=15687.827844096 dpid=s2 action=delete-strict src=00:00:00:00:00:01 dst=00:00:00:00:00:04 in_port=4 out_port=1
[FLOW_MOD] t=15687.828121724 dpid=s2 action=add src=00:00:00:00:00:01 dst=00:00:00:00:00:04 in_port=4 out_port=1
[FLOW_MOD] t=15687.828493628 dpid=s6 action=delete-strict src=00:00:00:00:00:01 dst=00:00:00:00:00:04 in_port=4 out_port=2
[FLOW_MOD] t=15687.828747537 dpid=s6 action=add src=00:00:00:00:00:01 dst=00:00:00:00:00:04 in_port=4 out_port=2
[FLOW_MOD] t=15687.829056594 dpid=s19 action=delete-strict src=00:00:00:00:00:01 dst=00:00:00:00:00:04 in_port=3 out_port=1
[FLOW_MOD] t=15687.829280092 dpid=s19 action=add src=00:00:00:00:00:01 dst=00:00:00:00:00:04 in_port=3 out_port=1
[FLOW_MOD] t=15687.829595139 dpid=s19 action=delete-strict src=00:00:00:00:00:04 dst=00:00:00:00:00:01 in_port=1 out_port=3
[FLOW_MOD] t=15687.829802997 dpid=s19 action=add src=00:00:00:00:00:04 dst=00:00:00:00:00:01 in_port=1 out_port=3
[FLOW_MOD] t=15687.830107959 dpid=s6 action=delete-strict src=00:00:00:00:00:04 dst=00:00:00:00:00:01 in_port=2 out_port=4
[FLOW_MOD] t=15687.830299881 dpid=s6 action=add src=00:00:00:00:00:04 dst=00:00:00:00:00:01 in_port=2 out_port=4
[FLOW_MOD] t=15687.830559568 dpid=s2 action=delete-strict src=00:00:00:00:00:04 dst=00:00:00:00:00:01 in_port=1 out_port=4
[FLOW_MOD] t=15687.830811037 dpid=s2 action=add src=00:00:00:00:00:04 dst=00:00:00:00:00:01 in_port=1 out_port=4
[FLOW_MOD] t=15687.831111835 dpid=s3 action=delete-strict src=00:00:00:00:00:04 dst=00:00:00:00:00:01 in_port=3 out_port=4
[FLOW_MOD] t=15687.831372995 dpid=s3 action=add src=00:00:00:00:00:04 dst=00:00:00:00:00:01 in_port=3 out_port=4
[FLOW_MOD] t=15687.831695585 dpid=s1 action=delete-strict src=00:00:00:00:00:04 dst=00:00:00:00:00:01 in_port=4 out_port=1
[FLOW_MOD] t=15687.831926398 dpid=s1 action=add src=00:00:00:00:00:04 dst=00:00:00:00:00:01 in_port=4 out_port=1
[FLOW_MOD] t=15687.832236782 dpid=s4 action=delete-strict src=00:00:00:00:00:04 dst=00:00:00:00:00:01 in_port=4 out_port=1
[FLOW_MOD] t=15687.832481281 dpid=s4 action=add src=00:00:00:00:00:04 dst=00:00:00:00:00:01 in_port=4 out_port=1
[FLOW_MOD] t=15687.832805659 dpid=s16 action=delete-strict src=00:00:00:00:00:04 dst=00:00:00:00:00:01 in_port=3 out_port=1
[FLOW_MOD] t=15687.833003873 dpid=s16 action=add src=00:00:00:00:00:04 dst=00:00:00:00:00:01 in_port=3 out_port=1
[SPF-DONE] BFS s17->s16 reachable=11/11
[PATH-COMPUTED] s17->s16: 2 hop(s) path=s17 -> s4 -> s16
[FLOW-INSTALL] 00:00:00:00:00:02 → 00:00:00:00:00:01: s17 -> s4 -> s16
[FLOW_MOD] t=15687.833872939 dpid=s17 action=delete-strict src=00:00:00:00:00:02 dst=00:00:00:00:00:01 in_port=1 out_port=3
[FLOW_MOD] t=15687.834181295 dpid=s17 action=add src=00:00:00:00:00:02 dst=00:00:00:00:00:01 in_port=1 out_port=3
[FLOW_MOD] t=15687.834542356 dpid=s4 action=delete-strict src=00:00:00:00:00:02 dst=00:00:00:00:00:01 in_port=2 out_port=1
[FLOW_MOD] t=15687.834823215 dpid=s4 action=add src=00:00:00:00:00:02 dst=00:00:00:00:00:01 in_port=2 out_port=1
[FLOW_MOD] t=15687.835190479 dpid=s16 action=delete-strict src=00:00:00:00:00:02 dst=00:00:00:00:00:01 in_port=3 out_port=1
[FLOW_MOD] t=15687.835441316 dpid=s16 action=add src=00:00:00:00:00:02 dst=00:00:00:00:00:01 in_port=3 out_port=1
[FLOW_MOD] t=15687.835788443 dpid=s16 action=delete-strict src=00:00:00:00:00:01 dst=00:00:00:00:00:02 in_port=1 out_port=3
[FLOW_MOD] t=15687.836074105 dpid=s16 action=add src=00:00:00:00:00:01 dst=00:00:00:00:00:02 in_port=1 out_port=3
[FLOW_MOD] t=15687.838181470 dpid=s4 action=delete-strict src=00:00:00:00:00:01 dst=00:00:00:00:00:02 in_port=1 out_port=2
[FLOW_MOD] t=15687.838573646 dpid=s4 action=add src=00:00:00:00:00:01 dst=00:00:00:00:00:02 in_port=1 out_port=2
[FLOW_MOD] t=15687.838922880 dpid=s17 action=delete-strict src=00:00:00:00:00:01 dst=00:00:00:00:00:02 in_port=3 out_port=1
[FLOW_MOD] t=15687.839158102 dpid=s17 action=add src=00:00:00:00:00:01 dst=00:00:00:00:00:02 in_port=3 out_port=1
[SPF-DONE] BFS s17->s18 reachable=11/11
[PATH-COMPUTED] s17->s18: 6 hop(s) path=s17 -> s4 -> s1 -> s3 -> s2 -> s6 -> s18
[FLOW-INSTALL] 00:00:00:00:00:02 → 00:00:00:00:00:03: s17 -> s4 -> s1 -> s3 -> s2 -> s6 -> s18
[FLOW_MOD] t=15687.840163122 dpid=s17 action=delete-strict src=00:00:00:00:00:02 dst=00:00:00:00:00:03 in_port=1 out_port=3
[FLOW_MOD] t=15687.840450463 dpid=s17 action=add src=00:00:00:00:00:02 dst=00:00:00:00:00:03 in_port=1 out_port=3
[FLOW_MOD] t=15687.840784707 dpid=s4 action=delete-strict src=00:00:00:00:00:02 dst=00:00:00:00:00:03 in_port=2 out_port=4
[FLOW_MOD] t=15687.841051041 dpid=s4 action=add src=00:00:00:00:00:02 dst=00:00:00:00:00:03 in_port=2 out_port=4
[FLOW_MOD] t=15687.841389051 dpid=s1 action=delete-strict src=00:00:00:00:00:02 dst=00:00:00:00:00:03 in_port=1 out_port=4
[FLOW_MOD] t=15687.841666000 dpid=s1 action=add src=00:00:00:00:00:02 dst=00:00:00:00:00:03 in_port=1 out_port=4
[FLOW_MOD] t=15687.841971172 dpid=s3 action=delete-strict src=00:00:00:00:00:02 dst=00:00:00:00:00:03 in_port=4 out_port=3
[FLOW_MOD] t=15687.842224718 dpid=s3 action=add src=00:00:00:00:00:02 dst=00:00:00:00:00:03 in_port=4 out_port=3
[FLOW_MOD] t=15687.842545544 dpid=s2 action=delete-strict src=00:00:00:00:00:02 dst=00:00:00:00:00:03 in_port=4 out_port=1
[FLOW_MOD] t=15687.842817982 dpid=s2 action=add src=00:00:00:00:00:02 dst=00:00:00:00:00:03 in_port=4 out_port=1
[FLOW_MOD] t=15687.843186747 dpid=s6 action=delete-strict src=00:00:00:00:00:02 dst=00:00:00:00:00:03 in_port=4 out_port=1
[FLOW_MOD] t=15687.843431050 dpid=s6 action=add src=00:00:00:00:00:02 dst=00:00:00:00:00:03 in_port=4 out_port=1
[FLOW_MOD] t=15687.843709089 dpid=s18 action=delete-strict src=00:00:00:00:00:02 dst=00:00:00:00:00:03 in_port=3 out_port=1
[FLOW_MOD] t=15687.843997274 dpid=s18 action=add src=00:00:00:00:00:02 dst=00:00:00:00:00:03 in_port=3 out_port=1
[FLOW_MOD] t=15687.845272012 dpid=s18 action=delete-strict src=00:00:00:00:00:03 dst=00:00:00:00:00:02 in_port=1 out_port=3
[FLOW_MOD] t=15687.845929678 dpid=s18 action=add src=00:00:00:00:00:03 dst=00:00:00:00:00:02 in_port=1 out_port=3
[FLOW_MOD] t=15687.846636654 dpid=s6 action=delete-strict src=00:00:00:00:00:03 dst=00:00:00:00:00:02 in_port=1 out_port=4
[FLOW_MOD] t=15687.847369171 dpid=s6 action=add src=00:00:00:00:00:03 dst=00:00:00:00:00:02 in_port=1 out_port=4
[FLOW_MOD] t=15687.848145227 dpid=s2 action=delete-strict src=00:00:00:00:00:03 dst=00:00:00:00:00:02 in_port=1 out_port=4
[FLOW_MOD] t=15687.848754370 dpid=s2 action=add src=00:00:00:00:00:03 dst=00:00:00:00:00:02 in_port=1 out_port=4
[FLOW_MOD] t=15687.849454857 dpid=s3 action=delete-strict src=00:00:00:00:00:03 dst=00:00:00:00:00:02 in_port=3 out_port=4
[FLOW_MOD] t=15687.850314156 dpid=s3 action=add src=00:00:00:00:00:03 dst=00:00:00:00:00:02 in_port=3 out_port=4
[FLOW_MOD] t=15687.850934129 dpid=s1 action=delete-strict src=00:00:00:00:00:03 dst=00:00:00:00:00:02 in_port=4 out_port=1
[FLOW_MOD] t=15687.851306303 dpid=s1 action=add src=00:00:00:00:00:03 dst=00:00:00:00:00:02 in_port=4 out_port=1
[FLOW_MOD] t=15687.851711890 dpid=s4 action=delete-strict src=00:00:00:00:00:03 dst=00:00:00:00:00:02 in_port=4 out_port=2
[FLOW_MOD] t=15687.852004434 dpid=s4 action=add src=00:00:00:00:00:03 dst=00:00:00:00:00:02 in_port=4 out_port=2
[FLOW_MOD] t=15687.852408159 dpid=s17 action=delete-strict src=00:00:00:00:00:03 dst=00:00:00:00:00:02 in_port=3 out_port=1
[FLOW_MOD] t=15687.852675070 dpid=s17 action=add src=00:00:00:00:00:03 dst=00:00:00:00:00:02 in_port=3 out_port=1
[SPF-DONE] BFS s17->s19 reachable=11/11
[PATH-COMPUTED] s17->s19: 6 hop(s) path=s17 -> s4 -> s1 -> s3 -> s2 -> s6 -> s19
[FLOW-INSTALL] 00:00:00:00:00:02 → 00:00:00:00:00:04: s17 -> s4 -> s1 -> s3 -> s2 -> s6 -> s19
[FLOW_MOD] t=15687.853694729 dpid=s17 action=delete-strict src=00:00:00:00:00:02 dst=00:00:00:00:00:04 in_port=1 out_port=3
[FLOW_MOD] t=15687.853925216 dpid=s17 action=add src=00:00:00:00:00:02 dst=00:00:00:00:00:04 in_port=1 out_port=3
[FLOW_MOD] t=15687.854218970 dpid=s4 action=delete-strict src=00:00:00:00:00:02 dst=00:00:00:00:00:04 in_port=2 out_port=4
[FLOW_MOD] t=15687.854442331 dpid=s4 action=add src=00:00:00:00:00:02 dst=00:00:00:00:00:04 in_port=2 out_port=4
[FLOW_MOD] t=15687.854717430 dpid=s1 action=delete-strict src=00:00:00:00:00:02 dst=00:00:00:00:00:04 in_port=1 out_port=4
[FLOW_MOD] t=15687.854925247 dpid=s1 action=add src=00:00:00:00:00:02 dst=00:00:00:00:00:04 in_port=1 out_port=4
[FLOW_MOD] t=15687.855184201 dpid=s3 action=delete-strict src=00:00:00:00:00:02 dst=00:00:00:00:00:04 in_port=4 out_port=3
[FLOW_MOD] t=15687.855378170 dpid=s3 action=add src=00:00:00:00:00:02 dst=00:00:00:00:00:04 in_port=4 out_port=3
[FLOW_MOD] t=15687.855734015 dpid=s2 action=delete-strict src=00:00:00:00:00:02 dst=00:00:00:00:00:04 in_port=4 out_port=1
[FLOW_MOD] t=15687.855978603 dpid=s2 action=add src=00:00:00:00:00:02 dst=00:00:00:00:00:04 in_port=4 out_port=1
[FLOW_MOD] t=15687.856354496 dpid=s6 action=delete-strict src=00:00:00:00:00:02 dst=00:00:00:00:00:04 in_port=4 out_port=2
[FLOW_MOD] t=15687.856605085 dpid=s6 action=add src=00:00:00:00:00:02 dst=00:00:00:00:00:04 in_port=4 out_port=2
[FLOW_MOD] t=15687.856965811 dpid=s19 action=delete-strict src=00:00:00:00:00:02 dst=00:00:00:00:00:04 in_port=3 out_port=1
[FLOW_MOD] t=15687.857234760 dpid=s19 action=add src=00:00:00:00:00:02 dst=00:00:00:00:00:04 in_port=3 out_port=1
[FLOW_MOD] t=15687.857573326 dpid=s19 action=delete-strict src=00:00:00:00:00:04 dst=00:00:00:00:00:02 in_port=1 out_port=3
[FLOW_MOD] t=15687.857832215 dpid=s19 action=add src=00:00:00:00:00:04 dst=00:00:00:00:00:02 in_port=1 out_port=3
[FLOW_MOD] t=15687.858170035 dpid=s6 action=delete-strict src=00:00:00:00:00:04 dst=00:00:00:00:00:02 in_port=2 out_port=4
[FLOW_MOD] t=15687.858441180 dpid=s6 action=add src=00:00:00:00:00:04 dst=00:00:00:00:00:02 in_port=2 out_port=4
[FLOW_MOD] t=15687.858844940 dpid=s2 action=delete-strict src=00:00:00:00:00:04 dst=00:00:00:00:00:02 in_port=1 out_port=4
[FLOW_MOD] t=15687.859112406 dpid=s2 action=add src=00:00:00:00:00:04 dst=00:00:00:00:00:02 in_port=1 out_port=4
[FLOW_MOD] t=15687.859516775 dpid=s3 action=delete-strict src=00:00:00:00:00:04 dst=00:00:00:00:00:02 in_port=3 out_port=4
[FLOW_MOD] t=15687.859819227 dpid=s3 action=add src=00:00:00:00:00:04 dst=00:00:00:00:00:02 in_port=3 out_port=4
[FLOW_MOD] t=15687.860200210 dpid=s1 action=delete-strict src=00:00:00:00:00:04 dst=00:00:00:00:00:02 in_port=4 out_port=1
[FLOW_MOD] t=15687.860479986 dpid=s1 action=add src=00:00:00:00:00:04 dst=00:00:00:00:00:02 in_port=4 out_port=1
[FLOW_MOD] t=15687.860823886 dpid=s4 action=delete-strict src=00:00:00:00:00:04 dst=00:00:00:00:00:02 in_port=4 out_port=2
[FLOW_MOD] t=15687.861093426 dpid=s4 action=add src=00:00:00:00:00:04 dst=00:00:00:00:00:02 in_port=4 out_port=2
[FLOW_MOD] t=15687.861419983 dpid=s17 action=delete-strict src=00:00:00:00:00:04 dst=00:00:00:00:00:02 in_port=3 out_port=1
[FLOW_MOD] t=15687.861705913 dpid=s17 action=add src=00:00:00:00:00:04 dst=00:00:00:00:00:02 in_port=3 out_port=1
[SPF-DONE] BFS s18->s16 reachable=11/11
[PATH-COMPUTED] s18->s16: 6 hop(s) path=s18 -> s6 -> s2 -> s3 -> s1 -> s4 -> s16
[FLOW-INSTALL] 00:00:00:00:00:03 → 00:00:00:00:00:01: s18 -> s6 -> s2 -> s3 -> s1 -> s4 -> s16
[FLOW_MOD] t=15687.862666294 dpid=s18 action=delete-strict src=00:00:00:00:00:03 dst=00:00:00:00:00:01 in_port=1 out_port=3
[FLOW_MOD] t=15687.862909356 dpid=s18 action=add src=00:00:00:00:00:03 dst=00:00:00:00:00:01 in_port=1 out_port=3
[FLOW_MOD] t=15687.863252815 dpid=s6 action=delete-strict src=00:00:00:00:00:03 dst=00:00:00:00:00:01 in_port=1 out_port=4
[FLOW_MOD] t=15687.863524188 dpid=s6 action=add src=00:00:00:00:00:03 dst=00:00:00:00:00:01 in_port=1 out_port=4
[FLOW_MOD] t=15687.863870025 dpid=s2 action=delete-strict src=00:00:00:00:00:03 dst=00:00:00:00:00:01 in_port=1 out_port=4
[FLOW_MOD] t=15687.864138262 dpid=s2 action=add src=00:00:00:00:00:03 dst=00:00:00:00:00:01 in_port=1 out_port=4
[FLOW_MOD] t=15687.864476411 dpid=s3 action=delete-strict src=00:00:00:00:00:03 dst=00:00:00:00:00:01 in_port=3 out_port=4
[FLOW_MOD] t=15687.864716684 dpid=s3 action=add src=00:00:00:00:00:03 dst=00:00:00:00:00:01 in_port=3 out_port=4
[FLOW_MOD] t=15687.865033263 dpid=s1 action=delete-strict src=00:00:00:00:00:03 dst=00:00:00:00:00:01 in_port=4 out_port=1
[FLOW_MOD] t=15687.865283085 dpid=s1 action=add src=00:00:00:00:00:03 dst=00:00:00:00:00:01 in_port=4 out_port=1
[FLOW_MOD] t=15687.865570758 dpid=s4 action=delete-strict src=00:00:00:00:00:03 dst=00:00:00:00:00:01 in_port=4 out_port=1
[FLOW_MOD] t=15687.865808184 dpid=s4 action=add src=00:00:00:00:00:03 dst=00:00:00:00:00:01 in_port=4 out_port=1
[FLOW_MOD] t=15687.866121898 dpid=s16 action=delete-strict src=00:00:00:00:00:03 dst=00:00:00:00:00:01 in_port=3 out_port=1
[FLOW_MOD] t=15687.866418176 dpid=s16 action=add src=00:00:00:00:00:03 dst=00:00:00:00:00:01 in_port=3 out_port=1
[FLOW_MOD] t=15687.866781902 dpid=s16 action=delete-strict src=00:00:00:00:00:01 dst=00:00:00:00:00:03 in_port=1 out_port=3
[FLOW_MOD] t=15687.867036642 dpid=s16 action=add src=00:00:00:00:00:01 dst=00:00:00:00:00:03 in_port=1 out_port=3
[FLOW_MOD] t=15687.867410833 dpid=s4 action=delete-strict src=00:00:00:00:00:01 dst=00:00:00:00:00:03 in_port=1 out_port=4
[FLOW_MOD] t=15687.867762873 dpid=s4 action=add src=00:00:00:00:00:01 dst=00:00:00:00:00:03 in_port=1 out_port=4
[FLOW_MOD] t=15687.868215962 dpid=s1 action=delete-strict src=00:00:00:00:00:01 dst=00:00:00:00:00:03 in_port=1 out_port=4
[FLOW_MOD] t=15687.868503905 dpid=s1 action=add src=00:00:00:00:00:01 dst=00:00:00:00:00:03 in_port=1 out_port=4
[FLOW_MOD] t=15687.868881015 dpid=s3 action=delete-strict src=00:00:00:00:00:01 dst=00:00:00:00:00:03 in_port=4 out_port=3
[FLOW_MOD] t=15687.869143315 dpid=s3 action=add src=00:00:00:00:00:01 dst=00:00:00:00:00:03 in_port=4 out_port=3
[FLOW_MOD] t=15687.869468324 dpid=s2 action=delete-strict src=00:00:00:00:00:01 dst=00:00:00:00:00:03 in_port=4 out_port=1
[FLOW_MOD] t=15687.869718437 dpid=s2 action=add src=00:00:00:00:00:01 dst=00:00:00:00:00:03 in_port=4 out_port=1
[FLOW_MOD] t=15687.870011779 dpid=s6 action=delete-strict src=00:00:00:00:00:01 dst=00:00:00:00:00:03 in_port=4 out_port=1
[FLOW_MOD] t=15687.870252252 dpid=s6 action=add src=00:00:00:00:00:01 dst=00:00:00:00:00:03 in_port=4 out_port=1
[FLOW_MOD] t=15687.870579482 dpid=s18 action=delete-strict src=00:00:00:00:00:01 dst=00:00:00:00:00:03 in_port=3 out_port=1
[FLOW_MOD] t=15687.870809766 dpid=s18 action=add src=00:00:00:00:00:01 dst=00:00:00:00:00:03 in_port=3 out_port=1
[SPF-DONE] BFS s18->s17 reachable=11/11
[PATH-COMPUTED] s18->s17: 6 hop(s) path=s18 -> s6 -> s2 -> s3 -> s1 -> s4 -> s17
[FLOW-INSTALL] 00:00:00:00:00:03 → 00:00:00:00:00:02: s18 -> s6 -> s2 -> s3 -> s1 -> s4 -> s17
[FLOW_MOD] t=15687.871720188 dpid=s18 action=delete-strict src=00:00:00:00:00:03 dst=00:00:00:00:00:02 in_port=1 out_port=3
[FLOW_MOD] t=15687.871965687 dpid=s18 action=add src=00:00:00:00:00:03 dst=00:00:00:00:00:02 in_port=1 out_port=3
[FLOW_MOD] t=15687.872291992 dpid=s6 action=delete-strict src=00:00:00:00:00:03 dst=00:00:00:00:00:02 in_port=1 out_port=4
[FLOW_MOD] t=15687.872524063 dpid=s6 action=add src=00:00:00:00:00:03 dst=00:00:00:00:00:02 in_port=1 out_port=4
[FLOW_MOD] t=15687.872884589 dpid=s2 action=delete-strict src=00:00:00:00:00:03 dst=00:00:00:00:00:02 in_port=1 out_port=4
[FLOW_MOD] t=15687.873186420 dpid=s2 action=add src=00:00:00:00:00:03 dst=00:00:00:00:00:02 in_port=1 out_port=4
[FLOW_MOD] t=15687.873554905 dpid=s3 action=delete-strict src=00:00:00:00:00:03 dst=00:00:00:00:00:02 in_port=3 out_port=4
[FLOW_MOD] t=15687.873823177 dpid=s3 action=add src=00:00:00:00:00:03 dst=00:00:00:00:00:02 in_port=3 out_port=4
[FLOW_MOD] t=15687.874165656 dpid=s1 action=delete-strict src=00:00:00:00:00:03 dst=00:00:00:00:00:02 in_port=4 out_port=1
[FLOW_MOD] t=15687.874403228 dpid=s1 action=add src=00:00:00:00:00:03 dst=00:00:00:00:00:02 in_port=4 out_port=1
[FLOW_MOD] t=15687.874731711 dpid=s4 action=delete-strict src=00:00:00:00:00:03 dst=00:00:00:00:00:02 in_port=4 out_port=2
[FLOW_MOD] t=15687.874971007 dpid=s4 action=add src=00:00:00:00:00:03 dst=00:00:00:00:00:02 in_port=4 out_port=2
[FLOW_MOD] t=15687.875314722 dpid=s17 action=delete-strict src=00:00:00:00:00:03 dst=00:00:00:00:00:02 in_port=3 out_port=1
[FLOW_MOD] t=15687.875561918 dpid=s17 action=add src=00:00:00:00:00:03 dst=00:00:00:00:00:02 in_port=3 out_port=1
[FLOW_MOD] t=15687.875866789 dpid=s17 action=delete-strict src=00:00:00:00:00:02 dst=00:00:00:00:00:03 in_port=1 out_port=3
[FLOW_MOD] t=15687.876113545 dpid=s17 action=add src=00:00:00:00:00:02 dst=00:00:00:00:00:03 in_port=1 out_port=3
[FLOW_MOD] t=15687.876401780 dpid=s4 action=delete-strict src=00:00:00:00:00:02 dst=00:00:00:00:00:03 in_port=2 out_port=4
[FLOW_MOD] t=15687.878423213 dpid=s4 action=add src=00:00:00:00:00:02 dst=00:00:00:00:00:03 in_port=2 out_port=4
[FLOW_MOD] t=15687.879014171 dpid=s1 action=delete-strict src=00:00:00:00:00:02 dst=00:00:00:00:00:03 in_port=1 out_port=4
[FLOW_MOD] t=15687.879338276 dpid=s1 action=add src=00:00:00:00:00:02 dst=00:00:00:00:00:03 in_port=1 out_port=4
[FLOW_MOD] t=15687.879724571 dpid=s3 action=delete-strict src=00:00:00:00:00:02 dst=00:00:00:00:00:03 in_port=4 out_port=3
[FLOW_MOD] t=15687.879993168 dpid=s3 action=add src=00:00:00:00:00:02 dst=00:00:00:00:00:03 in_port=4 out_port=3
[FLOW_MOD] t=15687.880355257 dpid=s2 action=delete-strict src=00:00:00:00:00:02 dst=00:00:00:00:00:03 in_port=4 out_port=1
[FLOW_MOD] t=15687.880603912 dpid=s2 action=add src=00:00:00:00:00:02 dst=00:00:00:00:00:03 in_port=4 out_port=1
[FLOW_MOD] t=15687.880914579 dpid=s6 action=delete-strict src=00:00:00:00:00:02 dst=00:00:00:00:00:03 in_port=4 out_port=1
[FLOW_MOD] t=15687.881145681 dpid=s6 action=add src=00:00:00:00:00:02 dst=00:00:00:00:00:03 in_port=4 out_port=1
[FLOW_MOD] t=15687.881485068 dpid=s18 action=delete-strict src=00:00:00:00:00:02 dst=00:00:00:00:00:03 in_port=3 out_port=1
[FLOW_MOD] t=15687.881720229 dpid=s18 action=add src=00:00:00:00:00:02 dst=00:00:00:00:00:03 in_port=3 out_port=1
[SPF-DONE] BFS s18->s19 reachable=11/11
[PATH-COMPUTED] s18->s19: 2 hop(s) path=s18 -> s6 -> s19
[FLOW-INSTALL] 00:00:00:00:00:03 → 00:00:00:00:00:04: s18 -> s6 -> s19
[FLOW_MOD] t=15687.882723754 dpid=s18 action=delete-strict src=00:00:00:00:00:03 dst=00:00:00:00:00:04 in_port=1 out_port=3
[FLOW_MOD] t=15687.883065318 dpid=s18 action=add src=00:00:00:00:00:03 dst=00:00:00:00:00:04 in_port=1 out_port=3
[FLOW_MOD] t=15687.883438571 dpid=s6 action=delete-strict src=00:00:00:00:00:03 dst=00:00:00:00:00:04 in_port=1 out_port=2
[FLOW_MOD] t=15687.883726424 dpid=s6 action=add src=00:00:00:00:00:03 dst=00:00:00:00:00:04 in_port=1 out_port=2
[FLOW_MOD] t=15687.884149201 dpid=s19 action=delete-strict src=00:00:00:00:00:03 dst=00:00:00:00:00:04 in_port=3 out_port=1
[FLOW_MOD] t=15687.884429381 dpid=s19 action=add src=00:00:00:00:00:03 dst=00:00:00:00:00:04 in_port=3 out_port=1
[FLOW_MOD] t=15687.884749405 dpid=s19 action=delete-strict src=00:00:00:00:00:04 dst=00:00:00:00:00:03 in_port=1 out_port=3
[FLOW_MOD] t=15687.884997692 dpid=s19 action=add src=00:00:00:00:00:04 dst=00:00:00:00:00:03 in_port=1 out_port=3
[FLOW_MOD] t=15687.885323945 dpid=s6 action=delete-strict src=00:00:00:00:00:04 dst=00:00:00:00:00:03 in_port=2 out_port=1
[FLOW_MOD] t=15687.885578455 dpid=s6 action=add src=00:00:00:00:00:04 dst=00:00:00:00:00:03 in_port=2 out_port=1
[FLOW_MOD] t=15687.885855531 dpid=s18 action=delete-strict src=00:00:00:00:00:04 dst=00:00:00:00:00:03 in_port=3 out_port=1
[FLOW_MOD] t=15687.886073172 dpid=s18 action=add src=00:00:00:00:00:04 dst=00:00:00:00:00:03 in_port=3 out_port=1
[SPF-DONE] BFS s19->s16 reachable=11/11
[PATH-COMPUTED] s19->s16: 6 hop(s) path=s19 -> s6 -> s2 -> s3 -> s1 -> s4 -> s16
[FLOW-INSTALL] 00:00:00:00:00:04 → 00:00:00:00:00:01: s19 -> s6 -> s2 -> s3 -> s1 -> s4 -> s16
[FLOW_MOD] t=15687.886932081 dpid=s19 action=delete-strict src=00:00:00:00:00:04 dst=00:00:00:00:00:01 in_port=1 out_port=3
[FLOW_MOD] t=15687.887146581 dpid=s19 action=add src=00:00:00:00:00:04 dst=00:00:00:00:00:01 in_port=1 out_port=3
[FLOW_MOD] t=15687.887526978 dpid=s6 action=delete-strict src=00:00:00:00:00:04 dst=00:00:00:00:00:01 in_port=2 out_port=4
[FLOW_MOD] t=15687.887801321 dpid=s6 action=add src=00:00:00:00:00:04 dst=00:00:00:00:00:01 in_port=2 out_port=4
[FLOW_MOD] t=15687.888171592 dpid=s2 action=delete-strict src=00:00:00:00:00:04 dst=00:00:00:00:00:01 in_port=1 out_port=4
[FLOW_MOD] t=15687.888441106 dpid=s2 action=add src=00:00:00:00:00:04 dst=00:00:00:00:00:01 in_port=1 out_port=4
[FLOW_MOD] t=15687.888788254 dpid=s3 action=delete-strict src=00:00:00:00:00:04 dst=00:00:00:00:00:01 in_port=3 out_port=4
[FLOW_MOD] t=15687.889045229 dpid=s3 action=add src=00:00:00:00:00:04 dst=00:00:00:00:00:01 in_port=3 out_port=4
[FLOW_MOD] t=15687.889361248 dpid=s1 action=delete-strict src=00:00:00:00:00:04 dst=00:00:00:00:00:01 in_port=4 out_port=1
[FLOW_MOD] t=15687.889665314 dpid=s1 action=add src=00:00:00:00:00:04 dst=00:00:00:00:00:01 in_port=4 out_port=1
[FLOW_MOD] t=15687.889961706 dpid=s4 action=delete-strict src=00:00:00:00:00:04 dst=00:00:00:00:00:01 in_port=4 out_port=1
[FLOW_MOD] t=15687.890235642 dpid=s4 action=add src=00:00:00:00:00:04 dst=00:00:00:00:00:01 in_port=4 out_port=1
[FLOW_MOD] t=15687.890542054 dpid=s16 action=delete-strict src=00:00:00:00:00:04 dst=00:00:00:00:00:01 in_port=3 out_port=1
[FLOW_MOD] t=15687.890766780 dpid=s16 action=add src=00:00:00:00:00:04 dst=00:00:00:00:00:01 in_port=3 out_port=1
[FLOW_MOD] t=15687.891041097 dpid=s16 action=delete-strict src=00:00:00:00:00:01 dst=00:00:00:00:00:04 in_port=1 out_port=3
[FLOW_MOD] t=15687.891299029 dpid=s16 action=add src=00:00:00:00:00:01 dst=00:00:00:00:00:04 in_port=1 out_port=3
[FLOW_MOD] t=15687.891615158 dpid=s4 action=delete-strict src=00:00:00:00:00:01 dst=00:00:00:00:00:04 in_port=1 out_port=4
[FLOW_MOD] t=15687.891837164 dpid=s4 action=add src=00:00:00:00:00:01 dst=00:00:00:00:00:04 in_port=1 out_port=4
[FLOW_MOD] t=15687.892147545 dpid=s1 action=delete-strict src=00:00:00:00:00:01 dst=00:00:00:00:00:04 in_port=1 out_port=4
[FLOW_MOD] t=15687.892406714 dpid=s1 action=add src=00:00:00:00:00:01 dst=00:00:00:00:00:04 in_port=1 out_port=4
[FLOW_MOD] t=15687.892714169 dpid=s3 action=delete-strict src=00:00:00:00:00:01 dst=00:00:00:00:00:04 in_port=4 out_port=3
[FLOW_MOD] t=15687.893016761 dpid=s3 action=add src=00:00:00:00:00:01 dst=00:00:00:00:00:04 in_port=4 out_port=3
[FLOW_MOD] t=15687.893370819 dpid=s2 action=delete-strict src=00:00:00:00:00:01 dst=00:00:00:00:00:04 in_port=4 out_port=1
[FLOW_MOD] t=15687.893648632 dpid=s2 action=add src=00:00:00:00:00:01 dst=00:00:00:00:00:04 in_port=4 out_port=1
[FLOW_MOD] t=15687.893986659 dpid=s6 action=delete-strict src=00:00:00:00:00:01 dst=00:00:00:00:00:04 in_port=4 out_port=2
[FLOW_MOD] t=15687.894246410 dpid=s6 action=add src=00:00:00:00:00:01 dst=00:00:00:00:00:04 in_port=4 out_port=2
[FLOW_MOD] t=15687.894648586 dpid=s19 action=delete-strict src=00:00:00:00:00:01 dst=00:00:00:00:00:04 in_port=3 out_port=1
[FLOW_MOD] t=15687.894875249 dpid=s19 action=add src=00:00:00:00:00:01 dst=00:00:00:00:00:04 in_port=3 out_port=1
[SPF-DONE] BFS s19->s17 reachable=11/11
[PATH-COMPUTED] s19->s17: 6 hop(s) path=s19 -> s6 -> s2 -> s3 -> s1 -> s4 -> s17
[FLOW-INSTALL] 00:00:00:00:00:04 → 00:00:00:00:00:02: s19 -> s6 -> s2 -> s3 -> s1 -> s4 -> s17
[FLOW_MOD] t=15687.895873345 dpid=s19 action=delete-strict src=00:00:00:00:00:04 dst=00:00:00:00:00:02 in_port=1 out_port=3
[FLOW_MOD] t=15687.896122675 dpid=s19 action=add src=00:00:00:00:00:04 dst=00:00:00:00:00:02 in_port=1 out_port=3
[FLOW_MOD] t=15687.896410097 dpid=s6 action=delete-strict src=00:00:00:00:00:04 dst=00:00:00:00:00:02 in_port=2 out_port=4
[FLOW_MOD] t=15687.896685578 dpid=s6 action=add src=00:00:00:00:00:04 dst=00:00:00:00:00:02 in_port=2 out_port=4
[FLOW_MOD] t=15687.897015746 dpid=s2 action=delete-strict src=00:00:00:00:00:04 dst=00:00:00:00:00:02 in_port=1 out_port=4
[FLOW_MOD] t=15687.897251780 dpid=s2 action=add src=00:00:00:00:00:04 dst=00:00:00:00:00:02 in_port=1 out_port=4
[FLOW_MOD] t=15687.897528525 dpid=s3 action=delete-strict src=00:00:00:00:00:04 dst=00:00:00:00:00:02 in_port=3 out_port=4
[FLOW_MOD] t=15687.897771611 dpid=s3 action=add src=00:00:00:00:00:04 dst=00:00:00:00:00:02 in_port=3 out_port=4
[FLOW_MOD] t=15687.898153534 dpid=s1 action=delete-strict src=00:00:00:00:00:04 dst=00:00:00:00:00:02 in_port=4 out_port=1
[FLOW_MOD] t=15687.898470036 dpid=s1 action=add src=00:00:00:00:00:04 dst=00:00:00:00:00:02 in_port=4 out_port=1
[FLOW_MOD] t=15687.898805221 dpid=s4 action=delete-strict src=00:00:00:00:00:04 dst=00:00:00:00:00:02 in_port=4 out_port=2
[FLOW_MOD] t=15687.899030378 dpid=s4 action=add src=00:00:00:00:00:04 dst=00:00:00:00:00:02 in_port=4 out_port=2
[FLOW_MOD] t=15687.899353288 dpid=s17 action=delete-strict src=00:00:00:00:00:04 dst=00:00:00:00:00:02 in_port=3 out_port=1
[FLOW_MOD] t=15687.899671029 dpid=s17 action=add src=00:00:00:00:00:04 dst=00:00:00:00:00:02 in_port=3 out_port=1
[FLOW_MOD] t=15687.899963569 dpid=s17 action=delete-strict src=00:00:00:00:00:02 dst=00:00:00:00:00:04 in_port=1 out_port=3
[FLOW_MOD] t=15687.900254103 dpid=s17 action=add src=00:00:00:00:00:02 dst=00:00:00:00:00:04 in_port=1 out_port=3
[FLOW_MOD] t=15687.900568206 dpid=s4 action=delete-strict src=00:00:00:00:00:02 dst=00:00:00:00:00:04 in_port=2 out_port=4
[FLOW_MOD] t=15687.900909305 dpid=s4 action=add src=00:00:00:00:00:02 dst=00:00:00:00:00:04 in_port=2 out_port=4
[FLOW_MOD] t=15687.901275200 dpid=s1 action=delete-strict src=00:00:00:00:00:02 dst=00:00:00:00:00:04 in_port=1 out_port=4
[FLOW_MOD] t=15687.901520071 dpid=s1 action=add src=00:00:00:00:00:02 dst=00:00:00:00:00:04 in_port=1 out_port=4
[FLOW_MOD] t=15687.901825916 dpid=s3 action=delete-strict src=00:00:00:00:00:02 dst=00:00:00:00:00:04 in_port=4 out_port=3
[FLOW_MOD] t=15687.902105509 dpid=s3 action=add src=00:00:00:00:00:02 dst=00:00:00:00:00:04 in_port=4 out_port=3
[FLOW_MOD] t=15687.902436865 dpid=s2 action=delete-strict src=00:00:00:00:00:02 dst=00:00:00:00:00:04 in_port=4 out_port=1
[FLOW_MOD] t=15687.902756966 dpid=s2 action=add src=00:00:00:00:00:02 dst=00:00:00:00:00:04 in_port=4 out_port=1
[FLOW_MOD] t=15687.903189147 dpid=s6 action=delete-strict src=00:00:00:00:00:02 dst=00:00:00:00:00:04 in_port=4 out_port=2
[FLOW_MOD] t=15687.903549218 dpid=s6 action=add src=00:00:00:00:00:02 dst=00:00:00:00:00:04 in_port=4 out_port=2
[FLOW_MOD] t=15687.904067978 dpid=s19 action=delete-strict src=00:00:00:00:00:02 dst=00:00:00:00:00:04 in_port=3 out_port=1
[FLOW_MOD] t=15687.904481339 dpid=s19 action=add src=00:00:00:00:00:02 dst=00:00:00:00:00:04 in_port=3 out_port=1
[SPF-DONE] BFS s19->s18 reachable=11/11
[PATH-COMPUTED] s19->s18: 2 hop(s) path=s19 -> s6 -> s18
[FLOW-INSTALL] 00:00:00:00:00:04 → 00:00:00:00:00:03: s19 -> s6 -> s18
[FLOW_MOD] t=15687.906130069 dpid=s19 action=delete-strict src=00:00:00:00:00:04 dst=00:00:00:00:00:03 in_port=1 out_port=3
[FLOW_MOD] t=15687.906428475 dpid=s19 action=add src=00:00:00:00:00:04 dst=00:00:00:00:00:03 in_port=1 out_port=3
[FLOW_MOD] t=15687.906780928 dpid=s6 action=delete-strict src=00:00:00:00:00:04 dst=00:00:00:00:00:03 in_port=2 out_port=1
[FLOW_MOD] t=15687.907098387 dpid=s6 action=add src=00:00:00:00:00:04 dst=00:00:00:00:00:03 in_port=2 out_port=1
[FLOW_MOD] t=15687.907474860 dpid=s18 action=delete-strict src=00:00:00:00:00:04 dst=00:00:00:00:00:03 in_port=3 out_port=1
[FLOW_MOD] t=15687.907800567 dpid=s18 action=add src=00:00:00:00:00:04 dst=00:00:00:00:00:03 in_port=3 out_port=1
[FLOW_MOD] t=15687.908178396 dpid=s18 action=delete-strict src=00:00:00:00:00:03 dst=00:00:00:00:00:04 in_port=1 out_port=3
[FLOW_MOD] t=15687.908440912 dpid=s18 action=add src=00:00:00:00:00:03 dst=00:00:00:00:00:04 in_port=1 out_port=3
[FLOW_MOD] t=15687.908770725 dpid=s6 action=delete-strict src=00:00:00:00:00:03 dst=00:00:00:00:00:04 in_port=1 out_port=2
[FLOW_MOD] t=15687.910501468 dpid=s6 action=add src=00:00:00:00:00:03 dst=00:00:00:00:00:04 in_port=1 out_port=2
[FLOW_MOD] t=15687.911173457 dpid=s19 action=delete-strict src=00:00:00:00:00:03 dst=00:00:00:00:00:04 in_port=3 out_port=1
[FLOW_MOD] t=15687.911533775 dpid=s19 action=add src=00:00:00:00:00:03 dst=00:00:00:00:00:04 in_port=3 out_port=1
[TOPO] route refresh: installed=12 skipped=0 unreachable=0 hosts=4
[PORT_STATUS] t=15687.912118790 s1 port=3 reason=modify
[CONVERGENCE-START] id=1 t1=15687.912323065
[PORT_STATUS] t=15687.913695621 s2 port=3 reason=modify
[PORT_STATUS] t=15687.914104305 s2 port=3 reason=modify
[CONVERGENCE-START-SKIP] id=1 duplicate port-status s2 port=3 reason=modify
[PORT_STATUS] t=15688.297259407 s1 port=3 reason=modify
[PORT_STATUS] t=15688.298391496 s2 port=3 reason=modify
[TOPO-CHANGE] (LLDP topology event) switches=11 links=34  delta +2 -0
[TOPO-UP]   [(1, 2), (2, 1)]
[TOPO-REFRESH] flushing 12 flows, rebuilding routes
[TREE-DONE] root=s1 tree_edges=11 reachable=11/11
[SPF-DONE] BFS s16->s17 reachable=11/11
[PATH-COMPUTED] s16->s17: 2 hop(s) path=s16 -> s4 -> s17
[FLOW-INSTALL] 00:00:00:00:00:01 → 00:00:00:00:00:02: s16 -> s4 -> s17
[FLOW_MOD] t=15688.951142320 dpid=s16 action=delete-strict src=00:00:00:00:00:01 dst=00:00:00:00:00:02 in_port=1 out_port=3
[FLOW_MOD] t=15688.951482708 dpid=s16 action=add src=00:00:00:00:00:01 dst=00:00:00:00:00:02 in_port=1 out_port=3
[CONVERGENCE-FLOWMOD] id=1 t2=15688.951846004
[FLOW_MOD] t=15688.952295538 dpid=s4 action=delete-strict src=00:00:00:00:00:01 dst=00:00:00:00:00:02 in_port=1 out_port=2
[FLOW_MOD] t=15688.952652482 dpid=s4 action=add src=00:00:00:00:00:01 dst=00:00:00:00:00:02 in_port=1 out_port=2
[FLOW_MOD] t=15688.953110249 dpid=s17 action=delete-strict src=00:00:00:00:00:01 dst=00:00:00:00:00:02 in_port=3 out_port=1
[FLOW_MOD] t=15688.953469811 dpid=s17 action=add src=00:00:00:00:00:01 dst=00:00:00:00:00:02 in_port=3 out_port=1
[FLOW_MOD] t=15688.953935788 dpid=s17 action=delete-strict src=00:00:00:00:00:02 dst=00:00:00:00:00:01 in_port=1 out_port=3
[FLOW_MOD] t=15688.954257647 dpid=s17 action=add src=00:00:00:00:00:02 dst=00:00:00:00:00:01 in_port=1 out_port=3
[FLOW_MOD] t=15688.954649004 dpid=s4 action=delete-strict src=00:00:00:00:00:02 dst=00:00:00:00:00:01 in_port=2 out_port=1
[FLOW_MOD] t=15688.955068343 dpid=s4 action=add src=00:00:00:00:00:02 dst=00:00:00:00:00:01 in_port=2 out_port=1
[FLOW_MOD] t=15688.955699529 dpid=s16 action=delete-strict src=00:00:00:00:00:02 dst=00:00:00:00:00:01 in_port=3 out_port=1
[FLOW_MOD] t=15688.956170807 dpid=s16 action=add src=00:00:00:00:00:02 dst=00:00:00:00:00:01 in_port=3 out_port=1
[SPF-DONE] BFS s16->s18 reachable=11/11
[PATH-COMPUTED] s16->s18: 5 hop(s) path=s16 -> s4 -> s1 -> s2 -> s6 -> s18
[FLOW-INSTALL] 00:00:00:00:00:01 → 00:00:00:00:00:03: s16 -> s4 -> s1 -> s2 -> s6 -> s18
[FLOW_MOD] t=15688.957763902 dpid=s16 action=delete-strict src=00:00:00:00:00:01 dst=00:00:00:00:00:03 in_port=1 out_port=3
[FLOW_MOD] t=15688.958182316 dpid=s16 action=add src=00:00:00:00:00:01 dst=00:00:00:00:00:03 in_port=1 out_port=3
[FLOW_MOD] t=15688.958730188 dpid=s4 action=delete-strict src=00:00:00:00:00:01 dst=00:00:00:00:00:03 in_port=1 out_port=4
[FLOW_MOD] t=15688.959144978 dpid=s4 action=add src=00:00:00:00:00:01 dst=00:00:00:00:00:03 in_port=1 out_port=4
[FLOW_MOD] t=15688.959680368 dpid=s1 action=delete-strict src=00:00:00:00:00:01 dst=00:00:00:00:00:03 in_port=1 out_port=3
[FLOW_MOD] t=15688.960161522 dpid=s1 action=add src=00:00:00:00:00:01 dst=00:00:00:00:00:03 in_port=1 out_port=3
[FLOW_MOD] t=15688.960707089 dpid=s2 action=delete-strict src=00:00:00:00:00:01 dst=00:00:00:00:00:03 in_port=3 out_port=1
[FLOW_MOD] t=15688.961284792 dpid=s2 action=add src=00:00:00:00:00:01 dst=00:00:00:00:00:03 in_port=3 out_port=1
[FLOW_MOD] t=15688.961855357 dpid=s6 action=delete-strict src=00:00:00:00:00:01 dst=00:00:00:00:00:03 in_port=4 out_port=1
[FLOW_MOD] t=15688.962256122 dpid=s6 action=add src=00:00:00:00:00:01 dst=00:00:00:00:00:03 in_port=4 out_port=1
[FLOW_MOD] t=15688.962777279 dpid=s18 action=delete-strict src=00:00:00:00:00:01 dst=00:00:00:00:00:03 in_port=3 out_port=1
[FLOW_MOD] t=15688.963142022 dpid=s18 action=add src=00:00:00:00:00:01 dst=00:00:00:00:00:03 in_port=3 out_port=1
[FLOW_MOD] t=15688.963552761 dpid=s18 action=delete-strict src=00:00:00:00:00:03 dst=00:00:00:00:00:01 in_port=1 out_port=3
[FLOW_MOD] t=15688.963892256 dpid=s18 action=add src=00:00:00:00:00:03 dst=00:00:00:00:00:01 in_port=1 out_port=3
[FLOW_MOD] t=15688.964290568 dpid=s6 action=delete-strict src=00:00:00:00:00:03 dst=00:00:00:00:00:01 in_port=1 out_port=4
[FLOW_MOD] t=15688.964587550 dpid=s6 action=add src=00:00:00:00:00:03 dst=00:00:00:00:00:01 in_port=1 out_port=4
[FLOW_MOD] t=15688.965028604 dpid=s2 action=delete-strict src=00:00:00:00:00:03 dst=00:00:00:00:00:01 in_port=1 out_port=3
[FLOW_MOD] t=15688.965519715 dpid=s2 action=add src=00:00:00:00:00:03 dst=00:00:00:00:00:01 in_port=1 out_port=3
[FLOW_MOD] t=15688.965858359 dpid=s1 action=delete-strict src=00:00:00:00:00:03 dst=00:00:00:00:00:01 in_port=3 out_port=1
[FLOW_MOD] t=15688.966134143 dpid=s1 action=add src=00:00:00:00:00:03 dst=00:00:00:00:00:01 in_port=3 out_port=1
[FLOW_MOD] t=15688.966462472 dpid=s4 action=delete-strict src=00:00:00:00:00:03 dst=00:00:00:00:00:01 in_port=4 out_port=1
[FLOW_MOD] t=15688.966969873 dpid=s4 action=add src=00:00:00:00:00:03 dst=00:00:00:00:00:01 in_port=4 out_port=1
[FLOW_MOD] t=15688.967295876 dpid=s16 action=delete-strict src=00:00:00:00:00:03 dst=00:00:00:00:00:01 in_port=3 out_port=1
[FLOW_MOD] t=15688.967535809 dpid=s16 action=add src=00:00:00:00:00:03 dst=00:00:00:00:00:01 in_port=3 out_port=1
[SPF-DONE] BFS s16->s19 reachable=11/11
[PATH-COMPUTED] s16->s19: 5 hop(s) path=s16 -> s4 -> s1 -> s2 -> s6 -> s19
[FLOW-INSTALL] 00:00:00:00:00:01 → 00:00:00:00:00:04: s16 -> s4 -> s1 -> s2 -> s6 -> s19
[FLOW_MOD] t=15688.968590062 dpid=s16 action=delete-strict src=00:00:00:00:00:01 dst=00:00:00:00:00:04 in_port=1 out_port=3
[FLOW_MOD] t=15688.968880379 dpid=s16 action=add src=00:00:00:00:00:01 dst=00:00:00:00:00:04 in_port=1 out_port=3
[FLOW_MOD] t=15688.969274975 dpid=s4 action=delete-strict src=00:00:00:00:00:01 dst=00:00:00:00:00:04 in_port=1 out_port=4
[FLOW_MOD] t=15688.969547429 dpid=s4 action=add src=00:00:00:00:00:01 dst=00:00:00:00:00:04 in_port=1 out_port=4
[FLOW_MOD] t=15688.969863352 dpid=s1 action=delete-strict src=00:00:00:00:00:01 dst=00:00:00:00:00:04 in_port=1 out_port=3
[FLOW_MOD] t=15688.970173501 dpid=s1 action=add src=00:00:00:00:00:01 dst=00:00:00:00:00:04 in_port=1 out_port=3
[FLOW_MOD] t=15688.970504219 dpid=s2 action=delete-strict src=00:00:00:00:00:01 dst=00:00:00:00:00:04 in_port=3 out_port=1
[FLOW_MOD] t=15688.970787639 dpid=s2 action=add src=00:00:00:00:00:01 dst=00:00:00:00:00:04 in_port=3 out_port=1
[FLOW_MOD] t=15688.971163363 dpid=s6 action=delete-strict src=00:00:00:00:00:01 dst=00:00:00:00:00:04 in_port=4 out_port=2
[FLOW_MOD] t=15688.971421631 dpid=s6 action=add src=00:00:00:00:00:01 dst=00:00:00:00:00:04 in_port=4 out_port=2
[FLOW_MOD] t=15688.971737211 dpid=s19 action=delete-strict src=00:00:00:00:00:01 dst=00:00:00:00:00:04 in_port=3 out_port=1
[FLOW_MOD] t=15688.971968456 dpid=s19 action=add src=00:00:00:00:00:01 dst=00:00:00:00:00:04 in_port=3 out_port=1
[FLOW_MOD] t=15688.972338347 dpid=s19 action=delete-strict src=00:00:00:00:00:04 dst=00:00:00:00:00:01 in_port=1 out_port=3
[FLOW_MOD] t=15688.972610480 dpid=s19 action=add src=00:00:00:00:00:04 dst=00:00:00:00:00:01 in_port=1 out_port=3
[FLOW_MOD] t=15688.973000829 dpid=s6 action=delete-strict src=00:00:00:00:00:04 dst=00:00:00:00:00:01 in_port=2 out_port=4
[FLOW_MOD] t=15688.973296074 dpid=s6 action=add src=00:00:00:00:00:04 dst=00:00:00:00:00:01 in_port=2 out_port=4
[FLOW_MOD] t=15688.973606809 dpid=s2 action=delete-strict src=00:00:00:00:00:04 dst=00:00:00:00:00:01 in_port=1 out_port=3
[FLOW_MOD] t=15688.973815886 dpid=s2 action=add src=00:00:00:00:00:04 dst=00:00:00:00:00:01 in_port=1 out_port=3
[FLOW_MOD] t=15688.974090915 dpid=s1 action=delete-strict src=00:00:00:00:00:04 dst=00:00:00:00:00:01 in_port=3 out_port=1
[FLOW_MOD] t=15688.974302210 dpid=s1 action=add src=00:00:00:00:00:04 dst=00:00:00:00:00:01 in_port=3 out_port=1
[FLOW_MOD] t=15688.974606326 dpid=s4 action=delete-strict src=00:00:00:00:00:04 dst=00:00:00:00:00:01 in_port=4 out_port=1
[FLOW_MOD] t=15688.974835545 dpid=s4 action=add src=00:00:00:00:00:04 dst=00:00:00:00:00:01 in_port=4 out_port=1
[FLOW_MOD] t=15688.975140945 dpid=s16 action=delete-strict src=00:00:00:00:00:04 dst=00:00:00:00:00:01 in_port=3 out_port=1
[FLOW_MOD] t=15688.975403290 dpid=s16 action=add src=00:00:00:00:00:04 dst=00:00:00:00:00:01 in_port=3 out_port=1
[SPF-DONE] BFS s17->s16 reachable=11/11
[PATH-COMPUTED] s17->s16: 2 hop(s) path=s17 -> s4 -> s16
[FLOW-INSTALL] 00:00:00:00:00:02 → 00:00:00:00:00:01: s17 -> s4 -> s16
[FLOW_MOD] t=15688.976609511 dpid=s17 action=delete-strict src=00:00:00:00:00:02 dst=00:00:00:00:00:01 in_port=1 out_port=3
[FLOW_MOD] t=15688.976868231 dpid=s17 action=add src=00:00:00:00:00:02 dst=00:00:00:00:00:01 in_port=1 out_port=3
[FLOW_MOD] t=15688.977176262 dpid=s4 action=delete-strict src=00:00:00:00:00:02 dst=00:00:00:00:00:01 in_port=2 out_port=1
[FLOW_MOD] t=15688.977424086 dpid=s4 action=add src=00:00:00:00:00:02 dst=00:00:00:00:00:01 in_port=2 out_port=1
[FLOW_MOD] t=15688.977760466 dpid=s16 action=delete-strict src=00:00:00:00:00:02 dst=00:00:00:00:00:01 in_port=3 out_port=1
[FLOW_MOD] t=15688.978036276 dpid=s16 action=add src=00:00:00:00:00:02 dst=00:00:00:00:00:01 in_port=3 out_port=1
[FLOW_MOD] t=15688.978379406 dpid=s16 action=delete-strict src=00:00:00:00:00:01 dst=00:00:00:00:00:02 in_port=1 out_port=3
[FLOW_MOD] t=15688.978640374 dpid=s16 action=add src=00:00:00:00:00:01 dst=00:00:00:00:00:02 in_port=1 out_port=3
[FLOW_MOD] t=15688.980121899 dpid=s4 action=delete-strict src=00:00:00:00:00:01 dst=00:00:00:00:00:02 in_port=1 out_port=2
[FLOW_MOD] t=15688.980457697 dpid=s4 action=add src=00:00:00:00:00:01 dst=00:00:00:00:00:02 in_port=1 out_port=2
[FLOW_MOD] t=15688.980798153 dpid=s17 action=delete-strict src=00:00:00:00:00:01 dst=00:00:00:00:00:02 in_port=3 out_port=1
[FLOW_MOD] t=15688.981120006 dpid=s17 action=add src=00:00:00:00:00:01 dst=00:00:00:00:00:02 in_port=3 out_port=1
[SPF-DONE] BFS s17->s18 reachable=11/11
[PATH-COMPUTED] s17->s18: 5 hop(s) path=s17 -> s4 -> s1 -> s2 -> s6 -> s18
[FLOW-INSTALL] 00:00:00:00:00:02 → 00:00:00:00:00:03: s17 -> s4 -> s1 -> s2 -> s6 -> s18
[FLOW_MOD] t=15688.982209228 dpid=s17 action=delete-strict src=00:00:00:00:00:02 dst=00:00:00:00:00:03 in_port=1 out_port=3
[FLOW_MOD] t=15688.982485647 dpid=s17 action=add src=00:00:00:00:00:02 dst=00:00:00:00:00:03 in_port=1 out_port=3
[FLOW_MOD] t=15688.982808319 dpid=s4 action=delete-strict src=00:00:00:00:00:02 dst=00:00:00:00:00:03 in_port=2 out_port=4
[FLOW_MOD] t=15688.983065448 dpid=s4 action=add src=00:00:00:00:00:02 dst=00:00:00:00:00:03 in_port=2 out_port=4
[FLOW_MOD] t=15688.983438152 dpid=s1 action=delete-strict src=00:00:00:00:00:02 dst=00:00:00:00:00:03 in_port=1 out_port=3
[FLOW_MOD] t=15688.983662126 dpid=s1 action=add src=00:00:00:00:00:02 dst=00:00:00:00:00:03 in_port=1 out_port=3
[FLOW_MOD] t=15688.983977205 dpid=s2 action=delete-strict src=00:00:00:00:00:02 dst=00:00:00:00:00:03 in_port=3 out_port=1
[FLOW_MOD] t=15688.984333231 dpid=s2 action=add src=00:00:00:00:00:02 dst=00:00:00:00:00:03 in_port=3 out_port=1
[FLOW_MOD] t=15688.984680912 dpid=s6 action=delete-strict src=00:00:00:00:00:02 dst=00:00:00:00:00:03 in_port=4 out_port=1
[FLOW_MOD] t=15688.984976341 dpid=s6 action=add src=00:00:00:00:00:02 dst=00:00:00:00:00:03 in_port=4 out_port=1
[FLOW_MOD] t=15688.985352055 dpid=s18 action=delete-strict src=00:00:00:00:00:02 dst=00:00:00:00:00:03 in_port=3 out_port=1
[FLOW_MOD] t=15688.985741906 dpid=s18 action=add src=00:00:00:00:00:02 dst=00:00:00:00:00:03 in_port=3 out_port=1
[FLOW_MOD] t=15688.986066600 dpid=s18 action=delete-strict src=00:00:00:00:00:03 dst=00:00:00:00:00:02 in_port=1 out_port=3
[FLOW_MOD] t=15688.986278935 dpid=s18 action=add src=00:00:00:00:00:03 dst=00:00:00:00:00:02 in_port=1 out_port=3
[FLOW_MOD] t=15688.986597678 dpid=s6 action=delete-strict src=00:00:00:00:00:03 dst=00:00:00:00:00:02 in_port=1 out_port=4
[FLOW_MOD] t=15688.986821277 dpid=s6 action=add src=00:00:00:00:00:03 dst=00:00:00:00:00:02 in_port=1 out_port=4
[FLOW_MOD] t=15688.987087036 dpid=s2 action=delete-strict src=00:00:00:00:00:03 dst=00:00:00:00:00:02 in_port=1 out_port=3
[FLOW_MOD] t=15688.987299500 dpid=s2 action=add src=00:00:00:00:00:03 dst=00:00:00:00:00:02 in_port=1 out_port=3
[FLOW_MOD] t=15688.987588935 dpid=s1 action=delete-strict src=00:00:00:00:00:03 dst=00:00:00:00:00:02 in_port=3 out_port=1
[FLOW_MOD] t=15688.987847543 dpid=s1 action=add src=00:00:00:00:00:03 dst=00:00:00:00:00:02 in_port=3 out_port=1
[FLOW_MOD] t=15688.988194190 dpid=s4 action=delete-strict src=00:00:00:00:00:03 dst=00:00:00:00:00:02 in_port=4 out_port=2
[FLOW_MOD] t=15688.988505506 dpid=s4 action=add src=00:00:00:00:00:03 dst=00:00:00:00:00:02 in_port=4 out_port=2
[FLOW_MOD] t=15688.988820834 dpid=s17 action=delete-strict src=00:00:00:00:00:03 dst=00:00:00:00:00:02 in_port=3 out_port=1
[FLOW_MOD] t=15688.989080644 dpid=s17 action=add src=00:00:00:00:00:03 dst=00:00:00:00:00:02 in_port=3 out_port=1
[SPF-DONE] BFS s17->s19 reachable=11/11
[PATH-COMPUTED] s17->s19: 5 hop(s) path=s17 -> s4 -> s1 -> s2 -> s6 -> s19
[FLOW-INSTALL] 00:00:00:00:00:02 → 00:00:00:00:00:04: s17 -> s4 -> s1 -> s2 -> s6 -> s19
[FLOW_MOD] t=15688.990140689 dpid=s17 action=delete-strict src=00:00:00:00:00:02 dst=00:00:00:00:00:04 in_port=1 out_port=3
[FLOW_MOD] t=15688.990442551 dpid=s17 action=add src=00:00:00:00:00:02 dst=00:00:00:00:00:04 in_port=1 out_port=3
[FLOW_MOD] t=15688.990794398 dpid=s4 action=delete-strict src=00:00:00:00:00:02 dst=00:00:00:00:00:04 in_port=2 out_port=4
[FLOW_MOD] t=15688.991069189 dpid=s4 action=add src=00:00:00:00:00:02 dst=00:00:00:00:00:04 in_port=2 out_port=4
[FLOW_MOD] t=15688.991386565 dpid=s1 action=delete-strict src=00:00:00:00:00:02 dst=00:00:00:00:00:04 in_port=1 out_port=3
[FLOW_MOD] t=15688.991654928 dpid=s1 action=add src=00:00:00:00:00:02 dst=00:00:00:00:00:04 in_port=1 out_port=3
[FLOW_MOD] t=15688.992086476 dpid=s2 action=delete-strict src=00:00:00:00:00:02 dst=00:00:00:00:00:04 in_port=3 out_port=1
[FLOW_MOD] t=15688.992341402 dpid=s2 action=add src=00:00:00:00:00:02 dst=00:00:00:00:00:04 in_port=3 out_port=1
[FLOW_MOD] t=15688.992636022 dpid=s6 action=delete-strict src=00:00:00:00:00:02 dst=00:00:00:00:00:04 in_port=4 out_port=2
[FLOW_MOD] t=15688.992851373 dpid=s6 action=add src=00:00:00:00:00:02 dst=00:00:00:00:00:04 in_port=4 out_port=2
[FLOW_MOD] t=15688.993179141 dpid=s19 action=delete-strict src=00:00:00:00:00:02 dst=00:00:00:00:00:04 in_port=3 out_port=1
[FLOW_MOD] t=15688.993557818 dpid=s19 action=add src=00:00:00:00:00:02 dst=00:00:00:00:00:04 in_port=3 out_port=1
[FLOW_MOD] t=15688.993867927 dpid=s19 action=delete-strict src=00:00:00:00:00:04 dst=00:00:00:00:00:02 in_port=1 out_port=3
[FLOW_MOD] t=15688.994113823 dpid=s19 action=add src=00:00:00:00:00:04 dst=00:00:00:00:00:02 in_port=1 out_port=3
[FLOW_MOD] t=15688.994515251 dpid=s6 action=delete-strict src=00:00:00:00:00:04 dst=00:00:00:00:00:02 in_port=2 out_port=4
[FLOW_MOD] t=15688.994753083 dpid=s6 action=add src=00:00:00:00:00:04 dst=00:00:00:00:00:02 in_port=2 out_port=4
[FLOW_MOD] t=15688.995154509 dpid=s2 action=delete-strict src=00:00:00:00:00:04 dst=00:00:00:00:00:02 in_port=1 out_port=3
[FLOW_MOD] t=15688.995470413 dpid=s2 action=add src=00:00:00:00:00:04 dst=00:00:00:00:00:02 in_port=1 out_port=3
[FLOW_MOD] t=15688.995834284 dpid=s1 action=delete-strict src=00:00:00:00:00:04 dst=00:00:00:00:00:02 in_port=3 out_port=1
[FLOW_MOD] t=15688.996143291 dpid=s1 action=add src=00:00:00:00:00:04 dst=00:00:00:00:00:02 in_port=3 out_port=1
[FLOW_MOD] t=15688.996471305 dpid=s4 action=delete-strict src=00:00:00:00:00:04 dst=00:00:00:00:00:02 in_port=4 out_port=2
[FLOW_MOD] t=15688.996719982 dpid=s4 action=add src=00:00:00:00:00:04 dst=00:00:00:00:00:02 in_port=4 out_port=2
[FLOW_MOD] t=15688.996995331 dpid=s17 action=delete-strict src=00:00:00:00:00:04 dst=00:00:00:00:00:02 in_port=3 out_port=1
[FLOW_MOD] t=15688.997232679 dpid=s17 action=add src=00:00:00:00:00:04 dst=00:00:00:00:00:02 in_port=3 out_port=1
[SPF-DONE] BFS s18->s16 reachable=11/11
[PATH-COMPUTED] s18->s16: 5 hop(s) path=s18 -> s6 -> s2 -> s1 -> s4 -> s16
[FLOW-INSTALL] 00:00:00:00:00:03 → 00:00:00:00:00:01: s18 -> s6 -> s2 -> s1 -> s4 -> s16
[FLOW_MOD] t=15688.998157103 dpid=s18 action=delete-strict src=00:00:00:00:00:03 dst=00:00:00:00:00:01 in_port=1 out_port=3
[FLOW_MOD] t=15688.998522884 dpid=s18 action=add src=00:00:00:00:00:03 dst=00:00:00:00:00:01 in_port=1 out_port=3
[FLOW_MOD] t=15688.998904234 dpid=s6 action=delete-strict src=00:00:00:00:00:03 dst=00:00:00:00:00:01 in_port=1 out_port=4
[FLOW_MOD] t=15688.999261071 dpid=s6 action=add src=00:00:00:00:00:03 dst=00:00:00:00:00:01 in_port=1 out_port=4
[FLOW_MOD] t=15688.999639658 dpid=s2 action=delete-strict src=00:00:00:00:00:03 dst=00:00:00:00:00:01 in_port=1 out_port=3
[FLOW_MOD] t=15688.999925339 dpid=s2 action=add src=00:00:00:00:00:03 dst=00:00:00:00:00:01 in_port=1 out_port=3
[FLOW_MOD] t=15689.000298842 dpid=s1 action=delete-strict src=00:00:00:00:00:03 dst=00:00:00:00:00:01 in_port=3 out_port=1
[FLOW_MOD] t=15689.000616100 dpid=s1 action=add src=00:00:00:00:00:03 dst=00:00:00:00:00:01 in_port=3 out_port=1
[FLOW_MOD] t=15689.001000203 dpid=s4 action=delete-strict src=00:00:00:00:00:03 dst=00:00:00:00:00:01 in_port=4 out_port=1
[FLOW_MOD] t=15689.001278413 dpid=s4 action=add src=00:00:00:00:00:03 dst=00:00:00:00:00:01 in_port=4 out_port=1
[FLOW_MOD] t=15689.001636379 dpid=s16 action=delete-strict src=00:00:00:00:00:03 dst=00:00:00:00:00:01 in_port=3 out_port=1
[FLOW_MOD] t=15689.001900043 dpid=s16 action=add src=00:00:00:00:00:03 dst=00:00:00:00:00:01 in_port=3 out_port=1
[FLOW_MOD] t=15689.002279851 dpid=s16 action=delete-strict src=00:00:00:00:00:01 dst=00:00:00:00:00:03 in_port=1 out_port=3
[FLOW_MOD] t=15689.002579257 dpid=s16 action=add src=00:00:00:00:00:01 dst=00:00:00:00:00:03 in_port=1 out_port=3
[FLOW_MOD] t=15689.002956038 dpid=s4 action=delete-strict src=00:00:00:00:00:01 dst=00:00:00:00:00:03 in_port=1 out_port=4
[FLOW_MOD] t=15689.003244395 dpid=s4 action=add src=00:00:00:00:00:01 dst=00:00:00:00:00:03 in_port=1 out_port=4
[FLOW_MOD] t=15689.003610063 dpid=s1 action=delete-strict src=00:00:00:00:00:01 dst=00:00:00:00:00:03 in_port=1 out_port=3
[FLOW_MOD] t=15689.004068789 dpid=s1 action=add src=00:00:00:00:00:01 dst=00:00:00:00:00:03 in_port=1 out_port=3
[FLOW_MOD] t=15689.004501711 dpid=s2 action=delete-strict src=00:00:00:00:00:01 dst=00:00:00:00:00:03 in_port=3 out_port=1
[FLOW_MOD] t=15689.004842724 dpid=s2 action=add src=00:00:00:00:00:01 dst=00:00:00:00:00:03 in_port=3 out_port=1
[FLOW_MOD] t=15689.005263610 dpid=s6 action=delete-strict src=00:00:00:00:00:01 dst=00:00:00:00:00:03 in_port=4 out_port=1
[FLOW_MOD] t=15689.005625245 dpid=s6 action=add src=00:00:00:00:00:01 dst=00:00:00:00:00:03 in_port=4 out_port=1
[FLOW_MOD] t=15689.005996765 dpid=s18 action=delete-strict src=00:00:00:00:00:01 dst=00:00:00:00:00:03 in_port=3 out_port=1
[FLOW_MOD] t=15689.006291230 dpid=s18 action=add src=00:00:00:00:00:01 dst=00:00:00:00:00:03 in_port=3 out_port=1
[SPF-DONE] BFS s18->s17 reachable=11/11
[PATH-COMPUTED] s18->s17: 5 hop(s) path=s18 -> s6 -> s2 -> s1 -> s4 -> s17
[FLOW-INSTALL] 00:00:00:00:00:03 → 00:00:00:00:00:02: s18 -> s6 -> s2 -> s1 -> s4 -> s17
[FLOW_MOD] t=15689.007576797 dpid=s18 action=delete-strict src=00:00:00:00:00:03 dst=00:00:00:00:00:02 in_port=1 out_port=3
[FLOW_MOD] t=15689.007962266 dpid=s18 action=add src=00:00:00:00:00:03 dst=00:00:00:00:00:02 in_port=1 out_port=3
[FLOW_MOD] t=15689.008755826 dpid=s6 action=delete-strict src=00:00:00:00:00:03 dst=00:00:00:00:00:02 in_port=1 out_port=4
[FLOW_MOD] t=15689.009225440 dpid=s6 action=add src=00:00:00:00:00:03 dst=00:00:00:00:00:02 in_port=1 out_port=4
[FLOW_MOD] t=15689.009829781 dpid=s2 action=delete-strict src=00:00:00:00:00:03 dst=00:00:00:00:00:02 in_port=1 out_port=3
[FLOW_MOD] t=15689.010242100 dpid=s2 action=add src=00:00:00:00:00:03 dst=00:00:00:00:00:02 in_port=1 out_port=3
[FLOW_MOD] t=15689.010672602 dpid=s1 action=delete-strict src=00:00:00:00:00:03 dst=00:00:00:00:00:02 in_port=3 out_port=1
[FLOW_MOD] t=15689.010999938 dpid=s1 action=add src=00:00:00:00:00:03 dst=00:00:00:00:00:02 in_port=3 out_port=1
[FLOW_MOD] t=15689.011430808 dpid=s4 action=delete-strict src=00:00:00:00:00:03 dst=00:00:00:00:00:02 in_port=4 out_port=2
[FLOW_MOD] t=15689.011759567 dpid=s4 action=add src=00:00:00:00:00:03 dst=00:00:00:00:00:02 in_port=4 out_port=2
[FLOW_MOD] t=15689.012219352 dpid=s17 action=delete-strict src=00:00:00:00:00:03 dst=00:00:00:00:00:02 in_port=3 out_port=1
[FLOW_MOD] t=15689.012538542 dpid=s17 action=add src=00:00:00:00:00:03 dst=00:00:00:00:00:02 in_port=3 out_port=1
[FLOW_MOD] t=15689.012920399 dpid=s17 action=delete-strict src=00:00:00:00:00:02 dst=00:00:00:00:00:03 in_port=1 out_port=3
[FLOW_MOD] t=15689.013180646 dpid=s17 action=add src=00:00:00:00:00:02 dst=00:00:00:00:00:03 in_port=1 out_port=3
[FLOW_MOD] t=15689.013565536 dpid=s4 action=delete-strict src=00:00:00:00:00:02 dst=00:00:00:00:00:03 in_port=2 out_port=4
[FLOW_MOD] t=15689.015857844 dpid=s4 action=add src=00:00:00:00:00:02 dst=00:00:00:00:00:03 in_port=2 out_port=4
[FLOW_MOD] t=15689.016351343 dpid=s1 action=delete-strict src=00:00:00:00:00:02 dst=00:00:00:00:00:03 in_port=1 out_port=3
[FLOW_MOD] t=15689.016644890 dpid=s1 action=add src=00:00:00:00:00:02 dst=00:00:00:00:00:03 in_port=1 out_port=3
[FLOW_MOD] t=15689.016963543 dpid=s2 action=delete-strict src=00:00:00:00:00:02 dst=00:00:00:00:00:03 in_port=3 out_port=1
[FLOW_MOD] t=15689.017194787 dpid=s2 action=add src=00:00:00:00:00:02 dst=00:00:00:00:00:03 in_port=3 out_port=1
[FLOW_MOD] t=15689.017516475 dpid=s6 action=delete-strict src=00:00:00:00:00:02 dst=00:00:00:00:00:03 in_port=4 out_port=1
[FLOW_MOD] t=15689.017778265 dpid=s6 action=add src=00:00:00:00:00:02 dst=00:00:00:00:00:03 in_port=4 out_port=1
[FLOW_MOD] t=15689.018174032 dpid=s18 action=delete-strict src=00:00:00:00:00:02 dst=00:00:00:00:00:03 in_port=3 out_port=1
[FLOW_MOD] t=15689.018474295 dpid=s18 action=add src=00:00:00:00:00:02 dst=00:00:00:00:00:03 in_port=3 out_port=1
[SPF-DONE] BFS s18->s19 reachable=11/11
[PATH-COMPUTED] s18->s19: 2 hop(s) path=s18 -> s6 -> s19
[FLOW-INSTALL] 00:00:00:00:00:03 → 00:00:00:00:00:04: s18 -> s6 -> s19
[FLOW_MOD] t=15689.019727898 dpid=s18 action=delete-strict src=00:00:00:00:00:03 dst=00:00:00:00:00:04 in_port=1 out_port=3
[FLOW_MOD] t=15689.020076333 dpid=s18 action=add src=00:00:00:00:00:03 dst=00:00:00:00:00:04 in_port=1 out_port=3
[FLOW_MOD] t=15689.020473600 dpid=s6 action=delete-strict src=00:00:00:00:00:03 dst=00:00:00:00:00:04 in_port=1 out_port=2
[FLOW_MOD] t=15689.020763250 dpid=s6 action=add src=00:00:00:00:00:03 dst=00:00:00:00:00:04 in_port=1 out_port=2
[FLOW_MOD] t=15689.021375936 dpid=s19 action=delete-strict src=00:00:00:00:00:03 dst=00:00:00:00:00:04 in_port=3 out_port=1
[FLOW_MOD] t=15689.021794111 dpid=s19 action=add src=00:00:00:00:00:03 dst=00:00:00:00:00:04 in_port=3 out_port=1
[FLOW_MOD] t=15689.022237228 dpid=s19 action=delete-strict src=00:00:00:00:00:04 dst=00:00:00:00:00:03 in_port=1 out_port=3
[FLOW_MOD] t=15689.022549327 dpid=s19 action=add src=00:00:00:00:00:04 dst=00:00:00:00:00:03 in_port=1 out_port=3
[FLOW_MOD] t=15689.022888021 dpid=s6 action=delete-strict src=00:00:00:00:00:04 dst=00:00:00:00:00:03 in_port=2 out_port=1
[FLOW_MOD] t=15689.023151755 dpid=s6 action=add src=00:00:00:00:00:04 dst=00:00:00:00:00:03 in_port=2 out_port=1
[FLOW_MOD] t=15689.023477502 dpid=s18 action=delete-strict src=00:00:00:00:00:04 dst=00:00:00:00:00:03 in_port=3 out_port=1
[FLOW_MOD] t=15689.023732338 dpid=s18 action=add src=00:00:00:00:00:04 dst=00:00:00:00:00:03 in_port=3 out_port=1
[SPF-DONE] BFS s19->s16 reachable=11/11
[PATH-COMPUTED] s19->s16: 5 hop(s) path=s19 -> s6 -> s2 -> s1 -> s4 -> s16
[FLOW-INSTALL] 00:00:00:00:00:04 → 00:00:00:00:00:01: s19 -> s6 -> s2 -> s1 -> s4 -> s16
[FLOW_MOD] t=15689.024698335 dpid=s19 action=delete-strict src=00:00:00:00:00:04 dst=00:00:00:00:00:01 in_port=1 out_port=3
[FLOW_MOD] t=15689.024958989 dpid=s19 action=add src=00:00:00:00:00:04 dst=00:00:00:00:00:01 in_port=1 out_port=3
[FLOW_MOD] t=15689.025314823 dpid=s6 action=delete-strict src=00:00:00:00:00:04 dst=00:00:00:00:00:01 in_port=2 out_port=4
[FLOW_MOD] t=15689.025587007 dpid=s6 action=add src=00:00:00:00:00:04 dst=00:00:00:00:00:01 in_port=2 out_port=4
[FLOW_MOD] t=15689.025966786 dpid=s2 action=delete-strict src=00:00:00:00:00:04 dst=00:00:00:00:00:01 in_port=1 out_port=3
[FLOW_MOD] t=15689.026245227 dpid=s2 action=add src=00:00:00:00:00:04 dst=00:00:00:00:00:01 in_port=1 out_port=3
[FLOW_MOD] t=15689.026558888 dpid=s1 action=delete-strict src=00:00:00:00:00:04 dst=00:00:00:00:00:01 in_port=3 out_port=1
[FLOW_MOD] t=15689.026812225 dpid=s1 action=add src=00:00:00:00:00:04 dst=00:00:00:00:00:01 in_port=3 out_port=1
[FLOW_MOD] t=15689.027145479 dpid=s4 action=delete-strict src=00:00:00:00:00:04 dst=00:00:00:00:00:01 in_port=4 out_port=1
[FLOW_MOD] t=15689.027396486 dpid=s4 action=add src=00:00:00:00:00:04 dst=00:00:00:00:00:01 in_port=4 out_port=1
[FLOW_MOD] t=15689.027702400 dpid=s16 action=delete-strict src=00:00:00:00:00:04 dst=00:00:00:00:00:01 in_port=3 out_port=1
[FLOW_MOD] t=15689.027965468 dpid=s16 action=add src=00:00:00:00:00:04 dst=00:00:00:00:00:01 in_port=3 out_port=1
[FLOW_MOD] t=15689.028379965 dpid=s16 action=delete-strict src=00:00:00:00:00:01 dst=00:00:00:00:00:04 in_port=1 out_port=3
[FLOW_MOD] t=15689.028683978 dpid=s16 action=add src=00:00:00:00:00:01 dst=00:00:00:00:00:04 in_port=1 out_port=3
[FLOW_MOD] t=15689.029035507 dpid=s4 action=delete-strict src=00:00:00:00:00:01 dst=00:00:00:00:00:04 in_port=1 out_port=4
[FLOW_MOD] t=15689.029303774 dpid=s4 action=add src=00:00:00:00:00:01 dst=00:00:00:00:00:04 in_port=1 out_port=4
[FLOW_MOD] t=15689.029649342 dpid=s1 action=delete-strict src=00:00:00:00:00:01 dst=00:00:00:00:00:04 in_port=1 out_port=3
[FLOW_MOD] t=15689.029914364 dpid=s1 action=add src=00:00:00:00:00:01 dst=00:00:00:00:00:04 in_port=1 out_port=3
[FLOW_MOD] t=15689.030242159 dpid=s2 action=delete-strict src=00:00:00:00:00:01 dst=00:00:00:00:00:04 in_port=3 out_port=1
[FLOW_MOD] t=15689.030494611 dpid=s2 action=add src=00:00:00:00:00:01 dst=00:00:00:00:00:04 in_port=3 out_port=1
[FLOW_MOD] t=15689.030804562 dpid=s6 action=delete-strict src=00:00:00:00:00:01 dst=00:00:00:00:00:04 in_port=4 out_port=2
[FLOW_MOD] t=15689.031064148 dpid=s6 action=add src=00:00:00:00:00:01 dst=00:00:00:00:00:04 in_port=4 out_port=2
[FLOW_MOD] t=15689.031370243 dpid=s19 action=delete-strict src=00:00:00:00:00:01 dst=00:00:00:00:00:04 in_port=3 out_port=1
[FLOW_MOD] t=15689.031644147 dpid=s19 action=add src=00:00:00:00:00:01 dst=00:00:00:00:00:04 in_port=3 out_port=1
[SPF-DONE] BFS s19->s17 reachable=11/11
[PATH-COMPUTED] s19->s17: 5 hop(s) path=s19 -> s6 -> s2 -> s1 -> s4 -> s17
[FLOW-INSTALL] 00:00:00:00:00:04 → 00:00:00:00:00:02: s19 -> s6 -> s2 -> s1 -> s4 -> s17
[FLOW_MOD] t=15689.032707365 dpid=s19 action=delete-strict src=00:00:00:00:00:04 dst=00:00:00:00:00:02 in_port=1 out_port=3
[FLOW_MOD] t=15689.032936776 dpid=s19 action=add src=00:00:00:00:00:04 dst=00:00:00:00:00:02 in_port=1 out_port=3
[FLOW_MOD] t=15689.033244885 dpid=s6 action=delete-strict src=00:00:00:00:00:04 dst=00:00:00:00:00:02 in_port=2 out_port=4
[FLOW_MOD] t=15689.033486596 dpid=s6 action=add src=00:00:00:00:00:04 dst=00:00:00:00:00:02 in_port=2 out_port=4
[FLOW_MOD] t=15689.033858949 dpid=s2 action=delete-strict src=00:00:00:00:00:04 dst=00:00:00:00:00:02 in_port=1 out_port=3
[FLOW_MOD] t=15689.034148659 dpid=s2 action=add src=00:00:00:00:00:04 dst=00:00:00:00:00:02 in_port=1 out_port=3
[FLOW_MOD] t=15689.034482684 dpid=s1 action=delete-strict src=00:00:00:00:00:04 dst=00:00:00:00:00:02 in_port=3 out_port=1
[FLOW_MOD] t=15689.034737217 dpid=s1 action=add src=00:00:00:00:00:04 dst=00:00:00:00:00:02 in_port=3 out_port=1
[FLOW_MOD] t=15689.035057708 dpid=s4 action=delete-strict src=00:00:00:00:00:04 dst=00:00:00:00:00:02 in_port=4 out_port=2
[FLOW_MOD] t=15689.035359086 dpid=s4 action=add src=00:00:00:00:00:04 dst=00:00:00:00:00:02 in_port=4 out_port=2
[FLOW_MOD] t=15689.035739029 dpid=s17 action=delete-strict src=00:00:00:00:00:04 dst=00:00:00:00:00:02 in_port=3 out_port=1
[FLOW_MOD] t=15689.036110034 dpid=s17 action=add src=00:00:00:00:00:04 dst=00:00:00:00:00:02 in_port=3 out_port=1
[FLOW_MOD] t=15689.036482875 dpid=s17 action=delete-strict src=00:00:00:00:00:02 dst=00:00:00:00:00:04 in_port=1 out_port=3
[FLOW_MOD] t=15689.036743170 dpid=s17 action=add src=00:00:00:00:00:02 dst=00:00:00:00:00:04 in_port=1 out_port=3
[FLOW_MOD] t=15689.037071444 dpid=s4 action=delete-strict src=00:00:00:00:00:02 dst=00:00:00:00:00:04 in_port=2 out_port=4
[FLOW_MOD] t=15689.037321708 dpid=s4 action=add src=00:00:00:00:00:02 dst=00:00:00:00:00:04 in_port=2 out_port=4
[FLOW_MOD] t=15689.037805168 dpid=s1 action=delete-strict src=00:00:00:00:00:02 dst=00:00:00:00:00:04 in_port=1 out_port=3
[FLOW_MOD] t=15689.038167832 dpid=s1 action=add src=00:00:00:00:00:02 dst=00:00:00:00:00:04 in_port=1 out_port=3
[FLOW_MOD] t=15689.038580707 dpid=s2 action=delete-strict src=00:00:00:00:00:02 dst=00:00:00:00:00:04 in_port=3 out_port=1
[FLOW_MOD] t=15689.038861478 dpid=s2 action=add src=00:00:00:00:00:02 dst=00:00:00:00:00:04 in_port=3 out_port=1
[FLOW_MOD] t=15689.039214243 dpid=s6 action=delete-strict src=00:00:00:00:00:02 dst=00:00:00:00:00:04 in_port=4 out_port=2
[FLOW_MOD] t=15689.039473543 dpid=s6 action=add src=00:00:00:00:00:02 dst=00:00:00:00:00:04 in_port=4 out_port=2
[FLOW_MOD] t=15689.039785472 dpid=s19 action=delete-strict src=00:00:00:00:00:02 dst=00:00:00:00:00:04 in_port=3 out_port=1
[FLOW_MOD] t=15689.040081422 dpid=s19 action=add src=00:00:00:00:00:02 dst=00:00:00:00:00:04 in_port=3 out_port=1
[SPF-DONE] BFS s19->s18 reachable=11/11
[PATH-COMPUTED] s19->s18: 2 hop(s) path=s19 -> s6 -> s18
[FLOW-INSTALL] 00:00:00:00:00:04 → 00:00:00:00:00:03: s19 -> s6 -> s18
[FLOW_MOD] t=15689.041205758 dpid=s19 action=delete-strict src=00:00:00:00:00:04 dst=00:00:00:00:00:03 in_port=1 out_port=3
[FLOW_MOD] t=15689.041484251 dpid=s19 action=add src=00:00:00:00:00:04 dst=00:00:00:00:00:03 in_port=1 out_port=3
[FLOW_MOD] t=15689.041820910 dpid=s6 action=delete-strict src=00:00:00:00:00:04 dst=00:00:00:00:00:03 in_port=2 out_port=1
[FLOW_MOD] t=15689.042098462 dpid=s6 action=add src=00:00:00:00:00:04 dst=00:00:00:00:00:03 in_port=2 out_port=1
[FLOW_MOD] t=15689.042446278 dpid=s18 action=delete-strict src=00:00:00:00:00:04 dst=00:00:00:00:00:03 in_port=3 out_port=1
[FLOW_MOD] t=15689.042700751 dpid=s18 action=add src=00:00:00:00:00:04 dst=00:00:00:00:00:03 in_port=3 out_port=1
[FLOW_MOD] t=15689.043014148 dpid=s18 action=delete-strict src=00:00:00:00:00:03 dst=00:00:00:00:00:04 in_port=1 out_port=3
[FLOW_MOD] t=15689.043253661 dpid=s18 action=add src=00:00:00:00:00:03 dst=00:00:00:00:00:04 in_port=1 out_port=3
[FLOW_MOD] t=15689.043548041 dpid=s6 action=delete-strict src=00:00:00:00:00:03 dst=00:00:00:00:00:04 in_port=1 out_port=2
[FLOW_MOD] t=15689.045407033 dpid=s6 action=add src=00:00:00:00:00:03 dst=00:00:00:00:00:04 in_port=1 out_port=2
[FLOW_MOD] t=15689.045884271 dpid=s19 action=delete-strict src=00:00:00:00:00:03 dst=00:00:00:00:00:04 in_port=3 out_port=1
[FLOW_MOD] t=15689.046162981 dpid=s19 action=add src=00:00:00:00:00:03 dst=00:00:00:00:00:04 in_port=3 out_port=1
[TOPO] route refresh: installed=12 skipped=0 unreachable=0 hosts=4
[CONVERGENCE-END] id=1 convergence_ms=1039.523 installed=12 skipped=0 unreachable=0 hosts=4
[PORT_STATUS] t=15729.347277288 s1 port=3 reason=modify
[TOPO-CHANGE] (port-status:modify) switches=11 links=32  delta +0 -2
[TOPO-DOWN] [(1, 2), (2, 1)]
[TOPO-REFRESH] flushing 12 flows, rebuilding routes
[TREE-DONE] root=s1 tree_edges=11 reachable=11/11
[SPF-DONE] BFS s16->s17 reachable=11/11
[PATH-COMPUTED] s16->s17: 2 hop(s) path=s16 -> s4 -> s17
[FLOW-INSTALL] 00:00:00:00:00:01 → 00:00:00:00:00:02: s16 -> s4 -> s17
[FLOW_MOD] t=15729.350834209 dpid=s16 action=delete-strict src=00:00:00:00:00:01 dst=00:00:00:00:00:02 in_port=1 out_port=3
[FLOW_MOD] t=15729.351099697 dpid=s16 action=add src=00:00:00:00:00:01 dst=00:00:00:00:00:02 in_port=1 out_port=3
[FLOW_MOD] t=15729.351435099 dpid=s4 action=delete-strict src=00:00:00:00:00:01 dst=00:00:00:00:00:02 in_port=1 out_port=2
[FLOW_MOD] t=15729.351697280 dpid=s4 action=add src=00:00:00:00:00:01 dst=00:00:00:00:00:02 in_port=1 out_port=2
[FLOW_MOD] t=15729.352053553 dpid=s17 action=delete-strict src=00:00:00:00:00:01 dst=00:00:00:00:00:02 in_port=3 out_port=1
[FLOW_MOD] t=15729.352301560 dpid=s17 action=add src=00:00:00:00:00:01 dst=00:00:00:00:00:02 in_port=3 out_port=1
[FLOW_MOD] t=15729.352677792 dpid=s17 action=delete-strict src=00:00:00:00:00:02 dst=00:00:00:00:00:01 in_port=1 out_port=3
[FLOW_MOD] t=15729.352927808 dpid=s17 action=add src=00:00:00:00:00:02 dst=00:00:00:00:00:01 in_port=1 out_port=3
[FLOW_MOD] t=15729.353269130 dpid=s4 action=delete-strict src=00:00:00:00:00:02 dst=00:00:00:00:00:01 in_port=2 out_port=1
[FLOW_MOD] t=15729.353521841 dpid=s4 action=add src=00:00:00:00:00:02 dst=00:00:00:00:00:01 in_port=2 out_port=1
[FLOW_MOD] t=15729.353913080 dpid=s16 action=delete-strict src=00:00:00:00:00:02 dst=00:00:00:00:00:01 in_port=3 out_port=1
[FLOW_MOD] t=15729.354190408 dpid=s16 action=add src=00:00:00:00:00:02 dst=00:00:00:00:00:01 in_port=3 out_port=1
[SPF-DONE] BFS s16->s18 reachable=11/11
[PATH-COMPUTED] s16->s18: 6 hop(s) path=s16 -> s4 -> s1 -> s3 -> s2 -> s6 -> s18
[FLOW-INSTALL] 00:00:00:00:00:01 → 00:00:00:00:00:03: s16 -> s4 -> s1 -> s3 -> s2 -> s6 -> s18
[FLOW_MOD] t=15729.355595768 dpid=s16 action=delete-strict src=00:00:00:00:00:01 dst=00:00:00:00:00:03 in_port=1 out_port=3
[FLOW_MOD] t=15729.355869897 dpid=s16 action=add src=00:00:00:00:00:01 dst=00:00:00:00:00:03 in_port=1 out_port=3
[FLOW_MOD] t=15729.356216076 dpid=s4 action=delete-strict src=00:00:00:00:00:01 dst=00:00:00:00:00:03 in_port=1 out_port=4
[FLOW_MOD] t=15729.356499160 dpid=s4 action=add src=00:00:00:00:00:01 dst=00:00:00:00:00:03 in_port=1 out_port=4
[FLOW_MOD] t=15729.356890346 dpid=s1 action=delete-strict src=00:00:00:00:00:01 dst=00:00:00:00:00:03 in_port=1 out_port=4
[FLOW_MOD] t=15729.357169038 dpid=s1 action=add src=00:00:00:00:00:01 dst=00:00:00:00:00:03 in_port=1 out_port=4
[FLOW_MOD] t=15729.358476788 dpid=s3 action=delete-strict src=00:00:00:00:00:01 dst=00:00:00:00:00:03 in_port=4 out_port=3
[FLOW_MOD] t=15729.358817346 dpid=s3 action=add src=00:00:00:00:00:01 dst=00:00:00:00:00:03 in_port=4 out_port=3
[FLOW_MOD] t=15729.359204284 dpid=s2 action=delete-strict src=00:00:00:00:00:01 dst=00:00:00:00:00:03 in_port=4 out_port=1
[FLOW_MOD] t=15729.359493930 dpid=s2 action=add src=00:00:00:00:00:01 dst=00:00:00:00:00:03 in_port=4 out_port=1
[FLOW_MOD] t=15729.359866546 dpid=s6 action=delete-strict src=00:00:00:00:00:01 dst=00:00:00:00:00:03 in_port=4 out_port=1
[FLOW_MOD] t=15729.360146570 dpid=s6 action=add src=00:00:00:00:00:01 dst=00:00:00:00:00:03 in_port=4 out_port=1
[FLOW_MOD] t=15729.360479540 dpid=s18 action=delete-strict src=00:00:00:00:00:01 dst=00:00:00:00:00:03 in_port=3 out_port=1
[FLOW_MOD] t=15729.360753879 dpid=s18 action=add src=00:00:00:00:00:01 dst=00:00:00:00:00:03 in_port=3 out_port=1
[FLOW_MOD] t=15729.361114440 dpid=s18 action=delete-strict src=00:00:00:00:00:03 dst=00:00:00:00:00:01 in_port=1 out_port=3
[FLOW_MOD] t=15729.361364879 dpid=s18 action=add src=00:00:00:00:00:03 dst=00:00:00:00:00:01 in_port=1 out_port=3
[FLOW_MOD] t=15729.361705698 dpid=s6 action=delete-strict src=00:00:00:00:00:03 dst=00:00:00:00:00:01 in_port=1 out_port=4
[FLOW_MOD] t=15729.361975194 dpid=s6 action=add src=00:00:00:00:00:03 dst=00:00:00:00:00:01 in_port=1 out_port=4
[FLOW_MOD] t=15729.362294208 dpid=s2 action=delete-strict src=00:00:00:00:00:03 dst=00:00:00:00:00:01 in_port=1 out_port=4
[FLOW_MOD] t=15729.362539886 dpid=s2 action=add src=00:00:00:00:00:03 dst=00:00:00:00:00:01 in_port=1 out_port=4
[FLOW_MOD] t=15729.362933992 dpid=s3 action=delete-strict src=00:00:00:00:00:03 dst=00:00:00:00:00:01 in_port=3 out_port=4
[FLOW_MOD] t=15729.363179566 dpid=s3 action=add src=00:00:00:00:00:03 dst=00:00:00:00:00:01 in_port=3 out_port=4
[FLOW_MOD] t=15729.363475255 dpid=s1 action=delete-strict src=00:00:00:00:00:03 dst=00:00:00:00:00:01 in_port=4 out_port=1
[FLOW_MOD] t=15729.363721823 dpid=s1 action=add src=00:00:00:00:00:03 dst=00:00:00:00:00:01 in_port=4 out_port=1
[FLOW_MOD] t=15729.364109699 dpid=s4 action=delete-strict src=00:00:00:00:00:03 dst=00:00:00:00:00:01 in_port=4 out_port=1
[FLOW_MOD] t=15729.364448226 dpid=s4 action=add src=00:00:00:00:00:03 dst=00:00:00:00:00:01 in_port=4 out_port=1
[FLOW_MOD] t=15729.364838788 dpid=s16 action=delete-strict src=00:00:00:00:00:03 dst=00:00:00:00:00:01 in_port=3 out_port=1
[FLOW_MOD] t=15729.365120363 dpid=s16 action=add src=00:00:00:00:00:03 dst=00:00:00:00:00:01 in_port=3 out_port=1
[SPF-DONE] BFS s16->s19 reachable=11/11
[PATH-COMPUTED] s16->s19: 6 hop(s) path=s16 -> s4 -> s1 -> s3 -> s2 -> s6 -> s19
[FLOW-INSTALL] 00:00:00:00:00:01 → 00:00:00:00:00:04: s16 -> s4 -> s1 -> s3 -> s2 -> s6 -> s19
[FLOW_MOD] t=15729.366585350 dpid=s16 action=delete-strict src=00:00:00:00:00:01 dst=00:00:00:00:00:04 in_port=1 out_port=3
[FLOW_MOD] t=15729.366845592 dpid=s16 action=add src=00:00:00:00:00:01 dst=00:00:00:00:00:04 in_port=1 out_port=3
[FLOW_MOD] t=15729.367185661 dpid=s4 action=delete-strict src=00:00:00:00:00:01 dst=00:00:00:00:00:04 in_port=1 out_port=4
[FLOW_MOD] t=15729.367446431 dpid=s4 action=add src=00:00:00:00:00:01 dst=00:00:00:00:00:04 in_port=1 out_port=4
[FLOW_MOD] t=15729.367798141 dpid=s1 action=delete-strict src=00:00:00:00:00:01 dst=00:00:00:00:00:04 in_port=1 out_port=4
[FLOW_MOD] t=15729.368085732 dpid=s1 action=add src=00:00:00:00:00:01 dst=00:00:00:00:00:04 in_port=1 out_port=4
[FLOW_MOD] t=15729.368454627 dpid=s3 action=delete-strict src=00:00:00:00:00:01 dst=00:00:00:00:00:04 in_port=4 out_port=3
[FLOW_MOD] t=15729.368709596 dpid=s3 action=add src=00:00:00:00:00:01 dst=00:00:00:00:00:04 in_port=4 out_port=3
[FLOW_MOD] t=15729.369059110 dpid=s2 action=delete-strict src=00:00:00:00:00:01 dst=00:00:00:00:00:04 in_port=4 out_port=1
[FLOW_MOD] t=15729.369282779 dpid=s2 action=add src=00:00:00:00:00:01 dst=00:00:00:00:00:04 in_port=4 out_port=1
[FLOW_MOD] t=15729.369709099 dpid=s6 action=delete-strict src=00:00:00:00:00:01 dst=00:00:00:00:00:04 in_port=4 out_port=2
[FLOW_MOD] t=15729.370005395 dpid=s6 action=add src=00:00:00:00:00:01 dst=00:00:00:00:00:04 in_port=4 out_port=2
[FLOW_MOD] t=15729.370298636 dpid=s19 action=delete-strict src=00:00:00:00:00:01 dst=00:00:00:00:00:04 in_port=3 out_port=1
[FLOW_MOD] t=15729.370536672 dpid=s19 action=add src=00:00:00:00:00:01 dst=00:00:00:00:00:04 in_port=3 out_port=1
[FLOW_MOD] t=15729.370830391 dpid=s19 action=delete-strict src=00:00:00:00:00:04 dst=00:00:00:00:00:01 in_port=1 out_port=3
[FLOW_MOD] t=15729.371041060 dpid=s19 action=add src=00:00:00:00:00:04 dst=00:00:00:00:00:01 in_port=1 out_port=3
[FLOW_MOD] t=15729.371311335 dpid=s6 action=delete-strict src=00:00:00:00:00:04 dst=00:00:00:00:00:01 in_port=2 out_port=4
[FLOW_MOD] t=15729.371577590 dpid=s6 action=add src=00:00:00:00:00:04 dst=00:00:00:00:00:01 in_port=2 out_port=4
[FLOW_MOD] t=15729.371900683 dpid=s2 action=delete-strict src=00:00:00:00:00:04 dst=00:00:00:00:00:01 in_port=1 out_port=4
[FLOW_MOD] t=15729.372185541 dpid=s2 action=add src=00:00:00:00:00:04 dst=00:00:00:00:00:01 in_port=1 out_port=4
[FLOW_MOD] t=15729.372551453 dpid=s3 action=delete-strict src=00:00:00:00:00:04 dst=00:00:00:00:00:01 in_port=3 out_port=4
[FLOW_MOD] t=15729.372796854 dpid=s3 action=add src=00:00:00:00:00:04 dst=00:00:00:00:00:01 in_port=3 out_port=4
[FLOW_MOD] t=15729.373152069 dpid=s1 action=delete-strict src=00:00:00:00:00:04 dst=00:00:00:00:00:01 in_port=4 out_port=1
[FLOW_MOD] t=15729.373399257 dpid=s1 action=add src=00:00:00:00:00:04 dst=00:00:00:00:00:01 in_port=4 out_port=1
[FLOW_MOD] t=15729.373742324 dpid=s4 action=delete-strict src=00:00:00:00:00:04 dst=00:00:00:00:00:01 in_port=4 out_port=1
[FLOW_MOD] t=15729.373990471 dpid=s4 action=add src=00:00:00:00:00:04 dst=00:00:00:00:00:01 in_port=4 out_port=1
[FLOW_MOD] t=15729.374390664 dpid=s16 action=delete-strict src=00:00:00:00:00:04 dst=00:00:00:00:00:01 in_port=3 out_port=1
[FLOW_MOD] t=15729.374701015 dpid=s16 action=add src=00:00:00:00:00:04 dst=00:00:00:00:00:01 in_port=3 out_port=1
[SPF-DONE] BFS s17->s16 reachable=11/11
[PATH-COMPUTED] s17->s16: 2 hop(s) path=s17 -> s4 -> s16
[FLOW-INSTALL] 00:00:00:00:00:02 → 00:00:00:00:00:01: s17 -> s4 -> s16
[FLOW_MOD] t=15729.376166184 dpid=s17 action=delete-strict src=00:00:00:00:00:02 dst=00:00:00:00:00:01 in_port=1 out_port=3
[FLOW_MOD] t=15729.376449434 dpid=s17 action=add src=00:00:00:00:00:02 dst=00:00:00:00:00:01 in_port=1 out_port=3
[FLOW_MOD] t=15729.376785878 dpid=s4 action=delete-strict src=00:00:00:00:00:02 dst=00:00:00:00:00:01 in_port=2 out_port=1
[FLOW_MOD] t=15729.377023539 dpid=s4 action=add src=00:00:00:00:00:02 dst=00:00:00:00:00:01 in_port=2 out_port=1
[FLOW_MOD] t=15729.377308090 dpid=s16 action=delete-strict src=00:00:00:00:00:02 dst=00:00:00:00:00:01 in_port=3 out_port=1
[FLOW_MOD] t=15729.377545342 dpid=s16 action=add src=00:00:00:00:00:02 dst=00:00:00:00:00:01 in_port=3 out_port=1
[FLOW_MOD] t=15729.377881499 dpid=s16 action=delete-strict src=00:00:00:00:00:01 dst=00:00:00:00:00:02 in_port=1 out_port=3
[FLOW_MOD] t=15729.378140725 dpid=s16 action=add src=00:00:00:00:00:01 dst=00:00:00:00:00:02 in_port=1 out_port=3
[FLOW_MOD] t=15729.380120872 dpid=s4 action=delete-strict src=00:00:00:00:00:01 dst=00:00:00:00:00:02 in_port=1 out_port=2
[FLOW_MOD] t=15729.380494216 dpid=s4 action=add src=00:00:00:00:00:01 dst=00:00:00:00:00:02 in_port=1 out_port=2
[FLOW_MOD] t=15729.380851034 dpid=s17 action=delete-strict src=00:00:00:00:00:01 dst=00:00:00:00:00:02 in_port=3 out_port=1
[FLOW_MOD] t=15729.381124947 dpid=s17 action=add src=00:00:00:00:00:01 dst=00:00:00:00:00:02 in_port=3 out_port=1
[SPF-DONE] BFS s17->s18 reachable=11/11
[PATH-COMPUTED] s17->s18: 6 hop(s) path=s17 -> s4 -> s1 -> s3 -> s2 -> s6 -> s18
[FLOW-INSTALL] 00:00:00:00:00:02 → 00:00:00:00:00:03: s17 -> s4 -> s1 -> s3 -> s2 -> s6 -> s18
[FLOW_MOD] t=15729.382069992 dpid=s17 action=delete-strict src=00:00:00:00:00:02 dst=00:00:00:00:00:03 in_port=1 out_port=3
[FLOW_MOD] t=15729.382320261 dpid=s17 action=add src=00:00:00:00:00:02 dst=00:00:00:00:00:03 in_port=1 out_port=3
[FLOW_MOD] t=15729.382642805 dpid=s4 action=delete-strict src=00:00:00:00:00:02 dst=00:00:00:00:00:03 in_port=2 out_port=4
[FLOW_MOD] t=15729.382862004 dpid=s4 action=add src=00:00:00:00:00:02 dst=00:00:00:00:00:03 in_port=2 out_port=4
[FLOW_MOD] t=15729.383151321 dpid=s1 action=delete-strict src=00:00:00:00:00:02 dst=00:00:00:00:00:03 in_port=1 out_port=4
[FLOW_MOD] t=15729.383377369 dpid=s1 action=add src=00:00:00:00:00:02 dst=00:00:00:00:00:03 in_port=1 out_port=4
[FLOW_MOD] t=15729.383818091 dpid=s3 action=delete-strict src=00:00:00:00:00:02 dst=00:00:00:00:00:03 in_port=4 out_port=3
[FLOW_MOD] t=15729.384171007 dpid=s3 action=add src=00:00:00:00:00:02 dst=00:00:00:00:00:03 in_port=4 out_port=3
[FLOW_MOD] t=15729.384496929 dpid=s2 action=delete-strict src=00:00:00:00:00:02 dst=00:00:00:00:00:03 in_port=4 out_port=1
[FLOW_MOD] t=15729.384766419 dpid=s2 action=add src=00:00:00:00:00:02 dst=00:00:00:00:00:03 in_port=4 out_port=1
[FLOW_MOD] t=15729.385079419 dpid=s6 action=delete-strict src=00:00:00:00:00:02 dst=00:00:00:00:00:03 in_port=4 out_port=1
[FLOW_MOD] t=15729.385347905 dpid=s6 action=add src=00:00:00:00:00:02 dst=00:00:00:00:00:03 in_port=4 out_port=1
[FLOW_MOD] t=15729.385929110 dpid=s18 action=delete-strict src=00:00:00:00:00:02 dst=00:00:00:00:00:03 in_port=3 out_port=1
[FLOW_MOD] t=15729.386211102 dpid=s18 action=add src=00:00:00:00:00:02 dst=00:00:00:00:00:03 in_port=3 out_port=1
[FLOW_MOD] t=15729.386582586 dpid=s18 action=delete-strict src=00:00:00:00:00:03 dst=00:00:00:00:00:02 in_port=1 out_port=3
[FLOW_MOD] t=15729.386857969 dpid=s18 action=add src=00:00:00:00:00:03 dst=00:00:00:00:00:02 in_port=1 out_port=3
[FLOW_MOD] t=15729.387231125 dpid=s6 action=delete-strict src=00:00:00:00:00:03 dst=00:00:00:00:00:02 in_port=1 out_port=4
[FLOW_MOD] t=15729.387548001 dpid=s6 action=add src=00:00:00:00:00:03 dst=00:00:00:00:00:02 in_port=1 out_port=4
[FLOW_MOD] t=15729.388099950 dpid=s2 action=delete-strict src=00:00:00:00:00:03 dst=00:00:00:00:00:02 in_port=1 out_port=4
[FLOW_MOD] t=15729.388410372 dpid=s2 action=add src=00:00:00:00:00:03 dst=00:00:00:00:00:02 in_port=1 out_port=4
[FLOW_MOD] t=15729.388869305 dpid=s3 action=delete-strict src=00:00:00:00:00:03 dst=00:00:00:00:00:02 in_port=3 out_port=4
[FLOW_MOD] t=15729.389204766 dpid=s3 action=add src=00:00:00:00:00:03 dst=00:00:00:00:00:02 in_port=3 out_port=4
[FLOW_MOD] t=15729.389666777 dpid=s1 action=delete-strict src=00:00:00:00:00:03 dst=00:00:00:00:00:02 in_port=4 out_port=1
[FLOW_MOD] t=15729.389970268 dpid=s1 action=add src=00:00:00:00:00:03 dst=00:00:00:00:00:02 in_port=4 out_port=1
[FLOW_MOD] t=15729.390372522 dpid=s4 action=delete-strict src=00:00:00:00:00:03 dst=00:00:00:00:00:02 in_port=4 out_port=2
[FLOW_MOD] t=15729.390631581 dpid=s4 action=add src=00:00:00:00:00:03 dst=00:00:00:00:00:02 in_port=4 out_port=2
[FLOW_MOD] t=15729.390963897 dpid=s17 action=delete-strict src=00:00:00:00:00:03 dst=00:00:00:00:00:02 in_port=3 out_port=1
[FLOW_MOD] t=15729.391238855 dpid=s17 action=add src=00:00:00:00:00:03 dst=00:00:00:00:00:02 in_port=3 out_port=1
[SPF-DONE] BFS s17->s19 reachable=11/11
[PATH-COMPUTED] s17->s19: 6 hop(s) path=s17 -> s4 -> s1 -> s3 -> s2 -> s6 -> s19
[FLOW-INSTALL] 00:00:00:00:00:02 → 00:00:00:00:00:04: s17 -> s4 -> s1 -> s3 -> s2 -> s6 -> s19
[FLOW_MOD] t=15729.392668285 dpid=s17 action=delete-strict src=00:00:00:00:00:02 dst=00:00:00:00:00:04 in_port=1 out_port=3
[FLOW_MOD] t=15729.393073293 dpid=s17 action=add src=00:00:00:00:00:02 dst=00:00:00:00:00:04 in_port=1 out_port=3
[FLOW_MOD] t=15729.393756765 dpid=s4 action=delete-strict src=00:00:00:00:00:02 dst=00:00:00:00:00:04 in_port=2 out_port=4
[FLOW_MOD] t=15729.394091513 dpid=s4 action=add src=00:00:00:00:00:02 dst=00:00:00:00:00:04 in_port=2 out_port=4
[FLOW_MOD] t=15729.394488278 dpid=s1 action=delete-strict src=00:00:00:00:00:02 dst=00:00:00:00:00:04 in_port=1 out_port=4
[FLOW_MOD] t=15729.394938942 dpid=s1 action=add src=00:00:00:00:00:02 dst=00:00:00:00:00:04 in_port=1 out_port=4
[FLOW_MOD] t=15729.395296161 dpid=s3 action=delete-strict src=00:00:00:00:00:02 dst=00:00:00:00:00:04 in_port=4 out_port=3
[FLOW_MOD] t=15729.395579308 dpid=s3 action=add src=00:00:00:00:00:02 dst=00:00:00:00:00:04 in_port=4 out_port=3
[FLOW_MOD] t=15729.396095435 dpid=s2 action=delete-strict src=00:00:00:00:00:02 dst=00:00:00:00:00:04 in_port=4 out_port=1
[FLOW_MOD] t=15729.396434339 dpid=s2 action=add src=00:00:00:00:00:02 dst=00:00:00:00:00:04 in_port=4 out_port=1
[FLOW_MOD] t=15729.396818485 dpid=s6 action=delete-strict src=00:00:00:00:00:02 dst=00:00:00:00:00:04 in_port=4 out_port=2
[FLOW_MOD] t=15729.397104753 dpid=s6 action=add src=00:00:00:00:00:02 dst=00:00:00:00:00:04 in_port=4 out_port=2
[FLOW_MOD] t=15729.397444726 dpid=s19 action=delete-strict src=00:00:00:00:00:02 dst=00:00:00:00:00:04 in_port=3 out_port=1
[FLOW_MOD] t=15729.397730773 dpid=s19 action=add src=00:00:00:00:00:02 dst=00:00:00:00:00:04 in_port=3 out_port=1
[FLOW_MOD] t=15729.398059370 dpid=s19 action=delete-strict src=00:00:00:00:00:04 dst=00:00:00:00:00:02 in_port=1 out_port=3
[FLOW_MOD] t=15729.398318813 dpid=s19 action=add src=00:00:00:00:00:04 dst=00:00:00:00:00:02 in_port=1 out_port=3
[FLOW_MOD] t=15729.398629545 dpid=s6 action=delete-strict src=00:00:00:00:00:04 dst=00:00:00:00:00:02 in_port=2 out_port=4
[FLOW_MOD] t=15729.399860679 dpid=s6 action=add src=00:00:00:00:00:04 dst=00:00:00:00:00:02 in_port=2 out_port=4
[FLOW_MOD] t=15729.400270392 dpid=s2 action=delete-strict src=00:00:00:00:00:04 dst=00:00:00:00:00:02 in_port=1 out_port=4
[FLOW_MOD] t=15729.400592579 dpid=s2 action=add src=00:00:00:00:00:04 dst=00:00:00:00:00:02 in_port=1 out_port=4
[FLOW_MOD] t=15729.400897745 dpid=s3 action=delete-strict src=00:00:00:00:00:04 dst=00:00:00:00:00:02 in_port=3 out_port=4
[FLOW_MOD] t=15729.401133786 dpid=s3 action=add src=00:00:00:00:00:04 dst=00:00:00:00:00:02 in_port=3 out_port=4
[FLOW_MOD] t=15729.402348822 dpid=s1 action=delete-strict src=00:00:00:00:00:04 dst=00:00:00:00:00:02 in_port=4 out_port=1
[FLOW_MOD] t=15729.402727803 dpid=s1 action=add src=00:00:00:00:00:04 dst=00:00:00:00:00:02 in_port=4 out_port=1
[FLOW_MOD] t=15729.403052278 dpid=s4 action=delete-strict src=00:00:00:00:00:04 dst=00:00:00:00:00:02 in_port=4 out_port=2
[FLOW_MOD] t=15729.403289007 dpid=s4 action=add src=00:00:00:00:00:04 dst=00:00:00:00:00:02 in_port=4 out_port=2
[FLOW_MOD] t=15729.403592893 dpid=s17 action=delete-strict src=00:00:00:00:00:04 dst=00:00:00:00:00:02 in_port=3 out_port=1
[FLOW_MOD] t=15729.403861166 dpid=s17 action=add src=00:00:00:00:00:04 dst=00:00:00:00:00:02 in_port=3 out_port=1
[SPF-DONE] BFS s18->s16 reachable=11/11
[PATH-COMPUTED] s18->s16: 6 hop(s) path=s18 -> s6 -> s2 -> s3 -> s1 -> s4 -> s16
[FLOW-INSTALL] 00:00:00:00:00:03 → 00:00:00:00:00:01: s18 -> s6 -> s2 -> s3 -> s1 -> s4 -> s16
[FLOW_MOD] t=15729.405270911 dpid=s18 action=delete-strict src=00:00:00:00:00:03 dst=00:00:00:00:00:01 in_port=1 out_port=3
[FLOW_MOD] t=15729.405507093 dpid=s18 action=add src=00:00:00:00:00:03 dst=00:00:00:00:00:01 in_port=1 out_port=3
[FLOW_MOD] t=15729.405812614 dpid=s6 action=delete-strict src=00:00:00:00:00:03 dst=00:00:00:00:00:01 in_port=1 out_port=4
[FLOW_MOD] t=15729.406059540 dpid=s6 action=add src=00:00:00:00:00:03 dst=00:00:00:00:00:01 in_port=1 out_port=4
[FLOW_MOD] t=15729.406409783 dpid=s2 action=delete-strict src=00:00:00:00:00:03 dst=00:00:00:00:00:01 in_port=1 out_port=4
[FLOW_MOD] t=15729.406656415 dpid=s2 action=add src=00:00:00:00:00:03 dst=00:00:00:00:00:01 in_port=1 out_port=4
[FLOW_MOD] t=15729.407011177 dpid=s3 action=delete-strict src=00:00:00:00:00:03 dst=00:00:00:00:00:01 in_port=3 out_port=4
[FLOW_MOD] t=15729.407331973 dpid=s3 action=add src=00:00:00:00:00:03 dst=00:00:00:00:00:01 in_port=3 out_port=4
[FLOW_MOD] t=15729.407749740 dpid=s1 action=delete-strict src=00:00:00:00:00:03 dst=00:00:00:00:00:01 in_port=4 out_port=1
[FLOW_MOD] t=15729.407990222 dpid=s1 action=add src=00:00:00:00:00:03 dst=00:00:00:00:00:01 in_port=4 out_port=1
[FLOW_MOD] t=15729.408314272 dpid=s4 action=delete-strict src=00:00:00:00:00:03 dst=00:00:00:00:00:01 in_port=4 out_port=1
[FLOW_MOD] t=15729.408529340 dpid=s4 action=add src=00:00:00:00:00:03 dst=00:00:00:00:00:01 in_port=4 out_port=1
[FLOW_MOD] t=15729.408864862 dpid=s16 action=delete-strict src=00:00:00:00:00:03 dst=00:00:00:00:00:01 in_port=3 out_port=1
[FLOW_MOD] t=15729.409135472 dpid=s16 action=add src=00:00:00:00:00:03 dst=00:00:00:00:00:01 in_port=3 out_port=1
[FLOW_MOD] t=15729.409451804 dpid=s16 action=delete-strict src=00:00:00:00:00:01 dst=00:00:00:00:00:03 in_port=1 out_port=3
[FLOW_MOD] t=15729.409713044 dpid=s16 action=add src=00:00:00:00:00:01 dst=00:00:00:00:00:03 in_port=1 out_port=3
[FLOW_MOD] t=15729.410028275 dpid=s4 action=delete-strict src=00:00:00:00:00:01 dst=00:00:00:00:00:03 in_port=1 out_port=4
[FLOW_MOD] t=15729.410288074 dpid=s4 action=add src=00:00:00:00:00:01 dst=00:00:00:00:00:03 in_port=1 out_port=4
[FLOW_MOD] t=15729.410580857 dpid=s1 action=delete-strict src=00:00:00:00:00:01 dst=00:00:00:00:00:03 in_port=1 out_port=4
[FLOW_MOD] t=15729.410805671 dpid=s1 action=add src=00:00:00:00:00:01 dst=00:00:00:00:00:03 in_port=1 out_port=4
[FLOW_MOD] t=15729.411075678 dpid=s3 action=delete-strict src=00:00:00:00:00:01 dst=00:00:00:00:00:03 in_port=4 out_port=3
[FLOW_MOD] t=15729.411310293 dpid=s3 action=add src=00:00:00:00:00:01 dst=00:00:00:00:00:03 in_port=4 out_port=3
[FLOW_MOD] t=15729.411674114 dpid=s2 action=delete-strict src=00:00:00:00:00:01 dst=00:00:00:00:00:03 in_port=4 out_port=1
[FLOW_MOD] t=15729.411932237 dpid=s2 action=add src=00:00:00:00:00:01 dst=00:00:00:00:00:03 in_port=4 out_port=1
[FLOW_MOD] t=15729.412320858 dpid=s6 action=delete-strict src=00:00:00:00:00:01 dst=00:00:00:00:00:03 in_port=4 out_port=1
[FLOW_MOD] t=15729.412611585 dpid=s6 action=add src=00:00:00:00:00:01 dst=00:00:00:00:00:03 in_port=4 out_port=1
[FLOW_MOD] t=15729.412967459 dpid=s18 action=delete-strict src=00:00:00:00:00:01 dst=00:00:00:00:00:03 in_port=3 out_port=1
[FLOW_MOD] t=15729.413209182 dpid=s18 action=add src=00:00:00:00:00:01 dst=00:00:00:00:00:03 in_port=3 out_port=1
[SPF-DONE] BFS s18->s17 reachable=11/11
[PATH-COMPUTED] s18->s17: 6 hop(s) path=s18 -> s6 -> s2 -> s3 -> s1 -> s4 -> s17
[FLOW-INSTALL] 00:00:00:00:00:03 → 00:00:00:00:00:02: s18 -> s6 -> s2 -> s3 -> s1 -> s4 -> s17
[FLOW_MOD] t=15729.414242678 dpid=s18 action=delete-strict src=00:00:00:00:00:03 dst=00:00:00:00:00:02 in_port=1 out_port=3
[FLOW_MOD] t=15729.414535470 dpid=s18 action=add src=00:00:00:00:00:03 dst=00:00:00:00:00:02 in_port=1 out_port=3
[FLOW_MOD] t=15729.414878486 dpid=s6 action=delete-strict src=00:00:00:00:00:03 dst=00:00:00:00:00:02 in_port=1 out_port=4
[FLOW_MOD] t=15729.415134217 dpid=s6 action=add src=00:00:00:00:00:03 dst=00:00:00:00:00:02 in_port=1 out_port=4
[FLOW_MOD] t=15729.415446272 dpid=s2 action=delete-strict src=00:00:00:00:00:03 dst=00:00:00:00:00:02 in_port=1 out_port=4
[FLOW_MOD] t=15729.415677865 dpid=s2 action=add src=00:00:00:00:00:03 dst=00:00:00:00:00:02 in_port=1 out_port=4
[FLOW_MOD] t=15729.416086448 dpid=s3 action=delete-strict src=00:00:00:00:00:03 dst=00:00:00:00:00:02 in_port=3 out_port=4
[FLOW_MOD] t=15729.416342482 dpid=s3 action=add src=00:00:00:00:00:03 dst=00:00:00:00:00:02 in_port=3 out_port=4
[FLOW_MOD] t=15729.416669238 dpid=s1 action=delete-strict src=00:00:00:00:00:03 dst=00:00:00:00:00:02 in_port=4 out_port=1
[FLOW_MOD] t=15729.416939574 dpid=s1 action=add src=00:00:00:00:00:03 dst=00:00:00:00:00:02 in_port=4 out_port=1
[FLOW_MOD] t=15729.417277122 dpid=s4 action=delete-strict src=00:00:00:00:00:03 dst=00:00:00:00:00:02 in_port=4 out_port=2
[FLOW_MOD] t=15729.417569851 dpid=s4 action=add src=00:00:00:00:00:03 dst=00:00:00:00:00:02 in_port=4 out_port=2
[FLOW_MOD] t=15729.417925123 dpid=s17 action=delete-strict src=00:00:00:00:00:03 dst=00:00:00:00:00:02 in_port=3 out_port=1
[FLOW_MOD] t=15729.418275858 dpid=s17 action=add src=00:00:00:00:00:03 dst=00:00:00:00:00:02 in_port=3 out_port=1
[FLOW_MOD] t=15729.418629694 dpid=s17 action=delete-strict src=00:00:00:00:00:02 dst=00:00:00:00:00:03 in_port=1 out_port=3
[FLOW_MOD] t=15729.418892872 dpid=s17 action=add src=00:00:00:00:00:02 dst=00:00:00:00:00:03 in_port=1 out_port=3
[FLOW_MOD] t=15729.419242190 dpid=s4 action=delete-strict src=00:00:00:00:00:02 dst=00:00:00:00:00:03 in_port=2 out_port=4
[FLOW_MOD] t=15729.421571474 dpid=s4 action=add src=00:00:00:00:00:02 dst=00:00:00:00:00:03 in_port=2 out_port=4
[FLOW_MOD] t=15729.422123183 dpid=s1 action=delete-strict src=00:00:00:00:00:02 dst=00:00:00:00:00:03 in_port=1 out_port=4
[FLOW_MOD] t=15729.423247923 dpid=s1 action=add src=00:00:00:00:00:02 dst=00:00:00:00:00:03 in_port=1 out_port=4
[FLOW_MOD] t=15729.424625388 dpid=s3 action=delete-strict src=00:00:00:00:00:02 dst=00:00:00:00:00:03 in_port=4 out_port=3
[FLOW_MOD] t=15729.425729655 dpid=s3 action=add src=00:00:00:00:00:02 dst=00:00:00:00:00:03 in_port=4 out_port=3
[FLOW_MOD] t=15729.427112315 dpid=s2 action=delete-strict src=00:00:00:00:00:02 dst=00:00:00:00:00:03 in_port=4 out_port=1
[FLOW_MOD] t=15729.428139009 dpid=s2 action=add src=00:00:00:00:00:02 dst=00:00:00:00:00:03 in_port=4 out_port=1
[FLOW_MOD] t=15729.429341816 dpid=s6 action=delete-strict src=00:00:00:00:00:02 dst=00:00:00:00:00:03 in_port=4 out_port=1
[FLOW_MOD] t=15729.429675411 dpid=s6 action=add src=00:00:00:00:00:02 dst=00:00:00:00:00:03 in_port=4 out_port=1
[FLOW_MOD] t=15729.430028312 dpid=s18 action=delete-strict src=00:00:00:00:00:02 dst=00:00:00:00:00:03 in_port=3 out_port=1
[FLOW_MOD] t=15729.430328201 dpid=s18 action=add src=00:00:00:00:00:02 dst=00:00:00:00:00:03 in_port=3 out_port=1
[SPF-DONE] BFS s18->s19 reachable=11/11
[PATH-COMPUTED] s18->s19: 2 hop(s) path=s18 -> s6 -> s19
[FLOW-INSTALL] 00:00:00:00:00:03 → 00:00:00:00:00:04: s18 -> s6 -> s19
[FLOW_MOD] t=15729.431389921 dpid=s18 action=delete-strict src=00:00:00:00:00:03 dst=00:00:00:00:00:04 in_port=1 out_port=3
[FLOW_MOD] t=15729.431659397 dpid=s18 action=add src=00:00:00:00:00:03 dst=00:00:00:00:00:04 in_port=1 out_port=3
[FLOW_MOD] t=15729.432076433 dpid=s6 action=delete-strict src=00:00:00:00:00:03 dst=00:00:00:00:00:04 in_port=1 out_port=2
[FLOW_MOD] t=15729.432328214 dpid=s6 action=add src=00:00:00:00:00:03 dst=00:00:00:00:00:04 in_port=1 out_port=2
[FLOW_MOD] t=15729.432668167 dpid=s19 action=delete-strict src=00:00:00:00:00:03 dst=00:00:00:00:00:04 in_port=3 out_port=1
[FLOW_MOD] t=15729.432982394 dpid=s19 action=add src=00:00:00:00:00:03 dst=00:00:00:00:00:04 in_port=3 out_port=1
[FLOW_MOD] t=15729.433311126 dpid=s19 action=delete-strict src=00:00:00:00:00:04 dst=00:00:00:00:00:03 in_port=1 out_port=3
[FLOW_MOD] t=15729.433547945 dpid=s19 action=add src=00:00:00:00:00:04 dst=00:00:00:00:00:03 in_port=1 out_port=3
[FLOW_MOD] t=15729.433904387 dpid=s6 action=delete-strict src=00:00:00:00:00:04 dst=00:00:00:00:00:03 in_port=2 out_port=1
[FLOW_MOD] t=15729.434181480 dpid=s6 action=add src=00:00:00:00:00:04 dst=00:00:00:00:00:03 in_port=2 out_port=1
[FLOW_MOD] t=15729.434553352 dpid=s18 action=delete-strict src=00:00:00:00:00:04 dst=00:00:00:00:00:03 in_port=3 out_port=1
[FLOW_MOD] t=15729.434860717 dpid=s18 action=add src=00:00:00:00:00:04 dst=00:00:00:00:00:03 in_port=3 out_port=1
[SPF-DONE] BFS s19->s16 reachable=11/11
[PATH-COMPUTED] s19->s16: 6 hop(s) path=s19 -> s6 -> s2 -> s3 -> s1 -> s4 -> s16
[FLOW-INSTALL] 00:00:00:00:00:04 → 00:00:00:00:00:01: s19 -> s6 -> s2 -> s3 -> s1 -> s4 -> s16
[FLOW_MOD] t=15729.436096800 dpid=s19 action=delete-strict src=00:00:00:00:00:04 dst=00:00:00:00:00:01 in_port=1 out_port=3
[FLOW_MOD] t=15729.436372386 dpid=s19 action=add src=00:00:00:00:00:04 dst=00:00:00:00:00:01 in_port=1 out_port=3
[FLOW_MOD] t=15729.436792537 dpid=s6 action=delete-strict src=00:00:00:00:00:04 dst=00:00:00:00:00:01 in_port=2 out_port=4
[FLOW_MOD] t=15729.437173886 dpid=s6 action=add src=00:00:00:00:00:04 dst=00:00:00:00:00:01 in_port=2 out_port=4
[FLOW_MOD] t=15729.437523609 dpid=s2 action=delete-strict src=00:00:00:00:00:04 dst=00:00:00:00:00:01 in_port=1 out_port=4
[FLOW_MOD] t=15729.437792284 dpid=s2 action=add src=00:00:00:00:00:04 dst=00:00:00:00:00:01 in_port=1 out_port=4
[FLOW_MOD] t=15729.438089656 dpid=s3 action=delete-strict src=00:00:00:00:00:04 dst=00:00:00:00:00:01 in_port=3 out_port=4
[FLOW_MOD] t=15729.438330394 dpid=s3 action=add src=00:00:00:00:00:04 dst=00:00:00:00:00:01 in_port=3 out_port=4
[FLOW_MOD] t=15729.438721891 dpid=s1 action=delete-strict src=00:00:00:00:00:04 dst=00:00:00:00:00:01 in_port=4 out_port=1
[FLOW_MOD] t=15729.438996854 dpid=s1 action=add src=00:00:00:00:00:04 dst=00:00:00:00:00:01 in_port=4 out_port=1
[FLOW_MOD] t=15729.439306721 dpid=s4 action=delete-strict src=00:00:00:00:00:04 dst=00:00:00:00:00:01 in_port=4 out_port=1
[FLOW_MOD] t=15729.439578847 dpid=s4 action=add src=00:00:00:00:00:04 dst=00:00:00:00:00:01 in_port=4 out_port=1
[FLOW_MOD] t=15729.439891977 dpid=s16 action=delete-strict src=00:00:00:00:00:04 dst=00:00:00:00:00:01 in_port=3 out_port=1
[FLOW_MOD] t=15729.440158208 dpid=s16 action=add src=00:00:00:00:00:04 dst=00:00:00:00:00:01 in_port=3 out_port=1
[FLOW_MOD] t=15729.440541918 dpid=s16 action=delete-strict src=00:00:00:00:00:01 dst=00:00:00:00:00:04 in_port=1 out_port=3
[FLOW_MOD] t=15729.440808368 dpid=s16 action=add src=00:00:00:00:00:01 dst=00:00:00:00:00:04 in_port=1 out_port=3
[FLOW_MOD] t=15729.441160888 dpid=s4 action=delete-strict src=00:00:00:00:00:01 dst=00:00:00:00:00:04 in_port=1 out_port=4
[FLOW_MOD] t=15729.441484372 dpid=s4 action=add src=00:00:00:00:00:01 dst=00:00:00:00:00:04 in_port=1 out_port=4
[FLOW_MOD] t=15729.441848062 dpid=s1 action=delete-strict src=00:00:00:00:00:01 dst=00:00:00:00:00:04 in_port=1 out_port=4
[FLOW_MOD] t=15729.442086663 dpid=s1 action=add src=00:00:00:00:00:01 dst=00:00:00:00:00:04 in_port=1 out_port=4
[FLOW_MOD] t=15729.442369064 dpid=s3 action=delete-strict src=00:00:00:00:00:01 dst=00:00:00:00:00:04 in_port=4 out_port=3
[FLOW_MOD] t=15729.442591239 dpid=s3 action=add src=00:00:00:00:00:01 dst=00:00:00:00:00:04 in_port=4 out_port=3
[FLOW_MOD] t=15729.442917892 dpid=s2 action=delete-strict src=00:00:00:00:00:01 dst=00:00:00:00:00:04 in_port=4 out_port=1
[FLOW_MOD] t=15729.443183215 dpid=s2 action=add src=00:00:00:00:00:01 dst=00:00:00:00:00:04 in_port=4 out_port=1
[FLOW_MOD] t=15729.443526288 dpid=s6 action=delete-strict src=00:00:00:00:00:01 dst=00:00:00:00:00:04 in_port=4 out_port=2
[FLOW_MOD] t=15729.443776766 dpid=s6 action=add src=00:00:00:00:00:01 dst=00:00:00:00:00:04 in_port=4 out_port=2
[FLOW_MOD] t=15729.444190797 dpid=s19 action=delete-strict src=00:00:00:00:00:01 dst=00:00:00:00:00:04 in_port=3 out_port=1
[FLOW_MOD] t=15729.444450452 dpid=s19 action=add src=00:00:00:00:00:01 dst=00:00:00:00:00:04 in_port=3 out_port=1
[SPF-DONE] BFS s19->s17 reachable=11/11
[PATH-COMPUTED] s19->s17: 6 hop(s) path=s19 -> s6 -> s2 -> s3 -> s1 -> s4 -> s17
[FLOW-INSTALL] 00:00:00:00:00:04 → 00:00:00:00:00:02: s19 -> s6 -> s2 -> s3 -> s1 -> s4 -> s17
[FLOW_MOD] t=15729.445416967 dpid=s19 action=delete-strict src=00:00:00:00:00:04 dst=00:00:00:00:00:02 in_port=1 out_port=3
[FLOW_MOD] t=15729.445652761 dpid=s19 action=add src=00:00:00:00:00:04 dst=00:00:00:00:00:02 in_port=1 out_port=3
[FLOW_MOD] t=15729.445958095 dpid=s6 action=delete-strict src=00:00:00:00:00:04 dst=00:00:00:00:00:02 in_port=2 out_port=4
[FLOW_MOD] t=15729.446243424 dpid=s6 action=add src=00:00:00:00:00:04 dst=00:00:00:00:00:02 in_port=2 out_port=4
[FLOW_MOD] t=15729.446587617 dpid=s2 action=delete-strict src=00:00:00:00:00:04 dst=00:00:00:00:00:02 in_port=1 out_port=4
[FLOW_MOD] t=15729.446868052 dpid=s2 action=add src=00:00:00:00:00:04 dst=00:00:00:00:00:02 in_port=1 out_port=4
[FLOW_MOD] t=15729.447238748 dpid=s3 action=delete-strict src=00:00:00:00:00:04 dst=00:00:00:00:00:02 in_port=3 out_port=4
[FLOW_MOD] t=15729.447479150 dpid=s3 action=add src=00:00:00:00:00:04 dst=00:00:00:00:00:02 in_port=3 out_port=4
[FLOW_MOD] t=15729.447793787 dpid=s1 action=delete-strict src=00:00:00:00:00:04 dst=00:00:00:00:00:02 in_port=4 out_port=1
[FLOW_MOD] t=15729.448078409 dpid=s1 action=add src=00:00:00:00:00:04 dst=00:00:00:00:00:02 in_port=4 out_port=1
[FLOW_MOD] t=15729.448438893 dpid=s4 action=delete-strict src=00:00:00:00:00:04 dst=00:00:00:00:00:02 in_port=4 out_port=2
[FLOW_MOD] t=15729.448682761 dpid=s4 action=add src=00:00:00:00:00:04 dst=00:00:00:00:00:02 in_port=4 out_port=2
[FLOW_MOD] t=15729.449005949 dpid=s17 action=delete-strict src=00:00:00:00:00:04 dst=00:00:00:00:00:02 in_port=3 out_port=1
[FLOW_MOD] t=15729.449257132 dpid=s17 action=add src=00:00:00:00:00:04 dst=00:00:00:00:00:02 in_port=3 out_port=1
[FLOW_MOD] t=15729.449607191 dpid=s17 action=delete-strict src=00:00:00:00:00:02 dst=00:00:00:00:00:04 in_port=1 out_port=3
[FLOW_MOD] t=15729.449877079 dpid=s17 action=add src=00:00:00:00:00:02 dst=00:00:00:00:00:04 in_port=1 out_port=3
[FLOW_MOD] t=15729.450222302 dpid=s4 action=delete-strict src=00:00:00:00:00:02 dst=00:00:00:00:00:04 in_port=2 out_port=4
[FLOW_MOD] t=15729.450491005 dpid=s4 action=add src=00:00:00:00:00:02 dst=00:00:00:00:00:04 in_port=2 out_port=4
[FLOW_MOD] t=15729.450828140 dpid=s1 action=delete-strict src=00:00:00:00:00:02 dst=00:00:00:00:00:04 in_port=1 out_port=4
[FLOW_MOD] t=15729.451104848 dpid=s1 action=add src=00:00:00:00:00:02 dst=00:00:00:00:00:04 in_port=1 out_port=4
[FLOW_MOD] t=15729.451441390 dpid=s3 action=delete-strict src=00:00:00:00:00:02 dst=00:00:00:00:00:04 in_port=4 out_port=3
[FLOW_MOD] t=15729.451681151 dpid=s3 action=add src=00:00:00:00:00:02 dst=00:00:00:00:00:04 in_port=4 out_port=3
[FLOW_MOD] t=15729.451964239 dpid=s2 action=delete-strict src=00:00:00:00:00:02 dst=00:00:00:00:00:04 in_port=4 out_port=1
[FLOW_MOD] t=15729.452270489 dpid=s2 action=add src=00:00:00:00:00:02 dst=00:00:00:00:00:04 in_port=4 out_port=1
[FLOW_MOD] t=15729.452589136 dpid=s6 action=delete-strict src=00:00:00:00:00:02 dst=00:00:00:00:00:04 in_port=4 out_port=2
[FLOW_MOD] t=15729.452841163 dpid=s6 action=add src=00:00:00:00:00:02 dst=00:00:00:00:00:04 in_port=4 out_port=2
[FLOW_MOD] t=15729.453149930 dpid=s19 action=delete-strict src=00:00:00:00:00:02 dst=00:00:00:00:00:04 in_port=3 out_port=1
[FLOW_MOD] t=15729.453490747 dpid=s19 action=add src=00:00:00:00:00:02 dst=00:00:00:00:00:04 in_port=3 out_port=1
[SPF-DONE] BFS s19->s18 reachable=11/11
[PATH-COMPUTED] s19->s18: 2 hop(s) path=s19 -> s6 -> s18
[FLOW-INSTALL] 00:00:00:00:00:04 → 00:00:00:00:00:03: s19 -> s6 -> s18
[FLOW_MOD] t=15729.454531079 dpid=s19 action=delete-strict src=00:00:00:00:00:04 dst=00:00:00:00:00:03 in_port=1 out_port=3
[FLOW_MOD] t=15729.454760670 dpid=s19 action=add src=00:00:00:00:00:04 dst=00:00:00:00:00:03 in_port=1 out_port=3
[FLOW_MOD] t=15729.455058942 dpid=s6 action=delete-strict src=00:00:00:00:00:04 dst=00:00:00:00:00:03 in_port=2 out_port=1
[FLOW_MOD] t=15729.455277982 dpid=s6 action=add src=00:00:00:00:00:04 dst=00:00:00:00:00:03 in_port=2 out_port=1
[FLOW_MOD] t=15729.455588360 dpid=s18 action=delete-strict src=00:00:00:00:00:04 dst=00:00:00:00:00:03 in_port=3 out_port=1
[FLOW_MOD] t=15729.455851618 dpid=s18 action=add src=00:00:00:00:00:04 dst=00:00:00:00:00:03 in_port=3 out_port=1
[FLOW_MOD] t=15729.456191309 dpid=s18 action=delete-strict src=00:00:00:00:00:03 dst=00:00:00:00:00:04 in_port=1 out_port=3
[FLOW_MOD] t=15729.456451137 dpid=s18 action=add src=00:00:00:00:00:03 dst=00:00:00:00:00:04 in_port=1 out_port=3
[FLOW_MOD] t=15729.456828758 dpid=s6 action=delete-strict src=00:00:00:00:00:03 dst=00:00:00:00:00:04 in_port=1 out_port=2
[FLOW_MOD] t=15729.458626301 dpid=s6 action=add src=00:00:00:00:00:03 dst=00:00:00:00:00:04 in_port=1 out_port=2
[FLOW_MOD] t=15729.459163458 dpid=s19 action=delete-strict src=00:00:00:00:00:03 dst=00:00:00:00:00:04 in_port=3 out_port=1
[FLOW_MOD] t=15729.459492825 dpid=s19 action=add src=00:00:00:00:00:03 dst=00:00:00:00:00:04 in_port=3 out_port=1
[TOPO] route refresh: installed=12 skipped=0 unreachable=0 hosts=4
[PORT_STATUS] t=15729.460035805 s1 port=3 reason=delete
[CONVERGENCE-START] id=2 t1=15729.460348279
[TOPO-CHANGE] (port-status:delete) switches=11 links=30  delta +0 -2
[TOPO-DOWN] [(2, 3), (3, 2)]
[TOPO-REFRESH] flushing 12 flows, rebuilding routes
[TREE-DONE] root=s1 tree_edges=6 reachable=6/11
[SPF-DONE] BFS s16->s17 reachable=6/11
[PATH-COMPUTED] s16->s17: 2 hop(s) path=s16 -> s4 -> s17
[FLOW-INSTALL] 00:00:00:00:00:01 → 00:00:00:00:00:02: s16 -> s4 -> s17
[FLOW_MOD] t=15729.463250481 dpid=s16 action=delete-strict src=00:00:00:00:00:01 dst=00:00:00:00:00:02 in_port=1 out_port=3
[FLOW_MOD] t=15729.463579104 dpid=s16 action=add src=00:00:00:00:00:01 dst=00:00:00:00:00:02 in_port=1 out_port=3
[CONVERGENCE-FLOWMOD] id=2 t2=15729.463861253
[FLOW_MOD] t=15729.464166694 dpid=s4 action=delete-strict src=00:00:00:00:00:01 dst=00:00:00:00:00:02 in_port=1 out_port=2
[FLOW_MOD] t=15729.464443371 dpid=s4 action=add src=00:00:00:00:00:01 dst=00:00:00:00:00:02 in_port=1 out_port=2
[FLOW_MOD] t=15729.464866285 dpid=s17 action=delete-strict src=00:00:00:00:00:01 dst=00:00:00:00:00:02 in_port=3 out_port=1
[FLOW_MOD] t=15729.465174418 dpid=s17 action=add src=00:00:00:00:00:01 dst=00:00:00:00:00:02 in_port=3 out_port=1
[FLOW_MOD] t=15729.465567155 dpid=s17 action=delete-strict src=00:00:00:00:00:02 dst=00:00:00:00:00:01 in_port=1 out_port=3
[FLOW_MOD] t=15729.465863639 dpid=s17 action=add src=00:00:00:00:00:02 dst=00:00:00:00:00:01 in_port=1 out_port=3
[FLOW_MOD] t=15729.466331606 dpid=s4 action=delete-strict src=00:00:00:00:00:02 dst=00:00:00:00:00:01 in_port=2 out_port=1
[FLOW_MOD] t=15729.466712929 dpid=s4 action=add src=00:00:00:00:00:02 dst=00:00:00:00:00:01 in_port=2 out_port=1
[FLOW_MOD] t=15729.467138326 dpid=s16 action=delete-strict src=00:00:00:00:00:02 dst=00:00:00:00:00:01 in_port=3 out_port=1
[FLOW_MOD] t=15729.467490545 dpid=s16 action=add src=00:00:00:00:00:02 dst=00:00:00:00:00:01 in_port=3 out_port=1
[SPF-DONE] BFS s16->s18 reachable=6/11
[PATH-UNREACHABLE] s16->s18: no path in current topology
[ROUTE-INSTALL] 00:00:00:00:00:01→00:00:00:00:00:03 no path (s16→s18)
[SPF-DONE] BFS s16->s19 reachable=6/11
[PATH-UNREACHABLE] s16->s19: no path in current topology
[ROUTE-INSTALL] 00:00:00:00:00:01→00:00:00:00:00:04 no path (s16→s19)
[SPF-DONE] BFS s17->s16 reachable=6/11
[PATH-COMPUTED] s17->s16: 2 hop(s) path=s17 -> s4 -> s16
[FLOW-INSTALL] 00:00:00:00:00:02 → 00:00:00:00:00:01: s17 -> s4 -> s16
[FLOW_MOD] t=15729.470524383 dpid=s17 action=delete-strict src=00:00:00:00:00:02 dst=00:00:00:00:00:01 in_port=1 out_port=3
[FLOW_MOD] t=15729.470850561 dpid=s17 action=add src=00:00:00:00:00:02 dst=00:00:00:00:00:01 in_port=1 out_port=3
[FLOW_MOD] t=15729.471235076 dpid=s4 action=delete-strict src=00:00:00:00:00:02 dst=00:00:00:00:00:01 in_port=2 out_port=1
[FLOW_MOD] t=15729.471538655 dpid=s4 action=add src=00:00:00:00:00:02 dst=00:00:00:00:00:01 in_port=2 out_port=1
[FLOW_MOD] t=15729.471907150 dpid=s16 action=delete-strict src=00:00:00:00:00:02 dst=00:00:00:00:00:01 in_port=3 out_port=1
[FLOW_MOD] t=15729.472232156 dpid=s16 action=add src=00:00:00:00:00:02 dst=00:00:00:00:00:01 in_port=3 out_port=1
[FLOW_MOD] t=15729.472624920 dpid=s16 action=delete-strict src=00:00:00:00:00:01 dst=00:00:00:00:00:02 in_port=1 out_port=3
[FLOW_MOD] t=15729.472911800 dpid=s16 action=add src=00:00:00:00:00:01 dst=00:00:00:00:00:02 in_port=1 out_port=3
[FLOW_MOD] t=15729.473267267 dpid=s4 action=delete-strict src=00:00:00:00:00:01 dst=00:00:00:00:00:02 in_port=1 out_port=2
[FLOW_MOD] t=15729.473825036 dpid=s4 action=add src=00:00:00:00:00:01 dst=00:00:00:00:00:02 in_port=1 out_port=2
[FLOW_MOD] t=15729.474237298 dpid=s17 action=delete-strict src=00:00:00:00:00:01 dst=00:00:00:00:00:02 in_port=3 out_port=1
[FLOW_MOD] t=15729.474523291 dpid=s17 action=add src=00:00:00:00:00:01 dst=00:00:00:00:00:02 in_port=3 out_port=1
[SPF-DONE] BFS s17->s18 reachable=6/11
[PATH-UNREACHABLE] s17->s18: no path in current topology
[ROUTE-INSTALL] 00:00:00:00:00:02→00:00:00:00:00:03 no path (s17→s18)
[SPF-DONE] BFS s17->s19 reachable=6/11
[PATH-UNREACHABLE] s17->s19: no path in current topology
[ROUTE-INSTALL] 00:00:00:00:00:02→00:00:00:00:00:04 no path (s17→s19)
[SPF-DONE] BFS s18->s16 reachable=5/11
[PATH-UNREACHABLE] s18->s16: no path in current topology
[ROUTE-INSTALL] 00:00:00:00:00:03→00:00:00:00:00:01 no path (s18→s16)
[SPF-DONE] BFS s18->s17 reachable=5/11
[PATH-UNREACHABLE] s18->s17: no path in current topology
[ROUTE-INSTALL] 00:00:00:00:00:03→00:00:00:00:00:02 no path (s18→s17)
[SPF-DONE] BFS s18->s19 reachable=5/11
[PATH-COMPUTED] s18->s19: 2 hop(s) path=s18 -> s6 -> s19
[FLOW-INSTALL] 00:00:00:00:00:03 → 00:00:00:00:00:04: s18 -> s6 -> s19
[FLOW_MOD] t=15729.478588745 dpid=s18 action=delete-strict src=00:00:00:00:00:03 dst=00:00:00:00:00:04 in_port=1 out_port=3
[FLOW_MOD] t=15729.478868362 dpid=s18 action=add src=00:00:00:00:00:03 dst=00:00:00:00:00:04 in_port=1 out_port=3
[FLOW_MOD] t=15729.479243937 dpid=s6 action=delete-strict src=00:00:00:00:00:03 dst=00:00:00:00:00:04 in_port=1 out_port=2
[FLOW_MOD] t=15729.479493757 dpid=s6 action=add src=00:00:00:00:00:03 dst=00:00:00:00:00:04 in_port=1 out_port=2
[FLOW_MOD] t=15729.479847200 dpid=s19 action=delete-strict src=00:00:00:00:00:03 dst=00:00:00:00:00:04 in_port=3 out_port=1
[FLOW_MOD] t=15729.480240833 dpid=s19 action=add src=00:00:00:00:00:03 dst=00:00:00:00:00:04 in_port=3 out_port=1
[FLOW_MOD] t=15729.480598864 dpid=s19 action=delete-strict src=00:00:00:00:00:04 dst=00:00:00:00:00:03 in_port=1 out_port=3
[FLOW_MOD] t=15729.480963058 dpid=s19 action=add src=00:00:00:00:00:04 dst=00:00:00:00:00:03 in_port=1 out_port=3
[FLOW_MOD] t=15729.481353736 dpid=s6 action=delete-strict src=00:00:00:00:00:04 dst=00:00:00:00:00:03 in_port=2 out_port=1
[FLOW_MOD] t=15729.481647517 dpid=s6 action=add src=00:00:00:00:00:04 dst=00:00:00:00:00:03 in_port=2 out_port=1
[FLOW_MOD] t=15729.482061141 dpid=s18 action=delete-strict src=00:00:00:00:00:04 dst=00:00:00:00:00:03 in_port=3 out_port=1
[FLOW_MOD] t=15729.482311642 dpid=s18 action=add src=00:00:00:00:00:04 dst=00:00:00:00:00:03 in_port=3 out_port=1
[SPF-DONE] BFS s19->s16 reachable=5/11
[PATH-UNREACHABLE] s19->s16: no path in current topology
[ROUTE-INSTALL] 00:00:00:00:00:04→00:00:00:00:00:01 no path (s19→s16)
[SPF-DONE] BFS s19->s17 reachable=5/11
[PATH-UNREACHABLE] s19->s17: no path in current topology
[ROUTE-INSTALL] 00:00:00:00:00:04→00:00:00:00:00:02 no path (s19→s17)
[SPF-DONE] BFS s19->s18 reachable=5/11
[PATH-COMPUTED] s19->s18: 2 hop(s) path=s19 -> s6 -> s18
[FLOW-INSTALL] 00:00:00:00:00:04 → 00:00:00:00:00:03: s19 -> s6 -> s18
[FLOW_MOD] t=15729.485585701 dpid=s19 action=delete-strict src=00:00:00:00:00:04 dst=00:00:00:00:00:03 in_port=1 out_port=3
[FLOW_MOD] t=15729.485847158 dpid=s19 action=add src=00:00:00:00:00:04 dst=00:00:00:00:00:03 in_port=1 out_port=3
[FLOW_MOD] t=15729.486188924 dpid=s6 action=delete-strict src=00:00:00:00:00:04 dst=00:00:00:00:00:03 in_port=2 out_port=1
[FLOW_MOD] t=15729.486470001 dpid=s6 action=add src=00:00:00:00:00:04 dst=00:00:00:00:00:03 in_port=2 out_port=1
[FLOW_MOD] t=15729.486795674 dpid=s18 action=delete-strict src=00:00:00:00:00:04 dst=00:00:00:00:00:03 in_port=3 out_port=1
[FLOW_MOD] t=15729.487096597 dpid=s18 action=add src=00:00:00:00:00:04 dst=00:00:00:00:00:03 in_port=3 out_port=1
[FLOW_MOD] t=15729.487509604 dpid=s18 action=delete-strict src=00:00:00:00:00:03 dst=00:00:00:00:00:04 in_port=1 out_port=3
[FLOW_MOD] t=15729.487798824 dpid=s18 action=add src=00:00:00:00:00:03 dst=00:00:00:00:00:04 in_port=1 out_port=3
[FLOW_MOD] t=15729.488162780 dpid=s6 action=delete-strict src=00:00:00:00:00:03 dst=00:00:00:00:00:04 in_port=1 out_port=2
[FLOW_MOD] t=15729.488415080 dpid=s6 action=add src=00:00:00:00:00:03 dst=00:00:00:00:00:04 in_port=1 out_port=2
[FLOW_MOD] t=15729.488766505 dpid=s19 action=delete-strict src=00:00:00:00:00:03 dst=00:00:00:00:00:04 in_port=3 out_port=1
[FLOW_MOD] t=15729.489038762 dpid=s19 action=add src=00:00:00:00:00:03 dst=00:00:00:00:00:04 in_port=3 out_port=1
[TOPO] route refresh: installed=4 skipped=0 unreachable=8 hosts=4
[CONVERGENCE-END] id=2 convergence_ms=3.513 installed=4 skipped=0 unreachable=8 hosts=4
[TOPO-CHANGE] (LLDP topology event) switches=11 links=28  delta +0 -2
[TOPO-DOWN] [(1, 3), (3, 1)]
[TOPO-REFRESH] flushing 4 flows, rebuilding routes
[TREE-DONE] root=s1 tree_edges=5 reachable=5/11
[SPF-DONE] BFS s16->s17 reachable=5/10
[PATH-COMPUTED] s16->s17: 2 hop(s) path=s16 -> s4 -> s17
[FLOW-INSTALL] 00:00:00:00:00:01 → 00:00:00:00:00:02: s16 -> s4 -> s17
[FLOW_MOD] t=15729.493521937 dpid=s16 action=delete-strict src=00:00:00:00:00:01 dst=00:00:00:00:00:02 in_port=1 out_port=3
[FLOW_MOD] t=15729.493811728 dpid=s16 action=add src=00:00:00:00:00:01 dst=00:00:00:00:00:02 in_port=1 out_port=3
[FLOW_MOD] t=15729.494172794 dpid=s4 action=delete-strict src=00:00:00:00:00:01 dst=00:00:00:00:00:02 in_port=1 out_port=2
[FLOW_MOD] t=15729.494417611 dpid=s4 action=add src=00:00:00:00:00:01 dst=00:00:00:00:00:02 in_port=1 out_port=2
[FLOW_MOD] t=15729.494765060 dpid=s17 action=delete-strict src=00:00:00:00:00:01 dst=00:00:00:00:00:02 in_port=3 out_port=1
[FLOW_MOD] t=15729.495036985 dpid=s17 action=add src=00:00:00:00:00:01 dst=00:00:00:00:00:02 in_port=3 out_port=1
[FLOW_MOD] t=15729.495360837 dpid=s17 action=delete-strict src=00:00:00:00:00:02 dst=00:00:00:00:00:01 in_port=1 out_port=3
[FLOW_MOD] t=15729.495635488 dpid=s17 action=add src=00:00:00:00:00:02 dst=00:00:00:00:00:01 in_port=1 out_port=3
[FLOW_MOD] t=15729.496044420 dpid=s4 action=delete-strict src=00:00:00:00:00:02 dst=00:00:00:00:00:01 in_port=2 out_port=1
[FLOW_MOD] t=15729.496355893 dpid=s4 action=add src=00:00:00:00:00:02 dst=00:00:00:00:00:01 in_port=2 out_port=1
[FLOW_MOD] t=15729.497582165 dpid=s16 action=delete-strict src=00:00:00:00:00:02 dst=00:00:00:00:00:01 in_port=3 out_port=1
[FLOW_MOD] t=15729.498707437 dpid=s16 action=add src=00:00:00:00:00:02 dst=00:00:00:00:00:01 in_port=3 out_port=1
[SPF-DONE] BFS s16->s18 reachable=5/10
[PATH-UNREACHABLE] s16->s18: no path in current topology
[ROUTE-INSTALL] 00:00:00:00:00:01→00:00:00:00:00:03 no path (s16→s18)
[SPF-DONE] BFS s16->s19 reachable=5/10
[PATH-UNREACHABLE] s16->s19: no path in current topology
[ROUTE-INSTALL] 00:00:00:00:00:01→00:00:00:00:00:04 no path (s16→s19)
[SPF-DONE] BFS s17->s16 reachable=5/10
[PATH-COMPUTED] s17->s16: 2 hop(s) path=s17 -> s4 -> s16
[FLOW-INSTALL] 00:00:00:00:00:02 → 00:00:00:00:00:01: s17 -> s4 -> s16
[FLOW_MOD] t=15729.505878837 dpid=s17 action=delete-strict src=00:00:00:00:00:02 dst=00:00:00:00:00:01 in_port=1 out_port=3
[FLOW_MOD] t=15729.507223787 dpid=s17 action=add src=00:00:00:00:00:02 dst=00:00:00:00:00:01 in_port=1 out_port=3
[FLOW_MOD] t=15729.508524309 dpid=s4 action=delete-strict src=00:00:00:00:00:02 dst=00:00:00:00:00:01 in_port=2 out_port=1
[FLOW_MOD] t=15729.509146578 dpid=s4 action=add src=00:00:00:00:00:02 dst=00:00:00:00:00:01 in_port=2 out_port=1
[FLOW_MOD] t=15729.509668480 dpid=s16 action=delete-strict src=00:00:00:00:00:02 dst=00:00:00:00:00:01 in_port=3 out_port=1
[FLOW_MOD] t=15729.510043642 dpid=s16 action=add src=00:00:00:00:00:02 dst=00:00:00:00:00:01 in_port=3 out_port=1
[FLOW_MOD] t=15729.510511123 dpid=s16 action=delete-strict src=00:00:00:00:00:01 dst=00:00:00:00:00:02 in_port=1 out_port=3
[FLOW_MOD] t=15729.510780244 dpid=s16 action=add src=00:00:00:00:00:01 dst=00:00:00:00:00:02 in_port=1 out_port=3
[FLOW_MOD] t=15729.511185613 dpid=s4 action=delete-strict src=00:00:00:00:00:01 dst=00:00:00:00:00:02 in_port=1 out_port=2
[FLOW_MOD] t=15729.511515945 dpid=s4 action=add src=00:00:00:00:00:01 dst=00:00:00:00:00:02 in_port=1 out_port=2
[FLOW_MOD] t=15729.511937162 dpid=s17 action=delete-strict src=00:00:00:00:00:01 dst=00:00:00:00:00:02 in_port=3 out_port=1
[FLOW_MOD] t=15729.512383932 dpid=s17 action=add src=00:00:00:00:00:01 dst=00:00:00:00:00:02 in_port=3 out_port=1
[SPF-DONE] BFS s17->s18 reachable=5/10
[PATH-UNREACHABLE] s17->s18: no path in current topology
[ROUTE-INSTALL] 00:00:00:00:00:02→00:00:00:00:00:03 no path (s17→s18)
[SPF-DONE] BFS s17->s19 reachable=5/10
[PATH-UNREACHABLE] s17->s19: no path in current topology
[ROUTE-INSTALL] 00:00:00:00:00:02→00:00:00:00:00:04 no path (s17→s19)
[SPF-DONE] BFS s18->s16 reachable=5/10
[PATH-UNREACHABLE] s18->s16: no path in current topology
[ROUTE-INSTALL] 00:00:00:00:00:03→00:00:00:00:00:01 no path (s18→s16)
[SPF-DONE] BFS s18->s17 reachable=5/10
[PATH-UNREACHABLE] s18->s17: no path in current topology
[ROUTE-INSTALL] 00:00:00:00:00:03→00:00:00:00:00:02 no path (s18→s17)
[SPF-DONE] BFS s18->s19 reachable=5/10
[PATH-COMPUTED] s18->s19: 2 hop(s) path=s18 -> s6 -> s19
[FLOW-INSTALL] 00:00:00:00:00:03 → 00:00:00:00:00:04: s18 -> s6 -> s19
[FLOW_MOD] t=15729.516948977 dpid=s18 action=delete-strict src=00:00:00:00:00:03 dst=00:00:00:00:00:04 in_port=1 out_port=3
[FLOW_MOD] t=15729.517344111 dpid=s18 action=add src=00:00:00:00:00:03 dst=00:00:00:00:00:04 in_port=1 out_port=3
[FLOW_MOD] t=15729.517804731 dpid=s6 action=delete-strict src=00:00:00:00:00:03 dst=00:00:00:00:00:04 in_port=1 out_port=2
[FLOW_MOD] t=15729.518106349 dpid=s6 action=add src=00:00:00:00:00:03 dst=00:00:00:00:00:04 in_port=1 out_port=2
[FLOW_MOD] t=15729.518515672 dpid=s19 action=delete-strict src=00:00:00:00:00:03 dst=00:00:00:00:00:04 in_port=3 out_port=1
[FLOW_MOD] t=15729.518852532 dpid=s19 action=add src=00:00:00:00:00:03 dst=00:00:00:00:00:04 in_port=3 out_port=1
[FLOW_MOD] t=15729.519253589 dpid=s19 action=delete-strict src=00:00:00:00:00:04 dst=00:00:00:00:00:03 in_port=1 out_port=3
[FLOW_MOD] t=15729.519601955 dpid=s19 action=add src=00:00:00:00:00:04 dst=00:00:00:00:00:03 in_port=1 out_port=3
[FLOW_MOD] t=15729.520050826 dpid=s6 action=delete-strict src=00:00:00:00:00:04 dst=00:00:00:00:00:03 in_port=2 out_port=1
[FLOW_MOD] t=15729.520336551 dpid=s6 action=add src=00:00:00:00:00:04 dst=00:00:00:00:00:03 in_port=2 out_port=1
[FLOW_MOD] t=15729.520696109 dpid=s18 action=delete-strict src=00:00:00:00:00:04 dst=00:00:00:00:00:03 in_port=3 out_port=1
[FLOW_MOD] t=15729.521009359 dpid=s18 action=add src=00:00:00:00:00:04 dst=00:00:00:00:00:03 in_port=3 out_port=1
[SPF-DONE] BFS s19->s16 reachable=5/10
[PATH-UNREACHABLE] s19->s16: no path in current topology
[ROUTE-INSTALL] 00:00:00:00:00:04→00:00:00:00:00:01 no path (s19→s16)
[SPF-DONE] BFS s19->s17 reachable=5/10
[PATH-UNREACHABLE] s19->s17: no path in current topology
[ROUTE-INSTALL] 00:00:00:00:00:04→00:00:00:00:00:02 no path (s19→s17)
[SPF-DONE] BFS s19->s18 reachable=5/10
[PATH-COMPUTED] s19->s18: 2 hop(s) path=s19 -> s6 -> s18
[FLOW-INSTALL] 00:00:00:00:00:04 → 00:00:00:00:00:03: s19 -> s6 -> s18
[FLOW_MOD] t=15729.523184692 dpid=s19 action=delete-strict src=00:00:00:00:00:04 dst=00:00:00:00:00:03 in_port=1 out_port=3
[FLOW_MOD] t=15729.523433008 dpid=s19 action=add src=00:00:00:00:00:04 dst=00:00:00:00:00:03 in_port=1 out_port=3
[FLOW_MOD] t=15729.523761379 dpid=s6 action=delete-strict src=00:00:00:00:00:04 dst=00:00:00:00:00:03 in_port=2 out_port=1
[FLOW_MOD] t=15729.524078541 dpid=s6 action=add src=00:00:00:00:00:04 dst=00:00:00:00:00:03 in_port=2 out_port=1
[FLOW_MOD] t=15729.524450010 dpid=s18 action=delete-strict src=00:00:00:00:00:04 dst=00:00:00:00:00:03 in_port=3 out_port=1
[FLOW_MOD] t=15729.524747236 dpid=s18 action=add src=00:00:00:00:00:04 dst=00:00:00:00:00:03 in_port=3 out_port=1
[FLOW_MOD] t=15729.525115641 dpid=s18 action=delete-strict src=00:00:00:00:00:03 dst=00:00:00:00:00:04 in_port=1 out_port=3
[FLOW_MOD] t=15729.525384224 dpid=s18 action=add src=00:00:00:00:00:03 dst=00:00:00:00:00:04 in_port=1 out_port=3
[FLOW_MOD] t=15729.525740164 dpid=s6 action=delete-strict src=00:00:00:00:00:03 dst=00:00:00:00:00:04 in_port=1 out_port=2
[FLOW_MOD] t=15729.525988595 dpid=s6 action=add src=00:00:00:00:00:03 dst=00:00:00:00:00:04 in_port=1 out_port=2
[FLOW_MOD] t=15729.526283260 dpid=s19 action=delete-strict src=00:00:00:00:00:03 dst=00:00:00:00:00:04 in_port=3 out_port=1
[FLOW_MOD] t=15729.526518127 dpid=s19 action=add src=00:00:00:00:00:03 dst=00:00:00:00:00:04 in_port=3 out_port=1
[TOPO] route refresh: installed=4 skipped=0 unreachable=8 hosts=4
[PORT_STATUS] t=15729.528370545 s2 port=3 reason=modify
[PORT_STATUS] t=15729.528820529 s2 port=3 reason=delete
[CONVERGENCE-START] id=3 t1=15729.529105885
[PORT_STATUS] t=15729.529807601 s3 port=3 reason=delete
[CONVERGENCE-START-SKIP] id=3 duplicate port-status s3 port=3 reason=delete
[PORT_STATUS] t=15729.530400121 s2 port=4 reason=delete
[CONVERGENCE-START-SKIP] id=3 duplicate port-status s2 port=4 reason=delete
[PORT_STATUS] t=15729.531492191 s1 port=4 reason=delete
[CONVERGENCE-START-SKIP] id=3 duplicate port-status s1 port=4 reason=delete
[PORT_STATUS] t=15729.532109088 s3 port=4 reason=delete
[CONVERGENCE-START-SKIP] id=3 duplicate port-status s3 port=4 reason=delete
[PORT_STATUS] t=15729.571018751 s4 port=1 reason=delete
[CONVERGENCE-START-SKIP] id=3 duplicate port-status s4 port=1 reason=delete
[TOPO-CHANGE] (port-status:delete) switches=11 links=26  delta +0 -2
[TOPO-DOWN] [(4, 16), (16, 4)]
[TOPO-REFRESH] flushing 4 flows, rebuilding routes
[TREE-DONE] root=s1 tree_edges=5 reachable=5/11
[SPF-DONE] BFS s16->s17 reachable=5/10
[PATH-COMPUTED] s16->s17: 2 hop(s) path=s16 -> s5 -> s17
[FLOW-INSTALL] 00:00:00:00:00:01 → 00:00:00:00:00:02: s16 -> s5 -> s17
[FLOW_MOD] t=15729.575016780 dpid=s16 action=delete-strict src=00:00:00:00:00:01 dst=00:00:00:00:00:02 in_port=1 out_port=4
[FLOW_MOD] t=15729.575320134 dpid=s16 action=add src=00:00:00:00:00:01 dst=00:00:00:00:00:02 in_port=1 out_port=4
[CONVERGENCE-FLOWMOD] id=3 t2=15729.575598006
[FLOW_MOD] t=15729.575911873 dpid=s5 action=delete-strict src=00:00:00:00:00:01 dst=00:00:00:00:00:02 in_port=1 out_port=2
[FLOW_MOD] t=15729.576266624 dpid=s5 action=add src=00:00:00:00:00:01 dst=00:00:00:00:00:02 in_port=1 out_port=2
[FLOW_MOD] t=15729.576628312 dpid=s17 action=delete-strict src=00:00:00:00:00:01 dst=00:00:00:00:00:02 in_port=4 out_port=1
[FLOW_MOD] t=15729.576912355 dpid=s17 action=add src=00:00:00:00:00:01 dst=00:00:00:00:00:02 in_port=4 out_port=1
[FLOW_MOD] t=15729.577266827 dpid=s17 action=delete-strict src=00:00:00:00:00:02 dst=00:00:00:00:00:01 in_port=1 out_port=4
[FLOW_MOD] t=15729.577551965 dpid=s17 action=add src=00:00:00:00:00:02 dst=00:00:00:00:00:01 in_port=1 out_port=4
[FLOW_MOD] t=15729.577954651 dpid=s5 action=delete-strict src=00:00:00:00:00:02 dst=00:00:00:00:00:01 in_port=2 out_port=1
[FLOW_MOD] t=15729.578259221 dpid=s5 action=add src=00:00:00:00:00:02 dst=00:00:00:00:00:01 in_port=2 out_port=1
[FLOW_MOD] t=15729.578650683 dpid=s16 action=delete-strict src=00:00:00:00:00:02 dst=00:00:00:00:00:01 in_port=4 out_port=1
[FLOW_MOD] t=15729.578949647 dpid=s16 action=add src=00:00:00:00:00:02 dst=00:00:00:00:00:01 in_port=4 out_port=1
[SPF-DONE] BFS s16->s18 reachable=5/10
[PATH-UNREACHABLE] s16->s18: no path in current topology
[ROUTE-INSTALL] 00:00:00:00:00:01→00:00:00:00:00:03 no path (s16→s18)
[SPF-DONE] BFS s16->s19 reachable=5/10
[PATH-UNREACHABLE] s16->s19: no path in current topology
[ROUTE-INSTALL] 00:00:00:00:00:01→00:00:00:00:00:04 no path (s16→s19)
[SPF-DONE] BFS s17->s16 reachable=5/10
[PATH-COMPUTED] s17->s16: 2 hop(s) path=s17 -> s5 -> s16
[FLOW-INSTALL] 00:00:00:00:00:02 → 00:00:00:00:00:01: s17 -> s5 -> s16
[FLOW_MOD] t=15729.581624978 dpid=s17 action=delete-strict src=00:00:00:00:00:02 dst=00:00:00:00:00:01 in_port=1 out_port=4
[FLOW_MOD] t=15729.581966160 dpid=s17 action=add src=00:00:00:00:00:02 dst=00:00:00:00:00:01 in_port=1 out_port=4
[FLOW_MOD] t=15729.582316242 dpid=s5 action=delete-strict src=00:00:00:00:00:02 dst=00:00:00:00:00:01 in_port=2 out_port=1
[FLOW_MOD] t=15729.582603968 dpid=s5 action=add src=00:00:00:00:00:02 dst=00:00:00:00:00:01 in_port=2 out_port=1
[FLOW_MOD] t=15729.583063336 dpid=s16 action=delete-strict src=00:00:00:00:00:02 dst=00:00:00:00:00:01 in_port=4 out_port=1
[FLOW_MOD] t=15729.583399098 dpid=s16 action=add src=00:00:00:00:00:02 dst=00:00:00:00:00:01 in_port=4 out_port=1
[FLOW_MOD] t=15729.583785185 dpid=s16 action=delete-strict src=00:00:00:00:00:01 dst=00:00:00:00:00:02 in_port=1 out_port=4
[FLOW_MOD] t=15729.584193501 dpid=s16 action=add src=00:00:00:00:00:01 dst=00:00:00:00:00:02 in_port=1 out_port=4
[FLOW_MOD] t=15729.584569647 dpid=s5 action=delete-strict src=00:00:00:00:00:01 dst=00:00:00:00:00:02 in_port=1 out_port=2
[FLOW_MOD] t=15729.584851278 dpid=s5 action=add src=00:00:00:00:00:01 dst=00:00:00:00:00:02 in_port=1 out_port=2
[FLOW_MOD] t=15729.585237832 dpid=s17 action=delete-strict src=00:00:00:00:00:01 dst=00:00:00:00:00:02 in_port=4 out_port=1
[FLOW_MOD] t=15729.585564704 dpid=s17 action=add src=00:00:00:00:00:01 dst=00:00:00:00:00:02 in_port=4 out_port=1
[SPF-DONE] BFS s17->s18 reachable=5/10
[PATH-UNREACHABLE] s17->s18: no path in current topology
[ROUTE-INSTALL] 00:00:00:00:00:02→00:00:00:00:00:03 no path (s17→s18)
[SPF-DONE] BFS s17->s19 reachable=5/10
[PATH-UNREACHABLE] s17->s19: no path in current topology
[ROUTE-INSTALL] 00:00:00:00:00:02→00:00:00:00:00:04 no path (s17→s19)
[SPF-DONE] BFS s18->s16 reachable=5/10
[PATH-UNREACHABLE] s18->s16: no path in current topology
[ROUTE-INSTALL] 00:00:00:00:00:03→00:00:00:00:00:01 no path (s18→s16)
[SPF-DONE] BFS s18->s17 reachable=5/10
[PATH-UNREACHABLE] s18->s17: no path in current topology
[ROUTE-INSTALL] 00:00:00:00:00:03→00:00:00:00:00:02 no path (s18→s17)
[SPF-DONE] BFS s18->s19 reachable=5/10
[PATH-COMPUTED] s18->s19: 2 hop(s) path=s18 -> s6 -> s19
[FLOW-INSTALL] 00:00:00:00:00:03 → 00:00:00:00:00:04: s18 -> s6 -> s19
[FLOW_MOD] t=15729.590213964 dpid=s18 action=delete-strict src=00:00:00:00:00:03 dst=00:00:00:00:00:04 in_port=1 out_port=3
[FLOW_MOD] t=15729.590541697 dpid=s18 action=add src=00:00:00:00:00:03 dst=00:00:00:00:00:04 in_port=1 out_port=3
[FLOW_MOD] t=15729.590928343 dpid=s6 action=delete-strict src=00:00:00:00:00:03 dst=00:00:00:00:00:04 in_port=1 out_port=2
[FLOW_MOD] t=15729.591254199 dpid=s6 action=add src=00:00:00:00:00:03 dst=00:00:00:00:00:04 in_port=1 out_port=2
[FLOW_MOD] t=15729.591705064 dpid=s19 action=delete-strict src=00:00:00:00:00:03 dst=00:00:00:00:00:04 in_port=3 out_port=1
[FLOW_MOD] t=15729.592180772 dpid=s19 action=add src=00:00:00:00:00:03 dst=00:00:00:00:00:04 in_port=3 out_port=1
[FLOW_MOD] t=15729.593042141 dpid=s19 action=delete-strict src=00:00:00:00:00:04 dst=00:00:00:00:00:03 in_port=1 out_port=3
[FLOW_MOD] t=15729.593654381 dpid=s19 action=add src=00:00:00:00:00:04 dst=00:00:00:00:00:03 in_port=1 out_port=3
[FLOW_MOD] t=15729.594241809 dpid=s6 action=delete-strict src=00:00:00:00:00:04 dst=00:00:00:00:00:03 in_port=2 out_port=1
[FLOW_MOD] t=15729.594589541 dpid=s6 action=add src=00:00:00:00:00:04 dst=00:00:00:00:00:03 in_port=2 out_port=1
[FLOW_MOD] t=15729.594959198 dpid=s18 action=delete-strict src=00:00:00:00:00:04 dst=00:00:00:00:00:03 in_port=3 out_port=1
[FLOW_MOD] t=15729.595218960 dpid=s18 action=add src=00:00:00:00:00:04 dst=00:00:00:00:00:03 in_port=3 out_port=1
[SPF-DONE] BFS s19->s16 reachable=5/10
[PATH-UNREACHABLE] s19->s16: no path in current topology
[ROUTE-INSTALL] 00:00:00:00:00:04→00:00:00:00:00:01 no path (s19→s16)
[SPF-DONE] BFS s19->s17 reachable=5/10
[PATH-UNREACHABLE] s19->s17: no path in current topology
[ROUTE-INSTALL] 00:00:00:00:00:04→00:00:00:00:00:02 no path (s19→s17)
[SPF-DONE] BFS s19->s18 reachable=5/10
[PATH-COMPUTED] s19->s18: 2 hop(s) path=s19 -> s6 -> s18
[FLOW-INSTALL] 00:00:00:00:00:04 → 00:00:00:00:00:03: s19 -> s6 -> s18
[FLOW_MOD] t=15729.597677763 dpid=s19 action=delete-strict src=00:00:00:00:00:04 dst=00:00:00:00:00:03 in_port=1 out_port=3
[FLOW_MOD] t=15729.597988368 dpid=s19 action=add src=00:00:00:00:00:04 dst=00:00:00:00:00:03 in_port=1 out_port=3
[FLOW_MOD] t=15729.598380685 dpid=s6 action=delete-strict src=00:00:00:00:00:04 dst=00:00:00:00:00:03 in_port=2 out_port=1
[FLOW_MOD] t=15729.598698432 dpid=s6 action=add src=00:00:00:00:00:04 dst=00:00:00:00:00:03 in_port=2 out_port=1
[FLOW_MOD] t=15729.599169286 dpid=s18 action=delete-strict src=00:00:00:00:00:04 dst=00:00:00:00:00:03 in_port=3 out_port=1
[FLOW_MOD] t=15729.599520206 dpid=s18 action=add src=00:00:00:00:00:04 dst=00:00:00:00:00:03 in_port=3 out_port=1
[FLOW_MOD] t=15729.600073164 dpid=s18 action=delete-strict src=00:00:00:00:00:03 dst=00:00:00:00:00:04 in_port=1 out_port=3
[FLOW_MOD] t=15729.600456391 dpid=s18 action=add src=00:00:00:00:00:03 dst=00:00:00:00:00:04 in_port=1 out_port=3
[FLOW_MOD] t=15729.601015635 dpid=s6 action=delete-strict src=00:00:00:00:00:03 dst=00:00:00:00:00:04 in_port=1 out_port=2
[FLOW_MOD] t=15729.601801378 dpid=s6 action=add src=00:00:00:00:00:03 dst=00:00:00:00:00:04 in_port=1 out_port=2
[FLOW_MOD] t=15729.602532087 dpid=s19 action=delete-strict src=00:00:00:00:00:03 dst=00:00:00:00:00:04 in_port=3 out_port=1
[FLOW_MOD] t=15729.603051954 dpid=s19 action=add src=00:00:00:00:00:03 dst=00:00:00:00:00:04 in_port=3 out_port=1
[TOPO] route refresh: installed=4 skipped=0 unreachable=8 hosts=4
[CONVERGENCE-END] id=3 convergence_ms=46.492 installed=4 skipped=0 unreachable=8 hosts=4
[PORT_STATUS] t=15729.606493399 s16 port=3 reason=delete
[CONVERGENCE-START] id=4 t1=15729.606976896
[PORT_STATUS] t=15729.674003912 s17 port=3 reason=delete
[CONVERGENCE-START-SKIP] id=4 duplicate port-status s17 port=3 reason=delete
[TOPO-CHANGE] (port-status:delete) switches=11 links=24  delta +0 -2
[TOPO-DOWN] [(4, 17), (17, 4)]
[TOPO-REFRESH] flushing 4 flows, rebuilding routes
[TREE-DONE] root=s1 tree_edges=5 reachable=5/11
[SPF-DONE] BFS s16->s17 reachable=5/10
[PATH-COMPUTED] s16->s17: 2 hop(s) path=s16 -> s5 -> s17
[FLOW-INSTALL] 00:00:00:00:00:01 → 00:00:00:00:00:02: s16 -> s5 -> s17
[FLOW_MOD] t=15729.677643739 dpid=s16 action=delete-strict src=00:00:00:00:00:01 dst=00:00:00:00:00:02 in_port=1 out_port=4
[FLOW_MOD] t=15729.677934498 dpid=s16 action=add src=00:00:00:00:00:01 dst=00:00:00:00:00:02 in_port=1 out_port=4
[CONVERGENCE-FLOWMOD] id=4 t2=15729.678209146
[FLOW_MOD] t=15729.678515484 dpid=s5 action=delete-strict src=00:00:00:00:00:01 dst=00:00:00:00:00:02 in_port=1 out_port=2
[FLOW_MOD] t=15729.678767087 dpid=s5 action=add src=00:00:00:00:00:01 dst=00:00:00:00:00:02 in_port=1 out_port=2
[FLOW_MOD] t=15729.679077102 dpid=s17 action=delete-strict src=00:00:00:00:00:01 dst=00:00:00:00:00:02 in_port=4 out_port=1
[FLOW_MOD] t=15729.679331111 dpid=s17 action=add src=00:00:00:00:00:01 dst=00:00:00:00:00:02 in_port=4 out_port=1
[FLOW_MOD] t=15729.679643624 dpid=s17 action=delete-strict src=00:00:00:00:00:02 dst=00:00:00:00:00:01 in_port=1 out_port=4
[FLOW_MOD] t=15729.679901067 dpid=s17 action=add src=00:00:00:00:00:02 dst=00:00:00:00:00:01 in_port=1 out_port=4
[FLOW_MOD] t=15729.680354561 dpid=s5 action=delete-strict src=00:00:00:00:00:02 dst=00:00:00:00:00:01 in_port=2 out_port=1
[FLOW_MOD] t=15729.680691196 dpid=s5 action=add src=00:00:00:00:00:02 dst=00:00:00:00:00:01 in_port=2 out_port=1
[FLOW_MOD] t=15729.681146458 dpid=s16 action=delete-strict src=00:00:00:00:00:02 dst=00:00:00:00:00:01 in_port=4 out_port=1
[FLOW_MOD] t=15729.681503476 dpid=s16 action=add src=00:00:00:00:00:02 dst=00:00:00:00:00:01 in_port=4 out_port=1
[SPF-DONE] BFS s16->s18 reachable=5/10
[PATH-UNREACHABLE] s16->s18: no path in current topology
[ROUTE-INSTALL] 00:00:00:00:00:01→00:00:00:00:00:03 no path (s16→s18)
[SPF-DONE] BFS s16->s19 reachable=5/10
[PATH-UNREACHABLE] s16->s19: no path in current topology
[ROUTE-INSTALL] 00:00:00:00:00:01→00:00:00:00:00:04 no path (s16→s19)
[SPF-DONE] BFS s17->s16 reachable=5/10
[PATH-COMPUTED] s17->s16: 2 hop(s) path=s17 -> s5 -> s16
[FLOW-INSTALL] 00:00:00:00:00:02 → 00:00:00:00:00:01: s17 -> s5 -> s16
[FLOW_MOD] t=15729.685623259 dpid=s17 action=delete-strict src=00:00:00:00:00:02 dst=00:00:00:00:00:01 in_port=1 out_port=4
[FLOW_MOD] t=15729.686001227 dpid=s17 action=add src=00:00:00:00:00:02 dst=00:00:00:00:00:01 in_port=1 out_port=4
[FLOW_MOD] t=15729.686516648 dpid=s5 action=delete-strict src=00:00:00:00:00:02 dst=00:00:00:00:00:01 in_port=2 out_port=1
[FLOW_MOD] t=15729.686825116 dpid=s5 action=add src=00:00:00:00:00:02 dst=00:00:00:00:00:01 in_port=2 out_port=1
[FLOW_MOD] t=15729.687285272 dpid=s16 action=delete-strict src=00:00:00:00:00:02 dst=00:00:00:00:00:01 in_port=4 out_port=1
[FLOW_MOD] t=15729.687613329 dpid=s16 action=add src=00:00:00:00:00:02 dst=00:00:00:00:00:01 in_port=4 out_port=1
[FLOW_MOD] t=15729.688176147 dpid=s16 action=delete-strict src=00:00:00:00:00:01 dst=00:00:00:00:00:02 in_port=1 out_port=4
[FLOW_MOD] t=15729.688571573 dpid=s16 action=add src=00:00:00:00:00:01 dst=00:00:00:00:00:02 in_port=1 out_port=4
[FLOW_MOD] t=15729.689148019 dpid=s5 action=delete-strict src=00:00:00:00:00:01 dst=00:00:00:00:00:02 in_port=1 out_port=2
[FLOW_MOD] t=15729.689574017 dpid=s5 action=add src=00:00:00:00:00:01 dst=00:00:00:00:00:02 in_port=1 out_port=2
[FLOW_MOD] t=15729.690133193 dpid=s17 action=delete-strict src=00:00:00:00:00:01 dst=00:00:00:00:00:02 in_port=4 out_port=1
[FLOW_MOD] t=15729.690533472 dpid=s17 action=add src=00:00:00:00:00:01 dst=00:00:00:00:00:02 in_port=4 out_port=1
[SPF-DONE] BFS s17->s18 reachable=5/10
[PATH-UNREACHABLE] s17->s18: no path in current topology
[ROUTE-INSTALL] 00:00:00:00:00:02→00:00:00:00:00:03 no path (s17→s18)
[SPF-DONE] BFS s17->s19 reachable=5/10
[PATH-UNREACHABLE] s17->s19: no path in current topology
[ROUTE-INSTALL] 00:00:00:00:00:02→00:00:00:00:00:04 no path (s17→s19)
[SPF-DONE] BFS s18->s16 reachable=5/10
[PATH-UNREACHABLE] s18->s16: no path in current topology
[ROUTE-INSTALL] 00:00:00:00:00:03→00:00:00:00:00:01 no path (s18→s16)
[SPF-DONE] BFS s18->s17 reachable=5/10
[PATH-UNREACHABLE] s18->s17: no path in current topology
[ROUTE-INSTALL] 00:00:00:00:00:03→00:00:00:00:00:02 no path (s18→s17)
[SPF-DONE] BFS s18->s19 reachable=5/10
[PATH-COMPUTED] s18->s19: 2 hop(s) path=s18 -> s6 -> s19
[FLOW-INSTALL] 00:00:00:00:00:03 → 00:00:00:00:00:04: s18 -> s6 -> s19
[FLOW_MOD] t=15729.696492886 dpid=s18 action=delete-strict src=00:00:00:00:00:03 dst=00:00:00:00:00:04 in_port=1 out_port=3
[FLOW_MOD] t=15729.696871884 dpid=s18 action=add src=00:00:00:00:00:03 dst=00:00:00:00:00:04 in_port=1 out_port=3
[FLOW_MOD] t=15729.697374627 dpid=s6 action=delete-strict src=00:00:00:00:00:03 dst=00:00:00:00:00:04 in_port=1 out_port=2
[FLOW_MOD] t=15729.697728154 dpid=s6 action=add src=00:00:00:00:00:03 dst=00:00:00:00:00:04 in_port=1 out_port=2
[FLOW_MOD] t=15729.698117561 dpid=s19 action=delete-strict src=00:00:00:00:00:03 dst=00:00:00:00:00:04 in_port=3 out_port=1
[FLOW_MOD] t=15729.698451803 dpid=s19 action=add src=00:00:00:00:00:03 dst=00:00:00:00:00:04 in_port=3 out_port=1
[FLOW_MOD] t=15729.698874945 dpid=s19 action=delete-strict src=00:00:00:00:00:04 dst=00:00:00:00:00:03 in_port=1 out_port=3
[FLOW_MOD] t=15729.699294226 dpid=s19 action=add src=00:00:00:00:00:04 dst=00:00:00:00:00:03 in_port=1 out_port=3
[FLOW_MOD] t=15729.699749296 dpid=s6 action=delete-strict src=00:00:00:00:00:04 dst=00:00:00:00:00:03 in_port=2 out_port=1
[FLOW_MOD] t=15729.700140381 dpid=s6 action=add src=00:00:00:00:00:04 dst=00:00:00:00:00:03 in_port=2 out_port=1
[FLOW_MOD] t=15729.700631181 dpid=s18 action=delete-strict src=00:00:00:00:00:04 dst=00:00:00:00:00:03 in_port=3 out_port=1
[FLOW_MOD] t=15729.701226986 dpid=s18 action=add src=00:00:00:00:00:04 dst=00:00:00:00:00:03 in_port=3 out_port=1
[SPF-DONE] BFS s19->s16 reachable=5/10
[PATH-UNREACHABLE] s19->s16: no path in current topology
[ROUTE-INSTALL] 00:00:00:00:00:04→00:00:00:00:00:01 no path (s19→s16)
[SPF-DONE] BFS s19->s17 reachable=5/10
[PATH-UNREACHABLE] s19->s17: no path in current topology
[ROUTE-INSTALL] 00:00:00:00:00:04→00:00:00:00:00:02 no path (s19→s17)
[SPF-DONE] BFS s19->s18 reachable=5/10
[PATH-COMPUTED] s19->s18: 2 hop(s) path=s19 -> s6 -> s18
[FLOW-INSTALL] 00:00:00:00:00:04 → 00:00:00:00:00:03: s19 -> s6 -> s18
[FLOW_MOD] t=15729.704457355 dpid=s19 action=delete-strict src=00:00:00:00:00:04 dst=00:00:00:00:00:03 in_port=1 out_port=3
[FLOW_MOD] t=15729.704795839 dpid=s19 action=add src=00:00:00:00:00:04 dst=00:00:00:00:00:03 in_port=1 out_port=3
[FLOW_MOD] t=15729.705220864 dpid=s6 action=delete-strict src=00:00:00:00:00:04 dst=00:00:00:00:00:03 in_port=2 out_port=1
[FLOW_MOD] t=15729.705663391 dpid=s6 action=add src=00:00:00:00:00:04 dst=00:00:00:00:00:03 in_port=2 out_port=1
[FLOW_MOD] t=15729.706104642 dpid=s18 action=delete-strict src=00:00:00:00:00:04 dst=00:00:00:00:00:03 in_port=3 out_port=1
[FLOW_MOD] t=15729.706484140 dpid=s18 action=add src=00:00:00:00:00:04 dst=00:00:00:00:00:03 in_port=3 out_port=1
[FLOW_MOD] t=15729.707051378 dpid=s18 action=delete-strict src=00:00:00:00:00:03 dst=00:00:00:00:00:04 in_port=1 out_port=3
[FLOW_MOD] t=15729.707408070 dpid=s18 action=add src=00:00:00:00:00:03 dst=00:00:00:00:00:04 in_port=1 out_port=3
[FLOW_MOD] t=15729.707829799 dpid=s6 action=delete-strict src=00:00:00:00:00:03 dst=00:00:00:00:00:04 in_port=1 out_port=2
[FLOW_MOD] t=15729.708170430 dpid=s6 action=add src=00:00:00:00:00:03 dst=00:00:00:00:00:04 in_port=1 out_port=2
[FLOW_MOD] t=15729.708636997 dpid=s19 action=delete-strict src=00:00:00:00:00:03 dst=00:00:00:00:00:04 in_port=3 out_port=1
[FLOW_MOD] t=15729.708989413 dpid=s19 action=add src=00:00:00:00:00:03 dst=00:00:00:00:00:04 in_port=3 out_port=1
[TOPO] route refresh: installed=4 skipped=0 unreachable=8 hosts=4
[CONVERGENCE-END] id=4 convergence_ms=71.232 installed=4 skipped=0 unreachable=8 hosts=4
[PORT_STATUS] t=15729.713163314 s4 port=2 reason=delete
[CONVERGENCE-START] id=5 t1=15729.713558420
[PORT_STATUS] t=15729.748957804 s1 port=1 reason=modify
[TOPO-CHANGE] (port-status:modify) switches=11 links=22  delta +0 -2
[TOPO-DOWN] [(1, 4), (4, 1)]
[TOPO-REFRESH] flushing 4 flows, rebuilding routes
[TREE-DONE] root=s1 tree_edges=5 reachable=5/11
[SPF-DONE] BFS s16->s17 reachable=5/10
[PATH-COMPUTED] s16->s17: 2 hop(s) path=s16 -> s5 -> s17
[FLOW-INSTALL] 00:00:00:00:00:01 → 00:00:00:00:00:02: s16 -> s5 -> s17
[FLOW_MOD] t=15729.752078455 dpid=s16 action=delete-strict src=00:00:00:00:00:01 dst=00:00:00:00:00:02 in_port=1 out_port=4
[FLOW_MOD] t=15729.752372153 dpid=s16 action=add src=00:00:00:00:00:01 dst=00:00:00:00:00:02 in_port=1 out_port=4
[CONVERGENCE-FLOWMOD] id=5 t2=15729.752631227
[FLOW_MOD] t=15729.752902283 dpid=s5 action=delete-strict src=00:00:00:00:00:01 dst=00:00:00:00:00:02 in_port=1 out_port=2
[FLOW_MOD] t=15729.753170376 dpid=s5 action=add src=00:00:00:00:00:01 dst=00:00:00:00:00:02 in_port=1 out_port=2
[FLOW_MOD] t=15729.753515987 dpid=s17 action=delete-strict src=00:00:00:00:00:01 dst=00:00:00:00:00:02 in_port=4 out_port=1
[FLOW_MOD] t=15729.753982698 dpid=s17 action=add src=00:00:00:00:00:01 dst=00:00:00:00:00:02 in_port=4 out_port=1
[FLOW_MOD] t=15729.754479250 dpid=s17 action=delete-strict src=00:00:00:00:00:02 dst=00:00:00:00:00:01 in_port=1 out_port=4
[FLOW_MOD] t=15729.754797078 dpid=s17 action=add src=00:00:00:00:00:02 dst=00:00:00:00:00:01 in_port=1 out_port=4
[FLOW_MOD] t=15729.755141205 dpid=s5 action=delete-strict src=00:00:00:00:00:02 dst=00:00:00:00:00:01 in_port=2 out_port=1
[FLOW_MOD] t=15729.755468079 dpid=s5 action=add src=00:00:00:00:00:02 dst=00:00:00:00:00:01 in_port=2 out_port=1
[FLOW_MOD] t=15729.755896179 dpid=s16 action=delete-strict src=00:00:00:00:00:02 dst=00:00:00:00:00:01 in_port=4 out_port=1
[FLOW_MOD] t=15729.756256442 dpid=s16 action=add src=00:00:00:00:00:02 dst=00:00:00:00:00:01 in_port=4 out_port=1
[SPF-DONE] BFS s16->s18 reachable=5/10
[PATH-UNREACHABLE] s16->s18: no path in current topology
[ROUTE-INSTALL] 00:00:00:00:00:01→00:00:00:00:00:03 no path (s16→s18)
[SPF-DONE] BFS s16->s19 reachable=5/10
[PATH-UNREACHABLE] s16->s19: no path in current topology
[ROUTE-INSTALL] 00:00:00:00:00:01→00:00:00:00:00:04 no path (s16→s19)
[SPF-DONE] BFS s17->s16 reachable=5/10
[PATH-COMPUTED] s17->s16: 2 hop(s) path=s17 -> s5 -> s16
[FLOW-INSTALL] 00:00:00:00:00:02 → 00:00:00:00:00:01: s17 -> s5 -> s16
[FLOW_MOD] t=15729.758515694 dpid=s17 action=delete-strict src=00:00:00:00:00:02 dst=00:00:00:00:00:01 in_port=1 out_port=4
[FLOW_MOD] t=15729.758787010 dpid=s17 action=add src=00:00:00:00:00:02 dst=00:00:00:00:00:01 in_port=1 out_port=4
[FLOW_MOD] t=15729.760124549 dpid=s5 action=delete-strict src=00:00:00:00:00:02 dst=00:00:00:00:00:01 in_port=2 out_port=1
[FLOW_MOD] t=15729.761130433 dpid=s5 action=add src=00:00:00:00:00:02 dst=00:00:00:00:00:01 in_port=2 out_port=1
[FLOW_MOD] t=15729.762645430 dpid=s16 action=delete-strict src=00:00:00:00:00:02 dst=00:00:00:00:00:01 in_port=4 out_port=1
[FLOW_MOD] t=15729.762998504 dpid=s16 action=add src=00:00:00:00:00:02 dst=00:00:00:00:00:01 in_port=4 out_port=1
[FLOW_MOD] t=15729.763352604 dpid=s16 action=delete-strict src=00:00:00:00:00:01 dst=00:00:00:00:00:02 in_port=1 out_port=4
[FLOW_MOD] t=15729.763632917 dpid=s16 action=add src=00:00:00:00:00:01 dst=00:00:00:00:00:02 in_port=1 out_port=4
[FLOW_MOD] t=15729.763953993 dpid=s5 action=delete-strict src=00:00:00:00:00:01 dst=00:00:00:00:00:02 in_port=1 out_port=2
[FLOW_MOD] t=15729.764250168 dpid=s5 action=add src=00:00:00:00:00:01 dst=00:00:00:00:00:02 in_port=1 out_port=2
[FLOW_MOD] t=15729.764587290 dpid=s17 action=delete-strict src=00:00:00:00:00:01 dst=00:00:00:00:00:02 in_port=4 out_port=1
[FLOW_MOD] t=15729.764839204 dpid=s17 action=add src=00:00:00:00:00:01 dst=00:00:00:00:00:02 in_port=4 out_port=1
[SPF-DONE] BFS s17->s18 reachable=5/10
[PATH-UNREACHABLE] s17->s18: no path in current topology
[ROUTE-INSTALL] 00:00:00:00:00:02→00:00:00:00:00:03 no path (s17→s18)
[SPF-DONE] BFS s17->s19 reachable=5/10
[PATH-UNREACHABLE] s17->s19: no path in current topology
[ROUTE-INSTALL] 00:00:00:00:00:02→00:00:00:00:00:04 no path (s17→s19)
[SPF-DONE] BFS s18->s16 reachable=5/10
[PATH-UNREACHABLE] s18->s16: no path in current topology
[ROUTE-INSTALL] 00:00:00:00:00:03→00:00:00:00:00:01 no path (s18→s16)
[SPF-DONE] BFS s18->s17 reachable=5/10
[PATH-UNREACHABLE] s18->s17: no path in current topology
[ROUTE-INSTALL] 00:00:00:00:00:03→00:00:00:00:00:02 no path (s18→s17)
[SPF-DONE] BFS s18->s19 reachable=5/10
[PATH-COMPUTED] s18->s19: 2 hop(s) path=s18 -> s6 -> s19
[FLOW-INSTALL] 00:00:00:00:00:03 → 00:00:00:00:00:04: s18 -> s6 -> s19
[FLOW_MOD] t=15729.769327563 dpid=s18 action=delete-strict src=00:00:00:00:00:03 dst=00:00:00:00:00:04 in_port=1 out_port=3
[FLOW_MOD] t=15729.769617677 dpid=s18 action=add src=00:00:00:00:00:03 dst=00:00:00:00:00:04 in_port=1 out_port=3
[FLOW_MOD] t=15729.769968591 dpid=s6 action=delete-strict src=00:00:00:00:00:03 dst=00:00:00:00:00:04 in_port=1 out_port=2
[FLOW_MOD] t=15729.771339738 dpid=s6 action=add src=00:00:00:00:00:03 dst=00:00:00:00:00:04 in_port=1 out_port=2
[FLOW_MOD] t=15729.771965210 dpid=s19 action=delete-strict src=00:00:00:00:00:03 dst=00:00:00:00:00:04 in_port=3 out_port=1
[FLOW_MOD] t=15729.772346810 dpid=s19 action=add src=00:00:00:00:00:03 dst=00:00:00:00:00:04 in_port=3 out_port=1
[FLOW_MOD] t=15729.772797846 dpid=s19 action=delete-strict src=00:00:00:00:00:04 dst=00:00:00:00:00:03 in_port=1 out_port=3
[FLOW_MOD] t=15729.773134182 dpid=s19 action=add src=00:00:00:00:00:04 dst=00:00:00:00:00:03 in_port=1 out_port=3
[FLOW_MOD] t=15729.773496137 dpid=s6 action=delete-strict src=00:00:00:00:00:04 dst=00:00:00:00:00:03 in_port=2 out_port=1
[FLOW_MOD] t=15729.773781986 dpid=s6 action=add src=00:00:00:00:00:04 dst=00:00:00:00:00:03 in_port=2 out_port=1
[FLOW_MOD] t=15729.774155486 dpid=s18 action=delete-strict src=00:00:00:00:00:04 dst=00:00:00:00:00:03 in_port=3 out_port=1
[FLOW_MOD] t=15729.774426406 dpid=s18 action=add src=00:00:00:00:00:04 dst=00:00:00:00:00:03 in_port=3 out_port=1
[SPF-DONE] BFS s19->s16 reachable=5/10
[PATH-UNREACHABLE] s19->s16: no path in current topology
[ROUTE-INSTALL] 00:00:00:00:00:04→00:00:00:00:00:01 no path (s19→s16)
[SPF-DONE] BFS s19->s17 reachable=5/10
[PATH-UNREACHABLE] s19->s17: no path in current topology
[ROUTE-INSTALL] 00:00:00:00:00:04→00:00:00:00:00:02 no path (s19→s17)
[SPF-DONE] BFS s19->s18 reachable=5/10
[PATH-COMPUTED] s19->s18: 2 hop(s) path=s19 -> s6 -> s18
[FLOW-INSTALL] 00:00:00:00:00:04 → 00:00:00:00:00:03: s19 -> s6 -> s18
[FLOW_MOD] t=15729.776815368 dpid=s19 action=delete-strict src=00:00:00:00:00:04 dst=00:00:00:00:00:03 in_port=1 out_port=3
[FLOW_MOD] t=15729.777126721 dpid=s19 action=add src=00:00:00:00:00:04 dst=00:00:00:00:00:03 in_port=1 out_port=3
[FLOW_MOD] t=15729.777516523 dpid=s6 action=delete-strict src=00:00:00:00:00:04 dst=00:00:00:00:00:03 in_port=2 out_port=1
[FLOW_MOD] t=15729.777808231 dpid=s6 action=add src=00:00:00:00:00:04 dst=00:00:00:00:00:03 in_port=2 out_port=1
[FLOW_MOD] t=15729.778202718 dpid=s18 action=delete-strict src=00:00:00:00:00:04 dst=00:00:00:00:00:03 in_port=3 out_port=1
[FLOW_MOD] t=15729.778474219 dpid=s18 action=add src=00:00:00:00:00:04 dst=00:00:00:00:00:03 in_port=3 out_port=1
[FLOW_MOD] t=15729.778822889 dpid=s18 action=delete-strict src=00:00:00:00:00:03 dst=00:00:00:00:00:04 in_port=1 out_port=3
[FLOW_MOD] t=15729.779076881 dpid=s18 action=add src=00:00:00:00:00:03 dst=00:00:00:00:00:04 in_port=1 out_port=3
[FLOW_MOD] t=15729.779408750 dpid=s6 action=delete-strict src=00:00:00:00:00:03 dst=00:00:00:00:00:04 in_port=1 out_port=2
[FLOW_MOD] t=15729.779662556 dpid=s6 action=add src=00:00:00:00:00:03 dst=00:00:00:00:00:04 in_port=1 out_port=2
[FLOW_MOD] t=15729.780150214 dpid=s19 action=delete-strict src=00:00:00:00:00:03 dst=00:00:00:00:00:04 in_port=3 out_port=1
[FLOW_MOD] t=15729.780462236 dpid=s19 action=add src=00:00:00:00:00:03 dst=00:00:00:00:00:04 in_port=3 out_port=1
[TOPO] route refresh: installed=4 skipped=0 unreachable=8 hosts=4
[CONVERGENCE-END] id=5 convergence_ms=39.073 installed=4 skipped=0 unreachable=8 hosts=4
[PORT_STATUS] t=15729.783108007 s1 port=1 reason=delete
[CONVERGENCE-START] id=6 t1=15729.783399308
[PORT_STATUS] t=15729.786631792 s4 port=4 reason=modify
[PORT_STATUS] t=15729.787358729 s4 port=4 reason=delete
[CONVERGENCE-START-SKIP] id=6 duplicate port-status s4 port=4 reason=delete
[PORT_STATUS] t=15729.857340808 s5 port=3 reason=delete
[CONVERGENCE-START-SKIP] id=6 duplicate port-status s5 port=3 reason=delete
[TOPO-CHANGE] (port-status:delete) switches=11 links=20  delta +0 -2
[TOPO-DOWN] [(4, 5), (5, 4)]
[TOPO-REFRESH] flushing 4 flows, rebuilding routes
[TREE-DONE] root=s1 tree_edges=4 reachable=4/11
[SPF-DONE] BFS s16->s17 reachable=4/9
[PATH-COMPUTED] s16->s17: 2 hop(s) path=s16 -> s5 -> s17
[FLOW-INSTALL] 00:00:00:00:00:01 → 00:00:00:00:00:02: s16 -> s5 -> s17
[FLOW_MOD] t=15729.861608569 dpid=s16 action=delete-strict src=00:00:00:00:00:01 dst=00:00:00:00:00:02 in_port=1 out_port=4
[FLOW_MOD] t=15729.862042472 dpid=s16 action=add src=00:00:00:00:00:01 dst=00:00:00:00:00:02 in_port=1 out_port=4
[CONVERGENCE-FLOWMOD] id=6 t2=15729.862601994
[FLOW_MOD] t=15729.863068781 dpid=s5 action=delete-strict src=00:00:00:00:00:01 dst=00:00:00:00:00:02 in_port=1 out_port=2
[FLOW_MOD] t=15729.863445008 dpid=s5 action=add src=00:00:00:00:00:01 dst=00:00:00:00:00:02 in_port=1 out_port=2
[FLOW_MOD] t=15729.863882579 dpid=s17 action=delete-strict src=00:00:00:00:00:01 dst=00:00:00:00:00:02 in_port=4 out_port=1
[FLOW_MOD] t=15729.864345791 dpid=s17 action=add src=00:00:00:00:00:01 dst=00:00:00:00:00:02 in_port=4 out_port=1
[FLOW_MOD] t=15729.864873136 dpid=s17 action=delete-strict src=00:00:00:00:00:02 dst=00:00:00:00:00:01 in_port=1 out_port=4
[FLOW_MOD] t=15729.865234645 dpid=s17 action=add src=00:00:00:00:00:02 dst=00:00:00:00:00:01 in_port=1 out_port=4
[FLOW_MOD] t=15729.866139411 dpid=s5 action=delete-strict src=00:00:00:00:00:02 dst=00:00:00:00:00:01 in_port=2 out_port=1
[FLOW_MOD] t=15729.866483980 dpid=s5 action=add src=00:00:00:00:00:02 dst=00:00:00:00:00:01 in_port=2 out_port=1
[FLOW_MOD] t=15729.866834417 dpid=s16 action=delete-strict src=00:00:00:00:00:02 dst=00:00:00:00:00:01 in_port=4 out_port=1
[FLOW_MOD] t=15729.867108102 dpid=s16 action=add src=00:00:00:00:00:02 dst=00:00:00:00:00:01 in_port=4 out_port=1
[SPF-DONE] BFS s16->s18 reachable=4/9
[PATH-UNREACHABLE] s16->s18: no path in current topology
[ROUTE-INSTALL] 00:00:00:00:00:01→00:00:00:00:00:03 no path (s16→s18)
[SPF-DONE] BFS s16->s19 reachable=4/9
[PATH-UNREACHABLE] s16->s19: no path in current topology
[ROUTE-INSTALL] 00:00:00:00:00:01→00:00:00:00:00:04 no path (s16→s19)
[SPF-DONE] BFS s17->s16 reachable=4/9
[PATH-COMPUTED] s17->s16: 2 hop(s) path=s17 -> s5 -> s16
[FLOW-INSTALL] 00:00:00:00:00:02 → 00:00:00:00:00:01: s17 -> s5 -> s16
[FLOW_MOD] t=15729.870641964 dpid=s17 action=delete-strict src=00:00:00:00:00:02 dst=00:00:00:00:00:01 in_port=1 out_port=4
[FLOW_MOD] t=15729.871017547 dpid=s17 action=add src=00:00:00:00:00:02 dst=00:00:00:00:00:01 in_port=1 out_port=4
[FLOW_MOD] t=15729.871698093 dpid=s5 action=delete-strict src=00:00:00:00:00:02 dst=00:00:00:00:00:01 in_port=2 out_port=1
[FLOW_MOD] t=15729.872170567 dpid=s5 action=add src=00:00:00:00:00:02 dst=00:00:00:00:00:01 in_port=2 out_port=1
[FLOW_MOD] t=15729.872774287 dpid=s16 action=delete-strict src=00:00:00:00:00:02 dst=00:00:00:00:00:01 in_port=4 out_port=1
[FLOW_MOD] t=15729.873105190 dpid=s16 action=add src=00:00:00:00:00:02 dst=00:00:00:00:00:01 in_port=4 out_port=1
[FLOW_MOD] t=15729.873525436 dpid=s16 action=delete-strict src=00:00:00:00:00:01 dst=00:00:00:00:00:02 in_port=1 out_port=4
[FLOW_MOD] t=15729.873861760 dpid=s16 action=add src=00:00:00:00:00:01 dst=00:00:00:00:00:02 in_port=1 out_port=4
[FLOW_MOD] t=15729.874359839 dpid=s5 action=delete-strict src=00:00:00:00:00:01 dst=00:00:00:00:00:02 in_port=1 out_port=2
[FLOW_MOD] t=15729.874683915 dpid=s5 action=add src=00:00:00:00:00:01 dst=00:00:00:00:00:02 in_port=1 out_port=2
[FLOW_MOD] t=15729.875110142 dpid=s17 action=delete-strict src=00:00:00:00:00:01 dst=00:00:00:00:00:02 in_port=4 out_port=1
[FLOW_MOD] t=15729.875415818 dpid=s17 action=add src=00:00:00:00:00:01 dst=00:00:00:00:00:02 in_port=4 out_port=1
[SPF-DONE] BFS s17->s18 reachable=4/9
[PATH-UNREACHABLE] s17->s18: no path in current topology
[ROUTE-INSTALL] 00:00:00:00:00:02→00:00:00:00:00:03 no path (s17→s18)
[SPF-DONE] BFS s17->s19 reachable=4/9
[PATH-UNREACHABLE] s17->s19: no path in current topology
[ROUTE-INSTALL] 00:00:00:00:00:02→00:00:00:00:00:04 no path (s17→s19)
[SPF-DONE] BFS s18->s16 reachable=5/9
[PATH-UNREACHABLE] s18->s16: no path in current topology
[ROUTE-INSTALL] 00:00:00:00:00:03→00:00:00:00:00:01 no path (s18→s16)
[SPF-DONE] BFS s18->s17 reachable=5/9
[PATH-UNREACHABLE] s18->s17: no path in current topology
[ROUTE-INSTALL] 00:00:00:00:00:03→00:00:00:00:00:02 no path (s18→s17)
[SPF-DONE] BFS s18->s19 reachable=5/9
[PATH-COMPUTED] s18->s19: 2 hop(s) path=s18 -> s6 -> s19
[FLOW-INSTALL] 00:00:00:00:00:03 → 00:00:00:00:00:04: s18 -> s6 -> s19
[FLOW_MOD] t=15729.880759385 dpid=s18 action=delete-strict src=00:00:00:00:00:03 dst=00:00:00:00:00:04 in_port=1 out_port=3
[FLOW_MOD] t=15729.882081922 dpid=s18 action=add src=00:00:00:00:00:03 dst=00:00:00:00:00:04 in_port=1 out_port=3
[FLOW_MOD] t=15729.882531928 dpid=s6 action=delete-strict src=00:00:00:00:00:03 dst=00:00:00:00:00:04 in_port=1 out_port=2
[FLOW_MOD] t=15729.882830409 dpid=s6 action=add src=00:00:00:00:00:03 dst=00:00:00:00:00:04 in_port=1 out_port=2
[FLOW_MOD] t=15729.883187753 dpid=s19 action=delete-strict src=00:00:00:00:00:03 dst=00:00:00:00:00:04 in_port=3 out_port=1
[FLOW_MOD] t=15729.883508530 dpid=s19 action=add src=00:00:00:00:00:03 dst=00:00:00:00:00:04 in_port=3 out_port=1
[FLOW_MOD] t=15729.883938748 dpid=s19 action=delete-strict src=00:00:00:00:00:04 dst=00:00:00:00:00:03 in_port=1 out_port=3
[FLOW_MOD] t=15729.884351601 dpid=s19 action=add src=00:00:00:00:00:04 dst=00:00:00:00:00:03 in_port=1 out_port=3
[FLOW_MOD] t=15729.884833869 dpid=s6 action=delete-strict src=00:00:00:00:00:04 dst=00:00:00:00:00:03 in_port=2 out_port=1
[FLOW_MOD] t=15729.885182654 dpid=s6 action=add src=00:00:00:00:00:04 dst=00:00:00:00:00:03 in_port=2 out_port=1
[FLOW_MOD] t=15729.885564640 dpid=s18 action=delete-strict src=00:00:00:00:00:04 dst=00:00:00:00:00:03 in_port=3 out_port=1
[FLOW_MOD] t=15729.885864919 dpid=s18 action=add src=00:00:00:00:00:04 dst=00:00:00:00:00:03 in_port=3 out_port=1
[SPF-DONE] BFS s19->s16 reachable=5/9
[PATH-UNREACHABLE] s19->s16: no path in current topology
[ROUTE-INSTALL] 00:00:00:00:00:04→00:00:00:00:00:01 no path (s19→s16)
[SPF-DONE] BFS s19->s17 reachable=5/9
[PATH-UNREACHABLE] s19->s17: no path in current topology
[ROUTE-INSTALL] 00:00:00:00:00:04→00:00:00:00:00:02 no path (s19→s17)
[SPF-DONE] BFS s19->s18 reachable=5/9
[PATH-COMPUTED] s19->s18: 2 hop(s) path=s19 -> s6 -> s18
[FLOW-INSTALL] 00:00:00:00:00:04 → 00:00:00:00:00:03: s19 -> s6 -> s18
[FLOW_MOD] t=15729.890497945 dpid=s19 action=delete-strict src=00:00:00:00:00:04 dst=00:00:00:00:00:03 in_port=1 out_port=3
[FLOW_MOD] t=15729.891063899 dpid=s19 action=add src=00:00:00:00:00:04 dst=00:00:00:00:00:03 in_port=1 out_port=3
[FLOW_MOD] t=15729.892735898 dpid=s6 action=delete-strict src=00:00:00:00:00:04 dst=00:00:00:00:00:03 in_port=2 out_port=1
[FLOW_MOD] t=15729.893940651 dpid=s6 action=add src=00:00:00:00:00:04 dst=00:00:00:00:00:03 in_port=2 out_port=1
[FLOW_MOD] t=15729.895647697 dpid=s18 action=delete-strict src=00:00:00:00:00:04 dst=00:00:00:00:00:03 in_port=3 out_port=1
[FLOW_MOD] t=15729.896137326 dpid=s18 action=add src=00:00:00:00:00:04 dst=00:00:00:00:00:03 in_port=3 out_port=1
[FLOW_MOD] t=15729.896590710 dpid=s18 action=delete-strict src=00:00:00:00:00:03 dst=00:00:00:00:00:04 in_port=1 out_port=3
[FLOW_MOD] t=15729.896879011 dpid=s18 action=add src=00:00:00:00:00:03 dst=00:00:00:00:00:04 in_port=1 out_port=3
[FLOW_MOD] t=15729.897320852 dpid=s6 action=delete-strict src=00:00:00:00:00:03 dst=00:00:00:00:00:04 in_port=1 out_port=2
[FLOW_MOD] t=15729.897615219 dpid=s6 action=add src=00:00:00:00:00:03 dst=00:00:00:00:00:04 in_port=1 out_port=2
[FLOW_MOD] t=15729.897968059 dpid=s19 action=delete-strict src=00:00:00:00:00:03 dst=00:00:00:00:00:04 in_port=3 out_port=1
[FLOW_MOD] t=15729.898280224 dpid=s19 action=add src=00:00:00:00:00:03 dst=00:00:00:00:00:04 in_port=3 out_port=1
[TOPO] route refresh: installed=4 skipped=0 unreachable=8 hosts=4
[CONVERGENCE-END] id=6 convergence_ms=79.203 installed=4 skipped=0 unreachable=8 hosts=4
[PORT_STATUS] t=15729.902437707 s4 port=3 reason=delete
[CONVERGENCE-START] id=7 t1=15729.902871077
[PORT_STATUS] t=15729.915255985 s5 port=1 reason=delete
[CONVERGENCE-START-SKIP] id=7 duplicate port-status s5 port=1 reason=delete
[TOPO-CHANGE] (port-status:delete) switches=11 links=18  delta +0 -2
[TOPO-DOWN] [(5, 16), (16, 5)]
[TOPO-REFRESH] flushing 4 flows, rebuilding routes
[TREE-DONE] root=s1 tree_edges=3 reachable=3/11
[SPF-DONE] BFS s16->s17 reachable=0/8
[PATH-UNREACHABLE] s16->s17: no path in current topology
[ROUTE-INSTALL] 00:00:00:00:00:01→00:00:00:00:00:02 no path (s16→s17)
[SPF-DONE] BFS s16->s18 reachable=0/8
[PATH-UNREACHABLE] s16->s18: no path in current topology
[ROUTE-INSTALL] 00:00:00:00:00:01→00:00:00:00:00:03 no path (s16→s18)
[SPF-DONE] BFS s16->s19 reachable=0/8
[PATH-UNREACHABLE] s16->s19: no path in current topology
[ROUTE-INSTALL] 00:00:00:00:00:01→00:00:00:00:00:04 no path (s16→s19)
[SPF-DONE] BFS s17->s16 reachable=3/8
[PATH-UNREACHABLE] s17->s16: no path in current topology
[ROUTE-INSTALL] 00:00:00:00:00:02→00:00:00:00:00:01 no path (s17→s16)
[SPF-DONE] BFS s17->s18 reachable=3/8
[PATH-UNREACHABLE] s17->s18: no path in current topology
[ROUTE-INSTALL] 00:00:00:00:00:02→00:00:00:00:00:03 no path (s17→s18)
[SPF-DONE] BFS s17->s19 reachable=3/8
[PATH-UNREACHABLE] s17->s19: no path in current topology
[ROUTE-INSTALL] 00:00:00:00:00:02→00:00:00:00:00:04 no path (s17→s19)
[SPF-DONE] BFS s18->s16 reachable=5/8
[PATH-UNREACHABLE] s18->s16: no path in current topology
[ROUTE-INSTALL] 00:00:00:00:00:03→00:00:00:00:00:01 no path (s18→s16)
[SPF-DONE] BFS s18->s17 reachable=5/8
[PATH-UNREACHABLE] s18->s17: no path in current topology
[ROUTE-INSTALL] 00:00:00:00:00:03→00:00:00:00:00:02 no path (s18→s17)
[SPF-DONE] BFS s18->s19 reachable=5/8
[PATH-COMPUTED] s18->s19: 2 hop(s) path=s18 -> s6 -> s19
[FLOW-INSTALL] 00:00:00:00:00:03 → 00:00:00:00:00:04: s18 -> s6 -> s19
[FLOW_MOD] t=15729.925445770 dpid=s18 action=delete-strict src=00:00:00:00:00:03 dst=00:00:00:00:00:04 in_port=1 out_port=3
[FLOW_MOD] t=15729.925756323 dpid=s18 action=add src=00:00:00:00:00:03 dst=00:00:00:00:00:04 in_port=1 out_port=3
[CONVERGENCE-FLOWMOD] id=7 t2=15729.926053665
[FLOW_MOD] t=15729.926391340 dpid=s6 action=delete-strict src=00:00:00:00:00:03 dst=00:00:00:00:00:04 in_port=1 out_port=2
[FLOW_MOD] t=15729.926686079 dpid=s6 action=add src=00:00:00:00:00:03 dst=00:00:00:00:00:04 in_port=1 out_port=2
[FLOW_MOD] t=15729.927035124 dpid=s19 action=delete-strict src=00:00:00:00:00:03 dst=00:00:00:00:00:04 in_port=3 out_port=1
[FLOW_MOD] t=15729.927355556 dpid=s19 action=add src=00:00:00:00:00:03 dst=00:00:00:00:00:04 in_port=3 out_port=1
[FLOW_MOD] t=15729.927775933 dpid=s19 action=delete-strict src=00:00:00:00:00:04 dst=00:00:00:00:00:03 in_port=1 out_port=3
[FLOW_MOD] t=15729.928141994 dpid=s19 action=add src=00:00:00:00:00:04 dst=00:00:00:00:00:03 in_port=1 out_port=3
[FLOW_MOD] t=15729.928508659 dpid=s6 action=delete-strict src=00:00:00:00:00:04 dst=00:00:00:00:00:03 in_port=2 out_port=1
[FLOW_MOD] t=15729.928770372 dpid=s6 action=add src=00:00:00:00:00:04 dst=00:00:00:00:00:03 in_port=2 out_port=1
[FLOW_MOD] t=15729.929177411 dpid=s18 action=delete-strict src=00:00:00:00:00:04 dst=00:00:00:00:00:03 in_port=3 out_port=1
[FLOW_MOD] t=15729.929442180 dpid=s18 action=add src=00:00:00:00:00:04 dst=00:00:00:00:00:03 in_port=3 out_port=1
[SPF-DONE] BFS s19->s16 reachable=5/8
[PATH-UNREACHABLE] s19->s16: no path in current topology
[ROUTE-INSTALL] 00:00:00:00:00:04→00:00:00:00:00:01 no path (s19→s16)
[SPF-DONE] BFS s19->s17 reachable=5/8
[PATH-UNREACHABLE] s19->s17: no path in current topology
[ROUTE-INSTALL] 00:00:00:00:00:04→00:00:00:00:00:02 no path (s19→s17)
[SPF-DONE] BFS s19->s18 reachable=5/8
[PATH-COMPUTED] s19->s18: 2 hop(s) path=s19 -> s6 -> s18
[FLOW-INSTALL] 00:00:00:00:00:04 → 00:00:00:00:00:03: s19 -> s6 -> s18
[FLOW_MOD] t=15729.932284157 dpid=s19 action=delete-strict src=00:00:00:00:00:04 dst=00:00:00:00:00:03 in_port=1 out_port=3
[FLOW_MOD] t=15729.932691379 dpid=s19 action=add src=00:00:00:00:00:04 dst=00:00:00:00:00:03 in_port=1 out_port=3
[FLOW_MOD] t=15729.933162341 dpid=s6 action=delete-strict src=00:00:00:00:00:04 dst=00:00:00:00:00:03 in_port=2 out_port=1
[FLOW_MOD] t=15729.933460792 dpid=s6 action=add src=00:00:00:00:00:04 dst=00:00:00:00:00:03 in_port=2 out_port=1
[FLOW_MOD] t=15729.933870550 dpid=s18 action=delete-strict src=00:00:00:00:00:04 dst=00:00:00:00:00:03 in_port=3 out_port=1
[FLOW_MOD] t=15729.934170124 dpid=s18 action=add src=00:00:00:00:00:04 dst=00:00:00:00:00:03 in_port=3 out_port=1
[FLOW_MOD] t=15729.934526221 dpid=s18 action=delete-strict src=00:00:00:00:00:03 dst=00:00:00:00:00:04 in_port=1 out_port=3
[FLOW_MOD] t=15729.934791156 dpid=s18 action=add src=00:00:00:00:00:03 dst=00:00:00:00:00:04 in_port=1 out_port=3
[FLOW_MOD] t=15729.935163059 dpid=s6 action=delete-strict src=00:00:00:00:00:03 dst=00:00:00:00:00:04 in_port=1 out_port=2
[FLOW_MOD] t=15729.937184124 dpid=s6 action=add src=00:00:00:00:00:03 dst=00:00:00:00:00:04 in_port=1 out_port=2
[FLOW_MOD] t=15729.937869883 dpid=s19 action=delete-strict src=00:00:00:00:00:03 dst=00:00:00:00:00:04 in_port=3 out_port=1
[FLOW_MOD] t=15729.938272565 dpid=s19 action=add src=00:00:00:00:00:03 dst=00:00:00:00:00:04 in_port=3 out_port=1
[TOPO] route refresh: installed=2 skipped=0 unreachable=10 hosts=4
[CONVERGENCE-END] id=7 convergence_ms=23.183 installed=2 skipped=0 unreachable=10 hosts=4
[PORT_STATUS] t=15729.940312300 s16 port=4 reason=delete
[CONVERGENCE-START] id=8 t1=15729.941381724
[PORT_STATUS] t=15729.980419716 s17 port=4 reason=delete
[CONVERGENCE-START-SKIP] id=8 duplicate port-status s17 port=4 reason=delete
[TOPO-CHANGE] (port-status:delete) switches=11 links=16  delta +0 -2
[TOPO-DOWN] [(5, 17), (17, 5)]
[TOPO-REFRESH] flushing 2 flows, rebuilding routes
[TREE-DONE] root=s1 tree_edges=2 reachable=2/11
[SPF-DONE] BFS s16->s17 reachable=0/7
[PATH-UNREACHABLE] s16->s17: no path in current topology
[ROUTE-INSTALL] 00:00:00:00:00:01→00:00:00:00:00:02 no path (s16→s17)
[SPF-DONE] BFS s16->s18 reachable=0/7
[PATH-UNREACHABLE] s16->s18: no path in current topology
[ROUTE-INSTALL] 00:00:00:00:00:01→00:00:00:00:00:03 no path (s16→s18)
[SPF-DONE] BFS s16->s19 reachable=0/7
[PATH-UNREACHABLE] s16->s19: no path in current topology
[ROUTE-INSTALL] 00:00:00:00:00:01→00:00:00:00:00:04 no path (s16→s19)
[SPF-DONE] BFS s17->s16 reachable=0/7
[PATH-UNREACHABLE] s17->s16: no path in current topology
[ROUTE-INSTALL] 00:00:00:00:00:02→00:00:00:00:00:01 no path (s17→s16)
[SPF-DONE] BFS s17->s18 reachable=0/7
[PATH-UNREACHABLE] s17->s18: no path in current topology
[ROUTE-INSTALL] 00:00:00:00:00:02→00:00:00:00:00:03 no path (s17→s18)
[SPF-DONE] BFS s17->s19 reachable=0/7
[PATH-UNREACHABLE] s17->s19: no path in current topology
[ROUTE-INSTALL] 00:00:00:00:00:02→00:00:00:00:00:04 no path (s17→s19)
[SPF-DONE] BFS s18->s16 reachable=5/7
[PATH-UNREACHABLE] s18->s16: no path in current topology
[ROUTE-INSTALL] 00:00:00:00:00:03→00:00:00:00:00:01 no path (s18→s16)
[SPF-DONE] BFS s18->s17 reachable=5/7
[PATH-UNREACHABLE] s18->s17: no path in current topology
[ROUTE-INSTALL] 00:00:00:00:00:03→00:00:00:00:00:02 no path (s18→s17)
[SPF-DONE] BFS s18->s19 reachable=5/7
[PATH-COMPUTED] s18->s19: 2 hop(s) path=s18 -> s6 -> s19
[FLOW-INSTALL] 00:00:00:00:00:03 → 00:00:00:00:00:04: s18 -> s6 -> s19
[FLOW_MOD] t=15729.990939130 dpid=s18 action=delete-strict src=00:00:00:00:00:03 dst=00:00:00:00:00:04 in_port=1 out_port=3
[FLOW_MOD] t=15729.991297001 dpid=s18 action=add src=00:00:00:00:00:03 dst=00:00:00:00:00:04 in_port=1 out_port=3
[CONVERGENCE-FLOWMOD] id=8 t2=15729.991588407
[FLOW_MOD] t=15729.991892550 dpid=s6 action=delete-strict src=00:00:00:00:00:03 dst=00:00:00:00:00:04 in_port=1 out_port=2
[FLOW_MOD] t=15729.992440196 dpid=s6 action=add src=00:00:00:00:00:03 dst=00:00:00:00:00:04 in_port=1 out_port=2
[FLOW_MOD] t=15729.993061420 dpid=s19 action=delete-strict src=00:00:00:00:00:03 dst=00:00:00:00:00:04 in_port=3 out_port=1
[FLOW_MOD] t=15729.993394897 dpid=s19 action=add src=00:00:00:00:00:03 dst=00:00:00:00:00:04 in_port=3 out_port=1
[FLOW_MOD] t=15729.993815130 dpid=s19 action=delete-strict src=00:00:00:00:00:04 dst=00:00:00:00:00:03 in_port=1 out_port=3
[FLOW_MOD] t=15729.994128396 dpid=s19 action=add src=00:00:00:00:00:04 dst=00:00:00:00:00:03 in_port=1 out_port=3
[FLOW_MOD] t=15729.994594273 dpid=s6 action=delete-strict src=00:00:00:00:00:04 dst=00:00:00:00:00:03 in_port=2 out_port=1
[FLOW_MOD] t=15729.994935522 dpid=s6 action=add src=00:00:00:00:00:04 dst=00:00:00:00:00:03 in_port=2 out_port=1
[FLOW_MOD] t=15729.995344832 dpid=s18 action=delete-strict src=00:00:00:00:00:04 dst=00:00:00:00:00:03 in_port=3 out_port=1
[FLOW_MOD] t=15729.995697669 dpid=s18 action=add src=00:00:00:00:00:04 dst=00:00:00:00:00:03 in_port=3 out_port=1
[SPF-DONE] BFS s19->s16 reachable=5/7
[PATH-UNREACHABLE] s19->s16: no path in current topology
[ROUTE-INSTALL] 00:00:00:00:00:04→00:00:00:00:00:01 no path (s19→s16)
[SPF-DONE] BFS s19->s17 reachable=5/7
[PATH-UNREACHABLE] s19->s17: no path in current topology
[ROUTE-INSTALL] 00:00:00:00:00:04→00:00:00:00:00:02 no path (s19→s17)
[SPF-DONE] BFS s19->s18 reachable=5/7
[PATH-COMPUTED] s19->s18: 2 hop(s) path=s19 -> s6 -> s18
[FLOW-INSTALL] 00:00:00:00:00:04 → 00:00:00:00:00:03: s19 -> s6 -> s18
[FLOW_MOD] t=15729.998704377 dpid=s19 action=delete-strict src=00:00:00:00:00:04 dst=00:00:00:00:00:03 in_port=1 out_port=3
[FLOW_MOD] t=15729.999020482 dpid=s19 action=add src=00:00:00:00:00:04 dst=00:00:00:00:00:03 in_port=1 out_port=3
[FLOW_MOD] t=15729.999406277 dpid=s6 action=delete-strict src=00:00:00:00:00:04 dst=00:00:00:00:00:03 in_port=2 out_port=1
[FLOW_MOD] t=15729.999681809 dpid=s6 action=add src=00:00:00:00:00:04 dst=00:00:00:00:00:03 in_port=2 out_port=1
[FLOW_MOD] t=15730.000169846 dpid=s18 action=delete-strict src=00:00:00:00:00:04 dst=00:00:00:00:00:03 in_port=3 out_port=1
[FLOW_MOD] t=15730.000534391 dpid=s18 action=add src=00:00:00:00:00:04 dst=00:00:00:00:00:03 in_port=3 out_port=1
[FLOW_MOD] t=15730.000925125 dpid=s18 action=delete-strict src=00:00:00:00:00:03 dst=00:00:00:00:00:04 in_port=1 out_port=3
[FLOW_MOD] t=15730.001270018 dpid=s18 action=add src=00:00:00:00:00:03 dst=00:00:00:00:00:04 in_port=1 out_port=3
[FLOW_MOD] t=15730.001608859 dpid=s6 action=delete-strict src=00:00:00:00:00:03 dst=00:00:00:00:00:04 in_port=1 out_port=2
[FLOW_MOD] t=15730.001949350 dpid=s6 action=add src=00:00:00:00:00:03 dst=00:00:00:00:00:04 in_port=1 out_port=2
[FLOW_MOD] t=15730.002429230 dpid=s19 action=delete-strict src=00:00:00:00:00:03 dst=00:00:00:00:00:04 in_port=3 out_port=1
[FLOW_MOD] t=15730.003132951 dpid=s19 action=add src=00:00:00:00:00:03 dst=00:00:00:00:00:04 in_port=3 out_port=1
[TOPO] route refresh: installed=2 skipped=0 unreachable=10 hosts=4
[CONVERGENCE-END] id=8 convergence_ms=50.207 installed=2 skipped=0 unreachable=10 hosts=4
[PORT_STATUS] t=15730.006208949 s5 port=2 reason=delete
[CONVERGENCE-START] id=9 t1=15730.006542867
[PORT_STATUS] t=15730.072367693 s1 port=2 reason=modify
[TOPO-CHANGE] (port-status:modify) switches=11 links=14  delta +0 -2
[TOPO-DOWN] [(1, 5), (5, 1)]
[TOPO-REFRESH] flushing 2 flows, rebuilding routes
[TREE-DONE] root=s1 tree_edges=0 reachable=1/11
[SPF-DONE] BFS s16->s17 reachable=0/5
[PATH-UNREACHABLE] s16->s17: no path in current topology
[ROUTE-INSTALL] 00:00:00:00:00:01→00:00:00:00:00:02 no path (s16→s17)
[SPF-DONE] BFS s16->s18 reachable=0/5
[PATH-UNREACHABLE] s16->s18: no path in current topology
[ROUTE-INSTALL] 00:00:00:00:00:01→00:00:00:00:00:03 no path (s16→s18)
[SPF-DONE] BFS s16->s19 reachable=0/5
[PATH-UNREACHABLE] s16->s19: no path in current topology
[ROUTE-INSTALL] 00:00:00:00:00:01→00:00:00:00:00:04 no path (s16→s19)
[SPF-DONE] BFS s17->s16 reachable=0/5
[PATH-UNREACHABLE] s17->s16: no path in current topology
[ROUTE-INSTALL] 00:00:00:00:00:02→00:00:00:00:00:01 no path (s17→s16)
[SPF-DONE] BFS s17->s18 reachable=0/5
[PATH-UNREACHABLE] s17->s18: no path in current topology
[ROUTE-INSTALL] 00:00:00:00:00:02→00:00:00:00:00:03 no path (s17→s18)
[SPF-DONE] BFS s17->s19 reachable=0/5
[PATH-UNREACHABLE] s17->s19: no path in current topology
[ROUTE-INSTALL] 00:00:00:00:00:02→00:00:00:00:00:04 no path (s17→s19)
[SPF-DONE] BFS s18->s16 reachable=5/5
[PATH-UNREACHABLE] s18->s16: no path in current topology
[ROUTE-INSTALL] 00:00:00:00:00:03→00:00:00:00:00:01 no path (s18→s16)
[SPF-DONE] BFS s18->s17 reachable=5/5
[PATH-UNREACHABLE] s18->s17: no path in current topology
[ROUTE-INSTALL] 00:00:00:00:00:03→00:00:00:00:00:02 no path (s18→s17)
[SPF-DONE] BFS s18->s19 reachable=5/5
[PATH-COMPUTED] s18->s19: 2 hop(s) path=s18 -> s6 -> s19
[FLOW-INSTALL] 00:00:00:00:00:03 → 00:00:00:00:00:04: s18 -> s6 -> s19
[FLOW_MOD] t=15730.094600736 dpid=s18 action=delete-strict src=00:00:00:00:00:03 dst=00:00:00:00:00:04 in_port=1 out_port=3
[FLOW_MOD] t=15730.095043867 dpid=s18 action=add src=00:00:00:00:00:03 dst=00:00:00:00:00:04 in_port=1 out_port=3
[CONVERGENCE-FLOWMOD] id=9 t2=15730.095396170
[FLOW_MOD] t=15730.095784532 dpid=s6 action=delete-strict src=00:00:00:00:00:03 dst=00:00:00:00:00:04 in_port=1 out_port=2
[FLOW_MOD] t=15730.096166996 dpid=s6 action=add src=00:00:00:00:00:03 dst=00:00:00:00:00:04 in_port=1 out_port=2
[FLOW_MOD] t=15730.096608317 dpid=s19 action=delete-strict src=00:00:00:00:00:03 dst=00:00:00:00:00:04 in_port=3 out_port=1
[FLOW_MOD] t=15730.096940108 dpid=s19 action=add src=00:00:00:00:00:03 dst=00:00:00:00:00:04 in_port=3 out_port=1
[FLOW_MOD] t=15730.097397973 dpid=s19 action=delete-strict src=00:00:00:00:00:04 dst=00:00:00:00:00:03 in_port=1 out_port=3
[FLOW_MOD] t=15730.097802655 dpid=s19 action=add src=00:00:00:00:00:04 dst=00:00:00:00:00:03 in_port=1 out_port=3
[FLOW_MOD] t=15730.098246972 dpid=s6 action=delete-strict src=00:00:00:00:00:04 dst=00:00:00:00:00:03 in_port=2 out_port=1
[FLOW_MOD] t=15730.098607596 dpid=s6 action=add src=00:00:00:00:00:04 dst=00:00:00:00:00:03 in_port=2 out_port=1
[FLOW_MOD] t=15730.100543231 dpid=s18 action=delete-strict src=00:00:00:00:00:04 dst=00:00:00:00:00:03 in_port=3 out_port=1
[FLOW_MOD] t=15730.100983138 dpid=s18 action=add src=00:00:00:00:00:04 dst=00:00:00:00:00:03 in_port=3 out_port=1
[SPF-DONE] BFS s19->s16 reachable=5/5
[PATH-UNREACHABLE] s19->s16: no path in current topology
[ROUTE-INSTALL] 00:00:00:00:00:04→00:00:00:00:00:01 no path (s19→s16)
[SPF-DONE] BFS s19->s17 reachable=5/5
[PATH-UNREACHABLE] s19->s17: no path in current topology
[ROUTE-INSTALL] 00:00:00:00:00:04→00:00:00:00:00:02 no path (s19→s17)
[SPF-DONE] BFS s19->s18 reachable=5/5
[PATH-COMPUTED] s19->s18: 2 hop(s) path=s19 -> s6 -> s18
[FLOW-INSTALL] 00:00:00:00:00:04 → 00:00:00:00:00:03: s19 -> s6 -> s18
[FLOW_MOD] t=15730.106516116 dpid=s19 action=delete-strict src=00:00:00:00:00:04 dst=00:00:00:00:00:03 in_port=1 out_port=3
[FLOW_MOD] t=15730.106933683 dpid=s19 action=add src=00:00:00:00:00:04 dst=00:00:00:00:00:03 in_port=1 out_port=3
[FLOW_MOD] t=15730.107400376 dpid=s6 action=delete-strict src=00:00:00:00:00:04 dst=00:00:00:00:00:03 in_port=2 out_port=1
[FLOW_MOD] t=15730.107738054 dpid=s6 action=add src=00:00:00:00:00:04 dst=00:00:00:00:00:03 in_port=2 out_port=1
[FLOW_MOD] t=15730.108220495 dpid=s18 action=delete-strict src=00:00:00:00:00:04 dst=00:00:00:00:00:03 in_port=3 out_port=1
[FLOW_MOD] t=15730.108566568 dpid=s18 action=add src=00:00:00:00:00:04 dst=00:00:00:00:00:03 in_port=3 out_port=1
[FLOW_MOD] t=15730.109072902 dpid=s18 action=delete-strict src=00:00:00:00:00:03 dst=00:00:00:00:00:04 in_port=1 out_port=3
[FLOW_MOD] t=15730.109421003 dpid=s18 action=add src=00:00:00:00:00:03 dst=00:00:00:00:00:04 in_port=1 out_port=3
[FLOW_MOD] t=15730.109969164 dpid=s6 action=delete-strict src=00:00:00:00:00:03 dst=00:00:00:00:00:04 in_port=1 out_port=2
[FLOW_MOD] t=15730.110281229 dpid=s6 action=add src=00:00:00:00:00:03 dst=00:00:00:00:00:04 in_port=1 out_port=2
[FLOW_MOD] t=15730.111598437 dpid=s19 action=delete-strict src=00:00:00:00:00:03 dst=00:00:00:00:00:04 in_port=3 out_port=1
[FLOW_MOD] t=15730.112944325 dpid=s19 action=add src=00:00:00:00:00:03 dst=00:00:00:00:00:04 in_port=3 out_port=1
[TOPO] route refresh: installed=2 skipped=0 unreachable=10 hosts=4
[CONVERGENCE-END] id=9 convergence_ms=88.853 installed=2 skipped=0 unreachable=10 hosts=4
[PORT_STATUS] t=15730.113983076 s1 port=2 reason=delete
[CONVERGENCE-START] id=10 t1=15730.114236079
[PORT_STATUS] t=15730.116741220 s5 port=4 reason=modify
[PORT_STATUS] t=15730.117294825 s5 port=4 reason=delete
[CONVERGENCE-START-SKIP] id=10 duplicate port-status s5 port=4 reason=delete
[PORT_STATUS] t=15730.134455563 s6 port=1 reason=delete
[CONVERGENCE-START-SKIP] id=10 duplicate port-status s6 port=1 reason=delete
[TOPO-CHANGE] (port-status:delete) switches=11 links=12  delta +0 -2
[TOPO-DOWN] [(6, 18), (18, 6)]
[TOPO-REFRESH] flushing 2 flows, rebuilding routes
[TREE-DONE] root=s1 tree_edges=0 reachable=1/11
[SPF-DONE] BFS s16->s17 reachable=0/5
[PATH-UNREACHABLE] s16->s17: no path in current topology
[ROUTE-INSTALL] 00:00:00:00:00:01→00:00:00:00:00:02 no path (s16→s17)
[SPF-DONE] BFS s16->s18 reachable=0/5
[PATH-UNREACHABLE] s16->s18: no path in current topology
[ROUTE-INSTALL] 00:00:00:00:00:01→00:00:00:00:00:03 no path (s16→s18)
[SPF-DONE] BFS s16->s19 reachable=0/5
[PATH-UNREACHABLE] s16->s19: no path in current topology
[ROUTE-INSTALL] 00:00:00:00:00:01→00:00:00:00:00:04 no path (s16→s19)
[SPF-DONE] BFS s17->s16 reachable=0/5
[PATH-UNREACHABLE] s17->s16: no path in current topology
[ROUTE-INSTALL] 00:00:00:00:00:02→00:00:00:00:00:01 no path (s17→s16)
[SPF-DONE] BFS s17->s18 reachable=0/5
[PATH-UNREACHABLE] s17->s18: no path in current topology
[ROUTE-INSTALL] 00:00:00:00:00:02→00:00:00:00:00:03 no path (s17→s18)
[SPF-DONE] BFS s17->s19 reachable=0/5
[PATH-UNREACHABLE] s17->s19: no path in current topology
[ROUTE-INSTALL] 00:00:00:00:00:02→00:00:00:00:00:04 no path (s17→s19)
[SPF-DONE] BFS s18->s16 reachable=5/5
[PATH-UNREACHABLE] s18->s16: no path in current topology
[ROUTE-INSTALL] 00:00:00:00:00:03→00:00:00:00:00:01 no path (s18→s16)
[SPF-DONE] BFS s18->s17 reachable=5/5
[PATH-UNREACHABLE] s18->s17: no path in current topology
[ROUTE-INSTALL] 00:00:00:00:00:03→00:00:00:00:00:02 no path (s18→s17)
[SPF-DONE] BFS s18->s19 reachable=5/5
[PATH-COMPUTED] s18->s19: 2 hop(s) path=s18 -> s7 -> s19
[FLOW-INSTALL] 00:00:00:00:00:03 → 00:00:00:00:00:04: s18 -> s7 -> s19
[FLOW_MOD] t=15730.143236779 dpid=s18 action=delete-strict src=00:00:00:00:00:03 dst=00:00:00:00:00:04 in_port=1 out_port=4
[FLOW_MOD] t=15730.143552000 dpid=s18 action=add src=00:00:00:00:00:03 dst=00:00:00:00:00:04 in_port=1 out_port=4
[CONVERGENCE-FLOWMOD] id=10 t2=15730.143819174
[FLOW_MOD] t=15730.144129013 dpid=s7 action=delete-strict src=00:00:00:00:00:03 dst=00:00:00:00:00:04 in_port=1 out_port=2
[FLOW_MOD] t=15730.144398120 dpid=s7 action=add src=00:00:00:00:00:03 dst=00:00:00:00:00:04 in_port=1 out_port=2
[FLOW_MOD] t=15730.144748324 dpid=s19 action=delete-strict src=00:00:00:00:00:03 dst=00:00:00:00:00:04 in_port=4 out_port=1
[FLOW_MOD] t=15730.145020537 dpid=s19 action=add src=00:00:00:00:00:03 dst=00:00:00:00:00:04 in_port=4 out_port=1
[FLOW_MOD] t=15730.145393386 dpid=s19 action=delete-strict src=00:00:00:00:00:04 dst=00:00:00:00:00:03 in_port=1 out_port=4
[FLOW_MOD] t=15730.145645793 dpid=s19 action=add src=00:00:00:00:00:04 dst=00:00:00:00:00:03 in_port=1 out_port=4
[FLOW_MOD] t=15730.145969242 dpid=s7 action=delete-strict src=00:00:00:00:00:04 dst=00:00:00:00:00:03 in_port=2 out_port=1
[FLOW_MOD] t=15730.146289081 dpid=s7 action=add src=00:00:00:00:00:04 dst=00:00:00:00:00:03 in_port=2 out_port=1
[FLOW_MOD] t=15730.146750546 dpid=s18 action=delete-strict src=00:00:00:00:00:04 dst=00:00:00:00:00:03 in_port=4 out_port=1
[FLOW_MOD] t=15730.147299105 dpid=s18 action=add src=00:00:00:00:00:04 dst=00:00:00:00:00:03 in_port=4 out_port=1
[SPF-DONE] BFS s19->s16 reachable=5/5
[PATH-UNREACHABLE] s19->s16: no path in current topology
[ROUTE-INSTALL] 00:00:00:00:00:04→00:00:00:00:00:01 no path (s19→s16)
[SPF-DONE] BFS s19->s17 reachable=5/5
[PATH-UNREACHABLE] s19->s17: no path in current topology
[ROUTE-INSTALL] 00:00:00:00:00:04→00:00:00:00:00:02 no path (s19→s17)
[SPF-DONE] BFS s19->s18 reachable=5/5
[PATH-COMPUTED] s19->s18: 2 hop(s) path=s19 -> s7 -> s18
[FLOW-INSTALL] 00:00:00:00:00:04 → 00:00:00:00:00:03: s19 -> s7 -> s18
[FLOW_MOD] t=15730.149836488 dpid=s19 action=delete-strict src=00:00:00:00:00:04 dst=00:00:00:00:00:03 in_port=1 out_port=4
[FLOW_MOD] t=15730.150142653 dpid=s19 action=add src=00:00:00:00:00:04 dst=00:00:00:00:00:03 in_port=1 out_port=4
[FLOW_MOD] t=15730.150521863 dpid=s7 action=delete-strict src=00:00:00:00:00:04 dst=00:00:00:00:00:03 in_port=2 out_port=1
[FLOW_MOD] t=15730.150841398 dpid=s7 action=add src=00:00:00:00:00:04 dst=00:00:00:00:00:03 in_port=2 out_port=1
[FLOW_MOD] t=15730.151227412 dpid=s18 action=delete-strict src=00:00:00:00:00:04 dst=00:00:00:00:00:03 in_port=4 out_port=1
[FLOW_MOD] t=15730.151621426 dpid=s18 action=add src=00:00:00:00:00:04 dst=00:00:00:00:00:03 in_port=4 out_port=1
[FLOW_MOD] t=15730.152288914 dpid=s18 action=delete-strict src=00:00:00:00:00:03 dst=00:00:00:00:00:04 in_port=1 out_port=4
[FLOW_MOD] t=15730.153970372 dpid=s18 action=add src=00:00:00:00:00:03 dst=00:00:00:00:00:04 in_port=1 out_port=4
[FLOW_MOD] t=15730.155580091 dpid=s7 action=delete-strict src=00:00:00:00:00:03 dst=00:00:00:00:00:04 in_port=1 out_port=2
[FLOW_MOD] t=15730.157112081 dpid=s7 action=add src=00:00:00:00:00:03 dst=00:00:00:00:00:04 in_port=1 out_port=2
[FLOW_MOD] t=15730.157877931 dpid=s19 action=delete-strict src=00:00:00:00:00:03 dst=00:00:00:00:00:04 in_port=4 out_port=1
[FLOW_MOD] t=15730.158219491 dpid=s19 action=add src=00:00:00:00:00:03 dst=00:00:00:00:00:04 in_port=4 out_port=1
[TOPO] route refresh: installed=2 skipped=0 unreachable=10 hosts=4
[CONVERGENCE-END] id=10 convergence_ms=29.583 installed=2 skipped=0 unreachable=10 hosts=4
[PORT_STATUS] t=15730.160229878 s18 port=3 reason=delete
[CONVERGENCE-START] id=11 t1=15730.160612545
[PORT_STATUS] t=15730.209473587 s6 port=2 reason=delete
[CONVERGENCE-START-SKIP] id=11 duplicate port-status s6 port=2 reason=delete
[TOPO-CHANGE] (port-status:delete) switches=11 links=10  delta +0 -2
[TOPO-DOWN] [(6, 19), (19, 6)]
[TOPO-REFRESH] flushing 2 flows, rebuilding routes
[TREE-DONE] root=s1 tree_edges=0 reachable=1/11
[SPF-DONE] BFS s16->s17 reachable=0/5
[PATH-UNREACHABLE] s16->s17: no path in current topology
[ROUTE-INSTALL] 00:00:00:00:00:01→00:00:00:00:00:02 no path (s16→s17)
[SPF-DONE] BFS s16->s18 reachable=0/5
[PATH-UNREACHABLE] s16->s18: no path in current topology
[ROUTE-INSTALL] 00:00:00:00:00:01→00:00:00:00:00:03 no path (s16→s18)
[SPF-DONE] BFS s16->s19 reachable=0/5
[PATH-UNREACHABLE] s16->s19: no path in current topology
[ROUTE-INSTALL] 00:00:00:00:00:01→00:00:00:00:00:04 no path (s16→s19)
[SPF-DONE] BFS s17->s16 reachable=0/5
[PATH-UNREACHABLE] s17->s16: no path in current topology
[ROUTE-INSTALL] 00:00:00:00:00:02→00:00:00:00:00:01 no path (s17→s16)
[SPF-DONE] BFS s17->s18 reachable=0/5
[PATH-UNREACHABLE] s17->s18: no path in current topology
[ROUTE-INSTALL] 00:00:00:00:00:02→00:00:00:00:00:03 no path (s17→s18)
[SPF-DONE] BFS s17->s19 reachable=0/5
[PATH-UNREACHABLE] s17->s19: no path in current topology
[ROUTE-INSTALL] 00:00:00:00:00:02→00:00:00:00:00:04 no path (s17→s19)
[SPF-DONE] BFS s18->s16 reachable=5/5
[PATH-UNREACHABLE] s18->s16: no path in current topology
[ROUTE-INSTALL] 00:00:00:00:00:03→00:00:00:00:00:01 no path (s18→s16)
[SPF-DONE] BFS s18->s17 reachable=5/5
[PATH-UNREACHABLE] s18->s17: no path in current topology
[ROUTE-INSTALL] 00:00:00:00:00:03→00:00:00:00:00:02 no path (s18→s17)
[SPF-DONE] BFS s18->s19 reachable=5/5
[PATH-COMPUTED] s18->s19: 2 hop(s) path=s18 -> s7 -> s19
[FLOW-INSTALL] 00:00:00:00:00:03 → 00:00:00:00:00:04: s18 -> s7 -> s19
[FLOW_MOD] t=15730.218290804 dpid=s18 action=delete-strict src=00:00:00:00:00:03 dst=00:00:00:00:00:04 in_port=1 out_port=4
[FLOW_MOD] t=15730.218609029 dpid=s18 action=add src=00:00:00:00:00:03 dst=00:00:00:00:00:04 in_port=1 out_port=4
[CONVERGENCE-FLOWMOD] id=11 t2=15730.218932911
[FLOW_MOD] t=15730.219442773 dpid=s7 action=delete-strict src=00:00:00:00:00:03 dst=00:00:00:00:00:04 in_port=1 out_port=2
[FLOW_MOD] t=15730.219916649 dpid=s7 action=add src=00:00:00:00:00:03 dst=00:00:00:00:00:04 in_port=1 out_port=2
[FLOW_MOD] t=15730.220602567 dpid=s19 action=delete-strict src=00:00:00:00:00:03 dst=00:00:00:00:00:04 in_port=4 out_port=1
[FLOW_MOD] t=15730.220951701 dpid=s19 action=add src=00:00:00:00:00:03 dst=00:00:00:00:00:04 in_port=4 out_port=1
[FLOW_MOD] t=15730.221415156 dpid=s19 action=delete-strict src=00:00:00:00:00:04 dst=00:00:00:00:00:03 in_port=1 out_port=4
[FLOW_MOD] t=15730.221845343 dpid=s19 action=add src=00:00:00:00:00:04 dst=00:00:00:00:00:03 in_port=1 out_port=4
[FLOW_MOD] t=15730.222486441 dpid=s7 action=delete-strict src=00:00:00:00:00:04 dst=00:00:00:00:00:03 in_port=2 out_port=1
[FLOW_MOD] t=15730.222862891 dpid=s7 action=add src=00:00:00:00:00:04 dst=00:00:00:00:00:03 in_port=2 out_port=1
[FLOW_MOD] t=15730.223272413 dpid=s18 action=delete-strict src=00:00:00:00:00:04 dst=00:00:00:00:00:03 in_port=4 out_port=1
[FLOW_MOD] t=15730.223559364 dpid=s18 action=add src=00:00:00:00:00:04 dst=00:00:00:00:00:03 in_port=4 out_port=1
[SPF-DONE] BFS s19->s16 reachable=5/5
[PATH-UNREACHABLE] s19->s16: no path in current topology
[ROUTE-INSTALL] 00:00:00:00:00:04→00:00:00:00:00:01 no path (s19→s16)
[SPF-DONE] BFS s19->s17 reachable=5/5
[PATH-UNREACHABLE] s19->s17: no path in current topology
[ROUTE-INSTALL] 00:00:00:00:00:04→00:00:00:00:00:02 no path (s19→s17)
[SPF-DONE] BFS s19->s18 reachable=5/5
[PATH-COMPUTED] s19->s18: 2 hop(s) path=s19 -> s7 -> s18
[FLOW-INSTALL] 00:00:00:00:00:04 → 00:00:00:00:00:03: s19 -> s7 -> s18
[FLOW_MOD] t=15730.226925750 dpid=s19 action=delete-strict src=00:00:00:00:00:04 dst=00:00:00:00:00:03 in_port=1 out_port=4
[FLOW_MOD] t=15730.227537952 dpid=s19 action=add src=00:00:00:00:00:04 dst=00:00:00:00:00:03 in_port=1 out_port=4
[FLOW_MOD] t=15730.228233197 dpid=s7 action=delete-strict src=00:00:00:00:00:04 dst=00:00:00:00:00:03 in_port=2 out_port=1
[FLOW_MOD] t=15730.228590715 dpid=s7 action=add src=00:00:00:00:00:04 dst=00:00:00:00:00:03 in_port=2 out_port=1
[FLOW_MOD] t=15730.229034268 dpid=s18 action=delete-strict src=00:00:00:00:00:04 dst=00:00:00:00:00:03 in_port=4 out_port=1
[FLOW_MOD] t=15730.229372101 dpid=s18 action=add src=00:00:00:00:00:04 dst=00:00:00:00:00:03 in_port=4 out_port=1
[FLOW_MOD] t=15730.229798800 dpid=s18 action=delete-strict src=00:00:00:00:00:03 dst=00:00:00:00:00:04 in_port=1 out_port=4
[FLOW_MOD] t=15730.231198347 dpid=s18 action=add src=00:00:00:00:00:03 dst=00:00:00:00:00:04 in_port=1 out_port=4
[FLOW_MOD] t=15730.231802214 dpid=s7 action=delete-strict src=00:00:00:00:00:03 dst=00:00:00:00:00:04 in_port=1 out_port=2
[FLOW_MOD] t=15730.232231845 dpid=s7 action=add src=00:00:00:00:00:03 dst=00:00:00:00:00:04 in_port=1 out_port=2
[FLOW_MOD] t=15730.232681151 dpid=s19 action=delete-strict src=00:00:00:00:00:03 dst=00:00:00:00:00:04 in_port=4 out_port=1
[FLOW_MOD] t=15730.232969261 dpid=s19 action=add src=00:00:00:00:00:03 dst=00:00:00:00:00:04 in_port=4 out_port=1
[TOPO] route refresh: installed=2 skipped=0 unreachable=10 hosts=4
[CONVERGENCE-END] id=11 convergence_ms=58.320 installed=2 skipped=0 unreachable=10 hosts=4
[PORT_STATUS] t=15730.235903083 s19 port=3 reason=delete
[CONVERGENCE-START] id=12 t1=15730.236713312
[PORT_STATUS] t=15730.298557723 s6 port=4 reason=delete
[CONVERGENCE-START-SKIP] id=12 duplicate port-status s6 port=4 reason=delete
[TOPO-CHANGE] (port-status:delete) switches=11 links=8  delta +0 -2
[TOPO-DOWN] [(2, 6), (6, 2)]
[TOPO-REFRESH] flushing 2 flows, rebuilding routes
[TREE-DONE] root=s1 tree_edges=0 reachable=1/11
[SPF-DONE] BFS s16->s17 reachable=0/5
[PATH-UNREACHABLE] s16->s17: no path in current topology
[ROUTE-INSTALL] 00:00:00:00:00:01→00:00:00:00:00:02 no path (s16→s17)
[SPF-DONE] BFS s16->s18 reachable=0/5
[PATH-UNREACHABLE] s16->s18: no path in current topology
[ROUTE-INSTALL] 00:00:00:00:00:01→00:00:00:00:00:03 no path (s16→s18)
[SPF-DONE] BFS s16->s19 reachable=0/5
[PATH-UNREACHABLE] s16->s19: no path in current topology
[ROUTE-INSTALL] 00:00:00:00:00:01→00:00:00:00:00:04 no path (s16→s19)
[SPF-DONE] BFS s17->s16 reachable=0/5
[PATH-UNREACHABLE] s17->s16: no path in current topology
[ROUTE-INSTALL] 00:00:00:00:00:02→00:00:00:00:00:01 no path (s17→s16)
[SPF-DONE] BFS s17->s18 reachable=0/5
[PATH-UNREACHABLE] s17->s18: no path in current topology
[ROUTE-INSTALL] 00:00:00:00:00:02→00:00:00:00:00:03 no path (s17→s18)
[SPF-DONE] BFS s17->s19 reachable=0/5
[PATH-UNREACHABLE] s17->s19: no path in current topology
[ROUTE-INSTALL] 00:00:00:00:00:02→00:00:00:00:00:04 no path (s17→s19)
[SPF-DONE] BFS s18->s16 reachable=5/5
[PATH-UNREACHABLE] s18->s16: no path in current topology
[ROUTE-INSTALL] 00:00:00:00:00:03→00:00:00:00:00:01 no path (s18→s16)
[SPF-DONE] BFS s18->s17 reachable=5/5
[PATH-UNREACHABLE] s18->s17: no path in current topology
[ROUTE-INSTALL] 00:00:00:00:00:03→00:00:00:00:00:02 no path (s18→s17)
[SPF-DONE] BFS s18->s19 reachable=5/5
[PATH-COMPUTED] s18->s19: 2 hop(s) path=s18 -> s7 -> s19
[FLOW-INSTALL] 00:00:00:00:00:03 → 00:00:00:00:00:04: s18 -> s7 -> s19
[FLOW_MOD] t=15730.308785501 dpid=s18 action=delete-strict src=00:00:00:00:00:03 dst=00:00:00:00:00:04 in_port=1 out_port=4
[FLOW_MOD] t=15730.309140506 dpid=s18 action=add src=00:00:00:00:00:03 dst=00:00:00:00:00:04 in_port=1 out_port=4
[CONVERGENCE-FLOWMOD] id=12 t2=15730.309460098
[FLOW_MOD] t=15730.309795946 dpid=s7 action=delete-strict src=00:00:00:00:00:03 dst=00:00:00:00:00:04 in_port=1 out_port=2
[FLOW_MOD] t=15730.310173845 dpid=s7 action=add src=00:00:00:00:00:03 dst=00:00:00:00:00:04 in_port=1 out_port=2
[FLOW_MOD] t=15730.310577852 dpid=s19 action=delete-strict src=00:00:00:00:00:03 dst=00:00:00:00:00:04 in_port=4 out_port=1
[FLOW_MOD] t=15730.310943406 dpid=s19 action=add src=00:00:00:00:00:03 dst=00:00:00:00:00:04 in_port=4 out_port=1
[FLOW_MOD] t=15730.311356666 dpid=s19 action=delete-strict src=00:00:00:00:00:04 dst=00:00:00:00:00:03 in_port=1 out_port=4
[FLOW_MOD] t=15730.311633673 dpid=s19 action=add src=00:00:00:00:00:04 dst=00:00:00:00:00:03 in_port=1 out_port=4
[FLOW_MOD] t=15730.312103442 dpid=s7 action=delete-strict src=00:00:00:00:00:04 dst=00:00:00:00:00:03 in_port=2 out_port=1
[FLOW_MOD] t=15730.312473923 dpid=s7 action=add src=00:00:00:00:00:04 dst=00:00:00:00:00:03 in_port=2 out_port=1
[FLOW_MOD] t=15730.312912349 dpid=s18 action=delete-strict src=00:00:00:00:00:04 dst=00:00:00:00:00:03 in_port=4 out_port=1
[FLOW_MOD] t=15730.314455831 dpid=s18 action=add src=00:00:00:00:00:04 dst=00:00:00:00:00:03 in_port=4 out_port=1
[SPF-DONE] BFS s19->s16 reachable=5/5
[PATH-UNREACHABLE] s19->s16: no path in current topology
[ROUTE-INSTALL] 00:00:00:00:00:04→00:00:00:00:00:01 no path (s19→s16)
[SPF-DONE] BFS s19->s17 reachable=5/5
[PATH-UNREACHABLE] s19->s17: no path in current topology
[ROUTE-INSTALL] 00:00:00:00:00:04→00:00:00:00:00:02 no path (s19→s17)
[SPF-DONE] BFS s19->s18 reachable=5/5
[PATH-COMPUTED] s19->s18: 2 hop(s) path=s19 -> s7 -> s18
[FLOW-INSTALL] 00:00:00:00:00:04 → 00:00:00:00:00:03: s19 -> s7 -> s18
[FLOW_MOD] t=15730.317712646 dpid=s19 action=delete-strict src=00:00:00:00:00:04 dst=00:00:00:00:00:03 in_port=1 out_port=4
[FLOW_MOD] t=15730.318107372 dpid=s19 action=add src=00:00:00:00:00:04 dst=00:00:00:00:00:03 in_port=1 out_port=4
[FLOW_MOD] t=15730.318531970 dpid=s7 action=delete-strict src=00:00:00:00:00:04 dst=00:00:00:00:00:03 in_port=2 out_port=1
[FLOW_MOD] t=15730.318847328 dpid=s7 action=add src=00:00:00:00:00:04 dst=00:00:00:00:00:03 in_port=2 out_port=1
[FLOW_MOD] t=15730.319235683 dpid=s18 action=delete-strict src=00:00:00:00:00:04 dst=00:00:00:00:00:03 in_port=4 out_port=1
[FLOW_MOD] t=15730.319518143 dpid=s18 action=add src=00:00:00:00:00:04 dst=00:00:00:00:00:03 in_port=4 out_port=1
[FLOW_MOD] t=15730.319936105 dpid=s18 action=delete-strict src=00:00:00:00:00:03 dst=00:00:00:00:00:04 in_port=1 out_port=4
[FLOW_MOD] t=15730.320264386 dpid=s18 action=add src=00:00:00:00:00:03 dst=00:00:00:00:00:04 in_port=1 out_port=4
[FLOW_MOD] t=15730.320611504 dpid=s7 action=delete-strict src=00:00:00:00:00:03 dst=00:00:00:00:00:04 in_port=1 out_port=2
[FLOW_MOD] t=15730.320901915 dpid=s7 action=add src=00:00:00:00:00:03 dst=00:00:00:00:00:04 in_port=1 out_port=2
[FLOW_MOD] t=15730.321440737 dpid=s19 action=delete-strict src=00:00:00:00:00:03 dst=00:00:00:00:00:04 in_port=4 out_port=1
[FLOW_MOD] t=15730.321788259 dpid=s19 action=add src=00:00:00:00:00:03 dst=00:00:00:00:00:04 in_port=4 out_port=1
[TOPO] route refresh: installed=2 skipped=0 unreachable=10 hosts=4
[CONVERGENCE-END] id=12 convergence_ms=72.747 installed=2 skipped=0 unreachable=10 hosts=4
[PORT_STATUS] t=15730.323618808 s2 port=1 reason=delete
[CONVERGENCE-START] id=13 t1=15730.324912680
[PORT_STATUS] t=15730.381929694 s7 port=3 reason=delete
[CONVERGENCE-START-SKIP] id=13 duplicate port-status s7 port=3 reason=delete
[TOPO-CHANGE] (port-status:delete) switches=11 links=6  delta +0 -2
[TOPO-DOWN] [(6, 7), (7, 6)]
[TOPO-REFRESH] flushing 2 flows, rebuilding routes
[TREE-DONE] root=s1 tree_edges=0 reachable=1/11
[SPF-DONE] BFS s16->s17 reachable=0/4
[PATH-UNREACHABLE] s16->s17: no path in current topology
[ROUTE-INSTALL] 00:00:00:00:00:01→00:00:00:00:00:02 no path (s16→s17)
[SPF-DONE] BFS s16->s18 reachable=0/4
[PATH-UNREACHABLE] s16->s18: no path in current topology
[ROUTE-INSTALL] 00:00:00:00:00:01→00:00:00:00:00:03 no path (s16→s18)
[SPF-DONE] BFS s16->s19 reachable=0/4
[PATH-UNREACHABLE] s16->s19: no path in current topology
[ROUTE-INSTALL] 00:00:00:00:00:01→00:00:00:00:00:04 no path (s16→s19)
[SPF-DONE] BFS s17->s16 reachable=0/4
[PATH-UNREACHABLE] s17->s16: no path in current topology
[ROUTE-INSTALL] 00:00:00:00:00:02→00:00:00:00:00:01 no path (s17→s16)
[SPF-DONE] BFS s17->s18 reachable=0/4
[PATH-UNREACHABLE] s17->s18: no path in current topology
[ROUTE-INSTALL] 00:00:00:00:00:02→00:00:00:00:00:03 no path (s17→s18)
[SPF-DONE] BFS s17->s19 reachable=0/4
[PATH-UNREACHABLE] s17->s19: no path in current topology
[ROUTE-INSTALL] 00:00:00:00:00:02→00:00:00:00:00:04 no path (s17→s19)
[SPF-DONE] BFS s18->s16 reachable=4/4
[PATH-UNREACHABLE] s18->s16: no path in current topology
[ROUTE-INSTALL] 00:00:00:00:00:03→00:00:00:00:00:01 no path (s18→s16)
[SPF-DONE] BFS s18->s17 reachable=4/4
[PATH-UNREACHABLE] s18->s17: no path in current topology
[ROUTE-INSTALL] 00:00:00:00:00:03→00:00:00:00:00:02 no path (s18→s17)
[SPF-DONE] BFS s18->s19 reachable=4/4
[PATH-COMPUTED] s18->s19: 2 hop(s) path=s18 -> s7 -> s19
[FLOW-INSTALL] 00:00:00:00:00:03 → 00:00:00:00:00:04: s18 -> s7 -> s19
[FLOW_MOD] t=15730.390505842 dpid=s18 action=delete-strict src=00:00:00:00:00:03 dst=00:00:00:00:00:04 in_port=1 out_port=4
[FLOW_MOD] t=15730.390810319 dpid=s18 action=add src=00:00:00:00:00:03 dst=00:00:00:00:00:04 in_port=1 out_port=4
[CONVERGENCE-FLOWMOD] id=13 t2=15730.391134982
[FLOW_MOD] t=15730.391498974 dpid=s7 action=delete-strict src=00:00:00:00:00:03 dst=00:00:00:00:00:04 in_port=1 out_port=2
[FLOW_MOD] t=15730.391796241 dpid=s7 action=add src=00:00:00:00:00:03 dst=00:00:00:00:00:04 in_port=1 out_port=2
[FLOW_MOD] t=15730.392206175 dpid=s19 action=delete-strict src=00:00:00:00:00:03 dst=00:00:00:00:00:04 in_port=4 out_port=1
[FLOW_MOD] t=15730.392486493 dpid=s19 action=add src=00:00:00:00:00:03 dst=00:00:00:00:00:04 in_port=4 out_port=1
[FLOW_MOD] t=15730.392927965 dpid=s19 action=delete-strict src=00:00:00:00:00:04 dst=00:00:00:00:00:03 in_port=1 out_port=4
[FLOW_MOD] t=15730.393218600 dpid=s19 action=add src=00:00:00:00:00:04 dst=00:00:00:00:00:03 in_port=1 out_port=4
[FLOW_MOD] t=15730.393615073 dpid=s7 action=delete-strict src=00:00:00:00:00:04 dst=00:00:00:00:00:03 in_port=2 out_port=1
[FLOW_MOD] t=15730.393945836 dpid=s7 action=add src=00:00:00:00:00:04 dst=00:00:00:00:00:03 in_port=2 out_port=1
[FLOW_MOD] t=15730.394329501 dpid=s18 action=delete-strict src=00:00:00:00:00:04 dst=00:00:00:00:00:03 in_port=4 out_port=1
[FLOW_MOD] t=15730.394642243 dpid=s18 action=add src=00:00:00:00:00:04 dst=00:00:00:00:00:03 in_port=4 out_port=1
[SPF-DONE] BFS s19->s16 reachable=4/4
[PATH-UNREACHABLE] s19->s16: no path in current topology
[ROUTE-INSTALL] 00:00:00:00:00:04→00:00:00:00:00:01 no path (s19→s16)
[SPF-DONE] BFS s19->s17 reachable=4/4
[PATH-UNREACHABLE] s19->s17: no path in current topology
[ROUTE-INSTALL] 00:00:00:00:00:04→00:00:00:00:00:02 no path (s19→s17)
[SPF-DONE] BFS s19->s18 reachable=4/4
[PATH-COMPUTED] s19->s18: 2 hop(s) path=s19 -> s7 -> s18
[FLOW-INSTALL] 00:00:00:00:00:04 → 00:00:00:00:00:03: s19 -> s7 -> s18
[FLOW_MOD] t=15730.397391154 dpid=s19 action=delete-strict src=00:00:00:00:00:04 dst=00:00:00:00:00:03 in_port=1 out_port=4
[FLOW_MOD] t=15730.397692925 dpid=s19 action=add src=00:00:00:00:00:04 dst=00:00:00:00:00:03 in_port=1 out_port=4
[FLOW_MOD] t=15730.398020529 dpid=s7 action=delete-strict src=00:00:00:00:00:04 dst=00:00:00:00:00:03 in_port=2 out_port=1
[FLOW_MOD] t=15730.398303655 dpid=s7 action=add src=00:00:00:00:00:04 dst=00:00:00:00:00:03 in_port=2 out_port=1
[FLOW_MOD] t=15730.400140613 dpid=s18 action=delete-strict src=00:00:00:00:00:04 dst=00:00:00:00:00:03 in_port=4 out_port=1
[FLOW_MOD] t=15730.401836403 dpid=s18 action=add src=00:00:00:00:00:04 dst=00:00:00:00:00:03 in_port=4 out_port=1
[FLOW_MOD] t=15730.403449354 dpid=s18 action=delete-strict src=00:00:00:00:00:03 dst=00:00:00:00:00:04 in_port=1 out_port=4
[FLOW_MOD] t=15730.405078712 dpid=s18 action=add src=00:00:00:00:00:03 dst=00:00:00:00:00:04 in_port=1 out_port=4
[FLOW_MOD] t=15730.406541792 dpid=s7 action=delete-strict src=00:00:00:00:00:03 dst=00:00:00:00:00:04 in_port=1 out_port=2
[FLOW_MOD] t=15730.407864462 dpid=s7 action=add src=00:00:00:00:00:03 dst=00:00:00:00:00:04 in_port=1 out_port=2
[FLOW_MOD] t=15730.409483397 dpid=s19 action=delete-strict src=00:00:00:00:00:03 dst=00:00:00:00:00:04 in_port=4 out_port=1
[FLOW_MOD] t=15730.409888059 dpid=s19 action=add src=00:00:00:00:00:03 dst=00:00:00:00:00:04 in_port=4 out_port=1
[TOPO] route refresh: installed=2 skipped=0 unreachable=10 hosts=4
[CONVERGENCE-END] id=13 convergence_ms=66.222 installed=2 skipped=0 unreachable=10 hosts=4
[PORT_STATUS] t=15730.412180443 s6 port=3 reason=delete
[CONVERGENCE-START] id=14 t1=15730.412550429
[PORT_STATUS] t=15730.470643278 s7 port=1 reason=delete
[CONVERGENCE-START-SKIP] id=14 duplicate port-status s7 port=1 reason=delete
[TOPO-CHANGE] (port-status:delete) switches=11 links=4  delta +0 -2
[TOPO-DOWN] [(7, 18), (18, 7)]
[TOPO-REFRESH] flushing 2 flows, rebuilding routes
[TREE-DONE] root=s1 tree_edges=0 reachable=1/11
[SPF-DONE] BFS s16->s17 reachable=0/3
[PATH-UNREACHABLE] s16->s17: no path in current topology
[ROUTE-INSTALL] 00:00:00:00:00:01→00:00:00:00:00:02 no path (s16→s17)
[SPF-DONE] BFS s16->s18 reachable=0/3
[PATH-UNREACHABLE] s16->s18: no path in current topology
[ROUTE-INSTALL] 00:00:00:00:00:01→00:00:00:00:00:03 no path (s16→s18)
[SPF-DONE] BFS s16->s19 reachable=0/3
[PATH-UNREACHABLE] s16->s19: no path in current topology
[ROUTE-INSTALL] 00:00:00:00:00:01→00:00:00:00:00:04 no path (s16→s19)
[SPF-DONE] BFS s17->s16 reachable=0/3
[PATH-UNREACHABLE] s17->s16: no path in current topology
[ROUTE-INSTALL] 00:00:00:00:00:02→00:00:00:00:00:01 no path (s17→s16)
[SPF-DONE] BFS s17->s18 reachable=0/3
[PATH-UNREACHABLE] s17->s18: no path in current topology
[ROUTE-INSTALL] 00:00:00:00:00:02→00:00:00:00:00:03 no path (s17→s18)
[SPF-DONE] BFS s17->s19 reachable=0/3
[PATH-UNREACHABLE] s17->s19: no path in current topology
[ROUTE-INSTALL] 00:00:00:00:00:02→00:00:00:00:00:04 no path (s17→s19)
[SPF-DONE] BFS s18->s16 reachable=0/3
[PATH-UNREACHABLE] s18->s16: no path in current topology
[ROUTE-INSTALL] 00:00:00:00:00:03→00:00:00:00:00:01 no path (s18→s16)
[SPF-DONE] BFS s18->s17 reachable=0/3
[PATH-UNREACHABLE] s18->s17: no path in current topology
[ROUTE-INSTALL] 00:00:00:00:00:03→00:00:00:00:00:02 no path (s18→s17)
[SPF-DONE] BFS s18->s19 reachable=0/3
[PATH-UNREACHABLE] s18->s19: no path in current topology
[ROUTE-INSTALL] 00:00:00:00:00:03→00:00:00:00:00:04 no path (s18→s19)
[SPF-DONE] BFS s19->s16 reachable=3/3
[PATH-UNREACHABLE] s19->s16: no path in current topology
[ROUTE-INSTALL] 00:00:00:00:00:04→00:00:00:00:00:01 no path (s19→s16)
[SPF-DONE] BFS s19->s17 reachable=3/3
[PATH-UNREACHABLE] s19->s17: no path in current topology
[ROUTE-INSTALL] 00:00:00:00:00:04→00:00:00:00:00:02 no path (s19→s17)
[SPF-DONE] BFS s19->s18 reachable=3/3
[PATH-UNREACHABLE] s19->s18: no path in current topology
[ROUTE-INSTALL] 00:00:00:00:00:04→00:00:00:00:00:03 no path (s19→s18)
[TOPO] route refresh: installed=0 skipped=0 unreachable=12 hosts=4
[PORT_STATUS] t=15730.482863102 s18 port=4 reason=delete
[CONVERGENCE-START-SKIP] id=14 duplicate port-status s18 port=4 reason=delete
[PORT_STATUS] t=15730.562427802 s7 port=2 reason=delete
[CONVERGENCE-START-SKIP] id=14 duplicate port-status s7 port=2 reason=delete
[TOPO-CHANGE] (port-status:delete) switches=11 links=2  delta +0 -2
[TOPO-DOWN] [(7, 19), (19, 7)]
[TOPO-REFRESH] flushing 0 flows, rebuilding routes
[TREE-DONE] root=s1 tree_edges=0 reachable=1/11
[SPF-DONE] BFS s16->s17 reachable=0/2
[PATH-UNREACHABLE] s16->s17: no path in current topology
[ROUTE-INSTALL] 00:00:00:00:00:01→00:00:00:00:00:02 no path (s16→s17)
[SPF-DONE] BFS s16->s18 reachable=0/2
[PATH-UNREACHABLE] s16->s18: no path in current topology
[ROUTE-INSTALL] 00:00:00:00:00:01→00:00:00:00:00:03 no path (s16→s18)
[SPF-DONE] BFS s16->s19 reachable=0/2
[PATH-UNREACHABLE] s16->s19: no path in current topology
[ROUTE-INSTALL] 00:00:00:00:00:01→00:00:00:00:00:04 no path (s16→s19)
[SPF-DONE] BFS s17->s16 reachable=0/2
[PATH-UNREACHABLE] s17->s16: no path in current topology
[ROUTE-INSTALL] 00:00:00:00:00:02→00:00:00:00:00:01 no path (s17→s16)
[SPF-DONE] BFS s17->s18 reachable=0/2
[PATH-UNREACHABLE] s17->s18: no path in current topology
[ROUTE-INSTALL] 00:00:00:00:00:02→00:00:00:00:00:03 no path (s17→s18)
[SPF-DONE] BFS s17->s19 reachable=0/2
[PATH-UNREACHABLE] s17->s19: no path in current topology
[ROUTE-INSTALL] 00:00:00:00:00:02→00:00:00:00:00:04 no path (s17→s19)
[SPF-DONE] BFS s18->s16 reachable=0/2
[PATH-UNREACHABLE] s18->s16: no path in current topology
[ROUTE-INSTALL] 00:00:00:00:00:03→00:00:00:00:00:01 no path (s18→s16)
[SPF-DONE] BFS s18->s17 reachable=0/2
[PATH-UNREACHABLE] s18->s17: no path in current topology
[ROUTE-INSTALL] 00:00:00:00:00:03→00:00:00:00:00:02 no path (s18→s17)
[SPF-DONE] BFS s18->s19 reachable=0/2
[PATH-UNREACHABLE] s18->s19: no path in current topology
[ROUTE-INSTALL] 00:00:00:00:00:03→00:00:00:00:00:04 no path (s18→s19)
[SPF-DONE] BFS s19->s16 reachable=0/2
[PATH-UNREACHABLE] s19->s16: no path in current topology
[ROUTE-INSTALL] 00:00:00:00:00:04→00:00:00:00:00:01 no path (s19→s16)
[SPF-DONE] BFS s19->s17 reachable=0/2
[PATH-UNREACHABLE] s19->s17: no path in current topology
[ROUTE-INSTALL] 00:00:00:00:00:04→00:00:00:00:00:02 no path (s19→s17)
[SPF-DONE] BFS s19->s18 reachable=0/2
[PATH-UNREACHABLE] s19->s18: no path in current topology
[ROUTE-INSTALL] 00:00:00:00:00:04→00:00:00:00:00:03 no path (s19→s18)
[TOPO] route refresh: installed=0 skipped=0 unreachable=12 hosts=4
[PORT_STATUS] t=15730.573159667 s19 port=4 reason=delete
[CONVERGENCE-START-SKIP] id=14 duplicate port-status s19 port=4 reason=delete
[PORT_STATUS] t=15730.684586490 s7 port=4 reason=delete
[CONVERGENCE-START-SKIP] id=14 duplicate port-status s7 port=4 reason=delete
[PORT_STATUS] t=15730.685832392 s2 port=2 reason=delete
[CONVERGENCE-START-SKIP] id=14 duplicate port-status s2 port=2 reason=delete
[PORT_STATUS] t=15730.712531265 s16 port=1 reason=modify
[PORT_STATUS] t=15730.713135932 s16 port=1 reason=delete
[CONVERGENCE-START-SKIP] id=14 duplicate port-status s16 port=1 reason=delete
[PORT_STATUS] t=15730.798340893 s17 port=1 reason=delete
[CONVERGENCE-START-SKIP] id=14 duplicate port-status s17 port=1 reason=delete
[PORT_STATUS] t=15730.914834960 s18 port=1 reason=delete
[CONVERGENCE-START-SKIP] id=14 duplicate port-status s18 port=1 reason=delete
[PORT_STATUS] t=15730.940930684 s19 port=1 reason=modify
[PORT_STATUS] t=15730.941701924 s19 port=1 reason=delete
[CONVERGENCE-START-SKIP] id=14 duplicate port-status s19 port=1 reason=delete

[SIGNAL] SIGINT received, initiating graceful shutdown...
[CONTROLLER-STOP] clearing 4 hosts, 0 paths
[CONTROLLER-EXIT] graceful exit complete
